PFL_Name,Team,Position,PFL_Contract_Value,PFL_Contract_Years,Real_Contract_Value,Real_Contract_Years,Status,Difference
Vencie Brezina,Cincinnati Bengals,WR,161000000.0,4,N/A,N/A,NO_REAL_CONTRACT_FOUND,N/A
Rashean Fanaika,Buffalo Bills,QB,330000000.0,6,N/A,N/A,NO_REAL_CONTRACT_FOUND,N/A
Jeffery Stills,Minnesota Vikings,WR,140000000.0,4,N/A,N/A,NO_REAL_CONTRACT_FOUND,N/A
Jerone Danehe,Baltimore Ravens,QB,1030000.0,1,N/A,N/A,NO_REAL_CONTRACT_FOUND,N/A
Billie Lio,Philadelphia Eagles,RT,25000000.0,1,N/A,N/A,NO_REAL_CONTRACT_FOUND,N/A
Rishaw Messner,Cleveland Browns,DE,160000000.0,4,N/A,N/A,NO_REAL_CONTRACT_FOUND,N/A
Salem Hollas,Philadelphia Eagles,RB,41200000.0,2,N/A,N/A,NO_REAL_CONTRACT_FOUND,N/A
Woodie Colston,Baltimore Ravens,RB,30000000.0,2,N/A,N/A,NO_REAL_CONTRACT_FOUND,N/A
Jacques Montalbo,San Francisco 49ers,TE,76400000.0,4,N/A,N/A,NO_REAL_CONTRACT_FOUND,N/A
Jeron Fordham,Dallas Cowboys,DE,17079793.0,4,N/A,N/A,NO_REAL_CONTRACT_FOUND,N/A
Marcel Gruttadauria,Kansas City Chiefs,DT,158750000.0,5,N/A,N/A,NO_REAL_CONTRACT_FOUND,N/A
Darryal Mira,New York N Giants,DT,89.5,4,N/A,N/A,NO_REAL_CONTRACT_FOUND,N/A
Major Ridge,San Francisco 49ers,ILB,63000000.0,3,N/A,N/A,NO_REAL_CONTRACT_FOUND,N/A
Lennox Lalonde,Cincinnati Bengals,QB,275000000.0,5,N/A,N/A,NO_REAL_CONTRACT_FOUND,N/A
Kit Giugliano,Denver Broncos,CB,96000000.0,4,N/A,N/A,NO_REAL_CONTRACT_FOUND,N/A
Jerrol Mckyer,San Francisco 49ers,LT,82660000.0,3,N/A,N/A,NO_REAL_CONTRACT_FOUND,N/A
Alshon Kelcher,Detroit Lions,WR,120010000.0,4,N/A,N/A,NO_REAL_CONTRACT_FOUND,N/A
Jules Schnellbacher,Philadelphia Eagles,LT,66000000.0,3,N/A,N/A,NO_REAL_CONTRACT_FOUND,N/A
Gaines Mayock,Las Vegas Raiders,DE,106500000.0,3,N/A,N/A,NO_REAL_CONTRACT_FOUND,N/A
Jashon Hooker,Detroit Lions,RT,112000000.0,4,N/A,N/A,NO_REAL_CONTRACT_FOUND,N/A
Philip Stennett,Pittsburgh Steelers,DE,123000000.0,3,N/A,N/A,NO_REAL_CONTRACT_FOUND,N/A
Milan Bunkley,Tampa Bay Buccaneers,LT,140600000.0,5,N/A,N/A,NO_REAL_CONTRACT_FOUND,N/A
Windlan Kimrin,Dallas Cowboys,WR,136000000.0,4,N/A,N/A,NO_REAL_CONTRACT_FOUND,N/A
Raynoch Vollmer,New England Patriots,CB,15102868.0,4,N/A,N/A,NO_REAL_CONTRACT_FOUND,N/A
Armon Prchlik,Carolina Panthers,DT,96000000.0,4,N/A,N/A,NO_REAL_CONTRACT_FOUND,N/A
Raonall Grabinski,Detroit Lions,RB,17845130.0,4,N/A,N/A,NO_REAL_CONTRACT_FOUND,N/A
Brick Volok,Atlanta Falcons,S,64020000.0,4,N/A,N/A,NO_REAL_CONTRACT_FOUND,N/A
Rodell Radford,San Francisco 49ers,DE,170000000.0,5,N/A,N/A,NO_REAL_CONTRACT_FOUND,N/A
Stafford Hynes,Kansas City Chiefs,QB,450000000.0,10,N/A,N/A,NO_REAL_CONTRACT_FOUND,N/A
Lydell Mackenzie,Denver Broncos,G,72000000.0,4,N/A,N/A,NO_REAL_CONTRACT_FOUND,N/A
Koa Zoppetti,Miami Dolphins,WR,90000000.0,3,N/A,N/A,NO_REAL_CONTRACT_FOUND,N/A
Brentson Black,Pittsburgh Steelers,DT,29000000.0,2,N/A,N/A,NO_REAL_CONTRACT_FOUND,N/A
Keyvan Philcox,Atlanta Falcons,G,102500000.0,5,N/A,N/A,NO_REAL_CONTRACT_FOUND,N/A
Quintus Mandich,San Francisco 49ers,RB,38000000.0,2,N/A,N/A,NO_REAL_CONTRACT_FOUND,N/A
Waddy Yokas,Kansas City Chiefs,C,72000000.0,4,N/A,N/A,NO_REAL_CONTRACT_FOUND,N/A
Bo Satele,Pittsburgh Steelers,CB,84700000.0,4,N/A,N/A,NO_REAL_CONTRACT_FOUND,N/A
Duval Carter,Washington Commanders,LT,75000000.0,3,N/A,N/A,NO_REAL_CONTRACT_FOUND,N/A
Snitz Hannon,Baltimore Ravens,ILB,100000000.0,5,N/A,N/A,NO_REAL_CONTRACT_FOUND,N/A
Fredd Shields,New York A Jets,CB,100.0,4,N/A,N/A,NO_REAL_CONTRACT_FOUND,N/A
Suaesi Garnett,Washington Commanders,WR,68364000.0,3,N/A,N/A,NO_REAL_CONTRACT_FOUND,N/A
Tuineau Sutch,Kansas City Chiefs,CB,13992484.0,4,N/A,N/A,NO_REAL_CONTRACT_FOUND,N/A
Snoop Connors,Philadelphia Eagles,WR,96000000.0,3,N/A,N/A,NO_REAL_CONTRACT_FOUND,N/A
Lavell Mcleod,Detroit Lions,DE,35713386.0,4,N/A,N/A,NO_REAL_CONTRACT_FOUND,N/A
Laurence Welbourn,Houston Texans,CB,90000000.0,3,N/A,N/A,NO_REAL_CONTRACT_FOUND,N/A
Elmore Hanken,Los Angeles A Chargers,S,77.532,4,N/A,N/A,NO_REAL_CONTRACT_FOUND,N/A
Jerricho Gudauskas,Chicago Bears,G,35000000.0,2,N/A,N/A,NO_REAL_CONTRACT_FOUND,N/A
Jahine Gregg,Tampa Bay Buccaneers,WR,41000000.0,2,N/A,N/A,NO_REAL_CONTRACT_FOUND,N/A
Seaman Chappell,Baltimore Ravens,DT,98000000.0,4,N/A,N/A,NO_REAL_CONTRACT_FOUND,N/A
Oronde Lanham,Los Angeles A Chargers,LT,100.0,4,N/A,N/A,NO_REAL_CONTRACT_FOUND,N/A
Garin Verstegen,Kansas City Chiefs,TE,34250000.0,2,N/A,N/A,NO_REAL_CONTRACT_FOUND,N/A
Woodchuck Hews,Tampa Bay Buccaneers,DT,71000000.0,4,N/A,N/A,NO_REAL_CONTRACT_FOUND,N/A
Linval Dufek,Green Bay Packers,S,67000000.0,4,N/A,N/A,NO_REAL_CONTRACT_FOUND,N/A
Morlon Bohren,Atlanta Falcons,RB,21958535.0,4,N/A,N/A,NO_REAL_CONTRACT_FOUND,N/A
Boni Vainowski,Arizona Cardinals,S,54000000.0,3,N/A,N/A,NO_REAL_CONTRACT_FOUND,N/A
Teyo Alecxih,Minnesota Vikings,LT,104000000.0,4,N/A,N/A,NO_REAL_CONTRACT_FOUND,N/A
Stefan Kiley,Tennessee Titans,DT,94000000.0,4,N/A,N/A,NO_REAL_CONTRACT_FOUND,N/A
Wilber Sundberg,Baltimore Ravens,CB,97500000.0,5,N/A,N/A,NO_REAL_CONTRACT_FOUND,N/A
Rik Archie,Miami Dolphins,S,73612235.0,4,N/A,N/A,NO_REAL_CONTRACT_FOUND,N/A
Mortty Budness,Indianapolis Colts,G,80000000.0,4,N/A,N/A,NO_REAL_CONTRACT_FOUND,N/A
Tamarick Rivera,Cincinnati Bengals,DE,21000000.0,1,N/A,N/A,NO_REAL_CONTRACT_FOUND,N/A
Raheem Klingbeil,Arizona Cardinals,TE,76000000.0,4,N/A,N/A,NO_REAL_CONTRACT_FOUND,N/A
Stub Stutz,Tampa Bay Buccaneers,S,84100000.0,4,N/A,N/A,NO_REAL_CONTRACT_FOUND,N/A
Moise Foruria,Washington Commanders,ILB,9000000.0,1,N/A,N/A,NO_REAL_CONTRACT_FOUND,N/A
Butler Maidlow,Houston Texans,DE,35600000.0,1,N/A,N/A,NO_REAL_CONTRACT_FOUND,N/A
Wasswa Weldin,Buffalo Bills,LT,60060000.0,3,N/A,N/A,NO_REAL_CONTRACT_FOUND,N/A
Burl Treaudo,Atlanta Falcons,WR,21534468.0,4,N/A,N/A,NO_REAL_CONTRACT_FOUND,N/A
Reuben Tittle,Baltimore Ravens,CB,4000000.0,1,N/A,N/A,NO_REAL_CONTRACT_FOUND,N/A
Jamar Lemon,Houston Texans,RB,25500000.0,3,N/A,N/A,NO_REAL_CONTRACT_FOUND,N/A
Brig Ojinnaka,Tennessee Titans,G,9000000.0,1,N/A,N/A,NO_REAL_CONTRACT_FOUND,N/A
Percy Urch,Baltimore Ravens,TE,56000000.0,4,N/A,N/A,NO_REAL_CONTRACT_FOUND,N/A
Jabar Paul,New York A Jets,DT,96.0,4,N/A,N/A,NO_REAL_CONTRACT_FOUND,N/A
Elmo Hayworth,Las Vegas Raiders,TE,18138784.0,4,N/A,N/A,NO_REAL_CONTRACT_FOUND,N/A
Brent Prochaska,Los Angeles N Rams,WR,43.0,2,N/A,N/A,NO_REAL_CONTRACT_FOUND,N/A
Scoop Weeks,New Orleans,ILB,19.25,2,N/A,N/A,NO_REAL_CONTRACT_FOUND,N/A
Gates Wittum,Cleveland Browns,CB,100500000.0,5,N/A,N/A,NO_REAL_CONTRACT_FOUND,N/A
Merton Horan,Philadelphia Eagles,DT,21806014.0,4,N/A,N/A,NO_REAL_CONTRACT_FOUND,N/A
Trace Alama-Francis,Jacksonville,DE,100.0,5,N/A,N/A,NO_REAL_CONTRACT_FOUND,N/A
Glenn Absher,Green Bay Packers,RB,48000000.0,4,N/A,N/A,NO_REAL_CONTRACT_FOUND,N/A
Viliami Maumau,Detroit Lions,S,86000000.0,4,N/A,N/A,NO_REAL_CONTRACT_FOUND,N/A
Mitch Weller,Baltimore Ravens,S,16255085.0,4,N/A,N/A,NO_REAL_CONTRACT_FOUND,N/A
Da'Mon Kramer,Baltimore Ravens,LT,60000000.0,3,N/A,N/A,NO_REAL_CONTRACT_FOUND,N/A
Vashone Waldsmith,Kansas City Chiefs,G,94000000.0,4,N/A,N/A,NO_REAL_CONTRACT_FOUND,N/A
Lum Reisner,Detroit Lions,S,8021730.0,4,N/A,N/A,NO_REAL_CONTRACT_FOUND,N/A
Paddy Shinners,Cleveland Browns,TE,54750000.0,4,N/A,N/A,NO_REAL_CONTRACT_FOUND,N/A
Hosea Ortego,Philadelphia Eagles,WR,75000000.0,3,N/A,N/A,NO_REAL_CONTRACT_FOUND,N/A
Tillie Orduna,New Orleans,C,58.0,5,N/A,N/A,NO_REAL_CONTRACT_FOUND,N/A
D'Wayne Schleich,Denver Broncos,LT,82000000.0,4,N/A,N/A,NO_REAL_CONTRACT_FOUND,N/A
Jamari Sillin,Buffalo Bills,RB,46000000.0,4,N/A,N/A,NO_REAL_CONTRACT_FOUND,N/A
Ferrell Mcgeoghan,Chicago Bears,CB,76000000.0,4,N/A,N/A,NO_REAL_CONTRACT_FOUND,N/A
Shea Randle,Houston Texans,WR,72750000.0,3,N/A,N/A,NO_REAL_CONTRACT_FOUND,N/A
Allen Nomellini,Houston Texans,DE,35212827.0,4,N/A,N/A,NO_REAL_CONTRACT_FOUND,N/A
Durwood Huckleby,Atlanta Falcons,CB,81000000.0,4,N/A,N/A,NO_REAL_CONTRACT_FOUND,N/A
Smiley Alexis,Pittsburgh Steelers,DE,68000000.0,4,N/A,N/A,NO_REAL_CONTRACT_FOUND,N/A
Trell Mikeska,New York N Giants,LT,117.5,5,N/A,N/A,NO_REAL_CONTRACT_FOUND,N/A
Dez Pitts,Indianapolis Colts,DT,46000000.0,2,N/A,N/A,NO_REAL_CONTRACT_FOUND,N/A
Letroy Manusky,Seattle Seahawks,CB,31861153.0,4,N/A,N/A,NO_REAL_CONTRACT_FOUND,N/A
Corky Garza,Buffalo Bills,DE,80000000.0,4,N/A,N/A,NO_REAL_CONTRACT_FOUND,N/A
Jehuu Deratt,Minnesota Vikings,S,10250000.0,2,N/A,N/A,NO_REAL_CONTRACT_FOUND,N/A
Evander Te'O-Nesheim,Indianapolis Colts,RB,42000000.0,3,N/A,N/A,NO_REAL_CONTRACT_FOUND,N/A
Britton Sensabaugh,Minnesota Vikings,DT,51000000.0,3,N/A,N/A,NO_REAL_CONTRACT_FOUND,N/A
Anderson Daprato,Seattle Seahawks,RB,10.441581,4,N/A,N/A,NO_REAL_CONTRACT_FOUND,N/A
Navorro Tharpe,Indianapolis Colts,CB,30000000.0,3,N/A,N/A,NO_REAL_CONTRACT_FOUND,N/A
Jeris Jacquet,San Francisco 49ers,FB,7500000.0,2,N/A,N/A,NO_REAL_CONTRACT_FOUND,N/A
Davin Rasheed,Philadelphia Eagles,G,84000000.0,4,N/A,N/A,NO_REAL_CONTRACT_FOUND,N/A
Ellsworth Houston,Tampa Bay Buccaneers,ILB,9000000.0,1,N/A,N/A,NO_REAL_CONTRACT_FOUND,N/A
Vic Stanton,Los Angeles N Rams,QB,83.0,2,N/A,N/A,NO_REAL_CONTRACT_FOUND,N/A
Dainon Paremore,Los Angeles N Rams,WR,6.084977,4,N/A,N/A,NO_REAL_CONTRACT_FOUND,N/A
Duane Bechtol,New England Patriots,WR,63500000.0,3,N/A,N/A,NO_REAL_CONTRACT_FOUND,N/A
Curvin Smeja,Minnesota Vikings,TE,66000000.0,4,N/A,N/A,NO_REAL_CONTRACT_FOUND,N/A
Cullen Snider,Dallas Cowboys,G,13389123.0,4,N/A,N/A,NO_REAL_CONTRACT_FOUND,N/A
Morgan Murchison,Baltimore Ravens,C,13238286.0,4,N/A,N/A,NO_REAL_CONTRACT_FOUND,N/A
Rueben Meachem,Philadelphia Eagles,ROLB,51000000.0,3,N/A,N/A,NO_REAL_CONTRACT_FOUND,N/A
Royce Specht,Dallas Cowboys,K,2695000.0,3,N/A,N/A,NO_REAL_CONTRACT_FOUND,N/A
Ellison Lantz,San Francisco 49ers,WR,120000000.0,4,N/A,N/A,NO_REAL_CONTRACT_FOUND,N/A
Clare Fryar,Tampa Bay Buccaneers,RB,4751552.0,4,N/A,N/A,NO_REAL_CONTRACT_FOUND,N/A
Hector Goerke,Indianapolis Colts,CB,54000000.0,3,N/A,N/A,NO_REAL_CONTRACT_FOUND,N/A
Leigh Mccoo,Philadelphia Eagles,TE,10000000.0,1,N/A,N/A,NO_REAL_CONTRACT_FOUND,N/A
Ken-Yon Dombrowski,Dallas Cowboys,CB,3964788.0,4,N/A,N/A,NO_REAL_CONTRACT_FOUND,N/A
Coley O'Donnell,Seattle Seahawks,DE,32500000.0,3,N/A,N/A,NO_REAL_CONTRACT_FOUND,N/A
Proc Zalejski,Green Bay Packers,C,68000000.0,4,N/A,N/A,NO_REAL_CONTRACT_FOUND,N/A
Mirro Obrovac,Jacksonville,ILB,29.0,3,N/A,N/A,NO_REAL_CONTRACT_FOUND,N/A
Dat Ervins,Detroit Lions,QB,212000000.0,4,N/A,N/A,NO_REAL_CONTRACT_FOUND,N/A
Lavern Weir,New Orleans,S,29.5,3,N/A,N/A,NO_REAL_CONTRACT_FOUND,N/A
Gonzalo Doren,Los Angeles A Chargers,DE,18.0,1,N/A,N/A,NO_REAL_CONTRACT_FOUND,N/A
Sampson Ramirez,Las Vegas Raiders,LT,66000000.0,3,N/A,N/A,NO_REAL_CONTRACT_FOUND,N/A
Yamon Godfrey,Seattle Seahawks,DT,64500000.0,3,N/A,N/A,NO_REAL_CONTRACT_FOUND,N/A
Chief Rorison,New York N Giants,WR,29.20775,4,N/A,N/A,NO_REAL_CONTRACT_FOUND,N/A
Stumpy Fine,Houston Texans,RB,2500000.0,1,N/A,N/A,NO_REAL_CONTRACT_FOUND,N/A
'Omar Truluck,Washington Commanders,G,73.0,4,N/A,N/A,NO_REAL_CONTRACT_FOUND,N/A
Ade Stallworth,Detroit Lions,LT,60000000.0,3,N/A,N/A,NO_REAL_CONTRACT_FOUND,N/A
Tip Studwell,Cincinnati Bengals,WR,115000000.0,4,N/A,N/A,NO_REAL_CONTRACT_FOUND,N/A
Larrye Haverdink,Green Bay Packers,RT,88000000.0,4,N/A,N/A,NO_REAL_CONTRACT_FOUND,N/A
Brady Keck,New York N Giants,ILB,40.0,4,N/A,N/A,NO_REAL_CONTRACT_FOUND,N/A
Altie Kapter,Minnesota Vikings,RT,92500000.0,5,N/A,N/A,NO_REAL_CONTRACT_FOUND,N/A
Dunc Trimble,New York N Giants,DE,100.0,5,N/A,N/A,NO_REAL_CONTRACT_FOUND,N/A
Eldon Stansauk,New Orleans,WR,20.271874,4,N/A,N/A,NO_REAL_CONTRACT_FOUND,N/A
Mick Kelm,Seattle Seahawks,WR,45000000.0,3,N/A,N/A,NO_REAL_CONTRACT_FOUND,N/A
Naaman Munsey,Chicago Bears,WR,110000000.0,4,N/A,N/A,NO_REAL_CONTRACT_FOUND,N/A
Marcello Matesic,Denver Broncos,ILB,31500000.0,3,N/A,N/A,NO_REAL_CONTRACT_FOUND,N/A
Damien Forbath,New York A Jets,WR,100.0,4,N/A,N/A,NO_REAL_CONTRACT_FOUND,N/A
Mush Statuto,New England Patriots,S,24000000.0,3,N/A,N/A,NO_REAL_CONTRACT_FOUND,N/A
Chester Schick,Atlanta Falcons,LT,45000000.0,2,N/A,N/A,NO_REAL_CONTRACT_FOUND,N/A
Loren Ferris,Philadelphia Eagles,QB,255000000.0,5,N/A,N/A,NO_REAL_CONTRACT_FOUND,N/A
Francis Barber,Tampa Bay Buccaneers,CB,52000000.0,4,N/A,N/A,NO_REAL_CONTRACT_FOUND,N/A
Dixie Peed,Los Angeles N Rams,DE,16.134346,4,N/A,N/A,NO_REAL_CONTRACT_FOUND,N/A
Kaulana Iwanowski,Seattle Seahawks,WR,14417307.0,4,N/A,N/A,NO_REAL_CONTRACT_FOUND,N/A
Tahaun Galazin,Carolina Panthers,CB,100000000.0,4,N/A,N/A,NO_REAL_CONTRACT_FOUND,N/A
Novo Sherwin,Seattle Seahawks,S,33000000.0,3,N/A,N/A,NO_REAL_CONTRACT_FOUND,N/A
Rogerick Bird,Los Angeles A Chargers,QB,100.0,5,N/A,N/A,NO_REAL_CONTRACT_FOUND,N/A
Tre Stincic,Los Angeles N Rams,RB,35.0,3,N/A,N/A,NO_REAL_CONTRACT_FOUND,N/A
Christian Hemphill,Washington Commanders,CB,97603000.0,5,N/A,N/A,NO_REAL_CONTRACT_FOUND,N/A
Allan Koziak,Detroit Lions,TE,9465990.0,4,N/A,N/A,NO_REAL_CONTRACT_FOUND,N/A
Kendal Titensor,Seattle Seahawks,CB,3992216.0,4,N/A,N/A,NO_REAL_CONTRACT_FOUND,N/A
Gifford Amaya,Carolina Panthers,RT,35000000.0,2,N/A,N/A,NO_REAL_CONTRACT_FOUND,N/A
Chad Primeau,Tennessee Titans,RB,21750000.0,3,N/A,N/A,NO_REAL_CONTRACT_FOUND,N/A
Rat Sigillo,Denver Broncos,DT,102000000.0,4,N/A,N/A,NO_REAL_CONTRACT_FOUND,N/A
Pannel Danmeier,Las Vegas Raiders,P,15800000.0,4,N/A,N/A,NO_REAL_CONTRACT_FOUND,N/A
Tai Coryatt,Minnesota Vikings,RB,20000000.0,2,N/A,N/A,NO_REAL_CONTRACT_FOUND,N/A
Josh Sutherland,Tampa Bay Buccaneers,QB,100000000.0,3,N/A,N/A,NO_REAL_CONTRACT_FOUND,N/A
Earle Sossamon,Indianapolis Colts,LT,100000000.0,4,N/A,N/A,NO_REAL_CONTRACT_FOUND,N/A
Wood Smukler,Minnesota Vikings,CB,54000000.0,3,N/A,N/A,NO_REAL_CONTRACT_FOUND,N/A
Wilkie Sirochman,New England Patriots,CB,53.0,3,N/A,N/A,NO_REAL_CONTRACT_FOUND,N/A
Trevard Turnure,Pittsburgh Steelers,K,20000000.0,4,N/A,N/A,NO_REAL_CONTRACT_FOUND,N/A
Rokevious Jacoby,Tampa Bay Buccaneers,WR,66000000.0,3,N/A,N/A,NO_REAL_CONTRACT_FOUND,N/A
Abe Engram,Buffalo Bills,CB,69000000.0,4,N/A,N/A,NO_REAL_CONTRACT_FOUND,N/A
Javin Perko,Carolina Panthers,RB,33200000.0,4,N/A,N/A,NO_REAL_CONTRACT_FOUND,N/A
Onzy Ivory,Denver Broncos,WR,92000000.0,4,N/A,N/A,NO_REAL_CONTRACT_FOUND,N/A
Aldrick Steinke,Detroit Lions,DT,22000000.0,2,N/A,N/A,NO_REAL_CONTRACT_FOUND,N/A
Wilford Hajek,Pittsburgh Steelers,WR,132000000.0,4,N/A,N/A,NO_REAL_CONTRACT_FOUND,N/A
Wallace Hand,Jacksonville,ROLB,11.936605,4,N/A,N/A,NO_REAL_CONTRACT_FOUND,N/A
Armanti Bracken,Denver Broncos,TE,23000000.0,2,N/A,N/A,NO_REAL_CONTRACT_FOUND,N/A
Dextor Mccants,Indianapolis Colts,DT,39000000.0,3,N/A,N/A,NO_REAL_CONTRACT_FOUND,N/A
Issiac Skrepenak,Arizona Cardinals,RB,19000000.0,2,N/A,N/A,NO_REAL_CONTRACT_FOUND,N/A
Dylan Wills,Washington Commanders,QB,37746650.0,4,N/A,N/A,NO_REAL_CONTRACT_FOUND,N/A
Tracy Lusk,Miami Dolphins,WR,84750000.0,3,N/A,N/A,NO_REAL_CONTRACT_FOUND,N/A
Keenan Frampton,Cleveland Browns,G,15000000.0,1,N/A,N/A,NO_REAL_CONTRACT_FOUND,N/A
Tremain Dally,Buffalo Bills,DE,12610000.0,1,N/A,N/A,NO_REAL_CONTRACT_FOUND,N/A
Levi Curzon,Arizona Cardinals,DE,76400000.0,4,N/A,N/A,NO_REAL_CONTRACT_FOUND,N/A
Aundray Wadsworth,Los Angeles N Rams,G,47.0,3,N/A,N/A,NO_REAL_CONTRACT_FOUND,N/A
Usama Stofer,Los Angeles N Rams,DT,5.391474,4,N/A,N/A,NO_REAL_CONTRACT_FOUND,N/A
Fran Josue,New England Patriots,DT,104000000.0,4,N/A,N/A,NO_REAL_CONTRACT_FOUND,N/A
Roscoe Rymkus,Philadelphia Eagles,CB,14818096.0,4,N/A,N/A,NO_REAL_CONTRACT_FOUND,N/A
Curley Kohl,Buffalo Bills,RT,72000000.0,4,N/A,N/A,NO_REAL_CONTRACT_FOUND,N/A
Guy Mello,Houston Texans,RT,3.35,1,N/A,N/A,NO_REAL_CONTRACT_FOUND,N/A
Warner Scardine,Baltimore Ravens,WR,14036434.0,4,N/A,N/A,NO_REAL_CONTRACT_FOUND,N/A
Bashir Cordova,New York A Jets,G,13.885028,4,N/A,N/A,NO_REAL_CONTRACT_FOUND,N/A
Jabara Rattay,New Orleans,RB,25.5,2,N/A,N/A,NO_REAL_CONTRACT_FOUND,N/A
Pratt Hurley,New York A Jets,RB,7.014774,4,N/A,N/A,NO_REAL_CONTRACT_FOUND,N/A
Eldred Delhomme,Jacksonville,WR,13.659978,4,N/A,N/A,NO_REAL_CONTRACT_FOUND,N/A
Adrian Brovelli,San Francisco 49ers,QB,265000000.0,5,N/A,N/A,NO_REAL_CONTRACT_FOUND,N/A
Shipwreck Dalby,Houston Texans,S,25.0,3,N/A,N/A,NO_REAL_CONTRACT_FOUND,N/A
Terance Monahan,Dallas Cowboys,QB,240000000.0,4,N/A,N/A,NO_REAL_CONTRACT_FOUND,N/A
Martay Tuaolo,Pittsburgh Steelers,CB,10000000.0,1,N/A,N/A,NO_REAL_CONTRACT_FOUND,N/A
Bake Choice,Detroit Lions,RB,18250000.0,2,N/A,N/A,NO_REAL_CONTRACT_FOUND,N/A
Knowshon Partridge,Kansas City Chiefs,ROLB,19000000.0,3,N/A,N/A,NO_REAL_CONTRACT_FOUND,N/A
Antwaan Haggerty,Kansas City Chiefs,DE,88000000.0,4,N/A,N/A,NO_REAL_CONTRACT_FOUND,N/A
Tyson Gavin,Detroit Lions,ILB,14722004.0,4,N/A,N/A,NO_REAL_CONTRACT_FOUND,N/A
Rashawn Schable,Cleveland Browns,WR,52500000.0,3,N/A,N/A,NO_REAL_CONTRACT_FOUND,N/A
Ropati Clime,Minnesota Vikings,WR,13731739.0,4,N/A,N/A,NO_REAL_CONTRACT_FOUND,N/A
Arunas Esser,Tennessee Titans,CB,76400000.0,4,N/A,N/A,NO_REAL_CONTRACT_FOUND,N/A
Harlon Peterman,Los Angeles A Chargers,WR,8.995186,4,N/A,N/A,NO_REAL_CONTRACT_FOUND,N/A
Shiner Botchan,Kansas City Chiefs,LOLB,5044908.0,4,N/A,N/A,NO_REAL_CONTRACT_FOUND,N/A
Randal Pontbriand,Buffalo Bills,ROLB,6306500.0,1,N/A,N/A,NO_REAL_CONTRACT_FOUND,N/A
Thane Birney,Denver Broncos,DE,5801890.0,4,N/A,N/A,NO_REAL_CONTRACT_FOUND,N/A
Travelle Olivea,Arizona Cardinals,LT,28052454.0,4,N/A,N/A,NO_REAL_CONTRACT_FOUND,N/A
Tarik Gladchuk,Pittsburgh Steelers,TE,48400000.0,4,N/A,N/A,NO_REAL_CONTRACT_FOUND,N/A
Marquand Hickerson,Los Angeles N Rams,RT,32.5,3,N/A,N/A,NO_REAL_CONTRACT_FOUND,N/A
Ermal Stegall,Denver Broncos,S,39000000.0,3,N/A,N/A,NO_REAL_CONTRACT_FOUND,N/A
Nesby Ragsdale,Buffalo Bills,CB,30750000.0,3,N/A,N/A,NO_REAL_CONTRACT_FOUND,N/A
Joyce Blackwood,Jacksonville,CB,46.649126,4,N/A,N/A,NO_REAL_CONTRACT_FOUND,N/A
Brant Raines,Dallas Cowboys,CB,97000000.0,5,N/A,N/A,NO_REAL_CONTRACT_FOUND,N/A
Jo Ottis,Pittsburgh Steelers,C,7544214.0,4,N/A,N/A,NO_REAL_CONTRACT_FOUND,N/A
Verdi Ursella,Miami Dolphins,DT,67750000.0,3,N/A,N/A,NO_REAL_CONTRACT_FOUND,N/A
Ashton Ghee,Detroit Lions,DT,97000000.0,4,N/A,N/A,NO_REAL_CONTRACT_FOUND,N/A
Abner Slackford,Minnesota Vikings,DE,23000000.0,1,N/A,N/A,NO_REAL_CONTRACT_FOUND,N/A
Audie Hobbs,Las Vegas Raiders,RB,35895812.0,4,N/A,N/A,NO_REAL_CONTRACT_FOUND,N/A
Reynold Rockford,Minnesota Vikings,ILB,22500000.0,3,N/A,N/A,NO_REAL_CONTRACT_FOUND,N/A
Juddy Tackett,Indianapolis Colts,RT,70000000.0,4,N/A,N/A,NO_REAL_CONTRACT_FOUND,N/A
Blane Berra,Denver Broncos,S,20000000.0,3,N/A,N/A,NO_REAL_CONTRACT_FOUND,N/A
Sandy Sacrinty,Seattle Seahawks,LT,21383626.0,4,N/A,N/A,NO_REAL_CONTRACT_FOUND,N/A
Carson Luckhurst,Baltimore Ravens,CB,1255000.0,1,N/A,N/A,NO_REAL_CONTRACT_FOUND,N/A
Alex Rifenburg,Philadelphia Eagles,CB,9283622.0,4,N/A,N/A,NO_REAL_CONTRACT_FOUND,N/A
Deltha Borden,Detroit Lions,CB,48000000.0,3,N/A,N/A,NO_REAL_CONTRACT_FOUND,N/A
August Kern,Washington Commanders,DT,90000000.0,4,N/A,N/A,NO_REAL_CONTRACT_FOUND,N/A
Scotty Dansby,Los Angeles A Chargers,ROLB,3.420421,4,N/A,N/A,NO_REAL_CONTRACT_FOUND,N/A
Jamaica Finsterwald,Carolina Panthers,G,53000000.0,4,N/A,N/A,NO_REAL_CONTRACT_FOUND,N/A
Ahmed Berti,Miami Dolphins,RB,5437449.0,4,N/A,N/A,NO_REAL_CONTRACT_FOUND,N/A
Tydus Hartman,Washington Commanders,WR,17545529.0,1,N/A,N/A,NO_REAL_CONTRACT_FOUND,N/A
Bradlee Crayton,San Francisco 49ers,G,5700548.0,4,N/A,N/A,NO_REAL_CONTRACT_FOUND,N/A
Kato Mallett,Dallas Cowboys,WR,6752179.0,4,N/A,N/A,NO_REAL_CONTRACT_FOUND,N/A
Rashard Awasom,New England Patriots,TE,27000000.0,3,N/A,N/A,NO_REAL_CONTRACT_FOUND,N/A
Earl Greenlee,Kansas City Chiefs,RB,3739108.0,4,N/A,N/A,NO_REAL_CONTRACT_FOUND,N/A
Almon Azumah,Las Vegas Raiders,WR,33000000.0,3,N/A,N/A,NO_REAL_CONTRACT_FOUND,N/A
Sherwood Dibernardo,Houston Texans,S,39000000.0,3,N/A,N/A,NO_REAL_CONTRACT_FOUND,N/A
Kailee Talbert,Chicago Bears,S,7355540.0,4,N/A,N/A,NO_REAL_CONTRACT_FOUND,N/A
Ramos Hoese,Cleveland Browns,ROLB,37500000.0,3,N/A,N/A,NO_REAL_CONTRACT_FOUND,N/A
Emile Fena,Las Vegas Raiders,S,16258000.0,2,N/A,N/A,NO_REAL_CONTRACT_FOUND,N/A
Jamain Angelo,New York N Giants,S,44.3,3,N/A,N/A,NO_REAL_CONTRACT_FOUND,N/A
Byron Lichtensteiger,Houston Texans,S,10508000.0,1,N/A,N/A,NO_REAL_CONTRACT_FOUND,N/A
Nuu Lange,Minnesota Vikings,DE,76000000.0,4,N/A,N/A,NO_REAL_CONTRACT_FOUND,N/A
Wardell Stuvaints,Green Bay Packers,QB,220000000.0,4,N/A,N/A,NO_REAL_CONTRACT_FOUND,N/A
Fletcher Burruss,Green Bay Packers,DT,64000000.0,3,N/A,N/A,NO_REAL_CONTRACT_FOUND,N/A
Palmer Kinzer,Jacksonville,P,16.0,4,N/A,N/A,NO_REAL_CONTRACT_FOUND,N/A
Alfonso Lenc,Seattle Seahawks,P,16200000.0,4,N/A,N/A,NO_REAL_CONTRACT_FOUND,N/A
Duriel Zecher,Kansas City Chiefs,ILB,45000000.0,3,N/A,N/A,NO_REAL_CONTRACT_FOUND,N/A
Kris Titus,Baltimore Ravens,FB,2872500.0,1,N/A,N/A,NO_REAL_CONTRACT_FOUND,N/A
Ruben Tulloch,Kansas City Chiefs,WR,6495208.0,4,N/A,N/A,NO_REAL_CONTRACT_FOUND,N/A
Artimus Markland,Minnesota Vikings,C,18000000.0,2,N/A,N/A,NO_REAL_CONTRACT_FOUND,N/A
Morrie Ogle,Washington Commanders,DE,6100000.0,1,N/A,N/A,NO_REAL_CONTRACT_FOUND,N/A
Rian Hanner,Los Angeles N Rams,DT,11.410122,4,N/A,N/A,NO_REAL_CONTRACT_FOUND,N/A
Enid Wyhonic,Arizona Cardinals,DT,5500000.0,1,N/A,N/A,NO_REAL_CONTRACT_FOUND,N/A
Vlad Herchman,Indianapolis Colts,S,60000000.0,4,N/A,N/A,NO_REAL_CONTRACT_FOUND,N/A
Zeke Wykoff,Chicago Bears,TE,50000000.0,4,N/A,N/A,NO_REAL_CONTRACT_FOUND,N/A
Akiem Ingersoll,Cleveland Browns,P,4000000.0,2,N/A,N/A,NO_REAL_CONTRACT_FOUND,N/A
Le-Lo Treu,Miami Dolphins,TE,2000000.0,1,N/A,N/A,NO_REAL_CONTRACT_FOUND,N/A
Solly Lawler,Baltimore Ravens,WR,5000000.0,1,N/A,N/A,NO_REAL_CONTRACT_FOUND,N/A
Goldie Danenhauer,San Francisco 49ers,CB,88884000.0,5,N/A,N/A,NO_REAL_CONTRACT_FOUND,N/A
Jah Caravello,Pittsburgh Steelers,S,12500000.0,2,N/A,N/A,NO_REAL_CONTRACT_FOUND,N/A
Hanford Quaerna,Chicago Bears,DT,42750000.0,3,N/A,N/A,NO_REAL_CONTRACT_FOUND,N/A
Dj Belden,Kansas City Chiefs,K,25600000.0,4,N/A,N/A,NO_REAL_CONTRACT_FOUND,N/A
Harrie Machado,Denver Broncos,RB,2745000.0,1,N/A,N/A,NO_REAL_CONTRACT_FOUND,N/A
Carey Mccluskey,Miami Dolphins,DE,14018202.0,4,N/A,N/A,NO_REAL_CONTRACT_FOUND,N/A
Curtland Principe,Detroit Lions,WR,17461790.0,4,N/A,N/A,NO_REAL_CONTRACT_FOUND,N/A
Deauntae Bunch,Los Angeles A Chargers,RT,35.160944,4,N/A,N/A,NO_REAL_CONTRACT_FOUND,N/A
Felipe Orvis,New York A Jets,G,11.0,2,N/A,N/A,NO_REAL_CONTRACT_FOUND,N/A
Ordell Conaty,Minnesota Vikings,S,36000000.0,3,N/A,N/A,NO_REAL_CONTRACT_FOUND,N/A
Armegis Kopp,Atlanta Falcons,ILB,21500000.0,3,N/A,N/A,NO_REAL_CONTRACT_FOUND,N/A
Da'Norris Moroski,Buffalo Bills,WR,53058000.0,4,N/A,N/A,NO_REAL_CONTRACT_FOUND,N/A
Taco Chilton,Chicago Bears,CB,40000000.0,3,N/A,N/A,NO_REAL_CONTRACT_FOUND,N/A
Dujuan Easy,Cincinnati Bengals,ILB,36000000.0,4,N/A,N/A,NO_REAL_CONTRACT_FOUND,N/A
Petey Dolbin,Tampa Bay Buccaneers,RT,6178985.0,4,N/A,N/A,NO_REAL_CONTRACT_FOUND,N/A
Grant Carman,Indianapolis Colts,WR,70000000.0,3,N/A,N/A,NO_REAL_CONTRACT_FOUND,N/A
Night Mcelwain,New England Patriots,G,57000000.0,3,N/A,N/A,NO_REAL_CONTRACT_FOUND,N/A
Whit Devree,Denver Broncos,RT,87500000.0,5,N/A,N/A,NO_REAL_CONTRACT_FOUND,N/A
Marques Julien,Los Angeles A Chargers,RB,4.25,1,N/A,N/A,NO_REAL_CONTRACT_FOUND,N/A
Hillary Binns,Baltimore Ravens,DE,11342391.0,4,N/A,N/A,NO_REAL_CONTRACT_FOUND,N/A
Uche Ridgle,Pittsburgh Steelers,ILB,41000000.0,3,N/A,N/A,NO_REAL_CONTRACT_FOUND,N/A
Perce Olander,New York N Giants,CB,56.0,3,N/A,N/A,NO_REAL_CONTRACT_FOUND,N/A
Bourbon Welborne,New York A Jets,ROLB,19.0,3,N/A,N/A,NO_REAL_CONTRACT_FOUND,N/A
Stacey Oordt,Green Bay Packers,DE,96000000.0,4,N/A,N/A,NO_REAL_CONTRACT_FOUND,N/A
Dwan Figaro,New England Patriots,ROLB,33000000.0,3,N/A,N/A,NO_REAL_CONTRACT_FOUND,N/A
Shelton Banks,Carolina Panthers,G,100000000.0,5,N/A,N/A,NO_REAL_CONTRACT_FOUND,N/A
Rico Thelwell,Houston Texans,WR,5689104.0,4,N/A,N/A,NO_REAL_CONTRACT_FOUND,N/A
Red Toogood,Jacksonville,RB,13.898105,4,N/A,N/A,NO_REAL_CONTRACT_FOUND,N/A
D'Brickashaw Shekleton,Carolina Panthers,S,51000000.0,3,N/A,N/A,NO_REAL_CONTRACT_FOUND,N/A
Marviel Witucki,Miami Dolphins,QB,212400000.0,4,N/A,N/A,NO_REAL_CONTRACT_FOUND,N/A
Marion Paris,New York N Giants,DE,44.25518,4,N/A,N/A,NO_REAL_CONTRACT_FOUND,N/A
Clair Cercone,Minnesota Vikings,LS,4025000.0,3,N/A,N/A,NO_REAL_CONTRACT_FOUND,N/A
Lynn Hester,Atlanta Falcons,P,8650000.0,3,N/A,N/A,NO_REAL_CONTRACT_FOUND,N/A
Alterraun Birden,Washington Commanders,RB,5044908.0,4,N/A,N/A,NO_REAL_CONTRACT_FOUND,N/A
Kendyl Tyner,Dallas Cowboys,P,6400000.0,2,N/A,N/A,NO_REAL_CONTRACT_FOUND,N/A
Matthias Munchak,Houston Texans,QB,36279243.0,4,N/A,N/A,NO_REAL_CONTRACT_FOUND,N/A
Neil Holloway,Tennessee Titans,WR,92000000.0,4,N/A,N/A,NO_REAL_CONTRACT_FOUND,N/A
Stefen Shello,Cincinnati Bengals,CB,5952727.0,4,N/A,N/A,NO_REAL_CONTRACT_FOUND,N/A
Theo Curcio,Cincinnati Bengals,RB,4126156.0,4,N/A,N/A,NO_REAL_CONTRACT_FOUND,N/A
Duffy Kennard,Houston Texans,WR,72000000.0,4,N/A,N/A,NO_REAL_CONTRACT_FOUND,N/A
Na'Shan Engstrom,Chicago Bears,RB,24000000.0,3,N/A,N/A,NO_REAL_CONTRACT_FOUND,N/A
Julie Digris,Atlanta Falcons,WR,39000000.0,3,N/A,N/A,NO_REAL_CONTRACT_FOUND,N/A
Jasen Podlesh,Buffalo Bills,DT,68000000.0,4,N/A,N/A,NO_REAL_CONTRACT_FOUND,N/A
Wendell Condo,Cleveland Browns,S,36000000.0,3,N/A,N/A,NO_REAL_CONTRACT_FOUND,N/A
Mister Listopad,Cleveland Browns,CB,12748736.0,4,N/A,N/A,NO_REAL_CONTRACT_FOUND,N/A
Osi Sites,Dallas Cowboys,TE,50000000.0,4,N/A,N/A,NO_REAL_CONTRACT_FOUND,N/A
Devery Winn,Arizona Cardinals,S,36000000.0,3,N/A,N/A,NO_REAL_CONTRACT_FOUND,N/A
Tinker Hoel,Minnesota Vikings,DT,30000000.0,2,N/A,N/A,NO_REAL_CONTRACT_FOUND,N/A
Siupeli Barney,Green Bay Packers,WR,7180778.0,4,N/A,N/A,NO_REAL_CONTRACT_FOUND,N/A
Connie Bratzke,Pittsburgh Steelers,TE,12010000.0,1,N/A,N/A,NO_REAL_CONTRACT_FOUND,N/A
Terdell Nord,Los Angeles A Chargers,LS,6.6,4,N/A,N/A,NO_REAL_CONTRACT_FOUND,N/A
Dejon Waddy,Atlanta Falcons,RT,30000000.0,2,N/A,N/A,NO_REAL_CONTRACT_FOUND,N/A
Leonard Mitchell,Houston Texans,CB,9014800.0,4,N/A,N/A,NO_REAL_CONTRACT_FOUND,N/A
Gartrell Barrie,Chicago Bears,S,16.0,2,N/A,N/A,NO_REAL_CONTRACT_FOUND,N/A
Brandon Zuzzio,Los Angeles A Chargers,G,21.0,2,N/A,N/A,NO_REAL_CONTRACT_FOUND,N/A
Keylon Covert,Chicago Bears,DE,98000000.0,4,N/A,N/A,NO_REAL_CONTRACT_FOUND,N/A
Harlan Galigher,New England Patriots,RT,24000000.0,3,N/A,N/A,NO_REAL_CONTRACT_FOUND,N/A
Kenton Hay,Green Bay Packers,CB,48000000.0,4,N/A,N/A,NO_REAL_CONTRACT_FOUND,N/A
Chase Eshmont,Philadelphia Eagles,DE,11992409.0,4,N/A,N/A,NO_REAL_CONTRACT_FOUND,N/A
Chidi Pace,Baltimore Ravens,WR,36750000.0,3,N/A,N/A,NO_REAL_CONTRACT_FOUND,N/A
Armin Schumacher,Buffalo Bills,ILB,1255000.0,1,N/A,N/A,NO_REAL_CONTRACT_FOUND,N/A
Dieter Bredde,Chicago Bears,ROLB,20000000.0,2,N/A,N/A,NO_REAL_CONTRACT_FOUND,N/A
Heine Mccallum,Atlanta Falcons,RB,3993896.0,4,N/A,N/A,NO_REAL_CONTRACT_FOUND,N/A
Hardy Branton,Washington Commanders,C,29250000.0,3,N/A,N/A,NO_REAL_CONTRACT_FOUND,N/A
Verron Colo,Carolina Panthers,WR,8500000.0,1,N/A,N/A,NO_REAL_CONTRACT_FOUND,N/A
Ovie Corley,Baltimore Ravens,S,3263000.0,1,N/A,N/A,NO_REAL_CONTRACT_FOUND,N/A
Gerard Carrell,Houston Texans,ILB,34000000.0,3,N/A,N/A,NO_REAL_CONTRACT_FOUND,N/A
Sherrick Gehring,New Orleans,DE,52.0,4,N/A,N/A,NO_REAL_CONTRACT_FOUND,N/A
Thurston Perpich,New England Patriots,DT,83000000.0,4,N/A,N/A,NO_REAL_CONTRACT_FOUND,N/A
Rebel Ellzey,Houston Texans,TE,36000000.0,3,N/A,N/A,NO_REAL_CONTRACT_FOUND,N/A
Samie Giordano,Los Angeles N Rams,CB,20.5,3,N/A,N/A,NO_REAL_CONTRACT_FOUND,N/A
Shann Knapper,Chicago Bears,RT,20968267.0,4,N/A,N/A,NO_REAL_CONTRACT_FOUND,N/A
Sean Yablonski,New Orleans,DT,12.0,2,N/A,N/A,NO_REAL_CONTRACT_FOUND,N/A
Antwuan Karamatic,Seattle Seahawks,ILB,28500000.0,3,N/A,N/A,NO_REAL_CONTRACT_FOUND,N/A
Andre' Gentry,Washington Commanders,ROLB,31000000.0,3,N/A,N/A,NO_REAL_CONTRACT_FOUND,N/A
Tra Warne,Arizona Cardinals,CB,5634930.0,4,N/A,N/A,NO_REAL_CONTRACT_FOUND,N/A
Emarlos Kacmarek,Las Vegas Raiders,QB,75000000.0,2,N/A,N/A,NO_REAL_CONTRACT_FOUND,N/A
Olrick Partlow,New England Patriots,DE,45.5,3,N/A,N/A,NO_REAL_CONTRACT_FOUND,N/A
Canute Rabach,Arizona Cardinals,C,12000000.0,2,N/A,N/A,NO_REAL_CONTRACT_FOUND,N/A
Will Still,Carolina Panthers,LT,27568052.0,4,N/A,N/A,NO_REAL_CONTRACT_FOUND,N/A
Chastin Waldron,Pittsburgh Steelers,G,24000000.0,3,N/A,N/A,NO_REAL_CONTRACT_FOUND,N/A
Gail Gabbard,Baltimore Ravens,TE,4164340.0,4,N/A,N/A,NO_REAL_CONTRACT_FOUND,N/A
Spider Eissler,Los Angeles A Chargers,P,4.0,2,N/A,N/A,NO_REAL_CONTRACT_FOUND,N/A
Zachary Weatherspoon,San Francisco 49ers,WR,11890000.0,2,N/A,N/A,NO_REAL_CONTRACT_FOUND,N/A
Lito Myhra,Pittsburgh Steelers,RB,5346000.0,1,N/A,N/A,NO_REAL_CONTRACT_FOUND,N/A
Isiah Upshaw,Pittsburgh Steelers,CB,9618345.0,4,N/A,N/A,NO_REAL_CONTRACT_FOUND,N/A
Stoney Susoeff,Denver Broncos,DT,15000000.0,2,N/A,N/A,NO_REAL_CONTRACT_FOUND,N/A
Malcom Gafford,Denver Broncos,DE,60000000.0,4,N/A,N/A,NO_REAL_CONTRACT_FOUND,N/A
Harold Widby,Miami Dolphins,ILB,26250000.0,3,N/A,N/A,NO_REAL_CONTRACT_FOUND,N/A
Oscar Fernandes,Indianapolis Colts,WR,5520459.0,4,N/A,N/A,NO_REAL_CONTRACT_FOUND,N/A
Cam Moyer,New Orleans,S,3.17,1,N/A,N/A,NO_REAL_CONTRACT_FOUND,N/A
Gibby Lesueur,Houston Texans,K,15900000.0,3,N/A,N/A,NO_REAL_CONTRACT_FOUND,N/A
Donnell Sabb,Kansas City Chiefs,RB,1500000.0,1,N/A,N/A,NO_REAL_CONTRACT_FOUND,N/A
Porky Clow,New England Patriots,S,58000000.0,4,N/A,N/A,NO_REAL_CONTRACT_FOUND,N/A
Sky Sinceno,Baltimore Ravens,DE,9000000.0,2,N/A,N/A,NO_REAL_CONTRACT_FOUND,N/A
Alabama Dils,Kansas City Chiefs,WR,7000000.0,1,N/A,N/A,NO_REAL_CONTRACT_FOUND,N/A
Irvin Svare,Cleveland Browns,DT,40874192.0,4,N/A,N/A,NO_REAL_CONTRACT_FOUND,N/A
Jermaine Kowgios,Cincinnati Bengals,LT,64092000.0,4,N/A,N/A,NO_REAL_CONTRACT_FOUND,N/A
Vilnis Hickey,Los Angeles N Rams,DT,26.6,3,N/A,N/A,NO_REAL_CONTRACT_FOUND,N/A
Orlando Dye,Green Bay Packers,LT,3740872.0,4,N/A,N/A,NO_REAL_CONTRACT_FOUND,N/A
Lonyae Considine,Philadelphia Eagles,S,3575000.0,1,N/A,N/A,NO_REAL_CONTRACT_FOUND,N/A
Langston Doxzon,New England Patriots,RB,36000000.0,4,N/A,N/A,NO_REAL_CONTRACT_FOUND,N/A
Vaughn Slaby,Carolina Panthers,RB,2750000.0,1,N/A,N/A,NO_REAL_CONTRACT_FOUND,N/A
Tab Cain,Los Angeles A Chargers,CB,6.39572,4,N/A,N/A,NO_REAL_CONTRACT_FOUND,N/A
Gannon Buchanan,Cleveland Browns,G,3050000.0,1,N/A,N/A,NO_REAL_CONTRACT_FOUND,N/A
Jocelyn Trent,Chicago Bears,ILB,72000000.0,4,N/A,N/A,NO_REAL_CONTRACT_FOUND,N/A
Daven Humm,Minnesota Vikings,G,87720000.0,5,N/A,N/A,NO_REAL_CONTRACT_FOUND,N/A
Lydon Diles,Kansas City Chiefs,WR,13790264.0,4,N/A,N/A,NO_REAL_CONTRACT_FOUND,N/A
Stillwell Deberg,Tennessee Titans,S,8000000.0,2,N/A,N/A,NO_REAL_CONTRACT_FOUND,N/A
Kion Spann,Tampa Bay Buccaneers,DE,5465412.0,4,N/A,N/A,NO_REAL_CONTRACT_FOUND,N/A
Austen Dragon,Indianapolis Colts,ILB,31260000.0,3,N/A,N/A,NO_REAL_CONTRACT_FOUND,N/A
Reed Cheverko,Tampa Bay Buccaneers,CB,3981732.0,4,N/A,N/A,NO_REAL_CONTRACT_FOUND,N/A
Demetrious Langas,Indianapolis Colts,WR,6601342.0,4,N/A,N/A,NO_REAL_CONTRACT_FOUND,N/A
Aston Falls,Detroit Lions,ROLB,18300000.0,3,N/A,N/A,NO_REAL_CONTRACT_FOUND,N/A
Pierce Banyard,Denver Broncos,QB,18613166.0,4,N/A,N/A,NO_REAL_CONTRACT_FOUND,N/A
Dajuan Calicchio,Miami Dolphins,DE,54490000.0,3,N/A,N/A,NO_REAL_CONTRACT_FOUND,N/A
Kliff Tenner,New Orleans,WR,12.0,2,N/A,N/A,NO_REAL_CONTRACT_FOUND,N/A
Jermey Mcgeary,New England Patriots,P,4018456.0,4,N/A,N/A,NO_REAL_CONTRACT_FOUND,N/A
Hubie Bua,Los Angeles A Chargers,K,24.004,4,N/A,N/A,NO_REAL_CONTRACT_FOUND,N/A
Deangelo Pastrana,New Orleans,DE,5.05,1,N/A,N/A,NO_REAL_CONTRACT_FOUND,N/A
Lynwood Abbruzzi,New Orleans,G,45.0,4,N/A,N/A,NO_REAL_CONTRACT_FOUND,N/A
Joique Dinkins,Tampa Bay Buccaneers,K,12300000.0,3,N/A,N/A,NO_REAL_CONTRACT_FOUND,N/A
Tyrod Loneker,New Orleans,DE,50.0,3,N/A,N/A,NO_REAL_CONTRACT_FOUND,N/A
Alain Courville,Tennessee Titans,ILB,21000000.0,3,N/A,N/A,NO_REAL_CONTRACT_FOUND,N/A
Devone Kapinos,Tampa Bay Buccaneers,G,7485456.0,4,N/A,N/A,NO_REAL_CONTRACT_FOUND,N/A
Ebert Casares,Buffalo Bills,DT,16000000.0,2,N/A,N/A,NO_REAL_CONTRACT_FOUND,N/A
Kaelin Greenhalgh,Atlanta Falcons,DT,35000000.0,3,N/A,N/A,NO_REAL_CONTRACT_FOUND,N/A
Molly Look,Cincinnati Bengals,CB,6160043.0,4,N/A,N/A,NO_REAL_CONTRACT_FOUND,N/A
Torell Mendez,Chicago Bears,C,42000000.0,3,N/A,N/A,NO_REAL_CONTRACT_FOUND,N/A
Keo Henry,New York N Giants,CB,3.995942,4,N/A,N/A,NO_REAL_CONTRACT_FOUND,N/A
Xavier Beauford,Green Bay Packers,ILB,8598920.0,4,N/A,N/A,NO_REAL_CONTRACT_FOUND,N/A
Deck Eliopulos,Los Angeles A Chargers,S,18.5,3,N/A,N/A,NO_REAL_CONTRACT_FOUND,N/A
Skyler Lyght,Las Vegas Raiders,ROLB,4260000.0,1,N/A,N/A,NO_REAL_CONTRACT_FOUND,N/A
Artis Pettis,Chicago Bears,DT,6723728.0,4,N/A,N/A,NO_REAL_CONTRACT_FOUND,N/A
Rodrique Koman,Cleveland Browns,RT,45000000.0,3,N/A,N/A,NO_REAL_CONTRACT_FOUND,N/A
Zane Bullitt,Detroit Lions,P,14065000.0,4,N/A,N/A,NO_REAL_CONTRACT_FOUND,N/A
Chet Littleton,Atlanta Falcons,DE,20562370.0,4,N/A,N/A,NO_REAL_CONTRACT_FOUND,N/A
Dameon Gooch,Miami Dolphins,G,24000000.0,3,N/A,N/A,NO_REAL_CONTRACT_FOUND,N/A
Kurt Swink,Seattle Seahawks,DT,22000000.0,3,N/A,N/A,NO_REAL_CONTRACT_FOUND,N/A
Sullivan Colvin,Seattle Seahawks,K,21100000.0,4,N/A,N/A,NO_REAL_CONTRACT_FOUND,N/A
Bolo Burroughs,New York A Jets,DE,13.087443,4,N/A,N/A,NO_REAL_CONTRACT_FOUND,N/A
Cheta Addison,New York A Jets,C,6.359598,4,N/A,N/A,NO_REAL_CONTRACT_FOUND,N/A
Deems Coutre,Minnesota Vikings,RB,10500000.0,2,N/A,N/A,NO_REAL_CONTRACT_FOUND,N/A
Herdis Hagood,Jacksonville,CB,31.0,3,N/A,N/A,NO_REAL_CONTRACT_FOUND,N/A
Deshaun Ross,Los Angeles N Rams,S,9.0,2,N/A,N/A,NO_REAL_CONTRACT_FOUND,N/A
Brison Perkins,Arizona Cardinals,QB,230500000.0,5,N/A,N/A,NO_REAL_CONTRACT_FOUND,N/A
Franco Demery,Indianapolis Colts,LS,6465000.0,4,N/A,N/A,NO_REAL_CONTRACT_FOUND,N/A
Plaxico Hertz,Dallas Cowboys,S,21000000.0,3,N/A,N/A,NO_REAL_CONTRACT_FOUND,N/A
Waddell Gelbaugh,Arizona Cardinals,WR,35374742.0,4,N/A,N/A,NO_REAL_CONTRACT_FOUND,N/A
Wonder Cobbs,Cincinnati Bengals,TE,25500000.0,3,N/A,N/A,NO_REAL_CONTRACT_FOUND,N/A
Grenny Rae,Baltimore Ravens,CB,12819822.0,4,N/A,N/A,NO_REAL_CONTRACT_FOUND,N/A
Jonas Milner,New York A Jets,K,4.875,1,N/A,N/A,NO_REAL_CONTRACT_FOUND,N/A
Darius Chesbro,Dallas Cowboys,DT,80000000.0,4,N/A,N/A,NO_REAL_CONTRACT_FOUND,N/A
Twan Witte,Green Bay Packers,ROLB,13841641.0,4,N/A,N/A,NO_REAL_CONTRACT_FOUND,N/A
Wimpy Tilton,Tampa Bay Buccaneers,RB,5129999.0,4,N/A,N/A,NO_REAL_CONTRACT_FOUND,N/A
Dominique Gladden,Las Vegas Raiders,RB,1600000.0,1,N/A,N/A,NO_REAL_CONTRACT_FOUND,N/A
Tavon Shlapak,New Orleans,WR,5.2,1,N/A,N/A,NO_REAL_CONTRACT_FOUND,N/A
Nielson Shank,Buffalo Bills,FB,2000000.0,1,N/A,N/A,NO_REAL_CONTRACT_FOUND,N/A
Leonardo Manoa,Chicago Bears,WR,22724500.0,4,N/A,N/A,NO_REAL_CONTRACT_FOUND,N/A
Talman Molden,Green Bay Packers,WR,4343916.0,4,N/A,N/A,NO_REAL_CONTRACT_FOUND,N/A
Jerramy Free,Arizona Cardinals,CB,6.975,2,N/A,N/A,NO_REAL_CONTRACT_FOUND,N/A
Ronde Malcolm,Seattle Seahawks,CB,3000000.0,1,N/A,N/A,NO_REAL_CONTRACT_FOUND,N/A
Denny Yanda,Tennessee Titans,DT,9552440.0,4,N/A,N/A,NO_REAL_CONTRACT_FOUND,N/A
Scot Bowens,Buffalo Bills,S,10625000.0,3,N/A,N/A,NO_REAL_CONTRACT_FOUND,N/A
Jeromy Wright,Buffalo Bills,ILB,42143000.0,4,N/A,N/A,NO_REAL_CONTRACT_FOUND,N/A
Mossis Mosier,Houston Texans,P,6000000.0,2,N/A,N/A,NO_REAL_CONTRACT_FOUND,N/A
Lofa Joines,Green Bay Packers,TE,5537934.0,4,N/A,N/A,NO_REAL_CONTRACT_FOUND,N/A
Baptiste Mcdonald,Tennessee Titans,RB,5490616.0,4,N/A,N/A,NO_REAL_CONTRACT_FOUND,N/A
Alvoid Curran,Tennessee Titans,WR,4000000.0,1,N/A,N/A,NO_REAL_CONTRACT_FOUND,N/A
Maulty Holt,New York N Giants,RB,3.306352,4,N/A,N/A,NO_REAL_CONTRACT_FOUND,N/A
Taylor Pagac,New England Patriots,LT,43662103.0,4,N/A,N/A,NO_REAL_CONTRACT_FOUND,N/A
Enio Vollenweider,Cleveland Browns,G,56800000.0,4,N/A,N/A,NO_REAL_CONTRACT_FOUND,N/A
Tremayne Hills,New Orleans,LS,5.31,4,N/A,N/A,NO_REAL_CONTRACT_FOUND,N/A
Rhondy Brunner,Los Angeles N Rams,CB,0.255,1,N/A,N/A,NO_REAL_CONTRACT_FOUND,N/A
Deandre Isom,Los Angeles N Rams,LT,57.3,3,N/A,N/A,NO_REAL_CONTRACT_FOUND,N/A
Nolan Fricke,Los Angeles A Chargers,S,10.125,2,N/A,N/A,NO_REAL_CONTRACT_FOUND,N/A
Bullets Kasap,Tennessee Titans,S,30000000.0,3,N/A,N/A,NO_REAL_CONTRACT_FOUND,N/A
Wash Schweder,New York A Jets,S,7.5,1,N/A,N/A,NO_REAL_CONTRACT_FOUND,N/A
Jarriel Brazinsky,New England Patriots,DE,12000000.0,3,N/A,N/A,NO_REAL_CONTRACT_FOUND,N/A
Brannon Star,New England Patriots,RB,11250000.0,3,N/A,N/A,NO_REAL_CONTRACT_FOUND,N/A
Ross Kaiser,Jacksonville,DT,43.5,3,N/A,N/A,NO_REAL_CONTRACT_FOUND,N/A
Darris Ledbetter,Seattle Seahawks,DE,8562251.0,4,N/A,N/A,NO_REAL_CONTRACT_FOUND,N/A
Vaughan Wender,Chicago Bears,LT,3959552.0,4,N/A,N/A,NO_REAL_CONTRACT_FOUND,N/A
Rosey Livers,Kansas City Chiefs,S,5847138.0,4,N/A,N/A,NO_REAL_CONTRACT_FOUND,N/A
Boyce Dicus,Los Angeles N Rams,DE,3.556667,4,N/A,N/A,NO_REAL_CONTRACT_FOUND,N/A
Tommie Mcgriggs,Chicago Bears,K,15600000.0,4,N/A,N/A,NO_REAL_CONTRACT_FOUND,N/A
Saladin Myslinski,Houston Texans,LT,12000000.0,1,N/A,N/A,NO_REAL_CONTRACT_FOUND,N/A
Corn Hampton,Green Bay Packers,WR,9241033.0,4,N/A,N/A,NO_REAL_CONTRACT_FOUND,N/A
Conroy Sweet,Pittsburgh Steelers,ILB,18000000.0,3,N/A,N/A,NO_REAL_CONTRACT_FOUND,N/A
D'Andre Wukits,Buffalo Bills,C,22350000.0,3,N/A,N/A,NO_REAL_CONTRACT_FOUND,N/A
Dukes O'Neill,Denver Broncos,DT,39000000.0,3,N/A,N/A,NO_REAL_CONTRACT_FOUND,N/A
Dannell Carthen,Houston Texans,RB,4475432.0,4,N/A,N/A,NO_REAL_CONTRACT_FOUND,N/A
Talance Gilchrist,Las Vegas Raiders,K,18400000.0,4,N/A,N/A,NO_REAL_CONTRACT_FOUND,N/A
Zac Klever,New England Patriots,WR,3973332.0,4,N/A,N/A,NO_REAL_CONTRACT_FOUND,N/A
Flavio Brito,Los Angeles A Chargers,CB,13.0,2,N/A,N/A,NO_REAL_CONTRACT_FOUND,N/A
Neill Linden,Washington Commanders,DE,33000000.0,3,N/A,N/A,NO_REAL_CONTRACT_FOUND,N/A
Rhett Givins,New England Patriots,QB,36639764.0,4,N/A,N/A,NO_REAL_CONTRACT_FOUND,N/A
Derrie Sorey,Jacksonville,G,26.0,3,N/A,N/A,NO_REAL_CONTRACT_FOUND,N/A
Sneeze Kinder,Cincinnati Bengals,S,4900000.0,1,N/A,N/A,NO_REAL_CONTRACT_FOUND,N/A
Bernie Dabney,Minnesota Vikings,DT,15000000.0,2,N/A,N/A,NO_REAL_CONTRACT_FOUND,N/A
Karsten Lovetere,Minnesota Vikings,ROLB,2715000.0,3,N/A,N/A,NO_REAL_CONTRACT_FOUND,N/A
Tarvaris Cieslak,Carolina Panthers,LS,1422500.0,1,N/A,N/A,NO_REAL_CONTRACT_FOUND,N/A
Barry Garner,Denver Broncos,CB,18073176.0,4,N/A,N/A,NO_REAL_CONTRACT_FOUND,N/A
Lamont Cavanaugh,Philadelphia Eagles,K,24000000.0,4,N/A,N/A,NO_REAL_CONTRACT_FOUND,N/A
Link Doane,Dallas Cowboys,RB,3000000.0,1,N/A,N/A,NO_REAL_CONTRACT_FOUND,N/A
Hampton Gaulke,Tennessee Titans,RT,26045188.0,4,N/A,N/A,NO_REAL_CONTRACT_FOUND,N/A
Jaime Scruggs,Washington Commanders,CB,5500000.0,1,N/A,N/A,NO_REAL_CONTRACT_FOUND,N/A
Erasmus Clinton,Philadelphia Eagles,DT,17009278.0,4,N/A,N/A,NO_REAL_CONTRACT_FOUND,N/A
Orie Ninkovich,Los Angeles N Rams,S,6.596312,4,N/A,N/A,NO_REAL_CONTRACT_FOUND,N/A
Turk Fonoti,New England Patriots,DE,7790161.0,4,N/A,N/A,NO_REAL_CONTRACT_FOUND,N/A
Antony Lurtsema,Miami Dolphins,DT,21956312.0,4,N/A,N/A,NO_REAL_CONTRACT_FOUND,N/A
Samkon Chalenski,Atlanta Falcons,TE,32910495.0,4,N/A,N/A,NO_REAL_CONTRACT_FOUND,N/A
Tray Harbor,Arizona Cardinals,ILB,12750000.0,3,N/A,N/A,NO_REAL_CONTRACT_FOUND,N/A
Ceasar Dilger,New England Patriots,CB,5176952.0,4,N/A,N/A,NO_REAL_CONTRACT_FOUND,N/A
Bennie Marquardt,Buffalo Bills,CB,15257982.0,4,N/A,N/A,NO_REAL_CONTRACT_FOUND,N/A
Lakei Stamer,Arizona Cardinals,WR,5339461.0,4,N/A,N/A,NO_REAL_CONTRACT_FOUND,N/A
Nehemiah Ladrow,Kansas City Chiefs,DE,25.0,3,N/A,N/A,NO_REAL_CONTRACT_FOUND,N/A
Gorden Mouton,San Francisco 49ers,DE,24943354.0,4,N/A,N/A,NO_REAL_CONTRACT_FOUND,N/A
Phillipkeith Quinn,New Orleans,ROLB,23.5,3,N/A,N/A,NO_REAL_CONTRACT_FOUND,N/A
Roberto Landsberg,Cleveland Browns,S,1422500.0,1,N/A,N/A,NO_REAL_CONTRACT_FOUND,N/A
Jamarcus Sutter,Tennessee Titans,CB,9165609.0,4,N/A,N/A,NO_REAL_CONTRACT_FOUND,N/A
Godwin Bellino,Minnesota Vikings,WR,2000000.0,1,N/A,N/A,NO_REAL_CONTRACT_FOUND,N/A
Tino Calahan,Tennessee Titans,DT,4.5,1,N/A,N/A,NO_REAL_CONTRACT_FOUND,N/A
Lebron Carson,New Orleans,LT,19.348158,4,N/A,N/A,NO_REAL_CONTRACT_FOUND,N/A
Libby Conwell,Cincinnati Bengals,C,6000000.0,1,N/A,N/A,NO_REAL_CONTRACT_FOUND,N/A
Kenoy Bromell,Detroit Lions,WR,2500000.0,1,N/A,N/A,NO_REAL_CONTRACT_FOUND,N/A
Algy Ehlers,Los Angeles A Chargers,S,2.38,1,N/A,N/A,NO_REAL_CONTRACT_FOUND,N/A
Clyde Calico,Baltimore Ravens,DT,5301962.0,4,N/A,N/A,NO_REAL_CONTRACT_FOUND,N/A
Keyon Economos,Jacksonville,DE,35.372621,4,N/A,N/A,NO_REAL_CONTRACT_FOUND,N/A
Kendric Schweidler,Baltimore Ravens,ROLB,5408845.0,4,N/A,N/A,NO_REAL_CONTRACT_FOUND,N/A
Kassim Gruneisen,Jacksonville,CB,78.5,4,N/A,N/A,NO_REAL_CONTRACT_FOUND,N/A
Jermon Hixson,Houston Texans,G,56000000.0,3,N/A,N/A,NO_REAL_CONTRACT_FOUND,N/A
Hoot Bergen,Atlanta Falcons,K,24250000.0,5,N/A,N/A,NO_REAL_CONTRACT_FOUND,N/A
Amani Ashburn,Washington Commanders,TE,6250000.0,1,N/A,N/A,NO_REAL_CONTRACT_FOUND,N/A
Darren Winborne,Seattle Seahawks,RB,6876079.0,4,N/A,N/A,NO_REAL_CONTRACT_FOUND,N/A
Nathan Shelton,Miami Dolphins,C,1422500.0,1,N/A,N/A,NO_REAL_CONTRACT_FOUND,N/A
Dominic Crowl,Philadelphia Eagles,CB,1755000.0,1,N/A,N/A,NO_REAL_CONTRACT_FOUND,N/A
Tahir Gormley,Denver Broncos,ROLB,18000000.0,3,N/A,N/A,NO_REAL_CONTRACT_FOUND,N/A
Keena Olejniczak,New York A Jets,WR,44.0,4,N/A,N/A,NO_REAL_CONTRACT_FOUND,N/A
Windell Anderson,Detroit Lions,CB,9250000.0,2,N/A,N/A,NO_REAL_CONTRACT_FOUND,N/A
Dietrich Owen,New York A Jets,RT,33.913104,4,N/A,N/A,NO_REAL_CONTRACT_FOUND,N/A
Urban Kacherski,Atlanta Falcons,DE,8818689.0,4,N/A,N/A,NO_REAL_CONTRACT_FOUND,N/A
Copeland Glass,Washington Commanders,RB,8430000.0,2,N/A,N/A,NO_REAL_CONTRACT_FOUND,N/A
Willert Perlo,Cincinnati Bengals,DT,33000000.0,3,N/A,N/A,NO_REAL_CONTRACT_FOUND,N/A
Skippy Brunell,Philadelphia Eagles,P,4200000.0,2,N/A,N/A,NO_REAL_CONTRACT_FOUND,N/A
Husain Delpino,Green Bay Packers,K,15300000.0,3,N/A,N/A,NO_REAL_CONTRACT_FOUND,N/A
Patrick Travis,Seattle Seahawks,DT,16083122.0,4,N/A,N/A,NO_REAL_CONTRACT_FOUND,N/A
Alshermond Scarry,Tampa Bay Buccaneers,TE,4493944.0,4,N/A,N/A,NO_REAL_CONTRACT_FOUND,N/A
Darryl Fokou,New Orleans,RB,0.17,1,N/A,N/A,NO_REAL_CONTRACT_FOUND,N/A
Larod Chickillo,Miami Dolphins,DE,14976228.0,4,N/A,N/A,NO_REAL_CONTRACT_FOUND,N/A
Marc Jacox,Pittsburgh Steelers,S,1422500.0,1,N/A,N/A,NO_REAL_CONTRACT_FOUND,N/A
Mohamed Acks,Arizona Cardinals,DT,29000000.0,2,N/A,N/A,NO_REAL_CONTRACT_FOUND,N/A
Saverio Lopienski,New York N Giants,WR,36.0,3,N/A,N/A,NO_REAL_CONTRACT_FOUND,N/A
Coonie Bosseler,Buffalo Bills,TE,29500000.0,3,N/A,N/A,NO_REAL_CONTRACT_FOUND,N/A
Woodley Tippett,Cincinnati Bengals,CB,11.667013,4,N/A,N/A,NO_REAL_CONTRACT_FOUND,N/A
Stacy Manalac,Pittsburgh Steelers,DT,17973604.0,4,N/A,N/A,NO_REAL_CONTRACT_FOUND,N/A
Basil Brandt,Las Vegas Raiders,G,5131429.0,4,N/A,N/A,NO_REAL_CONTRACT_FOUND,N/A
Kendricke Allard,Buffalo Bills,WR,2500000.0,1,N/A,N/A,NO_REAL_CONTRACT_FOUND,N/A
Dialleo Presnell,New York N Giants,K,18.5,3,N/A,N/A,NO_REAL_CONTRACT_FOUND,N/A
Ockie Audet,Detroit Lions,LS,2831000.0,3,N/A,N/A,NO_REAL_CONTRACT_FOUND,N/A
Alberto Ojomo,Las Vegas Raiders,C,8767762.0,4,N/A,N/A,NO_REAL_CONTRACT_FOUND,N/A
Christo Petitgout,Miami Dolphins,P,4200000.0,2,N/A,N/A,NO_REAL_CONTRACT_FOUND,N/A
Kasey Mailei,Miami Dolphins,K,22000000.0,5,N/A,N/A,NO_REAL_CONTRACT_FOUND,N/A
Yatil Adkins,Kansas City Chiefs,CB,3745372.0,4,N/A,N/A,NO_REAL_CONTRACT_FOUND,N/A
Jameel Nelson,Cleveland Browns,RB,1750000.0,1,N/A,N/A,NO_REAL_CONTRACT_FOUND,N/A
Lennie Shelburne,Cleveland Browns,ROLB,1422500.0,1,N/A,N/A,NO_REAL_CONTRACT_FOUND,N/A
Olandis Yerges,San Francisco 49ers,S,5395807.0,4,N/A,N/A,NO_REAL_CONTRACT_FOUND,N/A
Kawika Katalinas,Chicago Bears,G,52500000.0,3,N/A,N/A,NO_REAL_CONTRACT_FOUND,N/A
Brashton Montoute,Carolina Panthers,RB,8417082.0,4,N/A,N/A,NO_REAL_CONTRACT_FOUND,N/A
Jumbo Lavalais,Atlanta Falcons,S,1335000.0,1,N/A,N/A,NO_REAL_CONTRACT_FOUND,N/A
Tootie Mehre,Buffalo Bills,WR,28.0,3,N/A,N/A,NO_REAL_CONTRACT_FOUND,N/A
Lyle Oher,Baltimore Ravens,RB,6000000.0,2,N/A,N/A,NO_REAL_CONTRACT_FOUND,N/A
Ryne Herosian,New York N Giants,DE,30.339038,4,N/A,N/A,NO_REAL_CONTRACT_FOUND,N/A
Kevis Tumulty,New England Patriots,WR,19500000.0,3,N/A,N/A,NO_REAL_CONTRACT_FOUND,N/A
Visco Dowler,Kansas City Chiefs,CB,20000000.0,2,N/A,N/A,NO_REAL_CONTRACT_FOUND,N/A
Denarius Ioane,Indianapolis Colts,DE,13644833.0,4,N/A,N/A,NO_REAL_CONTRACT_FOUND,N/A
Demetrin Deshane,Atlanta Falcons,DE,10000000.0,1,N/A,N/A,NO_REAL_CONTRACT_FOUND,N/A
Marvin Hermeling,Detroit Lions,ROLB,1.84792,4,N/A,N/A,NO_REAL_CONTRACT_FOUND,N/A
Ladue Thweatt,New England Patriots,S,2025000.0,1,N/A,N/A,NO_REAL_CONTRACT_FOUND,N/A
Elliot Beckum,Denver Broncos,WR,6068635.0,4,N/A,N/A,NO_REAL_CONTRACT_FOUND,N/A
Shurron Defelice,New York A Jets,CB,4.375,2,N/A,N/A,NO_REAL_CONTRACT_FOUND,N/A
Niko Potteiger,Washington Commanders,CB,7702336.0,4,N/A,N/A,NO_REAL_CONTRACT_FOUND,N/A
Hub Gantt,Philadelphia Eagles,ILB,5204639.0,4,N/A,N/A,NO_REAL_CONTRACT_FOUND,N/A
Lyman Gronkowski,Los Angeles A Chargers,RB,17.774464,4,N/A,N/A,NO_REAL_CONTRACT_FOUND,N/A
Lefty Whitmyer,Washington Commanders,S,1.84,1,N/A,N/A,NO_REAL_CONTRACT_FOUND,N/A
Jerry Wren,San Francisco 49ers,CB,6389874.0,4,N/A,N/A,NO_REAL_CONTRACT_FOUND,N/A
Kay Brees,Indianapolis Colts,P,7500000.0,3,N/A,N/A,NO_REAL_CONTRACT_FOUND,N/A
Jacquian Muransky,Miami Dolphins,P,1725000.0,1,N/A,N/A,NO_REAL_CONTRACT_FOUND,N/A
Jed Gerberry,Seattle Seahawks,QB,100500000.0,3,N/A,N/A,NO_REAL_CONTRACT_FOUND,N/A
Lemuel Dees,Cleveland Browns,DT,9000000.0,2,N/A,N/A,NO_REAL_CONTRACT_FOUND,N/A
Ronnell Hallock,Cincinnati Bengals,DE,18969280.0,4,N/A,N/A,NO_REAL_CONTRACT_FOUND,N/A
Napoleon Kyles,Jacksonville,RB,4.392915,4,N/A,N/A,NO_REAL_CONTRACT_FOUND,N/A
Charly Oldham,Carolina Panthers,WR,27.93039,4,N/A,N/A,NO_REAL_CONTRACT_FOUND,N/A
Giradie Jaszewski,San Francisco 49ers,P,1422500.0,1,N/A,N/A,NO_REAL_CONTRACT_FOUND,N/A
Franny Ingwersen,Pittsburgh Steelers,RT,15055296.0,4,N/A,N/A,NO_REAL_CONTRACT_FOUND,N/A
Roger Krieg,Detroit Lions,DT,15.48009,4,N/A,N/A,NO_REAL_CONTRACT_FOUND,N/A
Andrew Garmon,Dallas Cowboys,G,22553718.0,4,N/A,N/A,NO_REAL_CONTRACT_FOUND,N/A
Zed Dardar,New York N Giants,S,8.176718,4,N/A,N/A,NO_REAL_CONTRACT_FOUND,N/A
Dirk Ranglin,Los Angeles N Rams,TE,17.0,2,N/A,N/A,NO_REAL_CONTRACT_FOUND,N/A
Marger Bravyak,Arizona Cardinals,DT,19367550.0,4,N/A,N/A,NO_REAL_CONTRACT_FOUND,N/A
Bubba Heater,New York N Giants,WR,10.185166,4,N/A,N/A,NO_REAL_CONTRACT_FOUND,N/A
Bryce Huffine,Denver Broncos,K,8400000.0,2,N/A,N/A,NO_REAL_CONTRACT_FOUND,N/A
Stepfret Perez,Los Angeles A Chargers,G,12.746678,4,N/A,N/A,NO_REAL_CONTRACT_FOUND,N/A
Chick Ivlow,Philadelphia Eagles,RB,1337500.0,1,N/A,N/A,NO_REAL_CONTRACT_FOUND,N/A
Kivuusama Mulligan,Buffalo Bills,DE,12000000.0,2,N/A,N/A,NO_REAL_CONTRACT_FOUND,N/A
Randy Brazill,Pittsburgh Steelers,QB,13650000.0,1,N/A,N/A,NO_REAL_CONTRACT_FOUND,N/A
Ronney Joswick,Seattle Seahawks,RT,5391678.0,4,N/A,N/A,NO_REAL_CONTRACT_FOUND,N/A
Porter Schlecht,Miami Dolphins,RB,1337500.0,1,N/A,N/A,NO_REAL_CONTRACT_FOUND,N/A
Pete Tubbs,Cincinnati Bengals,RT,15371558.0,4,N/A,N/A,NO_REAL_CONTRACT_FOUND,N/A
Winslow Wistert,Washington Commanders,RT,4000000.0,1,N/A,N/A,NO_REAL_CONTRACT_FOUND,N/A
Burr Costict,Washington Commanders,G,6058224.0,4,N/A,N/A,NO_REAL_CONTRACT_FOUND,N/A
Ab Degeare,Tampa Bay Buccaneers,DT,14493474.0,4,N/A,N/A,NO_REAL_CONTRACT_FOUND,N/A
Demise Slaton,Philadelphia Eagles,C,68000000.0,4,N/A,N/A,NO_REAL_CONTRACT_FOUND,N/A
Erick Bulman,Jacksonville,K,6.158388,4,N/A,N/A,NO_REAL_CONTRACT_FOUND,N/A
Vito Hartzog,Kansas City Chiefs,S,4591368.0,4,N/A,N/A,NO_REAL_CONTRACT_FOUND,N/A
Anquan Kirkendoll,Kansas City Chiefs,DE,4000000.0,1,N/A,N/A,NO_REAL_CONTRACT_FOUND,N/A
Odie Rousch,Los Angeles N Rams,CB,2.16434,4,N/A,N/A,NO_REAL_CONTRACT_FOUND,N/A
Gennaro Judson,New York N Giants,CB,6.241841,4,N/A,N/A,NO_REAL_CONTRACT_FOUND,N/A
Willmer Shazor,Buffalo Bills,WR,24000000.0,3,N/A,N/A,NO_REAL_CONTRACT_FOUND,N/A
Ode Wilson,Carolina Panthers,DE,12500000.0,2,N/A,N/A,NO_REAL_CONTRACT_FOUND,N/A
Ellery Berner,Tennessee Titans,LT,82000000.0,4,N/A,N/A,NO_REAL_CONTRACT_FOUND,N/A
Laveranues Greenway,Dallas Cowboys,DE,6000000.0,1,N/A,N/A,NO_REAL_CONTRACT_FOUND,N/A
Collin Mccloughan,Pittsburgh Steelers,TE,5353909.0,4,N/A,N/A,NO_REAL_CONTRACT_FOUND,N/A
Wilmer Culliver,Tennessee Titans,CB,1100000.0,1,N/A,N/A,NO_REAL_CONTRACT_FOUND,N/A
Darry Kinney,Dallas Cowboys,ROLB,5390028.0,4,N/A,N/A,NO_REAL_CONTRACT_FOUND,N/A
Cole Clarks,Houston Texans,DE,20000000.0,2,N/A,N/A,NO_REAL_CONTRACT_FOUND,N/A
Lyons Casper,Los Angeles A Chargers,ILB,2.655,1,N/A,N/A,NO_REAL_CONTRACT_FOUND,N/A
Tevita Tennell,Cleveland Browns,WR,1170000.0,1,N/A,N/A,NO_REAL_CONTRACT_FOUND,N/A
Shelly Boykin,Dallas Cowboys,S,21000000.0,3,N/A,N/A,NO_REAL_CONTRACT_FOUND,N/A
Curtis Teifke,Tennessee Titans,DE,8500000.0,1,N/A,N/A,NO_REAL_CONTRACT_FOUND,N/A
La'Roi Joseph,Jacksonville,WR,8.0,1,N/A,N/A,NO_REAL_CONTRACT_FOUND,N/A
Slade Hoying,Houston Texans,ROLB,3500000.0,1,N/A,N/A,NO_REAL_CONTRACT_FOUND,N/A
Channing Reasons,Las Vegas Raiders,ILB,3010000.0,1,N/A,N/A,NO_REAL_CONTRACT_FOUND,N/A
Hanik Paulson,Los Angeles N Rams,P,3.948004,4,N/A,N/A,NO_REAL_CONTRACT_FOUND,N/A
Hubbard Toneff,Arizona Cardinals,G,11500000.0,2,N/A,N/A,NO_REAL_CONTRACT_FOUND,N/A
Trevin Levens,New York N Giants,G,3.25,1,N/A,N/A,NO_REAL_CONTRACT_FOUND,N/A
Laron Betts,Tampa Bay Buccaneers,DE,14000000.0,1,N/A,N/A,NO_REAL_CONTRACT_FOUND,N/A
Wagner Diaz,Minnesota Vikings,CB,11045000.0,2,N/A,N/A,NO_REAL_CONTRACT_FOUND,N/A
Speed Dowd,Detroit Lions,K,1980000.0,2,N/A,N/A,NO_REAL_CONTRACT_FOUND,N/A
Alva Chorovich,Dallas Cowboys,WR,5135719.0,4,N/A,N/A,NO_REAL_CONTRACT_FOUND,N/A
Nigel Karcher,Kansas City Chiefs,RT,80000000.0,4,N/A,N/A,NO_REAL_CONTRACT_FOUND,N/A
Broderick Cone,Washington Commanders,DT,1.965,3,N/A,N/A,NO_REAL_CONTRACT_FOUND,N/A
Teddy Goble,Philadelphia Eagles,ROLB,14903574.0,4,N/A,N/A,NO_REAL_CONTRACT_FOUND,N/A
Pong Havens,Chicago Bears,S,4750000.0,2,N/A,N/A,NO_REAL_CONTRACT_FOUND,N/A
Tyvon Archibald,Cincinnati Bengals,S,5325017.0,4,N/A,N/A,NO_REAL_CONTRACT_FOUND,N/A
Gaynell Faaola,New York A Jets,WR,1.75,1,N/A,N/A,NO_REAL_CONTRACT_FOUND,N/A
Kerwin Conners,Pittsburgh Steelers,S,3000000.0,1,N/A,N/A,NO_REAL_CONTRACT_FOUND,N/A
Stevan Korte,Miami Dolphins,CB,3263000.0,1,N/A,N/A,NO_REAL_CONTRACT_FOUND,N/A
Limas Fortunato,Pittsburgh Steelers,DT,7333122.0,4,N/A,N/A,NO_REAL_CONTRACT_FOUND,N/A
Baron Mccourty,Green Bay Packers,CB,18000000.0,3,N/A,N/A,NO_REAL_CONTRACT_FOUND,N/A
Bookie Dellerba,New Orleans,RT,25.731246,4,N/A,N/A,NO_REAL_CONTRACT_FOUND,N/A
Kaipo Lainhart,Buffalo Bills,WR,10074258.0,4,N/A,N/A,NO_REAL_CONTRACT_FOUND,N/A
Macarthur Secord,Indianapolis Colts,RB,1337500.0,1,N/A,N/A,NO_REAL_CONTRACT_FOUND,N/A
Daleroy Powell,Indianapolis Colts,DE,17031894.0,4,N/A,N/A,NO_REAL_CONTRACT_FOUND,N/A
Deke Druckenmiller,Houston Texans,G,4250000.0,1,N/A,N/A,NO_REAL_CONTRACT_FOUND,N/A
Terry Studstill,Buffalo Bills,DT,6696735.0,1,N/A,N/A,NO_REAL_CONTRACT_FOUND,N/A
Johan Regan,Denver Broncos,C,3947720.0,4,N/A,N/A,NO_REAL_CONTRACT_FOUND,N/A
Khari Cronkhite,Chicago Bears,WR,10964030.0,4,N/A,N/A,NO_REAL_CONTRACT_FOUND,N/A
Jurrell D'Orazio,Atlanta Falcons,G,8978480.0,4,N/A,N/A,NO_REAL_CONTRACT_FOUND,N/A
Onterrio Katnik,Green Bay Packers,WR,17575338.0,4,N/A,N/A,NO_REAL_CONTRACT_FOUND,N/A
Ralf Million,New York N Giants,ROLB,4.015708,4,N/A,N/A,NO_REAL_CONTRACT_FOUND,N/A
Boob Deramus,Miami Dolphins,CB,1422500.0,1,N/A,N/A,NO_REAL_CONTRACT_FOUND,N/A
Estus Manders,Baltimore Ravens,DE,7419415.0,4,N/A,N/A,NO_REAL_CONTRACT_FOUND,N/A
Kez Tamm,Indianapolis Colts,S,5065638.0,4,N/A,N/A,NO_REAL_CONTRACT_FOUND,N/A
Shanley Herrmann,Washington Commanders,WR,3250000.0,1,N/A,N/A,NO_REAL_CONTRACT_FOUND,N/A
Dilly Milton,Los Angeles N Rams,ROLB,2.839,3,N/A,N/A,NO_REAL_CONTRACT_FOUND,N/A
Colston Griggs,Jacksonville,G,37.5,3,N/A,N/A,NO_REAL_CONTRACT_FOUND,N/A
Rudi Kaeding,Pittsburgh Steelers,ROLB,5596312.0,4,N/A,N/A,NO_REAL_CONTRACT_FOUND,N/A
Rob Clady,Tennessee Titans,G,19673318.0,4,N/A,N/A,NO_REAL_CONTRACT_FOUND,N/A
Flip Niziolek,Los Angeles A Chargers,WR,14.188778,4,N/A,N/A,NO_REAL_CONTRACT_FOUND,N/A
Darrell Neufeld,Tampa Bay Buccaneers,P,6000000.0,2,N/A,N/A,NO_REAL_CONTRACT_FOUND,N/A
Rogers Pride,Denver Broncos,CB,5447487.0,4,N/A,N/A,NO_REAL_CONTRACT_FOUND,N/A
Rocket Nabors,New York N Giants,QB,9.5,1,N/A,N/A,NO_REAL_CONTRACT_FOUND,N/A
Bishop Gustafson,Dallas Cowboys,DE,6526744.0,4,N/A,N/A,NO_REAL_CONTRACT_FOUND,N/A
Elston Gaynor,Cincinnati Bengals,RB,3600000.0,2,N/A,N/A,NO_REAL_CONTRACT_FOUND,N/A
Don Griffen,Indianapolis Colts,CB,5.943324,4,N/A,N/A,NO_REAL_CONTRACT_FOUND,N/A
Dezman Catano,Los Angeles N Rams,G,10.25271,4,N/A,N/A,NO_REAL_CONTRACT_FOUND,N/A
Sig Schamel,New Orleans,TE,41.0,4,N/A,N/A,NO_REAL_CONTRACT_FOUND,N/A
Gordy Boatswain,Detroit Lions,CB,14343710.0,4,N/A,N/A,NO_REAL_CONTRACT_FOUND,N/A
Aldon Cappelletti,Carolina Panthers,DT,45050000.0,3,N/A,N/A,NO_REAL_CONTRACT_FOUND,N/A
Bobbie Brophy,New York A Jets,S,1.263,1,N/A,N/A,NO_REAL_CONTRACT_FOUND,N/A
Cie Levels,New England Patriots,RB,11143234.0,4,N/A,N/A,NO_REAL_CONTRACT_FOUND,N/A
Cato Klimek,Arizona Cardinals,RB,6059606.0,4,N/A,N/A,NO_REAL_CONTRACT_FOUND,N/A
Neiko Lafavor,Jacksonville,LT,41.5,3,N/A,N/A,NO_REAL_CONTRACT_FOUND,N/A
Visanthe Papit,New York A Jets,DE,16.321674,4,N/A,N/A,NO_REAL_CONTRACT_FOUND,N/A
Marvel Baldischwiler,Arizona Cardinals,DE,14000000.0,2,N/A,N/A,NO_REAL_CONTRACT_FOUND,N/A
Sonny Eubanks,Arizona Cardinals,WR,2400000.0,1,N/A,N/A,NO_REAL_CONTRACT_FOUND,N/A
Wade Kenn,Carolina Panthers,DT,22500000.0,3,N/A,N/A,NO_REAL_CONTRACT_FOUND,N/A
Drayton Merkel,Green Bay Packers,G,77000000.0,4,N/A,N/A,NO_REAL_CONTRACT_FOUND,N/A
Quinton Dill,San Francisco 49ers,DT,10306886.0,4,N/A,N/A,NO_REAL_CONTRACT_FOUND,N/A
Aundra Taua,Tampa Bay Buccaneers,ROLB,1422500.0,1,N/A,N/A,NO_REAL_CONTRACT_FOUND,N/A
Hiram Tidd,Tennessee Titans,DE,21000000.0,3,N/A,N/A,NO_REAL_CONTRACT_FOUND,N/A
Elwyn Fenenbock,Carolina Panthers,C,3000000.0,1,N/A,N/A,NO_REAL_CONTRACT_FOUND,N/A
Dekoda Tolleson,Detroit Lions,CB,1422500.0,1,N/A,N/A,NO_REAL_CONTRACT_FOUND,N/A
Anton Decoud,Pittsburgh Steelers,CB,2855000.0,3,N/A,N/A,NO_REAL_CONTRACT_FOUND,N/A
Brunswick Keisel,Tampa Bay Buccaneers,CB,8215968.0,4,N/A,N/A,NO_REAL_CONTRACT_FOUND,N/A
Mack Belding,Los Angeles A Chargers,CB,0.5,1,N/A,N/A,NO_REAL_CONTRACT_FOUND,N/A
Jacquies Scroggins,Jacksonville,RB,3.276528,4,N/A,N/A,NO_REAL_CONTRACT_FOUND,N/A
Terrance Garay,Arizona Cardinals,P,3700000.0,2,N/A,N/A,NO_REAL_CONTRACT_FOUND,N/A
Le'Shai Haggans,New York A Jets,CB,37.0,3,N/A,N/A,NO_REAL_CONTRACT_FOUND,N/A
Bart Ori,San Francisco 49ers,DE,51100000.0,3,N/A,N/A,NO_REAL_CONTRACT_FOUND,N/A
Tarzan Villa,Carolina Panthers,QB,37955071.0,4,N/A,N/A,NO_REAL_CONTRACT_FOUND,N/A
Manase Keating,Minnesota Vikings,FB,8650000.0,2,N/A,N/A,NO_REAL_CONTRACT_FOUND,N/A
Amod Eberts,Chicago Bears,QB,39486058.0,4,N/A,N/A,NO_REAL_CONTRACT_FOUND,N/A
Shawnbrey Parquet,Houston Texans,S,5856998.0,4,N/A,N/A,NO_REAL_CONTRACT_FOUND,N/A
Trusse Conner,Pittsburgh Steelers,WR,4164340.0,4,N/A,N/A,NO_REAL_CONTRACT_FOUND,N/A
Sione Trippi,Pittsburgh Steelers,P,9000000.0,3,N/A,N/A,NO_REAL_CONTRACT_FOUND,N/A
Zackary So'Oto,Cleveland Browns,ILB,11800400.0,4,N/A,N/A,NO_REAL_CONTRACT_FOUND,N/A
Oren Flones,Atlanta Falcons,CB,4613528.0,4,N/A,N/A,NO_REAL_CONTRACT_FOUND,N/A
Laquan Englund,Washington Commanders,DE,2000000.0,1,N/A,N/A,NO_REAL_CONTRACT_FOUND,N/A
Jamell Steele,Seattle Seahawks,S,4467804.0,4,N/A,N/A,NO_REAL_CONTRACT_FOUND,N/A
Kim Sinnott,Pittsburgh Steelers,P,985000.0,1,N/A,N/A,NO_REAL_CONTRACT_FOUND,N/A
Judson Tippins,Atlanta Falcons,WR,1300000.0,1,N/A,N/A,NO_REAL_CONTRACT_FOUND,N/A
Dinty Dumas,Buffalo Bills,TE,13427023.0,4,N/A,N/A,NO_REAL_CONTRACT_FOUND,N/A
Peck Yates,Jacksonville,S,22.75,3,N/A,N/A,NO_REAL_CONTRACT_FOUND,N/A
Kavika Liwienski,Buffalo Bills,G,6000000.0,2,N/A,N/A,NO_REAL_CONTRACT_FOUND,N/A
Bivian Nave,Washington Commanders,DE,3250000.0,1,N/A,N/A,NO_REAL_CONTRACT_FOUND,N/A
Stuart Fleming,Tampa Bay Buccaneers,ILB,1255000.0,1,N/A,N/A,NO_REAL_CONTRACT_FOUND,N/A
Jeremi Asiata,New York N Giants,CB,15.579395,4,N/A,N/A,NO_REAL_CONTRACT_FOUND,N/A
Jerod Heldt,Seattle Seahawks,DE,9115578.0,4,N/A,N/A,NO_REAL_CONTRACT_FOUND,N/A
Anwar Zusevics,New York A Jets,DT,1.4225,1,N/A,N/A,NO_REAL_CONTRACT_FOUND,N/A
Arrelious Drumstead,Chicago Bears,WR,1337500.0,1,N/A,N/A,NO_REAL_CONTRACT_FOUND,N/A
Jermichael Gildea,New York N Giants,RB,14.5,3,N/A,N/A,NO_REAL_CONTRACT_FOUND,N/A
Raphel Ebli,Cleveland Browns,ROLB,3250000.0,1,N/A,N/A,NO_REAL_CONTRACT_FOUND,N/A
Torrian Mcadoo,Green Bay Packers,DT,12861184.0,4,N/A,N/A,NO_REAL_CONTRACT_FOUND,N/A
Alf Willegale,Dallas Cowboys,DE,10155086.0,4,N/A,N/A,NO_REAL_CONTRACT_FOUND,N/A
D'Aundre Chevrier,Green Bay Packers,WR,4142548.0,4,N/A,N/A,NO_REAL_CONTRACT_FOUND,N/A
Dequincy Bunz,Buffalo Bills,ROLB,5472806.0,4,N/A,N/A,NO_REAL_CONTRACT_FOUND,N/A
Tutan Isabel,Kansas City Chiefs,RB,2500000.0,1,N/A,N/A,NO_REAL_CONTRACT_FOUND,N/A
Eddie Rosdahl,Tampa Bay Buccaneers,WR,18172730.0,4,N/A,N/A,NO_REAL_CONTRACT_FOUND,N/A
Ookie Harrington,Las Vegas Raiders,CB,3500000.0,1,N/A,N/A,NO_REAL_CONTRACT_FOUND,N/A
Patterson Schibanoff,Houston Texans,DT,2.0,1,N/A,N/A,NO_REAL_CONTRACT_FOUND,N/A
Gaylon Woodall,New England Patriots,C,9500000.0,2,N/A,N/A,NO_REAL_CONTRACT_FOUND,N/A
Kanavis Mcmanus,Detroit Lions,G,20000000.0,3,N/A,N/A,NO_REAL_CONTRACT_FOUND,N/A
Brit Nunamaker,Seattle Seahawks,G,18471460.0,4,N/A,N/A,NO_REAL_CONTRACT_FOUND,N/A
Ziggy Taves,Denver Broncos,CB,1.03,1,N/A,N/A,NO_REAL_CONTRACT_FOUND,N/A
Jerron Mertens,Miami Dolphins,CB,1100000.0,1,N/A,N/A,NO_REAL_CONTRACT_FOUND,N/A
Putt Wiatrak,New England Patriots,ROLB,16000000.0,3,N/A,N/A,NO_REAL_CONTRACT_FOUND,N/A
Jarious Jones-Drew,Denver Broncos,RB,2710000.0,3,N/A,N/A,NO_REAL_CONTRACT_FOUND,N/A
Ilia Fifer,Atlanta Falcons,DE,16778784.0,4,N/A,N/A,NO_REAL_CONTRACT_FOUND,N/A
Vickey Carton,Green Bay Packers,S,6706132.0,4,N/A,N/A,NO_REAL_CONTRACT_FOUND,N/A
Sammie Sledge,Indianapolis Colts,CB,1200000.0,1,N/A,N/A,NO_REAL_CONTRACT_FOUND,N/A
Jace Kab,New York N Giants,RT,16.0,2,N/A,N/A,NO_REAL_CONTRACT_FOUND,N/A
Marshall Marefos,Seattle Seahawks,DT,2115000.0,1,N/A,N/A,NO_REAL_CONTRACT_FOUND,N/A
Ogemdi Terlep,New York N Giants,G,29.0,3,N/A,N/A,NO_REAL_CONTRACT_FOUND,N/A
Ickey Kenney,Las Vegas Raiders,G,750000.0,1,N/A,N/A,NO_REAL_CONTRACT_FOUND,N/A
Gus Sintim,Baltimore Ravens,P,4357836.0,4,N/A,N/A,NO_REAL_CONTRACT_FOUND,N/A
Dusty Searcey,Green Bay Packers,G,14185596.0,4,N/A,N/A,NO_REAL_CONTRACT_FOUND,N/A
Yancey Soliai,Kansas City Chiefs,LT,14675356.0,4,N/A,N/A,NO_REAL_CONTRACT_FOUND,N/A
Leslie Robnett,Kansas City Chiefs,CB,4326260.0,4,N/A,N/A,NO_REAL_CONTRACT_FOUND,N/A
Daddy Scoggins,Kansas City Chiefs,WR,1422500.0,1,N/A,N/A,NO_REAL_CONTRACT_FOUND,N/A
Demorrio Stein,Pittsburgh Steelers,RB,6372062.0,4,N/A,N/A,NO_REAL_CONTRACT_FOUND,N/A
Regan Duckworth,Detroit Lions,WR,10500000.0,2,N/A,N/A,NO_REAL_CONTRACT_FOUND,N/A
Mervyn Peck,Dallas Cowboys,WR,13500000.0,3,N/A,N/A,NO_REAL_CONTRACT_FOUND,N/A
Lindsay Day,New Orleans,RB,6.654319,4,N/A,N/A,NO_REAL_CONTRACT_FOUND,N/A
Paco Beckham,Pittsburgh Steelers,RB,1790000.0,1,N/A,N/A,NO_REAL_CONTRACT_FOUND,N/A
Benjamin Chandler,New Orleans,CB,7.157108,4,N/A,N/A,NO_REAL_CONTRACT_FOUND,N/A
Orien Mcclendon,Tennessee Titans,C,52.0,4,N/A,N/A,NO_REAL_CONTRACT_FOUND,N/A
Lupe Olshansky,Baltimore Ravens,S,16579658.0,4,N/A,N/A,NO_REAL_CONTRACT_FOUND,N/A
Kellogg Lanza,Cleveland Browns,DT,20000000.0,2,N/A,N/A,NO_REAL_CONTRACT_FOUND,N/A
Le'Ron Foldberg,Seattle Seahawks,WR,4000000.0,1,N/A,N/A,NO_REAL_CONTRACT_FOUND,N/A
Deshone Fronczek,Cleveland Browns,CB,5471289.0,4,N/A,N/A,NO_REAL_CONTRACT_FOUND,N/A
Garo Fraser,Kansas City Chiefs,P,960000.0,1,N/A,N/A,NO_REAL_CONTRACT_FOUND,N/A
Johnie Kuykendall,Minnesota Vikings,CB,5304084.0,4,N/A,N/A,NO_REAL_CONTRACT_FOUND,N/A
Kelley Gorin,Buffalo Bills,DE,21000000.0,3,N/A,N/A,NO_REAL_CONTRACT_FOUND,N/A
Alphonso Fluellen,Carolina Panthers,CB,0.965,3,N/A,N/A,NO_REAL_CONTRACT_FOUND,N/A
Murrell Youmans,Miami Dolphins,WR,4.99,2,N/A,N/A,NO_REAL_CONTRACT_FOUND,N/A
Charle Wisener,Kansas City Chiefs,TE,18000000.0,3,N/A,N/A,NO_REAL_CONTRACT_FOUND,N/A
Galand Artoe,New York A Jets,LT,20.51071,4,N/A,N/A,NO_REAL_CONTRACT_FOUND,N/A
Terrell Fiorentino,Los Angeles N Rams,S,5.792016,4,N/A,N/A,NO_REAL_CONTRACT_FOUND,N/A
Wayne Whitlatch,Atlanta Falcons,WR,5.0,2,N/A,N/A,NO_REAL_CONTRACT_FOUND,N/A
Deron Haymond,San Francisco 49ers,WR,12538398.0,4,N/A,N/A,NO_REAL_CONTRACT_FOUND,N/A
Therrian Landers,Pittsburgh Steelers,WR,2000000.0,1,N/A,N/A,NO_REAL_CONTRACT_FOUND,N/A
Limbo Mcfadden,Minnesota Vikings,P,1750000.0,1,N/A,N/A,NO_REAL_CONTRACT_FOUND,N/A
Tracey Buben,Carolina Panthers,P,1600000.0,1,N/A,N/A,NO_REAL_CONTRACT_FOUND,N/A
Wali Etter,Indianapolis Colts,DE,24000000.0,3,N/A,N/A,NO_REAL_CONTRACT_FOUND,N/A
Homer Skorich,Houston Texans,DT,5250000.0,1,N/A,N/A,NO_REAL_CONTRACT_FOUND,N/A
Sammy Maslowski,Los Angeles A Chargers,DT,4.5,1,N/A,N/A,NO_REAL_CONTRACT_FOUND,N/A
Darin Ruff,Chicago Bears,P,4767900.0,4,N/A,N/A,NO_REAL_CONTRACT_FOUND,N/A
Ham Maskas,Jacksonville,QB,100.0,5,N/A,N/A,NO_REAL_CONTRACT_FOUND,N/A
Rex Rabb,Washington Commanders,CB,7280020.0,4,N/A,N/A,NO_REAL_CONTRACT_FOUND,N/A
Gene Attache,Los Angeles A Chargers,DE,7.571383,4,N/A,N/A,NO_REAL_CONTRACT_FOUND,N/A
Khalif Scarbath,Los Angeles N Rams,WR,10.0,1,N/A,N/A,NO_REAL_CONTRACT_FOUND,N/A
Revie Mazurek,Tampa Bay Buccaneers,S,5687018.0,4,N/A,N/A,NO_REAL_CONTRACT_FOUND,N/A
Shorty Petitti,Los Angeles A Chargers,TE,1.0,1,N/A,N/A,NO_REAL_CONTRACT_FOUND,N/A
Thom Mucker,Indianapolis Colts,TE,20960650.0,4,N/A,N/A,NO_REAL_CONTRACT_FOUND,N/A
Legarrette Durkota,Chicago Bears,CB,6449498.0,4,N/A,N/A,NO_REAL_CONTRACT_FOUND,N/A
Menil Haley,Seattle Seahawks,DE,45000000.0,3,N/A,N/A,NO_REAL_CONTRACT_FOUND,N/A
Torri Doig,Minnesota Vikings,K,4190620.0,4,N/A,N/A,NO_REAL_CONTRACT_FOUND,N/A
Damik Vatterott,Arizona Cardinals,CB,9410768.0,4,N/A,N/A,NO_REAL_CONTRACT_FOUND,N/A
Edmund Stonesifer,San Francisco 49ers,DE,18000000.0,2,N/A,N/A,NO_REAL_CONTRACT_FOUND,N/A
Derrel Rodriguez,Miami Dolphins,FB,12200000.0,3,N/A,N/A,NO_REAL_CONTRACT_FOUND,N/A
Gern Brittenum,Los Angeles A Chargers,C,0.17,1,N/A,N/A,NO_REAL_CONTRACT_FOUND,N/A
Erroll Piro,Jacksonville,S,7.6,3,N/A,N/A,NO_REAL_CONTRACT_FOUND,N/A
Rodrick Shea,Miami Dolphins,S,2500000.0,1,N/A,N/A,NO_REAL_CONTRACT_FOUND,N/A
Corby Mcmahon,Miami Dolphins,RT,36000000.0,3,N/A,N/A,NO_REAL_CONTRACT_FOUND,N/A
Crawford Zieman,New York A Jets,CB,4.593646,4,N/A,N/A,NO_REAL_CONTRACT_FOUND,N/A
Spiro Lomack,Arizona Cardinals,DE,15000000.0,2,N/A,N/A,NO_REAL_CONTRACT_FOUND,N/A
Birdie Croston,Denver Broncos,G,51500000.0,4,N/A,N/A,NO_REAL_CONTRACT_FOUND,N/A
Guss Broussard,Arizona Cardinals,DT,21000000.0,3,N/A,N/A,NO_REAL_CONTRACT_FOUND,N/A
Blue Sobomehin,Los Angeles N Rams,RB,4.763762,4,N/A,N/A,NO_REAL_CONTRACT_FOUND,N/A
Hurvin Capece,Carolina Panthers,DT,22.0,3,N/A,N/A,NO_REAL_CONTRACT_FOUND,N/A
Kenrick Brazile,Carolina Panthers,LT,2787500.0,1,N/A,N/A,NO_REAL_CONTRACT_FOUND,N/A
Rohan Glatz,New Orleans,DT,11.26356,4,N/A,N/A,NO_REAL_CONTRACT_FOUND,N/A
Alyn Whitmore,Green Bay Packers,CB,3940704.0,4,N/A,N/A,NO_REAL_CONTRACT_FOUND,N/A
Jairus Ash,Arizona Cardinals,K,915000.0,1,N/A,N/A,NO_REAL_CONTRACT_FOUND,N/A
Toddrick Borelli,New York N Giants,DE,19.0,3,N/A,N/A,NO_REAL_CONTRACT_FOUND,N/A
Ivory Reveiz,Tennessee Titans,TE,5.16434,4,N/A,N/A,NO_REAL_CONTRACT_FOUND,N/A
Bradie Spurrier,Tampa Bay Buccaneers,CB,2705000.0,3,N/A,N/A,NO_REAL_CONTRACT_FOUND,N/A
Armand Sedbrook,New Orleans,RB,1.17,1,N/A,N/A,NO_REAL_CONTRACT_FOUND,N/A
Sandro Mcgrath,Dallas Cowboys,C,5939718.0,4,N/A,N/A,NO_REAL_CONTRACT_FOUND,N/A
Zeron Stroughter,Cleveland Browns,LT,8.5,2,N/A,N/A,NO_REAL_CONTRACT_FOUND,N/A
Demario Piepul,Los Angeles N Rams,LT,0.5,1,N/A,N/A,NO_REAL_CONTRACT_FOUND,N/A
Rae Cure,Los Angeles A Chargers,DT,2.35,1,N/A,N/A,NO_REAL_CONTRACT_FOUND,N/A
Ephesians Raji,Buffalo Bills,S,2000000.0,1,N/A,N/A,NO_REAL_CONTRACT_FOUND,N/A
Hoby Roten,Green Bay Packers,P,1030000.0,1,N/A,N/A,NO_REAL_CONTRACT_FOUND,N/A
Jean-Phillipe Wade,Las Vegas Raiders,CB,6724094.0,4,N/A,N/A,NO_REAL_CONTRACT_FOUND,N/A
Rosevelt Clarke,Jacksonville,DT,36.5,3,N/A,N/A,NO_REAL_CONTRACT_FOUND,N/A
Stephone Saipaia,San Francisco 49ers,WR,8000000.0,2,N/A,N/A,NO_REAL_CONTRACT_FOUND,N/A
Jemeel Mccleon,Cincinnati Bengals,ROLB,9012482.0,4,N/A,N/A,NO_REAL_CONTRACT_FOUND,N/A
Jahri Sword,Jacksonville,DE,4.0,1,N/A,N/A,NO_REAL_CONTRACT_FOUND,N/A
Darrick Demarie,Denver Broncos,WR,4124480.0,4,N/A,N/A,NO_REAL_CONTRACT_FOUND,N/A
Jamin Benners,Minnesota Vikings,G,17177054.0,4,N/A,N/A,NO_REAL_CONTRACT_FOUND,N/A
Thabiti Arrington,Cleveland Browns,RB,5130564.0,4,N/A,N/A,NO_REAL_CONTRACT_FOUND,N/A
Slok Cortez,Washington Commanders,DT,1255000.0,1,N/A,N/A,NO_REAL_CONTRACT_FOUND,N/A
Munger Boss,Jacksonville,DE,3.25,1,N/A,N/A,NO_REAL_CONTRACT_FOUND,N/A
Noble Roper,Cincinnati Bengals,K,14000000.0,3,N/A,N/A,NO_REAL_CONTRACT_FOUND,N/A
Mason Crooms,New York N Giants,RT,25.551258,4,N/A,N/A,NO_REAL_CONTRACT_FOUND,N/A
Daryon Grice,Houston Texans,LOLB,4084976.0,4,N/A,N/A,NO_REAL_CONTRACT_FOUND,N/A
Ronyell Macafee,Miami Dolphins,S,3010000.0,1,N/A,N/A,NO_REAL_CONTRACT_FOUND,N/A
Tron Duncan,Green Bay Packers,S,1337500.0,1,N/A,N/A,NO_REAL_CONTRACT_FOUND,N/A
Roc Cushing,New England Patriots,WR,9694744.0,4,N/A,N/A,NO_REAL_CONTRACT_FOUND,N/A
Terrail Donlin,Tampa Bay Buccaneers,CB,6348646.0,4,N/A,N/A,NO_REAL_CONTRACT_FOUND,N/A
Uhuru Hetherington,San Francisco 49ers,C,16500000.0,4,N/A,N/A,NO_REAL_CONTRACT_FOUND,N/A
Jalen Seick,Tampa Bay Buccaneers,WR,5663024.0,4,N/A,N/A,NO_REAL_CONTRACT_FOUND,N/A
Vernon Harrell,Minnesota Vikings,WR,3840660.0,4,N/A,N/A,NO_REAL_CONTRACT_FOUND,N/A
Deljuan Okpokowuruk,Las Vegas Raiders,S,1255000.0,1,N/A,N/A,NO_REAL_CONTRACT_FOUND,N/A
Nemiah Beattie,New York A Jets,ILB,44.0,3,N/A,N/A,NO_REAL_CONTRACT_FOUND,N/A
Tripp Raible,Houston Texans,WR,11700824.0,4,N/A,N/A,NO_REAL_CONTRACT_FOUND,N/A
Kayo Cassiano,Cleveland Browns,DE,4.75,1,N/A,N/A,NO_REAL_CONTRACT_FOUND,N/A
Pellom Price,Baltimore Ravens,DT,1750000.0,1,N/A,N/A,NO_REAL_CONTRACT_FOUND,N/A
Miles Cadet,Houston Texans,WR,8070172.0,4,N/A,N/A,NO_REAL_CONTRACT_FOUND,N/A
Bam Etelman,Tennessee Titans,P,1422500.0,1,N/A,N/A,NO_REAL_CONTRACT_FOUND,N/A
Ryon Mutryn,Arizona Cardinals,RT,30000000.0,2,N/A,N/A,NO_REAL_CONTRACT_FOUND,N/A
Erric Sturgis,Detroit Lions,DE,7735650.0,4,N/A,N/A,NO_REAL_CONTRACT_FOUND,N/A
Danieal Morton,Washington Commanders,RT,15681094.0,4,N/A,N/A,NO_REAL_CONTRACT_FOUND,N/A
Leo Steber,Philadelphia Eagles,DE,1920000.0,1,N/A,N/A,NO_REAL_CONTRACT_FOUND,N/A
Damian Comier,Indianapolis Colts,DE,9942466.0,4,N/A,N/A,NO_REAL_CONTRACT_FOUND,N/A
Hezekiah Nickel,Houston Texans,G,6099103.0,4,N/A,N/A,NO_REAL_CONTRACT_FOUND,N/A
Brandian Henne,Indianapolis Colts,CB,9.196937,4,N/A,N/A,NO_REAL_CONTRACT_FOUND,N/A
Sal Giddens,Arizona Cardinals,DT,31165000.0,3,N/A,N/A,NO_REAL_CONTRACT_FOUND,N/A
Toimi Guion,New York A Jets,QB,40.0,2,N/A,N/A,NO_REAL_CONTRACT_FOUND,N/A
Mccoy Alberghini,New Orleans,TE,31.75,3,N/A,N/A,NO_REAL_CONTRACT_FOUND,N/A
Martin Adeyanju,Dallas Cowboys,CB,13690809.0,4,N/A,N/A,NO_REAL_CONTRACT_FOUND,N/A
Jojuan Kassell,New England Patriots,WR,4027272.0,4,N/A,N/A,NO_REAL_CONTRACT_FOUND,N/A
Pard Biletnikoff,Baltimore Ravens,RB,2713000.0,3,N/A,N/A,NO_REAL_CONTRACT_FOUND,N/A
Antwan Rash,Philadelphia Eagles,CB,4660924.0,4,N/A,N/A,NO_REAL_CONTRACT_FOUND,N/A
Rashaun Plank,Cincinnati Bengals,DT,7860464.0,4,N/A,N/A,NO_REAL_CONTRACT_FOUND,N/A
Shaud Foote,Detroit Lions,DT,4000000.0,1,N/A,N/A,NO_REAL_CONTRACT_FOUND,N/A
Caleb Zelencik,Cincinnati Bengals,G,2100000.0,1,N/A,N/A,NO_REAL_CONTRACT_FOUND,N/A
Lonny Dimancheff,Green Bay Packers,DE,17388091.0,4,N/A,N/A,NO_REAL_CONTRACT_FOUND,N/A
Paschall Howard,New England Patriots,WR,8400000.0,2,N/A,N/A,NO_REAL_CONTRACT_FOUND,N/A
Spencer Gerak,San Francisco 49ers,S,4758936.0,4,N/A,N/A,NO_REAL_CONTRACT_FOUND,N/A
Eugene Worilds,Detroit Lions,DE,2500000.0,1,N/A,N/A,NO_REAL_CONTRACT_FOUND,N/A
Lester Maualuga,Pittsburgh Steelers,G,4784896.0,4,N/A,N/A,NO_REAL_CONTRACT_FOUND,N/A
Vee Holtzman,Washington Commanders,K,4325000.0,1,N/A,N/A,NO_REAL_CONTRACT_FOUND,N/A
Edmond Manske,Arizona Cardinals,CB,8888308.0,4,N/A,N/A,NO_REAL_CONTRACT_FOUND,N/A
Vin Landolt,Green Bay Packers,WR,1500000.0,1,N/A,N/A,NO_REAL_CONTRACT_FOUND,N/A
Julian Gresham,Atlanta Falcons,QB,22882636.0,4,N/A,N/A,NO_REAL_CONTRACT_FOUND,N/A
Cade Noble,Atlanta Falcons,CB,18000000.0,3,N/A,N/A,NO_REAL_CONTRACT_FOUND,N/A
Joel Wong,Dallas Cowboys,RB,1337500.0,1,N/A,N/A,NO_REAL_CONTRACT_FOUND,N/A
Jeno Jourdain,Los Angeles N Rams,ILB,1.1,1,N/A,N/A,NO_REAL_CONTRACT_FOUND,N/A
Ike Quinlan,New Orleans,DT,17.0,3,N/A,N/A,NO_REAL_CONTRACT_FOUND,N/A
Rashaan Olsson,Carolina Panthers,DE,8614236.0,4,N/A,N/A,NO_REAL_CONTRACT_FOUND,N/A
Chy Ellersick,Washington Commanders,G,16000000.0,3,N/A,N/A,NO_REAL_CONTRACT_FOUND,N/A
Gerald Sileo,Seattle Seahawks,S,11601260.0,4,N/A,N/A,NO_REAL_CONTRACT_FOUND,N/A
Jonte Derby,Pittsburgh Steelers,DE,4512920.0,4,N/A,N/A,NO_REAL_CONTRACT_FOUND,N/A
Malik Mancha,Tennessee Titans,DE,8415100.0,4,N/A,N/A,NO_REAL_CONTRACT_FOUND,N/A
Evar Haluska,Cleveland Browns,RB,10.4,4,N/A,N/A,NO_REAL_CONTRACT_FOUND,N/A
Burnell Shofner,Buffalo Bills,RB,4733188.0,4,N/A,N/A,NO_REAL_CONTRACT_FOUND,N/A
Olaniyi Matheson,Denver Broncos,RB,7359680.0,4,N/A,N/A,NO_REAL_CONTRACT_FOUND,N/A
Brendan Garcia,Baltimore Ravens,RT,6437314.0,4,N/A,N/A,NO_REAL_CONTRACT_FOUND,N/A
Ethan Levitt,Jacksonville,LS,7.07,4,N/A,N/A,NO_REAL_CONTRACT_FOUND,N/A
Century Colhouer,Dallas Cowboys,CB,6506742.0,4,N/A,N/A,NO_REAL_CONTRACT_FOUND,N/A
Kenwin Zizak,Buffalo Bills,DT,10720408.0,4,N/A,N/A,NO_REAL_CONTRACT_FOUND,N/A
Laroni Cesario,New York N Giants,TE,2.851436,4,N/A,N/A,NO_REAL_CONTRACT_FOUND,N/A
Hobby Hymes,San Francisco 49ers,CB,1700000.0,1,N/A,N/A,NO_REAL_CONTRACT_FOUND,N/A
Landon Benjamin,Las Vegas Raiders,WR,5304084.0,4,N/A,N/A,NO_REAL_CONTRACT_FOUND,N/A
Dontarrious Agase,Buffalo Bills,CB,3000000.0,1,N/A,N/A,NO_REAL_CONTRACT_FOUND,N/A
Avon Radecic,New Orleans,G,14.143316,4,N/A,N/A,NO_REAL_CONTRACT_FOUND,N/A
Trezelle Gonsoulin,Buffalo Bills,K,20400000.0,4,N/A,N/A,NO_REAL_CONTRACT_FOUND,N/A
Tay Muellner,Miami Dolphins,ROLB,6250000.0,2,N/A,N/A,NO_REAL_CONTRACT_FOUND,N/A
Bull Redwine,Seattle Seahawks,ROLB,4792560.0,4,N/A,N/A,NO_REAL_CONTRACT_FOUND,N/A
Vernand Beasley,Los Angeles A Chargers,TE,12.0,3,N/A,N/A,NO_REAL_CONTRACT_FOUND,N/A
Ndamukong Bernet,Carolina Panthers,WR,12357176.0,4,N/A,N/A,NO_REAL_CONTRACT_FOUND,N/A
Autry Jolly,Las Vegas Raiders,DT,16500000.0,3,N/A,N/A,NO_REAL_CONTRACT_FOUND,N/A
Alexander Vickers,Indianapolis Colts,WR,7386086.0,4,N/A,N/A,NO_REAL_CONTRACT_FOUND,N/A
Jesse Gulian,New Orleans,CB,6.204698,4,N/A,N/A,NO_REAL_CONTRACT_FOUND,N/A
Dino O'Steen,New England Patriots,K,4456484.0,4,N/A,N/A,NO_REAL_CONTRACT_FOUND,N/A
Jabari Granderson,Chicago Bears,DT,8000000.0,2,N/A,N/A,NO_REAL_CONTRACT_FOUND,N/A
Cece Hurston,Seattle Seahawks,G,4643984.0,4,N/A,N/A,NO_REAL_CONTRACT_FOUND,N/A
Arnie Willie,Tampa Bay Buccaneers,DE,10000000.0,2,N/A,N/A,NO_REAL_CONTRACT_FOUND,N/A
Ernie Pureifory,Kansas City Chiefs,DE,6744624.0,4,N/A,N/A,NO_REAL_CONTRACT_FOUND,N/A
Pinky Chrape,New England Patriots,TE,5000000.0,1,N/A,N/A,NO_REAL_CONTRACT_FOUND,N/A
Rusty Ananis,Philadelphia Eagles,DE,3000000.0,1,N/A,N/A,NO_REAL_CONTRACT_FOUND,N/A
Cory Peabody,New Orleans,K,2.6975,3,N/A,N/A,NO_REAL_CONTRACT_FOUND,N/A
Timmy Nystrom,Los Angeles A Chargers,C,8.5,2,N/A,N/A,NO_REAL_CONTRACT_FOUND,N/A
Ramses Volek,Houston Texans,WR,1800000.0,1,N/A,N/A,NO_REAL_CONTRACT_FOUND,N/A
Hal Hafen,Tampa Bay Buccaneers,CB,1170000.0,1,N/A,N/A,NO_REAL_CONTRACT_FOUND,N/A
Garrison Werl,Jacksonville,S,7.28108,4,N/A,N/A,NO_REAL_CONTRACT_FOUND,N/A
Marlon Gradkowski,New York N Giants,RB,5.27304,4,N/A,N/A,NO_REAL_CONTRACT_FOUND,N/A
Lamonte Maneri,New Orleans,WR,3.75,2,N/A,N/A,NO_REAL_CONTRACT_FOUND,N/A
Sims Sager,Washington Commanders,WR,1255000.0,1,N/A,N/A,NO_REAL_CONTRACT_FOUND,N/A
Kregg Kellar,Tampa Bay Buccaneers,DE,6785196.0,4,N/A,N/A,NO_REAL_CONTRACT_FOUND,N/A
Marquis Mcclure,Carolina Panthers,ROLB,2500000.0,1,N/A,N/A,NO_REAL_CONTRACT_FOUND,N/A
Harry Haliburton,New England Patriots,G,12255969.0,4,N/A,N/A,NO_REAL_CONTRACT_FOUND,N/A
Tye Parseghian,Los Angeles N Rams,C,12.0,2,N/A,N/A,NO_REAL_CONTRACT_FOUND,N/A
Nicky Wayne,Chicago Bears,TE,26636008.0,4,N/A,N/A,NO_REAL_CONTRACT_FOUND,N/A
Travis Sharper,San Francisco 49ers,RT,4610000.0,2,N/A,N/A,NO_REAL_CONTRACT_FOUND,N/A
Edgar Jecha,Minnesota Vikings,DE,15766864.0,4,N/A,N/A,NO_REAL_CONTRACT_FOUND,N/A
Elvin Mcelmurry,Cleveland Browns,S,1422500.0,1,N/A,N/A,NO_REAL_CONTRACT_FOUND,N/A
Calais Gajan,New York N Giants,S,6.444488,4,N/A,N/A,NO_REAL_CONTRACT_FOUND,N/A
Biff Wojcik,Baltimore Ravens,G,4460339.0,4,N/A,N/A,NO_REAL_CONTRACT_FOUND,N/A
Juron Spavital,Arizona Cardinals,DT,13869328.0,4,N/A,N/A,NO_REAL_CONTRACT_FOUND,N/A
Richie Lefear,Baltimore Ravens,DE,7909121.0,4,N/A,N/A,NO_REAL_CONTRACT_FOUND,N/A
Fearon Mckoy,Chicago Bears,DE,48000000.0,3,N/A,N/A,NO_REAL_CONTRACT_FOUND,N/A
Sheldon Molk,Houston Texans,DE,4000000.0,1,N/A,N/A,NO_REAL_CONTRACT_FOUND,N/A
Jimmy Micka,Los Angeles N Rams,CB,1.03,1,N/A,N/A,NO_REAL_CONTRACT_FOUND,N/A
David Boyle,Detroit Lions,LOLB,24000000.0,3,N/A,N/A,NO_REAL_CONTRACT_FOUND,N/A
Oniel Hutchins,Atlanta Falcons,ROLB,14000000.0,2,N/A,N/A,NO_REAL_CONTRACT_FOUND,N/A
Anttaj Stegent,Las Vegas Raiders,RT,6.86579,4,N/A,N/A,NO_REAL_CONTRACT_FOUND,N/A
Bilal Roder,New Orleans,WR,1.17,1,N/A,N/A,NO_REAL_CONTRACT_FOUND,N/A
Dunta Schoenke,Houston Texans,G,5997982.0,4,N/A,N/A,NO_REAL_CONTRACT_FOUND,N/A
Ted Shegog,Jacksonville,S,20.5,3,N/A,N/A,NO_REAL_CONTRACT_FOUND,N/A
Wendall Neil,Minnesota Vikings,ROLB,2600000.0,1,N/A,N/A,NO_REAL_CONTRACT_FOUND,N/A
Casey Pricer,Green Bay Packers,S,4822880.0,4,N/A,N/A,NO_REAL_CONTRACT_FOUND,N/A
Dawan Graves,Tampa Bay Buccaneers,C,14027456.0,4,N/A,N/A,NO_REAL_CONTRACT_FOUND,N/A
Brodney Goodwin,Arizona Cardinals,WR,3263000.0,1,N/A,N/A,NO_REAL_CONTRACT_FOUND,N/A
Fay Lay,Tampa Bay Buccaneers,DT,3500000.0,1,N/A,N/A,NO_REAL_CONTRACT_FOUND,N/A
Rashon Iupati,Carolina Panthers,WR,1220000.0,1,N/A,N/A,NO_REAL_CONTRACT_FOUND,N/A
Hason Forte,San Francisco 49ers,RB,4724528.0,4,N/A,N/A,NO_REAL_CONTRACT_FOUND,N/A
Bing Herline,New Orleans,CB,11.0,3,N/A,N/A,NO_REAL_CONTRACT_FOUND,N/A
Jessie Schuler,Green Bay Packers,LOLB,8000000.0,2,N/A,N/A,NO_REAL_CONTRACT_FOUND,N/A
Liam Mcevoy,Minnesota Vikings,QB,21854796.0,4,N/A,N/A,NO_REAL_CONTRACT_FOUND,N/A
Walker Maczuzak,Buffalo Bills,CB,1952500.0,2,N/A,N/A,NO_REAL_CONTRACT_FOUND,N/A
Dedric Christman,Las Vegas Raiders,WR,7558817.0,4,N/A,N/A,NO_REAL_CONTRACT_FOUND,N/A
Brad Ply,Washington Commanders,DE,3.585,1,N/A,N/A,NO_REAL_CONTRACT_FOUND,N/A
Jon Heeter,Kansas City Chiefs,S,4548708.0,4,N/A,N/A,NO_REAL_CONTRACT_FOUND,N/A
Dwone Jacquith,Philadelphia Eagles,WR,2757048.0,1,N/A,N/A,NO_REAL_CONTRACT_FOUND,N/A
Kipp Selawski,Las Vegas Raiders,CB,6.663596,4,N/A,N/A,NO_REAL_CONTRACT_FOUND,N/A
Manny Giles,Carolina Panthers,WR,795000.0,1,N/A,N/A,NO_REAL_CONTRACT_FOUND,N/A
Gosder Nagurski,Jacksonville,CB,6.596312,4,N/A,N/A,NO_REAL_CONTRACT_FOUND,N/A
Beau Stromberg,Tennessee Titans,CB,4362036.0,4,N/A,N/A,NO_REAL_CONTRACT_FOUND,N/A
Heinie Yearby,Washington Commanders,DT,45000000.0,3,N/A,N/A,NO_REAL_CONTRACT_FOUND,N/A
Kay-Jay Ratigan,Miami Dolphins,RB,4780020.0,4,N/A,N/A,NO_REAL_CONTRACT_FOUND,N/A
Freeman Cousin,Houston Texans,WR,6466856.0,4,N/A,N/A,NO_REAL_CONTRACT_FOUND,N/A
Olindo Akiu,Washington Commanders,S,5995000.0,1,N/A,N/A,NO_REAL_CONTRACT_FOUND,N/A
Brodie Fullington,Denver Broncos,DE,5870714.0,4,N/A,N/A,NO_REAL_CONTRACT_FOUND,N/A
Spec Bartell,Miami Dolphins,G,11322475.0,4,N/A,N/A,NO_REAL_CONTRACT_FOUND,N/A
Phillip Furrey,New Orleans,DT,1.4225,1,N/A,N/A,NO_REAL_CONTRACT_FOUND,N/A
Wee Stansbury,Arizona Cardinals,DE,6489476.0,4,N/A,N/A,NO_REAL_CONTRACT_FOUND,N/A
Wesly Rechichar,San Francisco 49ers,RB,4639684.0,4,N/A,N/A,NO_REAL_CONTRACT_FOUND,N/A
Ben Delmas,New Orleans,S,3.166728,4,N/A,N/A,NO_REAL_CONTRACT_FOUND,N/A
Sedric Sulfsted,Minnesota Vikings,TE,23250000.0,3,N/A,N/A,NO_REAL_CONTRACT_FOUND,N/A
Lee Greisen,Houston Texans,WR,5000000.0,2,N/A,N/A,NO_REAL_CONTRACT_FOUND,N/A
Horace Molinet,New England Patriots,DE,1.0,1,N/A,N/A,NO_REAL_CONTRACT_FOUND,N/A
Ladairis Pease,Arizona Cardinals,LT,4000000.0,1,N/A,N/A,NO_REAL_CONTRACT_FOUND,N/A
Baby Easlick,Dallas Cowboys,ILB,15500000.0,2,N/A,N/A,NO_REAL_CONTRACT_FOUND,N/A
D'Marco Crabb,San Francisco 49ers,DT,2050000.0,1,N/A,N/A,NO_REAL_CONTRACT_FOUND,N/A
Cornelius Wham,Atlanta Falcons,QB,180000000.0,4,N/A,N/A,NO_REAL_CONTRACT_FOUND,N/A
Lional Havner,Denver Broncos,CB,4368272.0,4,N/A,N/A,NO_REAL_CONTRACT_FOUND,N/A
Maxie Kimmel,Buffalo Bills,DE,6618982.0,4,N/A,N/A,NO_REAL_CONTRACT_FOUND,N/A
Lacurtis Harold,Buffalo Bills,WR,1210000.0,1,N/A,N/A,NO_REAL_CONTRACT_FOUND,N/A
Wiley Korisky,Las Vegas Raiders,S,1685000.0,1,N/A,N/A,NO_REAL_CONTRACT_FOUND,N/A
Kendrick Maiava,Denver Broncos,DT,7000000.0,2,N/A,N/A,NO_REAL_CONTRACT_FOUND,N/A
Verlin Tannen,Las Vegas Raiders,DE,11040000.0,1,N/A,N/A,NO_REAL_CONTRACT_FOUND,N/A
Aundrae Bowie,Pittsburgh Steelers,ROLB,10000000.0,2,N/A,N/A,NO_REAL_CONTRACT_FOUND,N/A
Tony Torrey,Dallas Cowboys,S,9000000.0,3,N/A,N/A,NO_REAL_CONTRACT_FOUND,N/A
Howie Sandberg,Green Bay Packers,RB,5840698.0,4,N/A,N/A,NO_REAL_CONTRACT_FOUND,N/A
Nick Strozier,Dallas Cowboys,DT,13274696.0,4,N/A,N/A,NO_REAL_CONTRACT_FOUND,N/A
Rayford Winfrey,Las Vegas Raiders,TE,9313645.0,4,N/A,N/A,NO_REAL_CONTRACT_FOUND,N/A
Malcolm Karras,Atlanta Falcons,CB,2.2,1,N/A,N/A,NO_REAL_CONTRACT_FOUND,N/A
Winfred Ditka,Indianapolis Colts,TE,2200000.0,1,N/A,N/A,NO_REAL_CONTRACT_FOUND,N/A
Kimble Pessolano,Atlanta Falcons,DT,5500000.0,2,N/A,N/A,NO_REAL_CONTRACT_FOUND,N/A
Frosty Weiss,Kansas City Chiefs,CB,1900000.0,1,N/A,N/A,NO_REAL_CONTRACT_FOUND,N/A
Levon Balasz,Kansas City Chiefs,CB,6335516.0,4,N/A,N/A,NO_REAL_CONTRACT_FOUND,N/A
Holbert Mihajlovich,Buffalo Bills,G,6220978.0,4,N/A,N/A,NO_REAL_CONTRACT_FOUND,N/A
Loyal Kirchbaum,Chicago Bears,WR,1500000.0,1,N/A,N/A,NO_REAL_CONTRACT_FOUND,N/A
Seneca Frazier,Denver Broncos,S,7000000.0,2,N/A,N/A,NO_REAL_CONTRACT_FOUND,N/A
Klaus Legree,Dallas Cowboys,DE,2500000.0,1,N/A,N/A,NO_REAL_CONTRACT_FOUND,N/A
Reaves Clements,San Francisco 49ers,S,1500000.0,1,N/A,N/A,NO_REAL_CONTRACT_FOUND,N/A
Pepper Nead,Cleveland Browns,S,2715000.0,3,N/A,N/A,NO_REAL_CONTRACT_FOUND,N/A
Laval Mahan,New York N Giants,DT,10.0,2,N/A,N/A,NO_REAL_CONTRACT_FOUND,N/A
Buzz Dagata,Atlanta Falcons,DT,9916126.0,4,N/A,N/A,NO_REAL_CONTRACT_FOUND,N/A
Woody Hearden,Cincinnati Bengals,P,2035000.0,2,N/A,N/A,NO_REAL_CONTRACT_FOUND,N/A
Leotis Remo,Green Bay Packers,G,5122854.0,4,N/A,N/A,NO_REAL_CONTRACT_FOUND,N/A
Vannie Chiaverini,Arizona Cardinals,CB,2715000.0,3,N/A,N/A,NO_REAL_CONTRACT_FOUND,N/A
Baraka Yelvington,Tampa Bay Buccaneers,WR,1750000.0,1,N/A,N/A,NO_REAL_CONTRACT_FOUND,N/A
Toussaint Tarr,Philadelphia Eagles,S,5744441.0,4,N/A,N/A,NO_REAL_CONTRACT_FOUND,N/A
Rashad Bruton,Dallas Cowboys,RT,82500000.0,5,N/A,N/A,NO_REAL_CONTRACT_FOUND,N/A
Corbin Mealey,New York A Jets,LS,6.97,4,N/A,N/A,NO_REAL_CONTRACT_FOUND,N/A
Domanick President,Houston Texans,DT,6000000.0,2,N/A,N/A,NO_REAL_CONTRACT_FOUND,N/A
Cub Beuerlein,Indianapolis Colts,CB,0.17,1,N/A,N/A,NO_REAL_CONTRACT_FOUND,N/A
Jahvid Hummell,Dallas Cowboys,LS,4450000.0,3,N/A,N/A,NO_REAL_CONTRACT_FOUND,N/A
Marco O'Neal,Washington Commanders,P,2872500.0,1,N/A,N/A,NO_REAL_CONTRACT_FOUND,N/A
Edward Triggs,Tampa Bay Buccaneers,WR,4019292.0,4,N/A,N/A,NO_REAL_CONTRACT_FOUND,N/A
Burgess Vaughan,Buffalo Bills,RB,5000000.0,2,N/A,N/A,NO_REAL_CONTRACT_FOUND,N/A
Isaiah Sklopan,Minnesota Vikings,RB,3958840.0,4,N/A,N/A,NO_REAL_CONTRACT_FOUND,N/A
Ebby Mcquistan,Dallas Cowboys,LT,13155806.0,4,N/A,N/A,NO_REAL_CONTRACT_FOUND,N/A
Fest Capp,Baltimore Ravens,K,4444772.0,4,N/A,N/A,NO_REAL_CONTRACT_FOUND,N/A
Dorin Weimer,Indianapolis Colts,DE,12000000.0,2,N/A,N/A,NO_REAL_CONTRACT_FOUND,N/A
Kelvin Heffernan,Las Vegas Raiders,DE,25005497.0,4,N/A,N/A,NO_REAL_CONTRACT_FOUND,N/A
Chas Prosinski,New Orleans,CB,1.28,1,N/A,N/A,NO_REAL_CONTRACT_FOUND,N/A
Karon Yankowski,San Francisco 49ers,CB,6161184.0,4,N/A,N/A,NO_REAL_CONTRACT_FOUND,N/A
Donta Lomasney,Miami Dolphins,LOLB,1337500.0,1,N/A,N/A,NO_REAL_CONTRACT_FOUND,N/A
Alameda Conway,Las Vegas Raiders,RB,4403932.0,4,N/A,N/A,NO_REAL_CONTRACT_FOUND,N/A
Zak Douglas,Baltimore Ravens,DE,5648034.0,4,N/A,N/A,NO_REAL_CONTRACT_FOUND,N/A
Curome Nottage,Houston Texans,LT,9211638.0,4,N/A,N/A,NO_REAL_CONTRACT_FOUND,N/A
Sisto Bush,San Francisco 49ers,RB,1255000.0,1,N/A,N/A,NO_REAL_CONTRACT_FOUND,N/A
Jammie Shumann,Philadelphia Eagles,S,7160542.0,4,N/A,N/A,NO_REAL_CONTRACT_FOUND,N/A
Mana Seiple,Indianapolis Colts,QB,33994031.0,4,N/A,N/A,NO_REAL_CONTRACT_FOUND,N/A
Reece Younger,Indianapolis Colts,WR,6500000.0,2,N/A,N/A,NO_REAL_CONTRACT_FOUND,N/A
Proverb Beckwith,Arizona Cardinals,DE,8597606.0,4,N/A,N/A,NO_REAL_CONTRACT_FOUND,N/A
Ray Verry,Minnesota Vikings,G,9500000.0,3,N/A,N/A,NO_REAL_CONTRACT_FOUND,N/A
Kalen Savatsky,New York A Jets,RB,2.548708,4,N/A,N/A,NO_REAL_CONTRACT_FOUND,N/A
Fatty Brannon,Jacksonville,TE,8.114333,4,N/A,N/A,NO_REAL_CONTRACT_FOUND,N/A
Reggie Bristor,Pittsburgh Steelers,LT,16626352.0,4,N/A,N/A,NO_REAL_CONTRACT_FOUND,N/A
Chilo Townes,Los Angeles A Chargers,DE,6.0,1,N/A,N/A,NO_REAL_CONTRACT_FOUND,N/A
Latham Merlin,Dallas Cowboys,CB,4274276.0,4,N/A,N/A,NO_REAL_CONTRACT_FOUND,N/A
Harris Salave'A,Buffalo Bills,S,3100000.0,2,N/A,N/A,NO_REAL_CONTRACT_FOUND,N/A
Lonzell Kubin,Los Angeles A Chargers,CB,4.383928,4,N/A,N/A,NO_REAL_CONTRACT_FOUND,N/A
Venice Maese,Tennessee Titans,QB,46.839618,4,N/A,N/A,NO_REAL_CONTRACT_FOUND,N/A
Butch Goodridge,Cleveland Browns,WR,5614512.0,4,N/A,N/A,NO_REAL_CONTRACT_FOUND,N/A
Fair Magnani,Seattle Seahawks,G,5802764.0,4,N/A,N/A,NO_REAL_CONTRACT_FOUND,N/A
Elliott Wolff,Buffalo Bills,S,6547996.0,4,N/A,N/A,NO_REAL_CONTRACT_FOUND,N/A
Rube Fry,Cincinnati Bengals,G,2600000.0,1,N/A,N/A,NO_REAL_CONTRACT_FOUND,N/A
Leron Lauvao,Dallas Cowboys,ILB,3902552.0,4,N/A,N/A,NO_REAL_CONTRACT_FOUND,N/A
Tyrell Henricus,New York N Giants,DT,6.76207,4,N/A,N/A,NO_REAL_CONTRACT_FOUND,N/A
Cletidus Hilton,Las Vegas Raiders,CB,1195000.0,1,N/A,N/A,NO_REAL_CONTRACT_FOUND,N/A
Ruel Sewell,Houston Texans,DE,4750000.0,1,N/A,N/A,NO_REAL_CONTRACT_FOUND,N/A
Rolf Weathers,Buffalo Bills,S,1337500.0,1,N/A,N/A,NO_REAL_CONTRACT_FOUND,N/A
Kitrick Munnerlyn,Cleveland Browns,WR,1422500.0,1,N/A,N/A,NO_REAL_CONTRACT_FOUND,N/A
Davlin Sherels,New Orleans,G,2.25,1,N/A,N/A,NO_REAL_CONTRACT_FOUND,N/A
Clarke Ramsey,Buffalo Bills,CB,4485356.0,4,N/A,N/A,NO_REAL_CONTRACT_FOUND,N/A
Jimbo Pourdanesh,San Francisco 49ers,CB,4.5,1,N/A,N/A,NO_REAL_CONTRACT_FOUND,N/A
Lloyd Hauser,Detroit Lions,CB,6484746.0,4,N/A,N/A,NO_REAL_CONTRACT_FOUND,N/A
Alvro Stinnette,Cleveland Browns,C,18000000.0,3,N/A,N/A,NO_REAL_CONTRACT_FOUND,N/A
Reds Jarmon,Kansas City Chiefs,DE,11817817.0,4,N/A,N/A,NO_REAL_CONTRACT_FOUND,N/A
Monty Holmberg,New Orleans,TE,14.234,3,N/A,N/A,NO_REAL_CONTRACT_FOUND,N/A
Denard Jolley,Dallas Cowboys,FB,2715000.0,3,N/A,N/A,NO_REAL_CONTRACT_FOUND,N/A
Torin Shonk,New York A Jets,S,0.5,1,N/A,N/A,NO_REAL_CONTRACT_FOUND,N/A
Chris Maddock,Dallas Cowboys,ILB,1500000.0,1,N/A,N/A,NO_REAL_CONTRACT_FOUND,N/A
Lucius Oliver,Pittsburgh Steelers,DE,5150932.0,4,N/A,N/A,NO_REAL_CONTRACT_FOUND,N/A
Felto Illman,Minnesota Vikings,DT,795000.0,1,N/A,N/A,NO_REAL_CONTRACT_FOUND,N/A
Gerry Holliday,Atlanta Falcons,WR,2500000.0,1,N/A,N/A,NO_REAL_CONTRACT_FOUND,N/A
Singor Whittingham,New York N Giants,QB,10.0,2,N/A,N/A,NO_REAL_CONTRACT_FOUND,N/A
Payton Wolski,New York N Giants,P,9.0,3,N/A,N/A,NO_REAL_CONTRACT_FOUND,N/A
Willie Rhea,Los Angeles N Rams,RB,4.19878,4,N/A,N/A,NO_REAL_CONTRACT_FOUND,N/A
Pug Bellini,Houston Texans,C,4009972.0,4,N/A,N/A,NO_REAL_CONTRACT_FOUND,N/A
Stylez Nafziger,San Francisco 49ers,S,2200000.0,1,N/A,N/A,NO_REAL_CONTRACT_FOUND,N/A
Carlos Sedlock,Dallas Cowboys,RB,4627068.0,4,N/A,N/A,NO_REAL_CONTRACT_FOUND,N/A
Shawntae Neuheisel,Washington Commanders,WR,5113852.0,4,N/A,N/A,NO_REAL_CONTRACT_FOUND,N/A
Parker Mccleskey,Tennessee Titans,K,1295000.0,1,N/A,N/A,NO_REAL_CONTRACT_FOUND,N/A
Kam Trout,New Orleans,S,6.245202,4,N/A,N/A,NO_REAL_CONTRACT_FOUND,N/A
Trumaine Bohannon,Dallas Cowboys,WR,8856595.0,4,N/A,N/A,NO_REAL_CONTRACT_FOUND,N/A
Beanie Doolan,Los Angeles N Rams,WR,4.158388,4,N/A,N/A,NO_REAL_CONTRACT_FOUND,N/A
Greg Weidner,Los Angeles N Rams,DE,5.275412,4,N/A,N/A,NO_REAL_CONTRACT_FOUND,N/A
Mitchell Pivec,Cincinnati Bengals,DE,6500000.0,1,N/A,N/A,NO_REAL_CONTRACT_FOUND,N/A
Qasim Ilesic,Los Angeles N Rams,K,5.158388,4,N/A,N/A,NO_REAL_CONTRACT_FOUND,N/A
Montique Eilers,New York N Giants,S,2.17,1,N/A,N/A,NO_REAL_CONTRACT_FOUND,N/A
Jarrad Wisdom,Washington Commanders,WR,1195000.0,1,N/A,N/A,NO_REAL_CONTRACT_FOUND,N/A
Jovan Majors,Kansas City Chiefs,G,6421506.0,4,N/A,N/A,NO_REAL_CONTRACT_FOUND,N/A
Nicholas Bucher,Buffalo Bills,WR,1108000.0,1,N/A,N/A,NO_REAL_CONTRACT_FOUND,N/A
Bud Willis,New England Patriots,WR,6703572.0,4,N/A,N/A,NO_REAL_CONTRACT_FOUND,N/A
Mikel Sowell,New England Patriots,G,4872072.0,4,N/A,N/A,NO_REAL_CONTRACT_FOUND,N/A
Taje Chappuis,Tampa Bay Buccaneers,DT,9316455.0,4,N/A,N/A,NO_REAL_CONTRACT_FOUND,N/A
Gunnard Kichefski,Houston Texans,DT,9500000.0,2,N/A,N/A,NO_REAL_CONTRACT_FOUND,N/A
Rashidi Gettis,Dallas Cowboys,LOLB,5691514.0,4,N/A,N/A,NO_REAL_CONTRACT_FOUND,N/A
Latarence Loewen,Dallas Cowboys,DE,6832646.0,4,N/A,N/A,NO_REAL_CONTRACT_FOUND,N/A
Javor Wilmot,New England Patriots,S,5563706.0,4,N/A,N/A,NO_REAL_CONTRACT_FOUND,N/A
Lekevin Purdy,New York A Jets,TE,12.466187,4,N/A,N/A,NO_REAL_CONTRACT_FOUND,N/A
Armando Pringley,Philadelphia Eagles,G,1355000.0,1,N/A,N/A,NO_REAL_CONTRACT_FOUND,N/A
Hessley Cichowski,Washington Commanders,WR,1250000.0,1,N/A,N/A,NO_REAL_CONTRACT_FOUND,N/A
Blaine Halloran,New York A Jets,DE,4.424096,4,N/A,N/A,NO_REAL_CONTRACT_FOUND,N/A
Kellen Duden,Cleveland Browns,DT,5.0,4,N/A,N/A,NO_REAL_CONTRACT_FOUND,N/A
Olie Bordelon,Cleveland Browns,CB,1170000.0,1,N/A,N/A,NO_REAL_CONTRACT_FOUND,N/A
Odessa Oates,Los Angeles A Chargers,RB,2.17,1,N/A,N/A,NO_REAL_CONTRACT_FOUND,N/A
Wop Banaszak,Philadelphia Eagles,DE,1.405,1,N/A,N/A,NO_REAL_CONTRACT_FOUND,N/A
Ping Manuwai,Jacksonville,WR,5.032264,4,N/A,N/A,NO_REAL_CONTRACT_FOUND,N/A
Waine Banfield,Miami Dolphins,LT,6911696.0,4,N/A,N/A,NO_REAL_CONTRACT_FOUND,N/A
Sid Lathon,Carolina Panthers,DE,15000000.0,2,N/A,N/A,NO_REAL_CONTRACT_FOUND,N/A
Rufus Bedner,Carolina Panthers,DE,6350542.0,4,N/A,N/A,NO_REAL_CONTRACT_FOUND,N/A
Jug Graf,New Orleans,CB,4.087236,4,N/A,N/A,NO_REAL_CONTRACT_FOUND,N/A
Daunte Keiser,Chicago Bears,RB,4608688.0,4,N/A,N/A,NO_REAL_CONTRACT_FOUND,N/A
Ocie Youboty,Detroit Lions,DT,3500000.0,1,N/A,N/A,NO_REAL_CONTRACT_FOUND,N/A
Montrae Woodley,Chicago Bears,DT,7220286.0,4,N/A,N/A,NO_REAL_CONTRACT_FOUND,N/A
Verran Sanu,Kansas City Chiefs,WR,6450498.0,4,N/A,N/A,NO_REAL_CONTRACT_FOUND,N/A
Peria Stynchula,Los Angeles A Chargers,WR,7.817694,4,N/A,N/A,NO_REAL_CONTRACT_FOUND,N/A
Cobb Fennema,Denver Broncos,WR,6000000.0,2,N/A,N/A,NO_REAL_CONTRACT_FOUND,N/A
Skip Mcclairen,Carolina Panthers,RB,5208744.0,4,N/A,N/A,NO_REAL_CONTRACT_FOUND,N/A
Darcy Crick,Denver Broncos,WR,4874836.0,4,N/A,N/A,NO_REAL_CONTRACT_FOUND,N/A
Momcilo Owusu,Tennessee Titans,WR,1670000.0,1,N/A,N/A,NO_REAL_CONTRACT_FOUND,N/A
Kern Brancato,Washington Commanders,S,8000000.0,2,N/A,N/A,NO_REAL_CONTRACT_FOUND,N/A
Derrius Tomich,Denver Broncos,TE,7500000.0,2,N/A,N/A,NO_REAL_CONTRACT_FOUND,N/A
Levar Reger,Carolina Panthers,CB,4421076.0,4,N/A,N/A,NO_REAL_CONTRACT_FOUND,N/A
Steve Kemp,Arizona Cardinals,ROLB,10000000.0,2,N/A,N/A,NO_REAL_CONTRACT_FOUND,N/A
Taz Poage,Detroit Lions,DE,1422500.0,1,N/A,N/A,NO_REAL_CONTRACT_FOUND,N/A
Kenechi Hoge,Las Vegas Raiders,G,11020000.0,2,N/A,N/A,NO_REAL_CONTRACT_FOUND,N/A
Fritz Tuimaunei,Minnesota Vikings,CB,1100000.0,1,N/A,N/A,NO_REAL_CONTRACT_FOUND,N/A
Mel Holz,Cincinnati Bengals,WR,3999384.0,4,N/A,N/A,NO_REAL_CONTRACT_FOUND,N/A
Vance Raffel,Green Bay Packers,LT,8016822.0,4,N/A,N/A,NO_REAL_CONTRACT_FOUND,N/A
Ladainian Hopp,Jacksonville,RT,14.198521,4,N/A,N/A,NO_REAL_CONTRACT_FOUND,N/A
Phillippi Ruddy,Jacksonville,S,4.141832,4,N/A,N/A,NO_REAL_CONTRACT_FOUND,N/A
Louis Nielsen,Houston Texans,RT,6595428.0,4,N/A,N/A,NO_REAL_CONTRACT_FOUND,N/A
Rankin Costa,New England Patriots,DE,4640796.0,4,N/A,N/A,NO_REAL_CONTRACT_FOUND,N/A
Zuriel Valentine,Atlanta Falcons,DE,5929740.0,4,N/A,N/A,NO_REAL_CONTRACT_FOUND,N/A
Renaldo Toomer,Pittsburgh Steelers,CB,6000000.0,2,N/A,N/A,NO_REAL_CONTRACT_FOUND,N/A
Wilfred Wallis,Atlanta Falcons,DT,4842396.0,4,N/A,N/A,NO_REAL_CONTRACT_FOUND,N/A
Mareno Blackstock,Baltimore Ravens,DT,15750000.0,3,N/A,N/A,NO_REAL_CONTRACT_FOUND,N/A
Brody Oshodin,Carolina Panthers,C,3406000.0,1,N/A,N/A,NO_REAL_CONTRACT_FOUND,N/A
Kedric Heitmann,Las Vegas Raiders,G,6161184.0,4,N/A,N/A,NO_REAL_CONTRACT_FOUND,N/A
Na'Il Gulyanics,Cincinnati Bengals,DE,1.225,1,N/A,N/A,NO_REAL_CONTRACT_FOUND,N/A
Mondriel Duvall,Houston Texans,ROLB,5348249.0,4,N/A,N/A,NO_REAL_CONTRACT_FOUND,N/A
Carel Clarkin,Indianapolis Colts,CB,2.2,1,N/A,N/A,NO_REAL_CONTRACT_FOUND,N/A
Moses Dancewicz,New England Patriots,S,5266444.0,4,N/A,N/A,NO_REAL_CONTRACT_FOUND,N/A
Izel Rucka,Denver Broncos,CB,4438964.0,4,N/A,N/A,NO_REAL_CONTRACT_FOUND,N/A
Erwin Sharpton,Buffalo Bills,CB,1337500.0,1,N/A,N/A,NO_REAL_CONTRACT_FOUND,N/A
Tag Carlisle,Pittsburgh Steelers,DT,2800000.0,1,N/A,N/A,NO_REAL_CONTRACT_FOUND,N/A
Zebbie Zabel,Buffalo Bills,RB,1210000.0,1,N/A,N/A,NO_REAL_CONTRACT_FOUND,N/A
Mort Louderback,Carolina Panthers,WR,1422500.0,1,N/A,N/A,NO_REAL_CONTRACT_FOUND,N/A
Kamaal Kirkleski,Jacksonville,DE,2.5,1,N/A,N/A,NO_REAL_CONTRACT_FOUND,N/A
Cedric Dowdell,Pittsburgh Steelers,DT,5000000.0,2,N/A,N/A,NO_REAL_CONTRACT_FOUND,N/A
Guil Lohmiller,Atlanta Falcons,CB,1500000.0,1,N/A,N/A,NO_REAL_CONTRACT_FOUND,N/A
Jordon Zupek,New Orleans,RB,5.451312,4,N/A,N/A,NO_REAL_CONTRACT_FOUND,N/A
Jacob Girard,Carolina Panthers,DE,5502986.0,4,N/A,N/A,NO_REAL_CONTRACT_FOUND,N/A
Vagas Sieracki,Indianapolis Colts,RB,4624744.0,4,N/A,N/A,NO_REAL_CONTRACT_FOUND,N/A
Shad Berry,Denver Broncos,ILB,5734728.0,4,N/A,N/A,NO_REAL_CONTRACT_FOUND,N/A
Harvey Mciver,Cleveland Browns,K,15900000.0,3,N/A,N/A,NO_REAL_CONTRACT_FOUND,N/A
Qadry Battaglia,Cincinnati Bengals,G,6421180.0,4,N/A,N/A,NO_REAL_CONTRACT_FOUND,N/A
Clifton Hepburn,Tennessee Titans,WR,4865816.0,4,N/A,N/A,NO_REAL_CONTRACT_FOUND,N/A
Raul Finnin,Arizona Cardinals,CB,5685518.0,4,N/A,N/A,NO_REAL_CONTRACT_FOUND,N/A
Daren Arms,New York N Giants,DT,4.831,3,N/A,N/A,NO_REAL_CONTRACT_FOUND,N/A
Kraig Laslavic,Arizona Cardinals,RB,2710000.0,3,N/A,N/A,NO_REAL_CONTRACT_FOUND,N/A
Gerrell Drews,Los Angeles N Rams,CB,15.407567,4,N/A,N/A,NO_REAL_CONTRACT_FOUND,N/A
Hans Szot,San Francisco 49ers,K,0.0,1,N/A,N/A,NO_CONTRACT_ASSIGNED,N/A
Harmon Shurtliffe,Cleveland Browns,TE,6742886.0,4,N/A,N/A,NO_REAL_CONTRACT_FOUND,N/A
Cassidy Wuerffel,Philadelphia Eagles,TE,1200000.0,1,N/A,N/A,NO_REAL_CONTRACT_FOUND,N/A
Forey Markham,San Francisco 49ers,WR,1100000.0,1,N/A,N/A,NO_REAL_CONTRACT_FOUND,N/A
Jasper Vedder,Dallas Cowboys,S,1750000.0,1,N/A,N/A,NO_REAL_CONTRACT_FOUND,N/A
Lavvie Sverchek,Los Angeles A Chargers,CB,4.792012,4,N/A,N/A,NO_REAL_CONTRACT_FOUND,N/A
Chuckie Mcdowell,Carolina Panthers,TE,4894236.0,4,N/A,N/A,NO_REAL_CONTRACT_FOUND,N/A
Beryl Heckard,New England Patriots,ILB,1300000.0,1,N/A,N/A,NO_REAL_CONTRACT_FOUND,N/A
Oxie Cornwell,San Francisco 49ers,WR,4548708.0,4,N/A,N/A,NO_REAL_CONTRACT_FOUND,N/A
Nello Folz,Kansas City Chiefs,WR,5067200.0,4,N/A,N/A,NO_REAL_CONTRACT_FOUND,N/A
Kevin Maxie,Los Angeles A Chargers,WR,1.3375,1,N/A,N/A,NO_REAL_CONTRACT_FOUND,N/A
Mat Mccarty,New York N Giants,WR,6.625313,4,N/A,N/A,NO_REAL_CONTRACT_FOUND,N/A
Quentin Fairs,Philadelphia Eagles,DE,5633034.0,4,N/A,N/A,NO_REAL_CONTRACT_FOUND,N/A
Sebastian Quayle,Pittsburgh Steelers,CB,1295000.0,1,N/A,N/A,NO_REAL_CONTRACT_FOUND,N/A
Chevis Tupa,Kansas City Chiefs,LT,30000000.0,2,N/A,N/A,NO_REAL_CONTRACT_FOUND,N/A
Damione Gilliam,Minnesota Vikings,CB,2350000.0,1,N/A,N/A,NO_REAL_CONTRACT_FOUND,N/A
Two-Bits Wilsbach,Denver Broncos,P,4374280.0,4,N/A,N/A,NO_REAL_CONTRACT_FOUND,N/A
Chukky Eeghen,Kansas City Chiefs,DT,1790000.0,1,N/A,N/A,NO_REAL_CONTRACT_FOUND,N/A
Rickey Schulters,Dallas Cowboys,QB,4203316.0,4,N/A,N/A,NO_REAL_CONTRACT_FOUND,N/A
Rhys Mcenulty,Cleveland Browns,QB,4250000.0,1,N/A,N/A,NO_REAL_CONTRACT_FOUND,N/A
Orson Cox,New York N Giants,C,5.373334,4,N/A,N/A,NO_REAL_CONTRACT_FOUND,N/A
Koester Schwarzer,Miami Dolphins,DT,4658304.0,4,N/A,N/A,NO_REAL_CONTRACT_FOUND,N/A
Chubby Manning,Seattle Seahawks,RT,4000000.0,1,N/A,N/A,NO_REAL_CONTRACT_FOUND,N/A
Jammi Leetzow,Cincinnati Bengals,CB,4357276.0,4,N/A,N/A,NO_REAL_CONTRACT_FOUND,N/A
Lazarius Mcdougle,New York A Jets,C,0.0,1,N/A,N/A,NO_CONTRACT_ASSIGNED,N/A
Raylee Michael,New England Patriots,DT,4865816.0,4,N/A,N/A,NO_REAL_CONTRACT_FOUND,N/A
Chuck Kutler,Los Angeles A Chargers,ILB,4.027006,4,N/A,N/A,NO_REAL_CONTRACT_FOUND,N/A
Isaac Muehlheuser,Denver Broncos,ROLB,2787500.0,1,N/A,N/A,NO_REAL_CONTRACT_FOUND,N/A
Leroy Hohn,Indianapolis Colts,CB,6444016.0,4,N/A,N/A,NO_REAL_CONTRACT_FOUND,N/A
Nnamdi Trudeau,Miami Dolphins,ROLB,1337500.0,1,N/A,N/A,NO_REAL_CONTRACT_FOUND,N/A
Con Dieter,Arizona Cardinals,CB,4048612.0,4,N/A,N/A,NO_REAL_CONTRACT_FOUND,N/A
Hoss Toorock,Philadelphia Eagles,LT,1505000.0,1,N/A,N/A,NO_REAL_CONTRACT_FOUND,N/A
Norris Marion,Atlanta Falcons,DT,1337500.0,1,N/A,N/A,NO_REAL_CONTRACT_FOUND,N/A
Larry Deroo,Tennessee Titans,S,6404992.0,4,N/A,N/A,NO_REAL_CONTRACT_FOUND,N/A
Daniel Rehnquist,Atlanta Falcons,WR,5500000.0,2,N/A,N/A,NO_REAL_CONTRACT_FOUND,N/A
Rollin Haslett,New Orleans,DT,13.3,3,N/A,N/A,NO_REAL_CONTRACT_FOUND,N/A
Anthone Scheib,New England Patriots,DT,2100000.0,1,N/A,N/A,NO_REAL_CONTRACT_FOUND,N/A
Kenyon Wahlroos,Green Bay Packers,DE,3902552.0,4,N/A,N/A,NO_REAL_CONTRACT_FOUND,N/A
Jerheme Damore,Chicago Bears,RB,4328140.0,4,N/A,N/A,NO_REAL_CONTRACT_FOUND,N/A
Gery Kochel,Las Vegas Raiders,WR,3.17,1,N/A,N/A,NO_REAL_CONTRACT_FOUND,N/A
Damen Carnelly,Jacksonville,RB,4.318756,4,N/A,N/A,NO_REAL_CONTRACT_FOUND,N/A
Koren Bungarda,Dallas Cowboys,TE,6266688.0,4,N/A,N/A,NO_REAL_CONTRACT_FOUND,N/A
Tully Berrang,Philadelphia Eagles,CB,4644120.0,4,N/A,N/A,NO_REAL_CONTRACT_FOUND,N/A
Shyrone Schaefering,Indianapolis Colts,G,5839038.0,4,N/A,N/A,NO_REAL_CONTRACT_FOUND,N/A
Alonzo Cottam,Carolina Panthers,K,1170000.0,1,N/A,N/A,NO_REAL_CONTRACT_FOUND,N/A
Kolby Beekman,Arizona Cardinals,RB,2375000.0,2,N/A,N/A,NO_REAL_CONTRACT_FOUND,N/A
Mewelde Brightful,Kansas City Chiefs,DT,1422500.0,1,N/A,N/A,NO_REAL_CONTRACT_FOUND,N/A
Kwamie Cassara,Chicago Bears,WR,1170000.0,1,N/A,N/A,NO_REAL_CONTRACT_FOUND,N/A
Darcel Rubick,Detroit Lions,G,1100000.0,1,N/A,N/A,NO_REAL_CONTRACT_FOUND,N/A
Desean Jaqua,Indianapolis Colts,DT,1337500.0,1,N/A,N/A,NO_REAL_CONTRACT_FOUND,N/A
Clarence Romes,San Francisco 49ers,ROLB,6561668.0,4,N/A,N/A,NO_REAL_CONTRACT_FOUND,N/A
Wane Gill,Carolina Panthers,S,1337500.0,1,N/A,N/A,NO_REAL_CONTRACT_FOUND,N/A
Junius Bohling,Washington Commanders,CB,1500000.0,1,N/A,N/A,NO_REAL_CONTRACT_FOUND,N/A
Jordan Ciccone,Miami Dolphins,RB,4472664.0,4,N/A,N/A,NO_REAL_CONTRACT_FOUND,N/A
Elois Shirk,Kansas City Chiefs,DT,7200372.0,4,N/A,N/A,NO_REAL_CONTRACT_FOUND,N/A
Hust Juzwik,Chicago Bears,LT,7718124.0,4,N/A,N/A,NO_REAL_CONTRACT_FOUND,N/A
Branden Blailock,Dallas Cowboys,WR,3.5,1,N/A,N/A,NO_REAL_CONTRACT_FOUND,N/A
Orrin Piccone,Washington Commanders,S,5556000.0,1,N/A,N/A,NO_REAL_CONTRACT_FOUND,N/A
Shockmain Parsley,Miami Dolphins,TE,1355000.0,1,N/A,N/A,NO_REAL_CONTRACT_FOUND,N/A
Reno Tolzien,Las Vegas Raiders,WR,1255000.0,1,N/A,N/A,NO_REAL_CONTRACT_FOUND,N/A
Garland Woody,Arizona Cardinals,WR,1.17,1,N/A,N/A,NO_REAL_CONTRACT_FOUND,N/A
William Lawson,Buffalo Bills,LS,6500000.0,4,N/A,N/A,NO_REAL_CONTRACT_FOUND,N/A
Trent Zagers,Detroit Lions,CB,1170000.0,1,N/A,N/A,NO_REAL_CONTRACT_FOUND,N/A
Trung Perrotti,Indianapolis Colts,S,3755384.0,4,N/A,N/A,NO_REAL_CONTRACT_FOUND,N/A
Trevis Andrulewicz,Chicago Bears,G,17000000.0,4,N/A,N/A,NO_REAL_CONTRACT_FOUND,N/A
Eldonta Worden,Carolina Panthers,DT,19500000.0,3,N/A,N/A,NO_REAL_CONTRACT_FOUND,N/A
Hoyle Bieniemy,Las Vegas Raiders,RB,795000.0,1,N/A,N/A,NO_REAL_CONTRACT_FOUND,N/A
Rashid Cherry,Dallas Cowboys,DT,6000000.0,2,N/A,N/A,NO_REAL_CONTRACT_FOUND,N/A
Marv Krol,Cincinnati Bengals,RB,4430856.0,4,N/A,N/A,NO_REAL_CONTRACT_FOUND,N/A
Macey Goeas,Minnesota Vikings,WR,6161184.0,4,N/A,N/A,NO_REAL_CONTRACT_FOUND,N/A
Ahmard Nipp,Chicago Bears,DE,1255000.0,1,N/A,N/A,NO_REAL_CONTRACT_FOUND,N/A
Dezmon Foschi,Detroit Lions,C,7658377.0,4,N/A,N/A,NO_REAL_CONTRACT_FOUND,N/A
Lyron Bertagnolli,Cincinnati Bengals,DT,1422500.0,1,N/A,N/A,NO_REAL_CONTRACT_FOUND,N/A
Reynaldo Selmon,Minnesota Vikings,S,2000000.0,1,N/A,N/A,NO_REAL_CONTRACT_FOUND,N/A
Jarret Golemgeske,Baltimore Ravens,ROLB,5102896.0,4,N/A,N/A,NO_REAL_CONTRACT_FOUND,N/A
Kordell Pilconis,Philadelphia Eagles,WR,1195000.0,1,N/A,N/A,NO_REAL_CONTRACT_FOUND,N/A
Kroy Gamble,New Orleans,S,2.17,1,N/A,N/A,NO_REAL_CONTRACT_FOUND,N/A
Clayton Dimitroff,Seattle Seahawks,WR,4565040.0,4,N/A,N/A,NO_REAL_CONTRACT_FOUND,N/A
Gil Owusu-Ansah,Atlanta Falcons,ROLB,6103570.0,4,N/A,N/A,NO_REAL_CONTRACT_FOUND,N/A
Regis Sasa,Los Angeles N Rams,DT,3.638588,4,N/A,N/A,NO_REAL_CONTRACT_FOUND,N/A
Ebenezer Bidwell,Philadelphia Eagles,DT,5235668.0,4,N/A,N/A,NO_REAL_CONTRACT_FOUND,N/A
Torry Nading,Baltimore Ravens,WR,2100000.0,1,N/A,N/A,NO_REAL_CONTRACT_FOUND,N/A
Jewerl Seubert,Chicago Bears,WR,4503452.0,4,N/A,N/A,NO_REAL_CONTRACT_FOUND,N/A
Alundis Lookabaugh,Los Angeles N Rams,DT,3.202552,4,N/A,N/A,NO_REAL_CONTRACT_FOUND,N/A
Buford Grooms,Philadelphia Eagles,RB,4736964.0,4,N/A,N/A,NO_REAL_CONTRACT_FOUND,N/A
Jonathan Urban,Tennessee Titans,QB,9542165.0,4,N/A,N/A,NO_REAL_CONTRACT_FOUND,N/A
Hayworth Stocker,Jacksonville,G,8.277304,4,N/A,N/A,NO_REAL_CONTRACT_FOUND,N/A
Mac O'Toole,Arizona Cardinals,DE,4370624.0,4,N/A,N/A,NO_REAL_CONTRACT_FOUND,N/A
Peerless Pierotti,New York A Jets,WR,1.71,3,N/A,N/A,NO_REAL_CONTRACT_FOUND,N/A
Lardarius Mcconnell,New York N Giants,WR,1.4225,1,N/A,N/A,NO_REAL_CONTRACT_FOUND,N/A
Henry Studaway,Denver Broncos,WR,1030000.0,1,N/A,N/A,NO_REAL_CONTRACT_FOUND,N/A
Chukie Hagerty,Tampa Bay Buccaneers,DT,1255000.0,1,N/A,N/A,NO_REAL_CONTRACT_FOUND,N/A
Dimitri Grimsley,New England Patriots,CB,1030000.0,1,N/A,N/A,NO_REAL_CONTRACT_FOUND,N/A
Harald Corker,Baltimore Ravens,G,3942112.0,4,N/A,N/A,NO_REAL_CONTRACT_FOUND,N/A
Franky Carey,Carolina Panthers,QB,8000000.0,2,N/A,N/A,NO_REAL_CONTRACT_FOUND,N/A
Linden Kadish,Denver Broncos,RB,3.359124,4,N/A,N/A,NO_REAL_CONTRACT_FOUND,N/A
Pahl Scarpitto,Green Bay Packers,DE,5141852.0,4,N/A,N/A,NO_REAL_CONTRACT_FOUND,N/A
Doc Trumpy,Los Angeles N Rams,C,2.158388,4,N/A,N/A,NO_REAL_CONTRACT_FOUND,N/A
Zack Burleson,Pittsburgh Steelers,K,2985000.0,3,N/A,N/A,NO_REAL_CONTRACT_FOUND,N/A
Alfredo Tuck,Pittsburgh Steelers,WR,4475000.0,2,N/A,N/A,NO_REAL_CONTRACT_FOUND,N/A
Trev Biekert,Washington Commanders,TE,7227950.0,4,N/A,N/A,NO_REAL_CONTRACT_FOUND,N/A
Ric Gardin,Atlanta Falcons,S,5186152.0,4,N/A,N/A,NO_REAL_CONTRACT_FOUND,N/A
Norbert Steed,Carolina Panthers,DT,0.0,1,N/A,N/A,NO_CONTRACT_ASSIGNED,N/A
Senio Miklich,Los Angeles N Rams,DE,4.349368,4,N/A,N/A,NO_REAL_CONTRACT_FOUND,N/A
Ingle Morris,New Orleans,WR,4.274276,4,N/A,N/A,NO_REAL_CONTRACT_FOUND,N/A
Liffort Christenson,Philadelphia Eagles,DT,5668712.0,4,N/A,N/A,NO_REAL_CONTRACT_FOUND,N/A
Darrent Spence,Carolina Panthers,DT,4673156.0,4,N/A,N/A,NO_REAL_CONTRACT_FOUND,N/A
Enis Abruzzese,Cleveland Browns,CB,4177232.0,4,N/A,N/A,NO_REAL_CONTRACT_FOUND,N/A
Harley Wetz,Cleveland Browns,DE,6.144337,4,N/A,N/A,NO_REAL_CONTRACT_FOUND,N/A
Hicham Bookout,Kansas City Chiefs,RB,2830000.0,3,N/A,N/A,NO_REAL_CONTRACT_FOUND,N/A
Mario Rothwell,New York N Giants,LS,1.4225,1,N/A,N/A,NO_REAL_CONTRACT_FOUND,N/A
Uwe Siano,Jacksonville,LOLB,5.426108,4,N/A,N/A,NO_REAL_CONTRACT_FOUND,N/A
Darnell Umenyiora,Las Vegas Raiders,LT,6161184.0,4,N/A,N/A,NO_REAL_CONTRACT_FOUND,N/A
Delvin Maple,Cincinnati Bengals,WR,4518776.0,4,N/A,N/A,NO_REAL_CONTRACT_FOUND,N/A
Jo-Lonn Supernaw,Carolina Panthers,CB,4343984.0,4,N/A,N/A,NO_REAL_CONTRACT_FOUND,N/A
Roderick Dwight,Tennessee Titans,WR,5400952.0,4,N/A,N/A,NO_REAL_CONTRACT_FOUND,N/A
Kenard Womble,New York N Giants,TE,0.0,1,N/A,N/A,NO_CONTRACT_ASSIGNED,N/A
Metz Osemele,Detroit Lions,G,4158388.0,4,N/A,N/A,NO_REAL_CONTRACT_FOUND,N/A
Tuufuli Lungren,Los Angeles N Rams,TE,24.5,3,N/A,N/A,NO_REAL_CONTRACT_FOUND,N/A
Delles Janik,Green Bay Packers,DE,4604084.0,4,N/A,N/A,NO_REAL_CONTRACT_FOUND,N/A
Kelcie Taibi,Arizona Cardinals,S,4866844.0,4,N/A,N/A,NO_REAL_CONTRACT_FOUND,N/A
Florian Mcginest,Seattle Seahawks,RB,4338944.0,4,N/A,N/A,NO_REAL_CONTRACT_FOUND,N/A
Mao Mcilhenny,Miami Dolphins,G,1170000.0,1,N/A,N/A,NO_REAL_CONTRACT_FOUND,N/A
Todd Bunting,New York N Giants,TE,2.453104,4,N/A,N/A,NO_REAL_CONTRACT_FOUND,N/A
Cris Ames,New Orleans,ROLB,3.228364,4,N/A,N/A,NO_REAL_CONTRACT_FOUND,N/A
Wally Niehaus,New Orleans,WR,0.3375,1,N/A,N/A,NO_REAL_CONTRACT_FOUND,N/A
Jodie Strada,Arizona Cardinals,DT,3973336.0,4,N/A,N/A,NO_REAL_CONTRACT_FOUND,N/A
Ran Ruether,Cleveland Browns,LT,4632332.0,4,N/A,N/A,NO_REAL_CONTRACT_FOUND,N/A
Tobin Dodge,Atlanta Falcons,DE,5229582.0,4,N/A,N/A,NO_REAL_CONTRACT_FOUND,N/A
Adger Klingel,Arizona Cardinals,CB,4520216.0,4,N/A,N/A,NO_REAL_CONTRACT_FOUND,N/A
Obie Kalina,Los Angeles A Chargers,WR,6.551932,4,N/A,N/A,NO_REAL_CONTRACT_FOUND,N/A
Peaches Koenen,Cleveland Browns,QB,230000000.0,5,N/A,N/A,NO_REAL_CONTRACT_FOUND,N/A
Swanson Ontko,Dallas Cowboys,RB,3973336.0,4,N/A,N/A,NO_REAL_CONTRACT_FOUND,N/A
Geoffrey Gunn,Las Vegas Raiders,ROLB,1170000.0,1,N/A,N/A,NO_REAL_CONTRACT_FOUND,N/A
Beattie Maeder,Baltimore Ravens,WR,4817852.0,4,N/A,N/A,NO_REAL_CONTRACT_FOUND,N/A
Merril Kosel,Buffalo Bills,DT,5618048.0,4,N/A,N/A,NO_REAL_CONTRACT_FOUND,N/A
Geoff Boddie,Indianapolis Colts,CB,1170000.0,1,N/A,N/A,NO_REAL_CONTRACT_FOUND,N/A
Brock Righetti,Chicago Bears,TE,2500000.0,1,N/A,N/A,NO_REAL_CONTRACT_FOUND,N/A
Dub Lackman,Baltimore Ravens,RT,6273520.0,4,N/A,N/A,NO_REAL_CONTRACT_FOUND,N/A
Kamar Sack,Cincinnati Bengals,TE,4813104.0,4,N/A,N/A,NO_REAL_CONTRACT_FOUND,N/A
Jeremiah Gilberry,Kansas City Chiefs,QB,1170000.0,1,N/A,N/A,NO_REAL_CONTRACT_FOUND,N/A
Kiwaukee Frahm,Cleveland Browns,DE,4551932.0,4,N/A,N/A,NO_REAL_CONTRACT_FOUND,N/A
Peyton Groomes,New Orleans,DE,10.734721,4,N/A,N/A,NO_REAL_CONTRACT_FOUND,N/A
Johnny Jurich,Arizona Cardinals,QB,12500000.0,2,N/A,N/A,NO_REAL_CONTRACT_FOUND,N/A
Kevan Kraus,Carolina Panthers,DT,4196424.0,4,N/A,N/A,NO_REAL_CONTRACT_FOUND,N/A
Levert Seurer,Los Angeles A Chargers,DT,4.313266,4,N/A,N/A,NO_REAL_CONTRACT_FOUND,N/A
Sherman Dewveall,New England Patriots,DT,915000.0,1,N/A,N/A,NO_REAL_CONTRACT_FOUND,N/A
Timothy Dyson,Kansas City Chiefs,TE,4708620.0,4,N/A,N/A,NO_REAL_CONTRACT_FOUND,N/A
Damion Mansfield,Houston Texans,CB,6161184.0,4,N/A,N/A,NO_REAL_CONTRACT_FOUND,N/A
Darrelle Mcdonnell,Arizona Cardinals,CB,1200000.0,1,N/A,N/A,NO_REAL_CONTRACT_FOUND,N/A
Claude Janiak,Indianapolis Colts,ROLB,4356240.0,4,N/A,N/A,NO_REAL_CONTRACT_FOUND,N/A
Sugarfoot Kuczynski,Cincinnati Bengals,WR,5820896.0,4,N/A,N/A,NO_REAL_CONTRACT_FOUND,N/A
Whitey Hennings,Baltimore Ravens,LT,3.0,1,N/A,N/A,NO_REAL_CONTRACT_FOUND,N/A
Hugo Fulhage,Jacksonville,DT,5.803076,4,N/A,N/A,NO_REAL_CONTRACT_FOUND,N/A
Tim Kersten,Cleveland Browns,DT,795000.0,1,N/A,N/A,NO_REAL_CONTRACT_FOUND,N/A
Jordy Pifferini,Los Angeles A Chargers,DT,6.859012,4,N/A,N/A,NO_REAL_CONTRACT_FOUND,N/A
Russ Minnis,Tennessee Titans,RB,4438508.0,4,N/A,N/A,NO_REAL_CONTRACT_FOUND,N/A
Javon Israel,Green Bay Packers,DT,4052028.0,4,N/A,N/A,NO_REAL_CONTRACT_FOUND,N/A
Gerris Tew,Los Angeles A Chargers,WR,2.608004,4,N/A,N/A,NO_REAL_CONTRACT_FOUND,N/A
Wilson Bullock,Miami Dolphins,CB,1170000.0,1,N/A,N/A,NO_REAL_CONTRACT_FOUND,N/A
Pettis Spilis,New Orleans,DT,4.198828,4,N/A,N/A,NO_REAL_CONTRACT_FOUND,N/A
Bon Feldman,Tampa Bay Buccaneers,CB,1337500.0,1,N/A,N/A,NO_REAL_CONTRACT_FOUND,N/A
Jojo Strenger,Baltimore Ravens,WR,4414868.0,4,N/A,N/A,NO_REAL_CONTRACT_FOUND,N/A
Blake Dottley,Las Vegas Raiders,DT,1439500.0,1,N/A,N/A,NO_REAL_CONTRACT_FOUND,N/A
Davey Shedd,Philadelphia Eagles,S,1030000.0,1,N/A,N/A,NO_REAL_CONTRACT_FOUND,N/A
Delton Hindman,Pittsburgh Steelers,DT,4240072.0,4,N/A,N/A,NO_REAL_CONTRACT_FOUND,N/A
Sidney Kinderdine,Washington Commanders,WR,5596312.0,4,N/A,N/A,NO_REAL_CONTRACT_FOUND,N/A
Lin Roan,Green Bay Packers,TE,8475731.0,4,N/A,N/A,NO_REAL_CONTRACT_FOUND,N/A
Keaton Stephens,Houston Texans,S,2500000.0,1,N/A,N/A,NO_REAL_CONTRACT_FOUND,N/A
Dimitrius Rehberg,New York A Jets,WR,7.073456,4,N/A,N/A,NO_REAL_CONTRACT_FOUND,N/A
Aveion Norgard,Miami Dolphins,WR,4219560.0,4,N/A,N/A,NO_REAL_CONTRACT_FOUND,N/A
Triandos Ostroski,New Orleans,P,3.2,1,N/A,N/A,NO_REAL_CONTRACT_FOUND,N/A
Stockar Wells,Detroit Lions,DT,4206800.0,4,N/A,N/A,NO_REAL_CONTRACT_FOUND,N/A
Remi Weigel,Denver Broncos,FB,1422500.0,1,N/A,N/A,NO_REAL_CONTRACT_FOUND,N/A
James-Michael Sullivan,Kansas City Chiefs,S,1337500.0,1,N/A,N/A,NO_REAL_CONTRACT_FOUND,N/A
Rupert Bailey,Miami Dolphins,DE,4340872.0,4,N/A,N/A,NO_REAL_CONTRACT_FOUND,N/A
Danario Korver,Jacksonville,CB,3.77598,4,N/A,N/A,NO_REAL_CONTRACT_FOUND,N/A
Packie Ness,Arizona Cardinals,ILB,1790000.0,1,N/A,N/A,NO_REAL_CONTRACT_FOUND,N/A
Alden Elway,Cincinnati Bengals,DE,12587262.0,4,N/A,N/A,NO_REAL_CONTRACT_FOUND,N/A
Jerrott Rooney,Chicago Bears,CB,1320000.0,1,N/A,N/A,NO_REAL_CONTRACT_FOUND,N/A
Huey Lockett,Baltimore Ravens,LS,2495000.0,2,N/A,N/A,NO_REAL_CONTRACT_FOUND,N/A
Dosey Lens,Cincinnati Bengals,ROLB,5000000.0,2,N/A,N/A,NO_REAL_CONTRACT_FOUND,N/A
Devier Scanlan,New York A Jets,DT,9.506373,4,N/A,N/A,NO_REAL_CONTRACT_FOUND,N/A
Tyrone Mcphee,New York N Giants,DT,14.0,3,N/A,N/A,NO_REAL_CONTRACT_FOUND,N/A
Atari Bratton,Dallas Cowboys,G,3750000.0,1,N/A,N/A,NO_REAL_CONTRACT_FOUND,N/A
Ronnie Wrightman,Pittsburgh Steelers,WR,5745168.0,4,N/A,N/A,NO_REAL_CONTRACT_FOUND,N/A
Mercury Brazell,Arizona Cardinals,G,1337500.0,1,N/A,N/A,NO_REAL_CONTRACT_FOUND,N/A
Grey Jagade,San Francisco 49ers,WR,1170000.0,1,N/A,N/A,NO_REAL_CONTRACT_FOUND,N/A
Mickey Badar,Carolina Panthers,K,2980000.0,3,N/A,N/A,NO_REAL_CONTRACT_FOUND,N/A
Jess Hillenbrand,Denver Broncos,DT,6161184.0,4,N/A,N/A,NO_REAL_CONTRACT_FOUND,N/A
Keyshawn Ghent,Tennessee Titans,G,2.125,1,N/A,N/A,NO_REAL_CONTRACT_FOUND,N/A
Herm Griffiths,Green Bay Packers,WR,6292454.0,4,N/A,N/A,NO_REAL_CONTRACT_FOUND,N/A
Kheeston Mastrogany,Pittsburgh Steelers,WR,0.3375,1,N/A,N/A,NO_REAL_CONTRACT_FOUND,N/A
Bernard Brooks,Chicago Bears,CB,1100000.0,1,N/A,N/A,NO_REAL_CONTRACT_FOUND,N/A
Luis Skeate,Indianapolis Colts,C,4799872.0,4,N/A,N/A,NO_REAL_CONTRACT_FOUND,N/A
Gary Bryan,Baltimore Ravens,DE,4560564.0,4,N/A,N/A,NO_REAL_CONTRACT_FOUND,N/A
Tristan Conklin,Carolina Panthers,TE,10500000.0,2,N/A,N/A,NO_REAL_CONTRACT_FOUND,N/A
Remy Maul,New York N Giants,CB,2.98952,4,N/A,N/A,NO_REAL_CONTRACT_FOUND,N/A
Bert Feichtinger,Jacksonville,WR,2.17,1,N/A,N/A,NO_REAL_CONTRACT_FOUND,N/A
Bobby Stockton,Carolina Panthers,ILB,5959836.0,4,N/A,N/A,NO_REAL_CONTRACT_FOUND,N/A
Darby Foster,Los Angeles A Chargers,LT,20.75,3,N/A,N/A,NO_REAL_CONTRACT_FOUND,N/A
France Waldroup,Los Angeles A Chargers,ROLB,5.5,2,N/A,N/A,NO_REAL_CONTRACT_FOUND,N/A
Mcneil Turpin,New York N Giants,DE,0.0,1,N/A,N/A,NO_CONTRACT_ASSIGNED,N/A
Arch Rodgers,Kansas City Chiefs,RT,5368357.0,4,N/A,N/A,NO_REAL_CONTRACT_FOUND,N/A
Winfield Torrence,Houston Texans,RB,5203768.0,4,N/A,N/A,NO_REAL_CONTRACT_FOUND,N/A
Backnor Stahlman,Atlanta Falcons,S,6188556.0,4,N/A,N/A,NO_REAL_CONTRACT_FOUND,N/A
Neely Abraham,Detroit Lions,ILB,1255000.0,1,N/A,N/A,NO_REAL_CONTRACT_FOUND,N/A
Keshawn Dilweg,Atlanta Falcons,DT,5568448.0,4,N/A,N/A,NO_REAL_CONTRACT_FOUND,N/A
Oliver Mcgrorty,Chicago Bears,CB,4520216.0,4,N/A,N/A,NO_REAL_CONTRACT_FOUND,N/A
Marcell Womack,Cleveland Browns,G,5734740.0,4,N/A,N/A,NO_REAL_CONTRACT_FOUND,N/A
J'Vonne Belk,Arizona Cardinals,RB,1030000.0,1,N/A,N/A,NO_REAL_CONTRACT_FOUND,N/A
Bucky Hartenstine,New York N Giants,G,0.0,1,N/A,N/A,NO_CONTRACT_ASSIGNED,N/A
Selvin Nonnemaker,Philadelphia Eagles,WR,4354296.0,4,N/A,N/A,NO_REAL_CONTRACT_FOUND,N/A
Rondy Hagenbuckle,San Francisco 49ers,LT,1170000.0,1,N/A,N/A,NO_REAL_CONTRACT_FOUND,N/A
Marsharne Speyrer,New York A Jets,FB,1.3375,1,N/A,N/A,NO_REAL_CONTRACT_FOUND,N/A
Derek Corbett,Dallas Cowboys,CB,2085000.0,2,N/A,N/A,NO_REAL_CONTRACT_FOUND,N/A
Godfrey Rule,Indianapolis Colts,WR,4372664.0,4,N/A,N/A,NO_REAL_CONTRACT_FOUND,N/A
Kamil Thielemann,Miami Dolphins,CB,1355000.0,1,N/A,N/A,NO_REAL_CONTRACT_FOUND,N/A
Tramaine Ehrmann,New York A Jets,P,2.84,1,N/A,N/A,NO_REAL_CONTRACT_FOUND,N/A
Dajohn Overstreet,Chicago Bears,DE,4369140.0,4,N/A,N/A,NO_REAL_CONTRACT_FOUND,N/A
Boris Mackert,San Francisco 49ers,G,1337500.0,1,N/A,N/A,NO_REAL_CONTRACT_FOUND,N/A
Arnaz Stevenson,Tampa Bay Buccaneers,G,22000000.0,3,N/A,N/A,NO_REAL_CONTRACT_FOUND,N/A
Theron Uhrinyak,Baltimore Ravens,CB,4477144.0,4,N/A,N/A,NO_REAL_CONTRACT_FOUND,N/A
Plunkett Salas,Minnesota Vikings,DE,795000.0,1,N/A,N/A,NO_REAL_CONTRACT_FOUND,N/A
Buckets Downing,Buffalo Bills,P,960000.0,1,N/A,N/A,NO_REAL_CONTRACT_FOUND,N/A
Rubin Tuthill,Kansas City Chiefs,RB,4333476.0,4,N/A,N/A,NO_REAL_CONTRACT_FOUND,N/A
Jeromey Dibble,Miami Dolphins,CB,7028423.0,4,N/A,N/A,NO_REAL_CONTRACT_FOUND,N/A
Elmer Vactor,Tennessee Titans,DT,1235000.0,1,N/A,N/A,NO_REAL_CONTRACT_FOUND,N/A
Horse Colon,Houston Texans,DE,1337500.0,1,N/A,N/A,NO_REAL_CONTRACT_FOUND,N/A
Bradley Brunet,Tennessee Titans,ILB,4854492.0,4,N/A,N/A,NO_REAL_CONTRACT_FOUND,N/A
Char-Ron Stofa,Miami Dolphins,ROLB,5044908.0,4,N/A,N/A,NO_REAL_CONTRACT_FOUND,N/A
Pooh Koeninger,Las Vegas Raiders,DE,960000.0,1,N/A,N/A,NO_REAL_CONTRACT_FOUND,N/A
Daryll Chipley,Detroit Lions,DT,960000.0,1,N/A,N/A,NO_REAL_CONTRACT_FOUND,N/A
Toy Judd,Arizona Cardinals,ILB,5204760.0,4,N/A,N/A,NO_REAL_CONTRACT_FOUND,N/A
Itula Fann,Cincinnati Bengals,G,6000000.0,2,N/A,N/A,NO_REAL_CONTRACT_FOUND,N/A
Armond Puetz,Las Vegas Raiders,WR,1170000.0,1,N/A,N/A,NO_REAL_CONTRACT_FOUND,N/A
Dallas Motl,Indianapolis Colts,QB,14000000.0,1,N/A,N/A,NO_REAL_CONTRACT_FOUND,N/A
Gayle Ruzich,Kansas City Chiefs,CB,0.2,1,N/A,N/A,NO_REAL_CONTRACT_FOUND,N/A
Shawne Harewood,Tampa Bay Buccaneers,DE,5163260.0,4,N/A,N/A,NO_REAL_CONTRACT_FOUND,N/A
Roydell Volk,Indianapolis Colts,CB,0.2,1,N/A,N/A,NO_REAL_CONTRACT_FOUND,N/A
Greyson Karas,Cleveland Browns,WR,2444000.0,2,N/A,N/A,NO_REAL_CONTRACT_FOUND,N/A
Pesky Geddes,Las Vegas Raiders,CB,4821016.0,4,N/A,N/A,NO_REAL_CONTRACT_FOUND,N/A
Cary Gordy,Miami Dolphins,WR,3.27,1,N/A,N/A,NO_REAL_CONTRACT_FOUND,N/A
Curry Greco,Atlanta Falcons,S,3946300.0,4,N/A,N/A,NO_REAL_CONTRACT_FOUND,N/A
Javier Vrabel,Washington Commanders,RB,1030000.0,1,N/A,N/A,NO_REAL_CONTRACT_FOUND,N/A
Tavian Hale,Buffalo Bills,DT,5247040.0,4,N/A,N/A,NO_REAL_CONTRACT_FOUND,N/A
Damone Heywood,Chicago Bears,DE,3933156.0,4,N/A,N/A,NO_REAL_CONTRACT_FOUND,N/A
Toniu Dykes,Tampa Bay Buccaneers,DT,4609792.0,4,N/A,N/A,NO_REAL_CONTRACT_FOUND,N/A
Danan Colmer,Denver Broncos,DT,4425868.0,4,N/A,N/A,NO_REAL_CONTRACT_FOUND,N/A
Shaunard Maclin,Philadelphia Eagles,TE,3834144.0,4,N/A,N/A,NO_REAL_CONTRACT_FOUND,N/A
Leger Mccullough,New York N Giants,TE,6.259139,4,N/A,N/A,NO_REAL_CONTRACT_FOUND,N/A
Lovell Felker,New York A Jets,K,1.84,1,N/A,N/A,NO_REAL_CONTRACT_FOUND,N/A
Hew Brockel,Los Angeles A Chargers,RB,4.35222,4,N/A,N/A,NO_REAL_CONTRACT_FOUND,N/A
Tavares Monachino,Las Vegas Raiders,TE,1524500.0,1,N/A,N/A,NO_REAL_CONTRACT_FOUND,N/A
Miller Cope,Arizona Cardinals,G,5974778.0,4,N/A,N/A,NO_REAL_CONTRACT_FOUND,N/A
Keyonta Mickey,New York A Jets,RB,5.274276,4,N/A,N/A,NO_REAL_CONTRACT_FOUND,N/A
Burle Fuller,Green Bay Packers,RB,4179776.0,4,N/A,N/A,NO_REAL_CONTRACT_FOUND,N/A
Aaron Arnoux,Jacksonville,ROLB,5.256592,4,N/A,N/A,NO_REAL_CONTRACT_FOUND,N/A
Terrelle Partee,Seattle Seahawks,WR,2705000.0,3,N/A,N/A,NO_REAL_CONTRACT_FOUND,N/A
Thad Ashley,San Francisco 49ers,K,5454080.0,4,N/A,N/A,NO_REAL_CONTRACT_FOUND,N/A
Asa Vitiello,Cleveland Browns,WR,4345408.0,4,N/A,N/A,NO_REAL_CONTRACT_FOUND,N/A
Labrandon Rostosky,Dallas Cowboys,DE,1030000.0,1,N/A,N/A,NO_REAL_CONTRACT_FOUND,N/A
Kendell Babich,New Orleans,P,2.975,3,N/A,N/A,NO_REAL_CONTRACT_FOUND,N/A
Hall Cowne,New England Patriots,C,6207432.0,4,N/A,N/A,NO_REAL_CONTRACT_FOUND,N/A
Mikhael Harkey,Miami Dolphins,CB,4625292.0,4,N/A,N/A,NO_REAL_CONTRACT_FOUND,N/A
Coye Pozderac,New England Patriots,WR,4836596.0,4,N/A,N/A,NO_REAL_CONTRACT_FOUND,N/A
Eber Mcglynn,Buffalo Bills,DE,4274276.0,4,N/A,N/A,NO_REAL_CONTRACT_FOUND,N/A
Deacon Truax,Minnesota Vikings,S,4493544.0,4,N/A,N/A,NO_REAL_CONTRACT_FOUND,N/A
Lonie Fleischmann,Indianapolis Colts,TE,5372473.0,4,N/A,N/A,NO_REAL_CONTRACT_FOUND,N/A
Ed Sagapolutele,New York N Giants,DT,0.775,1,N/A,N/A,NO_REAL_CONTRACT_FOUND,N/A
Roland Decicco,New England Patriots,DT,2475000.0,2,N/A,N/A,NO_REAL_CONTRACT_FOUND,N/A
Gardner Dupree,Washington Commanders,RB,1337500.0,1,N/A,N/A,NO_REAL_CONTRACT_FOUND,N/A
Graham Chamberlin,Buffalo Bills,ILB,2832500.0,3,N/A,N/A,NO_REAL_CONTRACT_FOUND,N/A
Tupe Meads,New England Patriots,K,960000.0,1,N/A,N/A,NO_REAL_CONTRACT_FOUND,N/A
Tyronne Brocklin,San Francisco 49ers,LS,1422500.0,1,N/A,N/A,NO_REAL_CONTRACT_FOUND,N/A
Ruvell Feacher,Las Vegas Raiders,DT,4124520.0,4,N/A,N/A,NO_REAL_CONTRACT_FOUND,N/A
Frostee Faulkner,San Francisco 49ers,WR,4865816.0,4,N/A,N/A,NO_REAL_CONTRACT_FOUND,N/A
Dutch Tomlinson,San Francisco 49ers,DT,7000000.0,2,N/A,N/A,NO_REAL_CONTRACT_FOUND,N/A
Dee Pitta,Buffalo Bills,S,4520216.0,4,N/A,N/A,NO_REAL_CONTRACT_FOUND,N/A
Sol Burger,Tampa Bay Buccaneers,CB,4044372.0,4,N/A,N/A,NO_REAL_CONTRACT_FOUND,N/A
Jarrod Martell,Dallas Cowboys,CB,1755000.0,2,N/A,N/A,NO_REAL_CONTRACT_FOUND,N/A
Estes Sabal,Tennessee Titans,TE,4165372.0,4,N/A,N/A,NO_REAL_CONTRACT_FOUND,N/A
Solon Wendell,New England Patriots,QB,8000000.0,2,N/A,N/A,NO_REAL_CONTRACT_FOUND,N/A
Clendon Draft,Cleveland Browns,DE,1337500.0,1,N/A,N/A,NO_REAL_CONTRACT_FOUND,N/A
Shantee Zofko,Buffalo Bills,G,1200000.0,1,N/A,N/A,NO_REAL_CONTRACT_FOUND,N/A
Johndale Hare,Philadelphia Eagles,G,15953405.0,4,N/A,N/A,NO_REAL_CONTRACT_FOUND,N/A
Riki Shipley,Los Angeles N Rams,WR,5.308536,4,N/A,N/A,NO_REAL_CONTRACT_FOUND,N/A
Willy Mcauliffe,Los Angeles A Chargers,DE,6.130564,4,N/A,N/A,NO_REAL_CONTRACT_FOUND,N/A
Etric Murakowski,Philadelphia Eagles,TE,1750000.0,1,N/A,N/A,NO_REAL_CONTRACT_FOUND,N/A
Zollie Barfield,Las Vegas Raiders,CB,1945000.0,2,N/A,N/A,NO_REAL_CONTRACT_FOUND,N/A
Ugo Romboli,Arizona Cardinals,DT,3000000.0,1,N/A,N/A,NO_REAL_CONTRACT_FOUND,N/A
Israel Atkeson,Carolina Panthers,S,5157116.0,4,N/A,N/A,NO_REAL_CONTRACT_FOUND,N/A
Tody Skinner,Minnesota Vikings,DT,4125988.0,4,N/A,N/A,NO_REAL_CONTRACT_FOUND,N/A
Cannonball Parsons,Jacksonville,DT,7.0186,4,N/A,N/A,NO_REAL_CONTRACT_FOUND,N/A
Tyrus Moje,San Francisco 49ers,QB,8410000.0,2,N/A,N/A,NO_REAL_CONTRACT_FOUND,N/A
Bill Lovuolo,Indianapolis Colts,K,2982500.0,3,N/A,N/A,NO_REAL_CONTRACT_FOUND,N/A
Courtney Pruett,Cincinnati Bengals,CB,1520000.0,1,N/A,N/A,NO_REAL_CONTRACT_FOUND,N/A
Hebron Lahr,Washington Commanders,QB,8000000.0,1,N/A,N/A,NO_REAL_CONTRACT_FOUND,N/A
Dermontti Tandy,Tennessee Titans,CB,840000.0,1,N/A,N/A,NO_REAL_CONTRACT_FOUND,N/A
Vern Francisco,San Francisco 49ers,S,4602376.0,4,N/A,N/A,NO_REAL_CONTRACT_FOUND,N/A
Lyndell Cobb,Cincinnati Bengals,DT,5596312.0,4,N/A,N/A,NO_REAL_CONTRACT_FOUND,N/A
Shirley Wilkin,Detroit Lions,G,4520216.0,4,N/A,N/A,NO_REAL_CONTRACT_FOUND,N/A
Ellis Hixon,Seattle Seahawks,CB,4399072.0,4,N/A,N/A,NO_REAL_CONTRACT_FOUND,N/A
Juran Cotney,Washington Commanders,ILB,4200000.0,2,N/A,N/A,NO_REAL_CONTRACT_FOUND,N/A
Donald Jarvi,Los Angeles N Rams,DE,4.139104,4,N/A,N/A,NO_REAL_CONTRACT_FOUND,N/A
Royal Casteel,Seattle Seahawks,C,6.156456,4,N/A,N/A,NO_REAL_CONTRACT_FOUND,N/A
Coy Ostendarp,Denver Broncos,WR,6581080.0,4,N/A,N/A,NO_REAL_CONTRACT_FOUND,N/A
Latario Olive,Cleveland Browns,RB,4373432.0,4,N/A,N/A,NO_REAL_CONTRACT_FOUND,N/A
Chauncey Andersen,Los Angeles A Chargers,RB,2.97,3,N/A,N/A,NO_REAL_CONTRACT_FOUND,N/A
Ty Bouie,Chicago Bears,G,960000.0,1,N/A,N/A,NO_REAL_CONTRACT_FOUND,N/A
Brendon Byrne,Dallas Cowboys,CB,1170000.0,1,N/A,N/A,NO_REAL_CONTRACT_FOUND,N/A
Akin Gunnels,Baltimore Ravens,CB,4374280.0,4,N/A,N/A,NO_REAL_CONTRACT_FOUND,N/A
Floyd Berthusen,Detroit Lions,WR,1030000.0,1,N/A,N/A,NO_REAL_CONTRACT_FOUND,N/A
Neal Toran,Indianapolis Colts,RB,1170000.0,1,N/A,N/A,NO_REAL_CONTRACT_FOUND,N/A
Jethro Wehba,Denver Broncos,S,1337500.0,1,N/A,N/A,NO_REAL_CONTRACT_FOUND,N/A
Montell Sacca,Los Angeles A Chargers,FB,2.012296,4,N/A,N/A,NO_REAL_CONTRACT_FOUND,N/A
Zeph Schottel,Indianapolis Colts,K,2510000.0,2,N/A,N/A,NO_REAL_CONTRACT_FOUND,N/A
Bunny Mandarich,New Orleans,QB,4.35648,4,N/A,N/A,NO_REAL_CONTRACT_FOUND,N/A
Lane Cureton,Cincinnati Bengals,DT,14.1,2,N/A,N/A,NO_REAL_CONTRACT_FOUND,N/A
Cosey Kapitansky,Baltimore Ravens,CB,4718456.0,4,N/A,N/A,NO_REAL_CONTRACT_FOUND,N/A
Rip Ledyard,Atlanta Falcons,DT,2787500.0,1,N/A,N/A,NO_REAL_CONTRACT_FOUND,N/A
Mose D'Amato,Chicago Bears,CB,4115884.0,4,N/A,N/A,NO_REAL_CONTRACT_FOUND,N/A
Vick Champion,Los Angeles N Rams,TE,9.713466,4,N/A,N/A,NO_REAL_CONTRACT_FOUND,N/A
Junie Bratkowski,Tampa Bay Buccaneers,WR,4323940.0,4,N/A,N/A,NO_REAL_CONTRACT_FOUND,N/A
Ramsey Levoir,Las Vegas Raiders,ILB,4357712.0,4,N/A,N/A,NO_REAL_CONTRACT_FOUND,N/A
Tarek Hartwig,Chicago Bears,RB,1750000.0,1,N/A,N/A,NO_REAL_CONTRACT_FOUND,N/A
Hamza Fuamatu-Ma'Afala,Chicago Bears,CB,1255000.0,1,N/A,N/A,NO_REAL_CONTRACT_FOUND,N/A
Yonel Noyes,Denver Broncos,RB,795000.0,1,N/A,N/A,NO_REAL_CONTRACT_FOUND,N/A
Aeneas Shockley,Seattle Seahawks,CB,1170000.0,1,N/A,N/A,NO_REAL_CONTRACT_FOUND,N/A
Blair Lehman,New York A Jets,DE,2.520216,4,N/A,N/A,NO_REAL_CONTRACT_FOUND,N/A
Earnest Addams,Philadelphia Eagles,G,5750443.0,4,N/A,N/A,NO_REAL_CONTRACT_FOUND,N/A
Torrey Enke,New York A Jets,WR,1.3375,1,N/A,N/A,NO_REAL_CONTRACT_FOUND,N/A
Vernice Collett,New York A Jets,QB,14.0,2,N/A,N/A,NO_REAL_CONTRACT_FOUND,N/A
Alvin Henning,New Orleans,RB,0.0,1,N/A,N/A,NO_CONTRACT_ASSIGNED,N/A
Lon Pettway,New Orleans,DT,5.637796,4,N/A,N/A,NO_REAL_CONTRACT_FOUND,N/A
Lecharls Sodaski,Houston Texans,WR,4003704.0,4,N/A,N/A,NO_REAL_CONTRACT_FOUND,N/A
Fuzzy Broda,Tennessee Titans,WR,2985000.0,3,N/A,N/A,NO_REAL_CONTRACT_FOUND,N/A
Torrin Sandy,Jacksonville,DE,3.205216,4,N/A,N/A,NO_REAL_CONTRACT_FOUND,N/A
Robin Betters,Carolina Panthers,LT,8000000.0,2,N/A,N/A,NO_REAL_CONTRACT_FOUND,N/A
Orian Kompara,Los Angeles N Rams,CB,0.0,1,N/A,N/A,NO_CONTRACT_ASSIGNED,N/A
Leander Testerman,Baltimore Ravens,DT,4374280.0,4,N/A,N/A,NO_REAL_CONTRACT_FOUND,N/A
Roddrick Ealy,Detroit Lions,DE,4429892.0,4,N/A,N/A,NO_REAL_CONTRACT_FOUND,N/A
Mckinley Devaughn,Las Vegas Raiders,QB,4349380.0,4,N/A,N/A,NO_REAL_CONTRACT_FOUND,N/A
Dre' Trigilio,Tennessee Titans,CB,1170000.0,1,N/A,N/A,NO_REAL_CONTRACT_FOUND,N/A
Harrison Widmer,Baltimore Ravens,WR,1170000.0,1,N/A,N/A,NO_REAL_CONTRACT_FOUND,N/A
Stone Delong,Philadelphia Eagles,DE,4374280.0,4,N/A,N/A,NO_REAL_CONTRACT_FOUND,N/A
Pervis Yamini,New York A Jets,WR,7.241652,4,N/A,N/A,NO_REAL_CONTRACT_FOUND,N/A
Joey Fishel,Cincinnati Bengals,ILB,5182116.0,4,N/A,N/A,NO_REAL_CONTRACT_FOUND,N/A
Fernanza Mosebar,Baltimore Ravens,G,1170000.0,1,N/A,N/A,NO_REAL_CONTRACT_FOUND,N/A
Jaret Willy,Miami Dolphins,DT,2000000.0,1,N/A,N/A,NO_REAL_CONTRACT_FOUND,N/A
Gasper Crouch,Los Angeles A Chargers,WR,6.134592,4,N/A,N/A,NO_REAL_CONTRACT_FOUND,N/A
Germane Caffey,Houston Texans,TE,2100000.0,1,N/A,N/A,NO_REAL_CONTRACT_FOUND,N/A
Matthew Stablein,New York N Giants,WR,2.715,3,N/A,N/A,NO_REAL_CONTRACT_FOUND,N/A
London Hons,New England Patriots,RT,6043304.0,4,N/A,N/A,NO_REAL_CONTRACT_FOUND,N/A
Honolulu Brackens,Denver Broncos,G,1170000.0,1,N/A,N/A,NO_REAL_CONTRACT_FOUND,N/A
Hines Kremer,Washington Commanders,DT,1255000.0,1,N/A,N/A,NO_REAL_CONTRACT_FOUND,N/A
Kink Stroth,Cincinnati Bengals,DE,4158388.0,4,N/A,N/A,NO_REAL_CONTRACT_FOUND,N/A
Marsh Fencik,Los Angeles N Rams,ROLB,1.764444,4,N/A,N/A,NO_REAL_CONTRACT_FOUND,N/A
Keshon Sampson,Washington Commanders,RB,1030000.0,1,N/A,N/A,NO_REAL_CONTRACT_FOUND,N/A
Marquice Brupbacher,New England Patriots,ILB,13508000.0,2,N/A,N/A,NO_REAL_CONTRACT_FOUND,N/A
Az-Zahir Magner,Jacksonville,G,7.0,2,N/A,N/A,NO_REAL_CONTRACT_FOUND,N/A
Weslye Starr,San Francisco 49ers,DT,5211088.0,4,N/A,N/A,NO_REAL_CONTRACT_FOUND,N/A
Shadwick Bacchus,Baltimore Ravens,QB,6200000.0,2,N/A,N/A,NO_REAL_CONTRACT_FOUND,N/A
Hinkey Roehnelt,Detroit Lions,RB,1320000.0,1,N/A,N/A,NO_REAL_CONTRACT_FOUND,N/A
Sweeny Veldheer,Seattle Seahawks,S,3.37,1,N/A,N/A,NO_REAL_CONTRACT_FOUND,N/A
Jaymar Smeach,New England Patriots,CB,840000.0,1,N/A,N/A,NO_REAL_CONTRACT_FOUND,N/A
Carlyle Aughtman,Chicago Bears,DE,1030000.0,1,N/A,N/A,NO_REAL_CONTRACT_FOUND,N/A
Edgerrin Blumenstock,Indianapolis Colts,S,4147836.0,4,N/A,N/A,NO_REAL_CONTRACT_FOUND,N/A
Antowain Aiello,San Francisco 49ers,CB,4153512.0,4,N/A,N/A,NO_REAL_CONTRACT_FOUND,N/A
Randall Holman,Los Angeles N Rams,RT,1.33,1,N/A,N/A,NO_REAL_CONTRACT_FOUND,N/A
Jamize Langhorne,Los Angeles A Chargers,CB,3.759664,4,N/A,N/A,NO_REAL_CONTRACT_FOUND,N/A
Pres Stratton,Arizona Cardinals,RB,8250000.0,3,N/A,N/A,NO_REAL_CONTRACT_FOUND,N/A
Lasalle Crusan,New England Patriots,S,2839000.0,3,N/A,N/A,NO_REAL_CONTRACT_FOUND,N/A
Marshay Incognito,Cincinnati Bengals,QB,1100000.0,1,N/A,N/A,NO_REAL_CONTRACT_FOUND,N/A
Edwin Lininger,Pittsburgh Steelers,TE,1170000.0,1,N/A,N/A,NO_REAL_CONTRACT_FOUND,N/A
Tuffy Frye,Denver Broncos,DE,960000.0,1,N/A,N/A,NO_REAL_CONTRACT_FOUND,N/A
Prince Kirksey,New York A Jets,RB,2.985,3,N/A,N/A,NO_REAL_CONTRACT_FOUND,N/A
Maury Drechsler,Las Vegas Raiders,WR,5250900.0,4,N/A,N/A,NO_REAL_CONTRACT_FOUND,N/A
Ahtyba Bequette,Pittsburgh Steelers,CB,4333452.0,4,N/A,N/A,NO_REAL_CONTRACT_FOUND,N/A
Bryant Heyward-Bey,Cincinnati Bengals,TE,10500000.0,3,N/A,N/A,NO_REAL_CONTRACT_FOUND,N/A
Eagle Locklear,New England Patriots,WR,2990000.0,3,N/A,N/A,NO_REAL_CONTRACT_FOUND,N/A
Michael Ayi,Atlanta Falcons,G,1422500.0,1,N/A,N/A,NO_REAL_CONTRACT_FOUND,N/A
Darryll Newsom,Seattle Seahawks,TE,8813367.0,4,N/A,N/A,NO_REAL_CONTRACT_FOUND,N/A
Selvish Busch,Chicago Bears,S,3737008.0,4,N/A,N/A,NO_REAL_CONTRACT_FOUND,N/A
Cid Crosby,New York N Giants,RB,4.084976,4,N/A,N/A,NO_REAL_CONTRACT_FOUND,N/A
Jarron Weeden,New Orleans,DE,5.301672,4,N/A,N/A,NO_REAL_CONTRACT_FOUND,N/A
Egypt Widseth,Detroit Lions,WR,6664452.0,4,N/A,N/A,NO_REAL_CONTRACT_FOUND,N/A
Art Wanless,Las Vegas Raiders,S,7450000.0,2,N/A,N/A,NO_REAL_CONTRACT_FOUND,N/A
Khreem Stautzenberger,Tennessee Titans,G,4560612.0,4,N/A,N/A,NO_REAL_CONTRACT_FOUND,N/A
Kelly Toone,Indianapolis Colts,LOLB,1100000.0,1,N/A,N/A,NO_REAL_CONTRACT_FOUND,N/A
Jacquizz Gorgal,Las Vegas Raiders,LS,3815000.0,3,N/A,N/A,NO_REAL_CONTRACT_FOUND,N/A
Joseph Pellegrini,Cincinnati Bengals,QB,1945000.0,2,N/A,N/A,NO_REAL_CONTRACT_FOUND,N/A
Sheddrick Ugoh,Dallas Cowboys,WR,0.0,1,N/A,N/A,NO_CONTRACT_ASSIGNED,N/A
Pat Cochran,Indianapolis Colts,RT,4117273.0,4,N/A,N/A,NO_REAL_CONTRACT_FOUND,N/A
Aric Bosarge,Washington Commanders,DE,1337500.0,1,N/A,N/A,NO_REAL_CONTRACT_FOUND,N/A
Conrad Comstock,Tennessee Titans,DT,1170000.0,1,N/A,N/A,NO_REAL_CONTRACT_FOUND,N/A
White Ta'Ufo'Ou,Tennessee Titans,WR,1170000.0,1,N/A,N/A,NO_REAL_CONTRACT_FOUND,N/A
Alcides Morey,Arizona Cardinals,S,4169532.0,4,N/A,N/A,NO_REAL_CONTRACT_FOUND,N/A
Tunch Childs,New York N Giants,QB,14.977927,4,N/A,N/A,NO_REAL_CONTRACT_FOUND,N/A
Marty Pucci,New York A Jets,DT,0.0,1,N/A,N/A,NO_CONTRACT_ASSIGNED,N/A
Jody Shay,Houston Texans,S,4443800.0,4,N/A,N/A,NO_REAL_CONTRACT_FOUND,N/A
Kynan Bangs,New York A Jets,TE,3.044908,4,N/A,N/A,NO_REAL_CONTRACT_FOUND,N/A
Quinn Duckett,Tennessee Titans,WR,4223668.0,4,N/A,N/A,NO_REAL_CONTRACT_FOUND,N/A
Menz Scifres,Tennessee Titans,DE,1405000.0,1,N/A,N/A,NO_REAL_CONTRACT_FOUND,N/A
Natu Mcchesney,Philadelphia Eagles,WR,4217008.0,4,N/A,N/A,NO_REAL_CONTRACT_FOUND,N/A
Jerrell Jacobson,Jacksonville,TE,7.5,2,N/A,N/A,NO_REAL_CONTRACT_FOUND,N/A
Deral Polley,New York N Giants,DT,5.923768,4,N/A,N/A,NO_REAL_CONTRACT_FOUND,N/A
Asante Epps,Chicago Bears,RT,5914322.0,4,N/A,N/A,NO_REAL_CONTRACT_FOUND,N/A
Tiny Eisenhauer,New York N Giants,CB,6.30444,4,N/A,N/A,NO_REAL_CONTRACT_FOUND,N/A
Lenvil Garland,Indianapolis Colts,WR,1255000.0,1,N/A,N/A,NO_REAL_CONTRACT_FOUND,N/A
Jyles Gaechter,New York N Giants,WR,0.0,1,N/A,N/A,NO_CONTRACT_ASSIGNED,N/A
Sankar Wagner,Jacksonville,C,0.0,1,N/A,N/A,NO_CONTRACT_ASSIGNED,N/A
Trai Chirico,New York A Jets,S,7.09814,4,N/A,N/A,NO_REAL_CONTRACT_FOUND,N/A
Smokey Reckmack,Kansas City Chiefs,DT,1337500.0,1,N/A,N/A,NO_REAL_CONTRACT_FOUND,N/A
Amari Kopcha,Denver Broncos,DT,1100000.0,1,N/A,N/A,NO_REAL_CONTRACT_FOUND,N/A
Eben Grottkau,Denver Broncos,LT,7000000.0,2,N/A,N/A,NO_REAL_CONTRACT_FOUND,N/A
Haywood Borum,New York A Jets,G,5.456024,4,N/A,N/A,NO_REAL_CONTRACT_FOUND,N/A
Nels Baughan,Tampa Bay Buccaneers,G,1170000.0,1,N/A,N/A,NO_REAL_CONTRACT_FOUND,N/A
Merlin Osweiler,Seattle Seahawks,DT,4172076.0,4,N/A,N/A,NO_REAL_CONTRACT_FOUND,N/A
Deji Liles,New York N Giants,WR,0.03,1,N/A,N/A,NO_REAL_CONTRACT_FOUND,N/A
Mally Kampman,New England Patriots,ROLB,1055000.0,1,N/A,N/A,NO_REAL_CONTRACT_FOUND,N/A
Obert Jammer,Philadelphia Eagles,DT,3917784.0,4,N/A,N/A,NO_REAL_CONTRACT_FOUND,N/A
Carmine Mccain,Houston Texans,CB,1337500.0,1,N/A,N/A,NO_REAL_CONTRACT_FOUND,N/A
Diddie Fiedler,Cleveland Browns,LOLB,795000.0,1,N/A,N/A,NO_REAL_CONTRACT_FOUND,N/A
Roell Boyce,Arizona Cardinals,G,2225000.0,2,N/A,N/A,NO_REAL_CONTRACT_FOUND,N/A
Traye Barbolak,Los Angeles A Chargers,TE,3.574036,4,N/A,N/A,NO_REAL_CONTRACT_FOUND,N/A
Myron Napier,Los Angeles A Chargers,DT,4.97888,4,N/A,N/A,NO_REAL_CONTRACT_FOUND,N/A
Ivy Lafary,Arizona Cardinals,ROLB,4084976.0,4,N/A,N/A,NO_REAL_CONTRACT_FOUND,N/A
Kerry Hood,Dallas Cowboys,RB,4311532.0,4,N/A,N/A,NO_REAL_CONTRACT_FOUND,N/A
Pierre Lokanc,Tampa Bay Buccaneers,WR,2720000.0,3,N/A,N/A,NO_REAL_CONTRACT_FOUND,N/A
Martellus Steinkemper,New York A Jets,DE,0.17,1,N/A,N/A,NO_REAL_CONTRACT_FOUND,N/A
Santo Dar,Baltimore Ravens,RB,4309868.0,4,N/A,N/A,NO_REAL_CONTRACT_FOUND,N/A
Ostell Kreamcheck,Jacksonville,C,22.0,3,N/A,N/A,NO_REAL_CONTRACT_FOUND,N/A
Lars Mcbride,Kansas City Chiefs,TE,1255000.0,1,N/A,N/A,NO_REAL_CONTRACT_FOUND,N/A
Arthur Burnham,Houston Texans,S,1100000.0,1,N/A,N/A,NO_REAL_CONTRACT_FOUND,N/A
Rushen Marcus,Dallas Cowboys,WR,4158388.0,4,N/A,N/A,NO_REAL_CONTRACT_FOUND,N/A
Erk Bickett,Seattle Seahawks,DT,4667500.0,4,N/A,N/A,NO_REAL_CONTRACT_FOUND,N/A
Waldo Mikula,San Francisco 49ers,DE,1030000.0,1,N/A,N/A,NO_REAL_CONTRACT_FOUND,N/A
Walt Beach,Washington Commanders,DT,1322500.0,1,N/A,N/A,NO_REAL_CONTRACT_FOUND,N/A
Golden Goldberg,Detroit Lions,RB,4673544.0,4,N/A,N/A,NO_REAL_CONTRACT_FOUND,N/A
Deuce Mustard,Tampa Bay Buccaneers,ROLB,4157324.0,4,N/A,N/A,NO_REAL_CONTRACT_FOUND,N/A
Deveron Kotal,Philadelphia Eagles,ILB,4595460.0,4,N/A,N/A,NO_REAL_CONTRACT_FOUND,N/A
Winston Bugenhagen,San Francisco 49ers,G,4332056.0,4,N/A,N/A,NO_REAL_CONTRACT_FOUND,N/A
Gardie Keathley,Seattle Seahawks,WR,1170000.0,1,N/A,N/A,NO_REAL_CONTRACT_FOUND,N/A
Galen Elmendorf,Miami Dolphins,WR,4104436.0,4,N/A,N/A,NO_REAL_CONTRACT_FOUND,N/A
Hermit Longua,Las Vegas Raiders,RT,3757060.0,4,N/A,N/A,NO_REAL_CONTRACT_FOUND,N/A
Lamichael Parson,Minnesota Vikings,S,9315000.0,3,N/A,N/A,NO_REAL_CONTRACT_FOUND,N/A
Moe Izzo,Arizona Cardinals,TE,5789912.0,4,N/A,N/A,NO_REAL_CONTRACT_FOUND,N/A
Ace Vasicek,Las Vegas Raiders,DT,4865816.0,4,N/A,N/A,NO_REAL_CONTRACT_FOUND,N/A
Saxon Huzvar,Houston Texans,CB,6500000.0,2,N/A,N/A,NO_REAL_CONTRACT_FOUND,N/A
Damon Cappadona,Las Vegas Raiders,S,4138728.0,4,N/A,N/A,NO_REAL_CONTRACT_FOUND,N/A
Moose Goff,Los Angeles N Rams,ILB,0.0,1,N/A,N/A,NO_CONTRACT_ASSIGNED,N/A
Kai Ilg,Detroit Lions,C,3.27,1,N/A,N/A,NO_REAL_CONTRACT_FOUND,N/A
Rohn Pisarcik,New Orleans,QB,10.804721,4,N/A,N/A,NO_REAL_CONTRACT_FOUND,N/A
Dorsey Greaves,Indianapolis Colts,RB,1030000.0,1,N/A,N/A,NO_REAL_CONTRACT_FOUND,N/A
Breezy Busing,Jacksonville,DT,3.527124,4,N/A,N/A,NO_REAL_CONTRACT_FOUND,N/A
Haven Brandes,Kansas City Chiefs,WR,1100000.0,1,N/A,N/A,NO_REAL_CONTRACT_FOUND,N/A
Leonta Zolak,Green Bay Packers,WR,2965000.0,3,N/A,N/A,NO_REAL_CONTRACT_FOUND,N/A
Martez Manzini,Chicago Bears,DT,5763791.0,4,N/A,N/A,NO_REAL_CONTRACT_FOUND,N/A
Artose Cartwright,Seattle Seahawks,TE,4775108.0,4,N/A,N/A,NO_REAL_CONTRACT_FOUND,N/A
Jaby Olerich,San Francisco 49ers,WR,2.2,1,N/A,N/A,NO_REAL_CONTRACT_FOUND,N/A
Donn Kyle,Miami Dolphins,RT,1875000.0,2,N/A,N/A,NO_REAL_CONTRACT_FOUND,N/A
Tad Meester,New York A Jets,DE,3.85,3,N/A,N/A,NO_REAL_CONTRACT_FOUND,N/A
Jabaal Silvestro,Atlanta Falcons,RT,1170000.0,1,N/A,N/A,NO_REAL_CONTRACT_FOUND,N/A
Logan Mcmanis,Dallas Cowboys,CB,1422500.0,1,N/A,N/A,NO_REAL_CONTRACT_FOUND,N/A
Garry Kadela,Houston Texans,TE,4758936.0,4,N/A,N/A,NO_REAL_CONTRACT_FOUND,N/A
Dalva Puente,Baltimore Ravens,RT,4669596.0,4,N/A,N/A,NO_REAL_CONTRACT_FOUND,N/A
Ogden Chester,Jacksonville,WR,1.98,3,N/A,N/A,NO_REAL_CONTRACT_FOUND,N/A
Ron Speer,Philadelphia Eagles,LS,1422500.0,1,N/A,N/A,NO_REAL_CONTRACT_FOUND,N/A
Brodrick Crable,New Orleans,DE,0.0,1,N/A,N/A,NO_CONTRACT_ASSIGNED,N/A
Stanley Thornbladh,Arizona Cardinals,RT,4330456.0,4,N/A,N/A,NO_REAL_CONTRACT_FOUND,N/A
Dorne Mcpherson,Las Vegas Raiders,S,4084976.0,4,N/A,N/A,NO_REAL_CONTRACT_FOUND,N/A
Navy Pignatelli,New York A Jets,RT,1.3375,1,N/A,N/A,NO_REAL_CONTRACT_FOUND,N/A
Erron Phipps,Los Angeles N Rams,RB,0.842,3,N/A,N/A,NO_REAL_CONTRACT_FOUND,N/A
Colt Estandia,Green Bay Packers,DT,4607928.0,4,N/A,N/A,NO_REAL_CONTRACT_FOUND,N/A
Hasson Alvarez,Green Bay Packers,WR,840000.0,1,N/A,N/A,NO_REAL_CONTRACT_FOUND,N/A
Shine Natkin,Pittsburgh Steelers,CB,3924436.0,4,N/A,N/A,NO_REAL_CONTRACT_FOUND,N/A
Takeo Nwokorie,New York N Giants,DT,4.014116,4,N/A,N/A,NO_REAL_CONTRACT_FOUND,N/A
Bug Medved,San Francisco 49ers,CB,1100000.0,1,N/A,N/A,NO_REAL_CONTRACT_FOUND,N/A
Lewis Sensanbaugher,Miami Dolphins,S,4614784.0,4,N/A,N/A,NO_REAL_CONTRACT_FOUND,N/A
Ramzee Hinton,Houston Texans,RB,1800000.0,1,N/A,N/A,NO_REAL_CONTRACT_FOUND,N/A
Dyshod Palelei,Jacksonville,CB,5.352228,4,N/A,N/A,NO_REAL_CONTRACT_FOUND,N/A
Marvell Gabbert,San Francisco 49ers,ROLB,3973336.0,4,N/A,N/A,NO_REAL_CONTRACT_FOUND,N/A
Myrt Biedermann,Detroit Lions,WR,4306772.0,4,N/A,N/A,NO_REAL_CONTRACT_FOUND,N/A
Hollis Whelan,Washington Commanders,ROLB,18.774464,4,N/A,N/A,NO_REAL_CONTRACT_FOUND,N/A
Garth Cockrell,Houston Texans,DE,4641036.0,4,N/A,N/A,NO_REAL_CONTRACT_FOUND,N/A
Babe Riggle,Buffalo Bills,ROLB,4334024.0,4,N/A,N/A,NO_REAL_CONTRACT_FOUND,N/A
Stafon Ta'Amu,Tampa Bay Buccaneers,G,4158388.0,4,N/A,N/A,NO_REAL_CONTRACT_FOUND,N/A
Spain Sylvester,Kansas City Chiefs,CB,960000.0,1,N/A,N/A,NO_REAL_CONTRACT_FOUND,N/A
Hubert Schuette,Seattle Seahawks,TE,1422500.0,1,N/A,N/A,NO_REAL_CONTRACT_FOUND,N/A
Lucas Rozumek,Miami Dolphins,CB,1945000.0,2,N/A,N/A,NO_REAL_CONTRACT_FOUND,N/A
Solomon Nolting,San Francisco 49ers,DT,960000.0,1,N/A,N/A,NO_REAL_CONTRACT_FOUND,N/A
Reb Slough,Minnesota Vikings,DE,840000.0,1,N/A,N/A,NO_REAL_CONTRACT_FOUND,N/A
Fendi Jasper,Detroit Lions,LT,4745656.0,4,N/A,N/A,NO_REAL_CONTRACT_FOUND,N/A
Markell Visger,Tennessee Titans,TE,5172908.0,4,N/A,N/A,NO_REAL_CONTRACT_FOUND,N/A
Sedrick Daukas,New York N Giants,WR,3.3375,1,N/A,N/A,NO_REAL_CONTRACT_FOUND,N/A
Obafemi Willson,Houston Texans,TE,1230000.0,1,N/A,N/A,NO_REAL_CONTRACT_FOUND,N/A
Marquise Julian,Cincinnati Bengals,WR,2845000.0,3,N/A,N/A,NO_REAL_CONTRACT_FOUND,N/A
Leif Banaszek,Miami Dolphins,G,1170000.0,1,N/A,N/A,NO_REAL_CONTRACT_FOUND,N/A
Irving Kopay,Houston Texans,FB,1180000.0,1,N/A,N/A,NO_REAL_CONTRACT_FOUND,N/A
Kyries Boston,Cincinnati Bengals,LT,4620980.0,4,N/A,N/A,NO_REAL_CONTRACT_FOUND,N/A
Shante Sanzenbacher,Dallas Cowboys,WR,3922360.0,4,N/A,N/A,NO_REAL_CONTRACT_FOUND,N/A
Ahmad Aguirre,Los Angeles A Chargers,RT,1.835928,4,N/A,N/A,NO_REAL_CONTRACT_FOUND,N/A
Veno Supulski,Tennessee Titans,ROLB,4109492.0,4,N/A,N/A,NO_REAL_CONTRACT_FOUND,N/A
Averell Scarlett,Kansas City Chiefs,LS,1650000.0,1,N/A,N/A,NO_REAL_CONTRACT_FOUND,N/A
Father Scheuer,Seattle Seahawks,DE,840000.0,1,N/A,N/A,NO_REAL_CONTRACT_FOUND,N/A
Flash Barron,New York A Jets,ILB,3.3375,1,N/A,N/A,NO_REAL_CONTRACT_FOUND,N/A
Izzy Jimoh,Chicago Bears,DE,960000.0,1,N/A,N/A,NO_REAL_CONTRACT_FOUND,N/A
Elnardo Arkin,Carolina Panthers,G,4158388.0,4,N/A,N/A,NO_REAL_CONTRACT_FOUND,N/A
Blanche Wendryhoski,Kansas City Chiefs,WR,960000.0,1,N/A,N/A,NO_REAL_CONTRACT_FOUND,N/A
Dana Macioszczyk,Jacksonville,RT,3.817064,4,N/A,N/A,NO_REAL_CONTRACT_FOUND,N/A
Kareem Burgess,New Orleans,ILB,4.274276,4,N/A,N/A,NO_REAL_CONTRACT_FOUND,N/A
Demar Pense,Los Angeles N Rams,S,1.845,3,N/A,N/A,NO_REAL_CONTRACT_FOUND,N/A
Filip Tice,New York A Jets,S,13.0,2,N/A,N/A,NO_REAL_CONTRACT_FOUND,N/A
Dowe Mcinnis,New England Patriots,S,1800000.0,1,N/A,N/A,NO_REAL_CONTRACT_FOUND,N/A
Dolph Critchfield,Las Vegas Raiders,ILB,1255000.0,1,N/A,N/A,NO_REAL_CONTRACT_FOUND,N/A
Errol Zuttah,Atlanta Falcons,ILB,4370024.0,4,N/A,N/A,NO_REAL_CONTRACT_FOUND,N/A
Romeo Degree,Kansas City Chiefs,ROLB,4613652.0,4,N/A,N/A,NO_REAL_CONTRACT_FOUND,N/A
Orville June,Philadelphia Eagles,LOLB,4348468.0,4,N/A,N/A,NO_REAL_CONTRACT_FOUND,N/A
Ki-Jana Buksar,Carolina Panthers,WR,4395440.0,4,N/A,N/A,NO_REAL_CONTRACT_FOUND,N/A
Adam Chrebet,Los Angeles N Rams,QB,1.005,1,N/A,N/A,NO_REAL_CONTRACT_FOUND,N/A
Carleton Mesak,Las Vegas Raiders,DT,4467140.0,4,N/A,N/A,NO_REAL_CONTRACT_FOUND,N/A
Kirk Whitted,New Orleans,DE,3.22,1,N/A,N/A,NO_REAL_CONTRACT_FOUND,N/A
Edell Isselhardt,Washington Commanders,ILB,4391228.0,4,N/A,N/A,NO_REAL_CONTRACT_FOUND,N/A
Scrapper Joachim,Tampa Bay Buccaneers,DE,795000.0,1,N/A,N/A,NO_REAL_CONTRACT_FOUND,N/A
Peter Jencks,Minnesota Vikings,LT,2000000.0,1,N/A,N/A,NO_REAL_CONTRACT_FOUND,N/A
Norb Trost,Green Bay Packers,CB,840000.0,1,N/A,N/A,NO_REAL_CONTRACT_FOUND,N/A
Babatunde Schwedes,New York A Jets,RB,1.44,1,N/A,N/A,NO_REAL_CONTRACT_FOUND,N/A
Fungy Burney,Cleveland Browns,QB,14067905.0,4,N/A,N/A,NO_REAL_CONTRACT_FOUND,N/A
Gino Atwater,Atlanta Falcons,DE,1170000.0,1,N/A,N/A,NO_REAL_CONTRACT_FOUND,N/A
Lynell Keefer,Los Angeles A Chargers,RB,5.227436,4,N/A,N/A,NO_REAL_CONTRACT_FOUND,N/A
Rodger Holcombe,Green Bay Packers,S,4274276.0,4,N/A,N/A,NO_REAL_CONTRACT_FOUND,N/A
Rocky Woodruff,New York A Jets,CB,1.6,1,N/A,N/A,NO_REAL_CONTRACT_FOUND,N/A
Herbie Cogdill,Houston Texans,DT,1800000.0,1,N/A,N/A,NO_REAL_CONTRACT_FOUND,N/A
Dalton Prestel,Carolina Panthers,DT,1030000.0,1,N/A,N/A,NO_REAL_CONTRACT_FOUND,N/A
Bruce Houser,Los Angeles N Rams,DT,0.0,1,N/A,N/A,NO_CONTRACT_ASSIGNED,N/A
Sherrill Gainor,Miami Dolphins,G,2225000.0,1,N/A,N/A,NO_REAL_CONTRACT_FOUND,N/A
Ira Asbury,Buffalo Bills,DT,840000.0,1,N/A,N/A,NO_REAL_CONTRACT_FOUND,N/A
Jacky Stanciel,Pittsburgh Steelers,QB,7500000.0,2,N/A,N/A,NO_REAL_CONTRACT_FOUND,N/A
Tito Mitrione,San Francisco 49ers,C,2370000.0,2,N/A,N/A,NO_REAL_CONTRACT_FOUND,N/A
Polly Mcquilken,Miami Dolphins,DT,0.0,1,N/A,N/A,NO_CONTRACT_ASSIGNED,N/A
Joselio Ballou,Green Bay Packers,CB,4313840.0,4,N/A,N/A,NO_REAL_CONTRACT_FOUND,N/A
Corl Barnikow,Pittsburgh Steelers,S,6500000.0,2,N/A,N/A,NO_REAL_CONTRACT_FOUND,N/A
Andre Sansen,Carolina Panthers,TE,4590968.0,4,N/A,N/A,NO_REAL_CONTRACT_FOUND,N/A
Romby Dufft,Denver Broncos,LS,4175000.0,3,N/A,N/A,NO_REAL_CONTRACT_FOUND,N/A
Carnell Kolodziej,Cleveland Browns,ILB,2720000.0,3,N/A,N/A,NO_REAL_CONTRACT_FOUND,N/A
Eldridge Berton,Cleveland Browns,CB,4130332.0,4,N/A,N/A,NO_REAL_CONTRACT_FOUND,N/A
Khary Pietrosante,Atlanta Falcons,WR,2985000.0,3,N/A,N/A,NO_REAL_CONTRACT_FOUND,N/A
Brooks Germaine,Kansas City Chiefs,WR,915000.0,1,N/A,N/A,NO_REAL_CONTRACT_FOUND,N/A
Emanuel Marko,Tennessee Titans,LT,2.0,1,N/A,N/A,NO_REAL_CONTRACT_FOUND,N/A
Akwasi Addai,Philadelphia Eagles,CB,1170000.0,1,N/A,N/A,NO_REAL_CONTRACT_FOUND,N/A
Dunstan Speelman,Dallas Cowboys,DT,2035000.0,2,N/A,N/A,NO_REAL_CONTRACT_FOUND,N/A
Tebucky Grady,Denver Broncos,DE,5054256.0,4,N/A,N/A,NO_REAL_CONTRACT_FOUND,N/A
Ching Griffing,Seattle Seahawks,DT,1100000.0,1,N/A,N/A,NO_REAL_CONTRACT_FOUND,N/A
Marrio Coronado,New York A Jets,CB,5.274276,4,N/A,N/A,NO_REAL_CONTRACT_FOUND,N/A
Hassan Cordill,Los Angeles A Chargers,S,5.37428,4,N/A,N/A,NO_REAL_CONTRACT_FOUND,N/A
Vyto Plump,Carolina Panthers,RB,1100000.0,1,N/A,N/A,NO_REAL_CONTRACT_FOUND,N/A
Tam Fultz,Seattle Seahawks,WR,4312700.0,4,N/A,N/A,NO_REAL_CONTRACT_FOUND,N/A
Eason Sherman,Los Angeles N Rams,RB,0.0,1,N/A,N/A,NO_CONTRACT_ASSIGNED,N/A
Theotis Yagiello,Chicago Bears,ILB,5079588.0,4,N/A,N/A,NO_REAL_CONTRACT_FOUND,N/A
Darrien Gachkar,Dallas Cowboys,G,1170000.0,1,N/A,N/A,NO_REAL_CONTRACT_FOUND,N/A
Allama Ashton,Chicago Bears,WR,1030000.0,1,N/A,N/A,NO_REAL_CONTRACT_FOUND,N/A
Jay Deriggi,Cleveland Browns,QB,4647380.0,4,N/A,N/A,NO_REAL_CONTRACT_FOUND,N/A
Devale Jetmore,Carolina Panthers,CB,2840000.0,3,N/A,N/A,NO_REAL_CONTRACT_FOUND,N/A
Fate Inman,Seattle Seahawks,CB,0.2,1,N/A,N/A,NO_REAL_CONTRACT_FOUND,N/A
Dell Atogwe,Arizona Cardinals,WR,1750000.0,1,N/A,N/A,NO_REAL_CONTRACT_FOUND,N/A
Delawrence Fiske,Dallas Cowboys,G,2705000.0,3,N/A,N/A,NO_REAL_CONTRACT_FOUND,N/A
Sha'Reff Carl,Philadelphia Eagles,DT,0.915,1,N/A,N/A,NO_REAL_CONTRACT_FOUND,N/A
Freddie Echols,Indianapolis Colts,DT,4434360.0,4,N/A,N/A,NO_REAL_CONTRACT_FOUND,N/A
Alfonzo Cordovano,Houston Texans,DT,985000.0,1,N/A,N/A,NO_REAL_CONTRACT_FOUND,N/A
Adolph Vinatieri,Cleveland Browns,CB,1337500.0,1,N/A,N/A,NO_REAL_CONTRACT_FOUND,N/A
Barret Sucic,Los Angeles N Rams,ILB,1.1,1,N/A,N/A,NO_REAL_CONTRACT_FOUND,N/A
Dimp Cecil,Pittsburgh Steelers,RB,1170000.0,1,N/A,N/A,NO_REAL_CONTRACT_FOUND,N/A
Reshad Vacanti,Los Angeles A Chargers,CB,6.301672,4,N/A,N/A,NO_REAL_CONTRACT_FOUND,N/A
Von Angulo,Jacksonville,ILB,5.576936,4,N/A,N/A,NO_REAL_CONTRACT_FOUND,N/A
Morris Rentz,Cleveland Browns,ROLB,960000.0,1,N/A,N/A,NO_REAL_CONTRACT_FOUND,N/A
Zebrie Poole,Pittsburgh Steelers,DT,4579836.0,4,N/A,N/A,NO_REAL_CONTRACT_FOUND,N/A
Tucker Hibler,Miami Dolphins,QB,6000000.0,1,N/A,N/A,NO_REAL_CONTRACT_FOUND,N/A
Toni Hiemstra,Jacksonville,CB,1.03,1,N/A,N/A,NO_REAL_CONTRACT_FOUND,N/A
Hunk Toston,Buffalo Bills,G,1030000.0,1,N/A,N/A,NO_REAL_CONTRACT_FOUND,N/A
Deshea Leahy,Denver Broncos,C,3917776.0,4,N/A,N/A,NO_REAL_CONTRACT_FOUND,N/A
Ulysses Bengen,Cleveland Browns,DE,5293574.0,4,N/A,N/A,NO_REAL_CONTRACT_FOUND,N/A
Dinger Stensrud,Tennessee Titans,DE,795000.0,1,N/A,N/A,NO_REAL_CONTRACT_FOUND,N/A
Dou Schuhmacher,Tennessee Titans,LOLB,1755000.0,2,N/A,N/A,NO_REAL_CONTRACT_FOUND,N/A
Manuel Quillan,Denver Broncos,RB,1755000.0,2,N/A,N/A,NO_REAL_CONTRACT_FOUND,N/A
Woodrow Loberg,New England Patriots,S,9000000.0,3,N/A,N/A,NO_REAL_CONTRACT_FOUND,N/A
Griff Walik,Green Bay Packers,DE,2704000.0,3,N/A,N/A,NO_REAL_CONTRACT_FOUND,N/A
Jermelle Stanfill,Minnesota Vikings,ILB,4.486849,4,N/A,N/A,NO_REAL_CONTRACT_FOUND,N/A
Jake Mcbath,Detroit Lions,TE,12000000.0,3,N/A,N/A,NO_REAL_CONTRACT_FOUND,N/A
Cyril Squyres,Dallas Cowboys,C,1100000.0,1,N/A,N/A,NO_REAL_CONTRACT_FOUND,N/A
Tomur Civiletto,Seattle Seahawks,G,4432260.0,4,N/A,N/A,NO_REAL_CONTRACT_FOUND,N/A
Chansi Borland,New York A Jets,DT,0.3625,1,N/A,N/A,NO_REAL_CONTRACT_FOUND,N/A
Aqib Belin,Miami Dolphins,DE,1665000.0,2,N/A,N/A,NO_REAL_CONTRACT_FOUND,N/A
Vann Donahue,Philadelphia Eagles,LT,4401572.0,4,N/A,N/A,NO_REAL_CONTRACT_FOUND,N/A
Derwin Purnell,New York A Jets,LT,6.58432,4,N/A,N/A,NO_REAL_CONTRACT_FOUND,N/A
Garnell Burris,Atlanta Falcons,WR,4213596.0,4,N/A,N/A,NO_REAL_CONTRACT_FOUND,N/A
Tre' Crumpler,Baltimore Ravens,TE,4364884.0,4,N/A,N/A,NO_REAL_CONTRACT_FOUND,N/A
Larron Kadziel,Green Bay Packers,RB,915000.0,1,N/A,N/A,NO_REAL_CONTRACT_FOUND,N/A
Merritt Stuckey,Las Vegas Raiders,RB,1755000.0,2,N/A,N/A,NO_REAL_CONTRACT_FOUND,N/A
Hersh Ragunas,Pittsburgh Steelers,TE,3815224.0,4,N/A,N/A,NO_REAL_CONTRACT_FOUND,N/A
Mekeli Hallen,Cincinnati Bengals,S,4137784.0,4,N/A,N/A,NO_REAL_CONTRACT_FOUND,N/A
Darrius Hardwick,Seattle Seahawks,CB,1030000.0,1,N/A,N/A,NO_REAL_CONTRACT_FOUND,N/A
Plato Mallard,Detroit Lions,S,4331624.0,4,N/A,N/A,NO_REAL_CONTRACT_FOUND,N/A
Jock Ziff,Jacksonville,S,3.0,2,N/A,N/A,NO_REAL_CONTRACT_FOUND,N/A
Cornell Samuda,Arizona Cardinals,S,1100000.0,1,N/A,N/A,NO_REAL_CONTRACT_FOUND,N/A
Roynell Kapp,Los Angeles N Rams,TE,6.084976,4,N/A,N/A,NO_REAL_CONTRACT_FOUND,N/A
Chimdi Cumbie,Tampa Bay Buccaneers,WR,840000.0,1,N/A,N/A,NO_REAL_CONTRACT_FOUND,N/A
Bibbles Ulbrich,Cleveland Browns,QB,6226322.0,4,N/A,N/A,NO_REAL_CONTRACT_FOUND,N/A
Sergio Stepanovich,Seattle Seahawks,QB,5000000.0,2,N/A,N/A,NO_REAL_CONTRACT_FOUND,N/A
Zuck Emerick,Minnesota Vikings,CB,2840000.0,3,N/A,N/A,NO_REAL_CONTRACT_FOUND,N/A
Ricardo Basrak,New York A Jets,WR,2.965,3,N/A,N/A,NO_REAL_CONTRACT_FOUND,N/A
Pike Onkotz,Dallas Cowboys,DT,2085000.0,2,N/A,N/A,NO_REAL_CONTRACT_FOUND,N/A
Budge Babin,Jacksonville,WR,3.981,3,N/A,N/A,NO_REAL_CONTRACT_FOUND,N/A
Everett Dillahunt,Detroit Lions,S,840000.0,1,N/A,N/A,NO_REAL_CONTRACT_FOUND,N/A
Gill Bartlewski,Pittsburgh Steelers,DT,1030000.0,1,N/A,N/A,NO_REAL_CONTRACT_FOUND,N/A
Amos Cowan,Pittsburgh Steelers,RB,960000.0,1,N/A,N/A,NO_REAL_CONTRACT_FOUND,N/A
Tedy Leisle,New York A Jets,ILB,4.594528,4,N/A,N/A,NO_REAL_CONTRACT_FOUND,N/A
Anthony Ehrhardt,Cleveland Browns,WR,2975000.0,3,N/A,N/A,NO_REAL_CONTRACT_FOUND,N/A
Dustin Planutis,Detroit Lions,QB,5719021.0,4,N/A,N/A,NO_REAL_CONTRACT_FOUND,N/A
Mackenzy Barnum,Kansas City Chiefs,C,4321832.0,4,N/A,N/A,NO_REAL_CONTRACT_FOUND,N/A
Shannon Pena,Detroit Lions,DE,840000.0,1,N/A,N/A,NO_REAL_CONTRACT_FOUND,N/A
Antrel Gallaher,Green Bay Packers,CB,1030000.0,1,N/A,N/A,NO_REAL_CONTRACT_FOUND,N/A
Bap Riddell,Cincinnati Bengals,DE,1945000.0,2,N/A,N/A,NO_REAL_CONTRACT_FOUND,N/A
Herkie Muir,Houston Texans,RB,1100000.0,1,N/A,N/A,NO_REAL_CONTRACT_FOUND,N/A
Sabby Fieldings,Carolina Panthers,G,1030000.0,1,N/A,N/A,NO_REAL_CONTRACT_FOUND,N/A
Corey Cassel,Carolina Panthers,WR,2972500.0,3,N/A,N/A,NO_REAL_CONTRACT_FOUND,N/A
Demingo Bowden,Houston Texans,C,4648344.0,4,N/A,N/A,NO_REAL_CONTRACT_FOUND,N/A
Terence Kerbow,Baltimore Ravens,CB,4420328.0,4,N/A,N/A,NO_REAL_CONTRACT_FOUND,N/A
Keever Moulds,Houston Texans,ROLB,4209392.0,4,N/A,N/A,NO_REAL_CONTRACT_FOUND,N/A
Haloti Beason,Kansas City Chiefs,DE,1100000.0,1,N/A,N/A,NO_REAL_CONTRACT_FOUND,N/A
De'Mond Atessis,New York A Jets,CB,4.005112,4,N/A,N/A,NO_REAL_CONTRACT_FOUND,N/A
Reese Zimmerman,Atlanta Falcons,RB,960000.0,1,N/A,N/A,NO_REAL_CONTRACT_FOUND,N/A
Faye Schouman,Washington Commanders,DE,4141188.0,4,N/A,N/A,NO_REAL_CONTRACT_FOUND,N/A
Boomer Tigges,Cincinnati Bengals,S,840000.0,1,N/A,N/A,NO_REAL_CONTRACT_FOUND,N/A
Dud Blaise,Denver Broncos,S,4036220.0,4,N/A,N/A,NO_REAL_CONTRACT_FOUND,N/A
Staley Swilley,Indianapolis Colts,ROLB,1170000.0,1,N/A,N/A,NO_REAL_CONTRACT_FOUND,N/A
Winnie Karlis,Washington Commanders,TE,21000000.0,3,N/A,N/A,NO_REAL_CONTRACT_FOUND,N/A
Booth Paschal,New Orleans,DT,2.902552,4,N/A,N/A,NO_REAL_CONTRACT_FOUND,N/A
Rickie Pennington,Arizona Cardinals,C,4572240.0,4,N/A,N/A,NO_REAL_CONTRACT_FOUND,N/A
Latin Cosner,Minnesota Vikings,DT,1170000.0,1,N/A,N/A,NO_REAL_CONTRACT_FOUND,N/A
Tawambi Hergert,San Francisco 49ers,DE,1100000.0,1,N/A,N/A,NO_REAL_CONTRACT_FOUND,N/A
Adimchinobe Mostardi,Seattle Seahawks,CB,2000000.0,1,N/A,N/A,NO_REAL_CONTRACT_FOUND,N/A
Edd Salscheider,Los Angeles N Rams,CB,2.89,3,N/A,N/A,NO_REAL_CONTRACT_FOUND,N/A
Stu Epperson,Dallas Cowboys,S,1030000.0,1,N/A,N/A,NO_REAL_CONTRACT_FOUND,N/A
Kwame O'Hara,Buffalo Bills,WR,4310368.0,4,N/A,N/A,NO_REAL_CONTRACT_FOUND,N/A
O'Brien Laughton,Tampa Bay Buccaneers,S,1030000.0,1,N/A,N/A,NO_REAL_CONTRACT_FOUND,N/A
Blaise Magnusson,Washington Commanders,ROLB,4408344.0,4,N/A,N/A,NO_REAL_CONTRACT_FOUND,N/A
Hayden Kingery,Baltimore Ravens,WR,1170000.0,1,N/A,N/A,NO_REAL_CONTRACT_FOUND,N/A
Donovan Trotter,Washington Commanders,CB,1170000.0,1,N/A,N/A,NO_REAL_CONTRACT_FOUND,N/A
Omensky Prude,Arizona Cardinals,S,4337892.0,4,N/A,N/A,NO_REAL_CONTRACT_FOUND,N/A
Laurent Blanton,Philadelphia Eagles,QB,4461232.0,4,N/A,N/A,NO_REAL_CONTRACT_FOUND,N/A
Noe Shavers,Houston Texans,DT,4338328.0,4,N/A,N/A,NO_REAL_CONTRACT_FOUND,N/A
Arian Nealy,Miami Dolphins,RT,2500000.0,1,N/A,N/A,NO_REAL_CONTRACT_FOUND,N/A
Jovon Alcorn,Washington Commanders,RT,1100000.0,1,N/A,N/A,NO_REAL_CONTRACT_FOUND,N/A
Mustafah Tausch,Chicago Bears,G,4430060.0,4,N/A,N/A,NO_REAL_CONTRACT_FOUND,N/A
Emilio Hargrove,San Francisco 49ers,ROLB,1800000.0,1,N/A,N/A,NO_REAL_CONTRACT_FOUND,N/A
Ruffin Pupunu,Cleveland Browns,C,4019972.0,4,N/A,N/A,NO_REAL_CONTRACT_FOUND,N/A
Rashied Risien,Green Bay Packers,WR,2704000.0,3,N/A,N/A,NO_REAL_CONTRACT_FOUND,N/A
Corvey Fontenot,New England Patriots,CB,4232128.0,4,N/A,N/A,NO_REAL_CONTRACT_FOUND,N/A
Dameyune Spear,New York N Giants,RT,6.618384,4,N/A,N/A,NO_REAL_CONTRACT_FOUND,N/A
Mark Twedell,New Orleans,WR,3.84,3,N/A,N/A,NO_REAL_CONTRACT_FOUND,N/A
Bubby Zaninelli,Pittsburgh Steelers,G,1337500.0,1,N/A,N/A,NO_REAL_CONTRACT_FOUND,N/A
Seth Noppenberg,Cincinnati Bengals,DT,1030000.0,1,N/A,N/A,NO_REAL_CONTRACT_FOUND,N/A
Wymon Fears,Washington Commanders,C,1337500.0,1,N/A,N/A,NO_REAL_CONTRACT_FOUND,N/A
Bracy Randall,Washington Commanders,WR,0.1,1,N/A,N/A,NO_REAL_CONTRACT_FOUND,N/A
Lonnie Troupe,Tennessee Titans,LS,1422500.0,1,N/A,N/A,NO_REAL_CONTRACT_FOUND,N/A
Gump Stitser,Minnesota Vikings,WR,0.975,3,N/A,N/A,NO_REAL_CONTRACT_FOUND,N/A
Sheepy Martinovich,Chicago Bears,CB,1100000.0,1,N/A,N/A,NO_REAL_CONTRACT_FOUND,N/A
Burnie Vance,Dallas Cowboys,LT,4125972.0,4,N/A,N/A,NO_REAL_CONTRACT_FOUND,N/A
Central Swinton,Denver Broncos,G,2093000.0,2,N/A,N/A,NO_REAL_CONTRACT_FOUND,N/A
Verne Mccloskey,Houston Texans,ILB,6000000.0,2,N/A,N/A,NO_REAL_CONTRACT_FOUND,N/A
Topper Ghiaciuc,Chicago Bears,ILB,4164948.0,4,N/A,N/A,NO_REAL_CONTRACT_FOUND,N/A
Domenik Tullis,Tennessee Titans,ROLB,1.03,1,N/A,N/A,NO_REAL_CONTRACT_FOUND,N/A
Dennit Zehrer,Philadelphia Eagles,DE,1275000.0,1,N/A,N/A,NO_REAL_CONTRACT_FOUND,N/A
Haruki Patton,Jacksonville,S,5.422176,4,N/A,N/A,NO_REAL_CONTRACT_FOUND,N/A
Creig Merillat,New Orleans,CB,2.845,3,N/A,N/A,NO_REAL_CONTRACT_FOUND,N/A
Donnie Zachary,Seattle Seahawks,FB,4520216.0,4,N/A,N/A,NO_REAL_CONTRACT_FOUND,N/A
Selwyn Swinney,Tampa Bay Buccaneers,WR,795000.0,1,N/A,N/A,NO_REAL_CONTRACT_FOUND,N/A
Sam Edds,Carolina Panthers,DT,2085000.0,2,N/A,N/A,NO_REAL_CONTRACT_FOUND,N/A
Weldon Wooten,Las Vegas Raiders,CB,985000.0,1,N/A,N/A,NO_REAL_CONTRACT_FOUND,N/A
Karl Smolinski,Baltimore Ravens,S,4102932.0,4,N/A,N/A,NO_REAL_CONTRACT_FOUND,N/A
Captain Burnell,Seattle Seahawks,G,4236516.0,4,N/A,N/A,NO_REAL_CONTRACT_FOUND,N/A
Shiloh Nissley,Tampa Bay Buccaneers,RB,2695000.0,3,N/A,N/A,NO_REAL_CONTRACT_FOUND,N/A
Lenzie Shell,Buffalo Bills,C,4375252.0,4,N/A,N/A,NO_REAL_CONTRACT_FOUND,N/A
Jairo Prisby,Indianapolis Colts,ROLB,1030000.0,1,N/A,N/A,NO_REAL_CONTRACT_FOUND,N/A
Dean Corsetti,Detroit Lions,TE,1100000.0,1,N/A,N/A,NO_REAL_CONTRACT_FOUND,N/A
Eli Boeke,Dallas Cowboys,ROLB,4623436.0,4,N/A,N/A,NO_REAL_CONTRACT_FOUND,N/A
Jamey Diettrich,San Francisco 49ers,CB,4000000.0,2,N/A,N/A,NO_REAL_CONTRACT_FOUND,N/A
Nip Winkler,Tampa Bay Buccaneers,G,0.3375,1,N/A,N/A,NO_REAL_CONTRACT_FOUND,N/A
Merle Meuth,Cincinnati Bengals,TE,1255000.0,1,N/A,N/A,NO_REAL_CONTRACT_FOUND,N/A
Deonte Macphee,Los Angeles A Chargers,QB,1.5,1,N/A,N/A,NO_REAL_CONTRACT_FOUND,N/A
Maugaula Sortet,Arizona Cardinals,WR,840000.0,1,N/A,N/A,NO_REAL_CONTRACT_FOUND,N/A
Dane Stroud,Carolina Panthers,DE,1030000.0,1,N/A,N/A,NO_REAL_CONTRACT_FOUND,N/A
Deion Kearse,Philadelphia Eagles,G,4274276.0,4,N/A,N/A,NO_REAL_CONTRACT_FOUND,N/A
Shayne Jeffers,Washington Commanders,LS,4390000.0,3,N/A,N/A,NO_REAL_CONTRACT_FOUND,N/A
Augie Zoia,Minnesota Vikings,DT,4677376.0,4,N/A,N/A,NO_REAL_CONTRACT_FOUND,N/A
Johnson Jamieson,Green Bay Packers,DT,4426384.0,4,N/A,N/A,NO_REAL_CONTRACT_FOUND,N/A
Rink Willhite,Arizona Cardinals,WR,2860000.0,3,N/A,N/A,NO_REAL_CONTRACT_FOUND,N/A
Demarco Wolter,Green Bay Packers,S,1170000.0,1,N/A,N/A,NO_REAL_CONTRACT_FOUND,N/A
Carmen Douthard,Dallas Cowboys,RT,4413976.0,4,N/A,N/A,NO_REAL_CONTRACT_FOUND,N/A
Andy Zamberlin,Las Vegas Raiders,DE,1945000.0,2,N/A,N/A,NO_REAL_CONTRACT_FOUND,N/A
Merwin Borchardt,New York N Giants,CB,0.0,1,N/A,N/A,NO_CONTRACT_ASSIGNED,N/A
Terreal Richard,Dallas Cowboys,LT,4084976.0,4,N/A,N/A,NO_REAL_CONTRACT_FOUND,N/A
Harp Graybill,Houston Texans,LS,2975000.0,3,N/A,N/A,NO_REAL_CONTRACT_FOUND,N/A
Waymond Mccrary,Indianapolis Colts,LT,4655880.0,4,N/A,N/A,NO_REAL_CONTRACT_FOUND,N/A
Clure Traynham,Green Bay Packers,CB,1030000.0,1,N/A,N/A,NO_REAL_CONTRACT_FOUND,N/A
Jap Arbanas,Buffalo Bills,CB,2830000.0,3,N/A,N/A,NO_REAL_CONTRACT_FOUND,N/A
Chalmers Goodburn,Pittsburgh Steelers,WR,1100000.0,1,N/A,N/A,NO_REAL_CONTRACT_FOUND,N/A
Jeroy Bertelsen,Los Angeles A Chargers,G,2.425212,4,N/A,N/A,NO_REAL_CONTRACT_FOUND,N/A
Lenoy Oliker,Los Angeles N Rams,WR,3.1,1,N/A,N/A,NO_REAL_CONTRACT_FOUND,N/A
Torrance Mattioli,Detroit Lions,DT,5304086.0,4,N/A,N/A,NO_REAL_CONTRACT_FOUND,N/A
Tashard Fenner,Tennessee Titans,WR,795000.0,1,N/A,N/A,NO_REAL_CONTRACT_FOUND,N/A
Syndric Risley,Philadelphia Eagles,TE,840000.0,1,N/A,N/A,NO_REAL_CONTRACT_FOUND,N/A
Hook Landrigan,Los Angeles N Rams,CB,0.0,1,N/A,N/A,NO_CONTRACT_ASSIGNED,N/A
Secdrick Bartos,Atlanta Falcons,TE,12000000.0,3,N/A,N/A,NO_REAL_CONTRACT_FOUND,N/A
Knox Ryans,San Francisco 49ers,CB,1030000.0,1,N/A,N/A,NO_REAL_CONTRACT_FOUND,N/A
Marquez Muster,Buffalo Bills,RT,4404924.0,4,N/A,N/A,NO_REAL_CONTRACT_FOUND,N/A
Demetric Boley,Cleveland Browns,CB,795000.0,1,N/A,N/A,NO_REAL_CONTRACT_FOUND,N/A
Murray Crouse,New York N Giants,ROLB,7.7,2,N/A,N/A,NO_REAL_CONTRACT_FOUND,N/A
Noel Peacock,Jacksonville,CB,3.03,1,N/A,N/A,NO_REAL_CONTRACT_FOUND,N/A
Jacoby Readon,Indianapolis Colts,G,2870000.0,3,N/A,N/A,NO_REAL_CONTRACT_FOUND,N/A
D'Anthony Erehart,Indianapolis Colts,C,1667500.0,1,N/A,N/A,NO_REAL_CONTRACT_FOUND,N/A
Chavis Jarostchuk,Seattle Seahawks,WR,3761100.0,4,N/A,N/A,NO_REAL_CONTRACT_FOUND,N/A
Karim Reinfeldt,Atlanta Falcons,WR,1100000.0,1,N/A,N/A,NO_REAL_CONTRACT_FOUND,N/A
Sloan Landrum,Houston Texans,QB,5000000.0,1,N/A,N/A,NO_REAL_CONTRACT_FOUND,N/A
Montae Heenan,New York N Giants,CB,2.855,3,N/A,N/A,NO_REAL_CONTRACT_FOUND,N/A
Ainsley Bahan,Los Angeles A Chargers,LOLB,2.0,1,N/A,N/A,NO_REAL_CONTRACT_FOUND,N/A
Ozzie Jancik,Denver Broncos,S,3993056.0,4,N/A,N/A,NO_REAL_CONTRACT_FOUND,N/A
Wyatt Buie,Carolina Panthers,S,795000.0,1,N/A,N/A,NO_REAL_CONTRACT_FOUND,N/A
Clem Paulescu,Pittsburgh Steelers,DT,5186896.0,4,N/A,N/A,NO_REAL_CONTRACT_FOUND,N/A
Allie Wiper,New England Patriots,RT,795000.0,1,N/A,N/A,NO_REAL_CONTRACT_FOUND,N/A
Donnel Koy,Kansas City Chiefs,S,1255000.0,1,N/A,N/A,NO_REAL_CONTRACT_FOUND,N/A
Lance Drayton,Denver Broncos,S,960000.0,1,N/A,N/A,NO_REAL_CONTRACT_FOUND,N/A
Jamir Kinscherf,Los Angeles A Chargers,WR,2.03,1,N/A,N/A,NO_REAL_CONTRACT_FOUND,N/A
Emmuel Grygo,Cincinnati Bengals,CB,3920652.0,4,N/A,N/A,NO_REAL_CONTRACT_FOUND,N/A
Sage Alzado,Seattle Seahawks,ROLB,2710000.0,3,N/A,N/A,NO_REAL_CONTRACT_FOUND,N/A
Braylon Waterfield,Indianapolis Colts,TE,3.838188,4,N/A,N/A,NO_REAL_CONTRACT_FOUND,N/A
Tyjuan Mchale,Philadelphia Eagles,C,4555076.0,4,N/A,N/A,NO_REAL_CONTRACT_FOUND,N/A
Truck Mclain,Las Vegas Raiders,RB,4175192.0,4,N/A,N/A,NO_REAL_CONTRACT_FOUND,N/A
Milo Darche,New York N Giants,ROLB,0.84,1,N/A,N/A,NO_REAL_CONTRACT_FOUND,N/A
Fabian Grefe,Philadelphia Eagles,CB,2705000.0,3,N/A,N/A,NO_REAL_CONTRACT_FOUND,N/A
Lam Munford,Philadelphia Eagles,WR,960000.0,1,N/A,N/A,NO_REAL_CONTRACT_FOUND,N/A
Silvio Ajirotutu,New York N Giants,DT,2.985,1,N/A,N/A,NO_REAL_CONTRACT_FOUND,N/A
Ivan Mackie,Arizona Cardinals,TE,4015884.0,4,N/A,N/A,NO_REAL_CONTRACT_FOUND,N/A
Derrick Cota,Green Bay Packers,RB,1030000.0,1,N/A,N/A,NO_REAL_CONTRACT_FOUND,N/A
Lamanzer Runnels,Indianapolis Colts,DT,3980740.0,4,N/A,N/A,NO_REAL_CONTRACT_FOUND,N/A
Lovett Barnard,New York A Jets,DE,2.85,3,N/A,N/A,NO_REAL_CONTRACT_FOUND,N/A
Madison Cumberland,Miami Dolphins,WR,2085000.0,2,N/A,N/A,NO_REAL_CONTRACT_FOUND,N/A
Jumpy Phenix,Green Bay Packers,CB,1.03,1,N/A,N/A,NO_REAL_CONTRACT_FOUND,N/A
Jan Widick,Arizona Cardinals,G,4374280.0,4,N/A,N/A,NO_REAL_CONTRACT_FOUND,N/A
Syd Green,Indianapolis Colts,S,4331068.0,4,N/A,N/A,NO_REAL_CONTRACT_FOUND,N/A
Marquette Sparkman,New England Patriots,CB,795000.0,1,N/A,N/A,NO_REAL_CONTRACT_FOUND,N/A
Guido Crespino,Pittsburgh Steelers,DT,1627500.0,1,N/A,N/A,NO_REAL_CONTRACT_FOUND,N/A
Frankie Beckley,Jacksonville,RB,4.968,3,N/A,N/A,NO_REAL_CONTRACT_FOUND,N/A
Beasley Mcglockton,Green Bay Packers,C,4321616.0,4,N/A,N/A,NO_REAL_CONTRACT_FOUND,N/A
Adewale Bercich,New England Patriots,TE,4126592.0,4,N/A,N/A,NO_REAL_CONTRACT_FOUND,N/A
Barlow London,New York N Giants,G,1.86,3,N/A,N/A,NO_REAL_CONTRACT_FOUND,N/A
Demeco Grove,Seattle Seahawks,QB,6264086.0,4,N/A,N/A,NO_REAL_CONTRACT_FOUND,N/A
Saul Boniol,San Francisco 49ers,LOLB,1030000.0,1,N/A,N/A,NO_REAL_CONTRACT_FOUND,N/A
James Locklin,Carolina Panthers,TE,1030000.0,1,N/A,N/A,NO_REAL_CONTRACT_FOUND,N/A
Gordie Fink,Los Angeles A Chargers,RB,2.03,1,N/A,N/A,NO_REAL_CONTRACT_FOUND,N/A
Elbie Hawkins,Dallas Cowboys,DT,4353116.0,4,N/A,N/A,NO_REAL_CONTRACT_FOUND,N/A
Carl Pead,Seattle Seahawks,S,4014804.0,4,N/A,N/A,NO_REAL_CONTRACT_FOUND,N/A
Corrie Billock,Chicago Bears,G,4152140.0,4,N/A,N/A,NO_REAL_CONTRACT_FOUND,N/A
Ezell Read,Denver Broncos,DT,960000.0,1,N/A,N/A,NO_REAL_CONTRACT_FOUND,N/A
Rudy Uperesa,Chicago Bears,CB,5000000.0,2,N/A,N/A,NO_REAL_CONTRACT_FOUND,N/A
Duke Spradlin,Arizona Cardinals,TE,1170000.0,1,N/A,N/A,NO_REAL_CONTRACT_FOUND,N/A
Olin Copper,New England Patriots,LS,4301672.0,4,N/A,N/A,NO_REAL_CONTRACT_FOUND,N/A
Cloyce Bullman,Tennessee Titans,RB,1100000.0,1,N/A,N/A,NO_REAL_CONTRACT_FOUND,N/A
Ricot Menasco,Green Bay Packers,CB,840000.0,1,N/A,N/A,NO_REAL_CONTRACT_FOUND,N/A
Gregory Delevan,San Francisco 49ers,DT,3792016.0,4,N/A,N/A,NO_REAL_CONTRACT_FOUND,N/A
Daryle Poto,Atlanta Falcons,CB,1100000.0,1,N/A,N/A,NO_REAL_CONTRACT_FOUND,N/A
De Zeno,Cincinnati Bengals,RB,1755000.0,2,N/A,N/A,NO_REAL_CONTRACT_FOUND,N/A
Kole Tamburo,New York A Jets,DE,0.03,1,N/A,N/A,NO_REAL_CONTRACT_FOUND,N/A
Boss Quin,Cleveland Browns,DE,1030000.0,1,N/A,N/A,NO_REAL_CONTRACT_FOUND,N/A
Rayna Sinkovitz,Tampa Bay Buccaneers,TE,3792016.0,4,N/A,N/A,NO_REAL_CONTRACT_FOUND,N/A
Keydrick Portilla,Carolina Panthers,WR,2985000.0,3,N/A,N/A,NO_REAL_CONTRACT_FOUND,N/A
Felix Rouse,New England Patriots,CB,4301672.0,4,N/A,N/A,NO_REAL_CONTRACT_FOUND,N/A
Brian Conover,Los Angeles N Rams,G,3.100736,4,N/A,N/A,NO_REAL_CONTRACT_FOUND,N/A
Blondy Deters,Washington Commanders,TE,1100000.0,1,N/A,N/A,NO_REAL_CONTRACT_FOUND,N/A
Wilbert Skudin,New York A Jets,DT,3.84,3,N/A,N/A,NO_REAL_CONTRACT_FOUND,N/A
Shevin Cousineau,Detroit Lions,WR,1100000.0,1,N/A,N/A,NO_REAL_CONTRACT_FOUND,N/A
Frederick Gomes,Green Bay Packers,QB,5160100.0,4,N/A,N/A,NO_REAL_CONTRACT_FOUND,N/A
Taiwan Beson,Tampa Bay Buccaneers,DE,2695000.0,3,N/A,N/A,NO_REAL_CONTRACT_FOUND,N/A
Clifford Mumphord,Miami Dolphins,DT,1170000.0,1,N/A,N/A,NO_REAL_CONTRACT_FOUND,N/A
Durant Miles,Philadelphia Eagles,S,2995000.0,3,N/A,N/A,NO_REAL_CONTRACT_FOUND,N/A
Damane Irvin,Seattle Seahawks,LT,4180060.0,4,N/A,N/A,NO_REAL_CONTRACT_FOUND,N/A
Dario Hobson,Las Vegas Raiders,ILB,840000.0,1,N/A,N/A,NO_REAL_CONTRACT_FOUND,N/A
Bear Reichenbach,Buffalo Bills,QB,2380000.0,2,N/A,N/A,NO_REAL_CONTRACT_FOUND,N/A
Delphfrine Shoate,Tampa Bay Buccaneers,DT,1030000.0,1,N/A,N/A,NO_REAL_CONTRACT_FOUND,N/A
Da'Quan Spriggs,Detroit Lions,DT,985000.0,1,N/A,N/A,NO_REAL_CONTRACT_FOUND,N/A
Darwin Wilds,Philadelphia Eagles,RT,4433264.0,4,N/A,N/A,NO_REAL_CONTRACT_FOUND,N/A
Lorenzo Nease,Jacksonville,DE,5.124076,4,N/A,N/A,NO_REAL_CONTRACT_FOUND,N/A
Gabe Charles,Los Angeles A Chargers,DT,0.835,1,N/A,N/A,NO_REAL_CONTRACT_FOUND,N/A
Kid Cortes,New Orleans,ROLB,0.0,1,N/A,N/A,NO_CONTRACT_ASSIGNED,N/A
Marcellus Balog,New Orleans,CB,3.755,2,N/A,N/A,NO_REAL_CONTRACT_FOUND,N/A
Tiquan Cooney,Indianapolis Colts,QB,4435244.0,4,N/A,N/A,NO_REAL_CONTRACT_FOUND,N/A
Ducky Isaia,Atlanta Falcons,C,9500000.0,2,N/A,N/A,NO_REAL_CONTRACT_FOUND,N/A
Derreck Layman,Minnesota Vikings,QB,4021600.0,4,N/A,N/A,NO_REAL_CONTRACT_FOUND,N/A
Tyji Toeaina,Minnesota Vikings,DT,2835000.0,3,N/A,N/A,NO_REAL_CONTRACT_FOUND,N/A
Rosie Hayward,Philadelphia Eagles,CB,1100000.0,1,N/A,N/A,NO_REAL_CONTRACT_FOUND,N/A
Airese Stedman,San Francisco 49ers,ILB,4101808.0,4,N/A,N/A,NO_REAL_CONTRACT_FOUND,N/A
Tori Snowden,New York N Giants,TE,4.349516,4,N/A,N/A,NO_REAL_CONTRACT_FOUND,N/A
Iheanyi Kuehn,Tennessee Titans,DT,4.39544,4,N/A,N/A,NO_REAL_CONTRACT_FOUND,N/A
Konrad Mccorvey,Tennessee Titans,DE,3.2,1,N/A,N/A,NO_REAL_CONTRACT_FOUND,N/A
Buddy Sapolu,Dallas Cowboys,DT,4303024.0,4,N/A,N/A,NO_REAL_CONTRACT_FOUND,N/A
Cap Sturdivant,Minnesota Vikings,DT,960000.0,1,N/A,N/A,NO_REAL_CONTRACT_FOUND,N/A
Ashlee Alphin,New England Patriots,DE,795000.0,1,N/A,N/A,NO_REAL_CONTRACT_FOUND,N/A
Danny Brookshier,Green Bay Packers,ILB,5678024.0,4,N/A,N/A,NO_REAL_CONTRACT_FOUND,N/A
Cully Renn,Cincinnati Bengals,S,3966084.0,4,N/A,N/A,NO_REAL_CONTRACT_FOUND,N/A
Clint Higgins,Washington Commanders,S,2830000.0,3,N/A,N/A,NO_REAL_CONTRACT_FOUND,N/A
Daryn Raab,Tampa Bay Buccaneers,CB,2850000.0,3,N/A,N/A,NO_REAL_CONTRACT_FOUND,N/A
Maurice Alward,Seattle Seahawks,DE,960000.0,1,N/A,N/A,NO_REAL_CONTRACT_FOUND,N/A
Sale Jackson,Buffalo Bills,WR,2042000.0,2,N/A,N/A,NO_REAL_CONTRACT_FOUND,N/A
Dondre Walls,New England Patriots,G,795000.0,1,N/A,N/A,NO_REAL_CONTRACT_FOUND,N/A
Ratcliff Iaquaniello,New England Patriots,LT,3857872.0,4,N/A,N/A,NO_REAL_CONTRACT_FOUND,N/A
Pots Youngfleish,Los Angeles N Rams,RT,5.084976,4,N/A,N/A,NO_REAL_CONTRACT_FOUND,N/A
Rich Jamerson,Indianapolis Colts,TE,4130592.0,4,N/A,N/A,NO_REAL_CONTRACT_FOUND,N/A
Abdul Stankavage,New Orleans,C,2.4225,1,N/A,N/A,NO_REAL_CONTRACT_FOUND,N/A
Shelley Ninowski,Las Vegas Raiders,DT,1100000.0,1,N/A,N/A,NO_REAL_CONTRACT_FOUND,N/A
Too Weatherwax,New York A Jets,ROLB,4.03622,4,N/A,N/A,NO_REAL_CONTRACT_FOUND,N/A
Ken Dowtin,Miami Dolphins,DT,4301672.0,4,N/A,N/A,NO_REAL_CONTRACT_FOUND,N/A
Dorsett Mickell,Minnesota Vikings,CB,2980000.0,3,N/A,N/A,NO_REAL_CONTRACT_FOUND,N/A
Yo Konopasek,Buffalo Bills,DT,2039000.0,2,N/A,N/A,NO_REAL_CONTRACT_FOUND,N/A
Gilvanni Kovac,Indianapolis Colts,DT,4636908.0,4,N/A,N/A,NO_REAL_CONTRACT_FOUND,N/A
Hise Moselle,Cleveland Browns,DE,2985000.0,3,N/A,N/A,NO_REAL_CONTRACT_FOUND,N/A
Dexter Dinapoli,Denver Broncos,RT,2715000.0,3,N/A,N/A,NO_REAL_CONTRACT_FOUND,N/A
Dixon Monty,Las Vegas Raiders,WR,1030000.0,1,N/A,N/A,NO_REAL_CONTRACT_FOUND,N/A
Cedrick Coffey,Washington Commanders,CB,0.0,1,N/A,N/A,NO_CONTRACT_ASSIGNED,N/A
Dameane Alban,Tennessee Titans,ILB,2.2,1,N/A,N/A,NO_REAL_CONTRACT_FOUND,N/A
Speedy Drungo,Tennessee Titans,G,1030000.0,1,N/A,N/A,NO_REAL_CONTRACT_FOUND,N/A
Mosi Blados,New York N Giants,C,2.795,2,N/A,N/A,NO_REAL_CONTRACT_FOUND,N/A
Kwante Marts,Kansas City Chiefs,QB,1100000.0,1,N/A,N/A,NO_REAL_CONTRACT_FOUND,N/A
Marlion Kirk,Chicago Bears,G,1030000.0,1,N/A,N/A,NO_REAL_CONTRACT_FOUND,N/A
Makoa Mcfarland,Tennessee Titans,G,1320000.0,1,N/A,N/A,NO_REAL_CONTRACT_FOUND,N/A
Wray Mcburrows,Cleveland Browns,TE,1755000.0,2,N/A,N/A,NO_REAL_CONTRACT_FOUND,N/A
Pid Winston,Dallas Cowboys,TE,2850000.0,3,N/A,N/A,NO_REAL_CONTRACT_FOUND,N/A
Ladell Koons,Kansas City Chiefs,G,4104784.0,4,N/A,N/A,NO_REAL_CONTRACT_FOUND,N/A
Billy Rickards,Los Angeles A Chargers,DE,2.03,1,N/A,N/A,NO_REAL_CONTRACT_FOUND,N/A
Amon Ellington,Pittsburgh Steelers,RT,4000000.0,2,N/A,N/A,NO_REAL_CONTRACT_FOUND,N/A
Jarred Upchurch,Los Angeles N Rams,CB,0.0,1,N/A,N/A,NO_CONTRACT_ASSIGNED,N/A
Tauren Larsen,Kansas City Chiefs,LOLB,2710000.0,3,N/A,N/A,NO_REAL_CONTRACT_FOUND,N/A
Devard Alstott,Pittsburgh Steelers,ROLB,4336940.0,4,N/A,N/A,NO_REAL_CONTRACT_FOUND,N/A
Vinson Rackers,Buffalo Bills,DT,960000.0,1,N/A,N/A,NO_REAL_CONTRACT_FOUND,N/A
Dirt Palazzi,Carolina Panthers,G,4611736.0,4,N/A,N/A,NO_REAL_CONTRACT_FOUND,N/A
Carwell Bentzin,San Francisco 49ers,LOLB,1150000.0,1,N/A,N/A,NO_REAL_CONTRACT_FOUND,N/A
Young Pegram,Chicago Bears,DT,3263000.0,1,N/A,N/A,NO_REAL_CONTRACT_FOUND,N/A
Othello Quirk,Washington Commanders,TE,1030000.0,1,N/A,N/A,NO_REAL_CONTRACT_FOUND,N/A
Rashod Mclenna,Tennessee Titans,ROLB,2880000.0,3,N/A,N/A,NO_REAL_CONTRACT_FOUND,N/A
Jeep Hix,New Orleans,ILB,1.976916,4,N/A,N/A,NO_REAL_CONTRACT_FOUND,N/A
Biren Lagrand,Indianapolis Colts,WR,1030000.0,1,N/A,N/A,NO_REAL_CONTRACT_FOUND,N/A
Martell Brumbaugh,Philadelphia Eagles,RT,2045000.0,2,N/A,N/A,NO_REAL_CONTRACT_FOUND,N/A
Quinten Healey,New York N Giants,ILB,3.220912,4,N/A,N/A,NO_REAL_CONTRACT_FOUND,N/A
Jeremy Felber,Jacksonville,LT,1.17,1,N/A,N/A,NO_REAL_CONTRACT_FOUND,N/A
Phil Halas,Green Bay Packers,G,840000.0,1,N/A,N/A,NO_REAL_CONTRACT_FOUND,N/A
Audray Remsberg,Los Angeles N Rams,C,0.0,1,N/A,N/A,NO_CONTRACT_ASSIGNED,N/A
Newton Crisler,Los Angeles N Rams,ROLB,0.0,1,N/A,N/A,NO_CONTRACT_ASSIGNED,N/A
Lavale Carimi,Cincinnati Bengals,DT,2995000.0,3,N/A,N/A,NO_REAL_CONTRACT_FOUND,N/A
Reinard Chambers,Kansas City Chiefs,DT,840000.0,1,N/A,N/A,NO_REAL_CONTRACT_FOUND,N/A
Pisa Massey,Tennessee Titans,CB,960000.0,1,N/A,N/A,NO_REAL_CONTRACT_FOUND,N/A
Benjy Lafleur,Baltimore Ravens,G,4307648.0,4,N/A,N/A,NO_REAL_CONTRACT_FOUND,N/A
Shaun Harbour,Cincinnati Bengals,RB,1100000.0,1,N/A,N/A,NO_REAL_CONTRACT_FOUND,N/A
Pago Mccrumbly,Minnesota Vikings,TE,4415824.0,4,N/A,N/A,NO_REAL_CONTRACT_FOUND,N/A
Priest Hrivnak,Seattle Seahawks,RB,1755000.0,2,N/A,N/A,NO_REAL_CONTRACT_FOUND,N/A
Jerome Bergold,Jacksonville,TE,5.0,2,N/A,N/A,NO_REAL_CONTRACT_FOUND,N/A
Perry Faust,New York A Jets,WR,2.03,1,N/A,N/A,NO_REAL_CONTRACT_FOUND,N/A
Clive Rice,Indianapolis Colts,DE,2700000.0,3,N/A,N/A,NO_REAL_CONTRACT_FOUND,N/A
Albie Aronson,Tampa Bay Buccaneers,S,2995000.0,3,N/A,N/A,NO_REAL_CONTRACT_FOUND,N/A
Grady Kraehe,Los Angeles N Rams,DT,0.96,1,N/A,N/A,NO_REAL_CONTRACT_FOUND,N/A
Ladarius Tovar,Carolina Panthers,ILB,1755000.0,2,N/A,N/A,NO_REAL_CONTRACT_FOUND,N/A
R-Kal Office,Jacksonville,ILB,6.430528,4,N/A,N/A,NO_REAL_CONTRACT_FOUND,N/A
Firpo Middlebrook,Cincinnati Bengals,ROLB,1100000.0,1,N/A,N/A,NO_REAL_CONTRACT_FOUND,N/A
Tanner Nicolas,Arizona Cardinals,S,3750000.0,2,N/A,N/A,NO_REAL_CONTRACT_FOUND,N/A
Fulton Sparenberg,Carolina Panthers,ROLB,2900000.0,2,N/A,N/A,NO_REAL_CONTRACT_FOUND,N/A
Stephon Lippett,Atlanta Falcons,S,960000.0,1,N/A,N/A,NO_REAL_CONTRACT_FOUND,N/A
Angelo Unutoa,New York N Giants,LT,6.485524,4,N/A,N/A,NO_REAL_CONTRACT_FOUND,N/A
Cal Richins,New Orleans,RT,0.0,1,N/A,N/A,NO_CONTRACT_ASSIGNED,N/A
Richard Currie,Tennessee Titans,S,2845000.0,3,N/A,N/A,NO_REAL_CONTRACT_FOUND,N/A
Martrez Milligan,San Francisco 49ers,WR,4301672.0,4,N/A,N/A,NO_REAL_CONTRACT_FOUND,N/A
Jarius Hooligan,Las Vegas Raiders,TE,915000.0,1,N/A,N/A,NO_REAL_CONTRACT_FOUND,N/A
Quan Mccormick,Los Angeles N Rams,G,0.0,1,N/A,N/A,NO_CONTRACT_ASSIGNED,N/A
Shaky Garlich,Baltimore Ravens,DE,2965000.0,3,N/A,N/A,NO_REAL_CONTRACT_FOUND,N/A
Erik Affholter,Denver Broncos,S,960000.0,1,N/A,N/A,NO_REAL_CONTRACT_FOUND,N/A
Antoine Majkowski,Los Angeles A Chargers,S,0.0,1,N/A,N/A,NO_CONTRACT_ASSIGNED,N/A
Alois Chapman,Detroit Lions,TE,1337500.0,1,N/A,N/A,NO_REAL_CONTRACT_FOUND,N/A
Olanda Ruhman,Seattle Seahawks,RB,3930852.0,4,N/A,N/A,NO_REAL_CONTRACT_FOUND,N/A
Chartric Tepper,Detroit Lions,CB,3300000.0,2,N/A,N/A,NO_REAL_CONTRACT_FOUND,N/A
Win Fangupo,Minnesota Vikings,ILB,4419068.0,4,N/A,N/A,NO_REAL_CONTRACT_FOUND,N/A
Alton Boose,Atlanta Falcons,DT,960000.0,1,N/A,N/A,NO_REAL_CONTRACT_FOUND,N/A
Jeff Bukaty,Houston Texans,G,4103716.0,4,N/A,N/A,NO_REAL_CONTRACT_FOUND,N/A
Elroy Willging,Atlanta Falcons,LS,5780000.0,4,N/A,N/A,NO_REAL_CONTRACT_FOUND,N/A
Norm Bostic,Detroit Lions,S,960000.0,1,N/A,N/A,NO_REAL_CONTRACT_FOUND,N/A
Tandon Parker,Denver Broncos,TE,1030000.0,1,N/A,N/A,NO_REAL_CONTRACT_FOUND,N/A
Tamba Venuto,Tampa Bay Buccaneers,G,840000.0,1,N/A,N/A,NO_REAL_CONTRACT_FOUND,N/A
Ox Lucier,Houston Texans,TE,4301672.0,4,N/A,N/A,NO_REAL_CONTRACT_FOUND,N/A
Mal Mariani,San Francisco 49ers,TE,15750000.0,3,N/A,N/A,NO_REAL_CONTRACT_FOUND,N/A
Ryan Lundy,New England Patriots,LT,4348328.0,4,N/A,N/A,NO_REAL_CONTRACT_FOUND,N/A
Tiki Meisner,Denver Broncos,CB,1.03,1,N/A,N/A,NO_REAL_CONTRACT_FOUND,N/A
Natrone Boling,Pittsburgh Steelers,ILB,3772356.0,4,N/A,N/A,NO_REAL_CONTRACT_FOUND,N/A
Otto Clemens,Baltimore Ravens,CB,2970000.0,3,N/A,N/A,NO_REAL_CONTRACT_FOUND,N/A
Les Spiller,Dallas Cowboys,RT,5.983,4,N/A,N/A,NO_REAL_CONTRACT_FOUND,N/A
Ramondo Junkin,Tennessee Titans,S,1100000.0,1,N/A,N/A,NO_REAL_CONTRACT_FOUND,N/A
Mule Spurlock,Kansas City Chiefs,G,1030000.0,1,N/A,N/A,NO_REAL_CONTRACT_FOUND,N/A
Hewritt Anelli,Cincinnati Bengals,WR,960000.0,1,N/A,N/A,NO_REAL_CONTRACT_FOUND,N/A
Wayland Patrick,Buffalo Bills,QB,5250000.0,2,N/A,N/A,NO_REAL_CONTRACT_FOUND,N/A
Hayward Schwall,Los Angeles A Chargers,CB,3.98,3,N/A,N/A,NO_REAL_CONTRACT_FOUND,N/A
Juaquin Haggins,Philadelphia Eagles,LOLB,1030000.0,1,N/A,N/A,NO_REAL_CONTRACT_FOUND,N/A
Loyd Sacksteder,Miami Dolphins,S,4199764.0,4,N/A,N/A,NO_REAL_CONTRACT_FOUND,N/A
Monte Orlich,New York A Jets,WR,0.0,1,N/A,N/A,NO_CONTRACT_ASSIGNED,N/A
Stevenson Donchez,Pittsburgh Steelers,S,960000.0,1,N/A,N/A,NO_REAL_CONTRACT_FOUND,N/A
Auston Best,Miami Dolphins,DE,1505000.0,1,N/A,N/A,NO_REAL_CONTRACT_FOUND,N/A
Jared Salata,Tampa Bay Buccaneers,S,840000.0,1,N/A,N/A,NO_REAL_CONTRACT_FOUND,N/A
Toby Svitek,Cincinnati Bengals,C,2980000.0,3,N/A,N/A,NO_REAL_CONTRACT_FOUND,N/A
Tubby Flick,New England Patriots,G,4604112.0,4,N/A,N/A,NO_REAL_CONTRACT_FOUND,N/A
Lake Bruder,Pittsburgh Steelers,QB,1100000.0,1,N/A,N/A,NO_REAL_CONTRACT_FOUND,N/A
Hank Lathrop,Pittsburgh Steelers,G,3917776.0,4,N/A,N/A,NO_REAL_CONTRACT_FOUND,N/A
Shawn Hazelton,Cincinnati Bengals,TE,4203056.0,4,N/A,N/A,NO_REAL_CONTRACT_FOUND,N/A
Ramey Kafentzis,Minnesota Vikings,WR,1870000.0,1,N/A,N/A,NO_REAL_CONTRACT_FOUND,N/A
Kelechi Kusko,New York N Giants,DE,3.03,1,N/A,N/A,NO_REAL_CONTRACT_FOUND,N/A
Wuert Hufford,Green Bay Packers,RT,4191380.0,4,N/A,N/A,NO_REAL_CONTRACT_FOUND,N/A
Lavelle Raskowski,Detroit Lions,LOLB,2695000.0,3,N/A,N/A,NO_REAL_CONTRACT_FOUND,N/A
Vinnie Holub,Green Bay Packers,G,2980000.0,3,N/A,N/A,NO_REAL_CONTRACT_FOUND,N/A
Lex Blahak,Pittsburgh Steelers,QB,4448100.0,4,N/A,N/A,NO_REAL_CONTRACT_FOUND,N/A
Erin Baham,New York A Jets,ILB,3.9675,3,N/A,N/A,NO_REAL_CONTRACT_FOUND,N/A
Bodie Burrough,Seattle Seahawks,S,1765000.0,2,N/A,N/A,NO_REAL_CONTRACT_FOUND,N/A
Daryl Melontree,Washington Commanders,DE,960000.0,1,N/A,N/A,NO_REAL_CONTRACT_FOUND,N/A
Trevor Pouncey,Cincinnati Bengals,RT,795000.0,1,N/A,N/A,NO_REAL_CONTRACT_FOUND,N/A
Cletis Sheldon,Green Bay Packers,DE,1030000.0,1,N/A,N/A,NO_REAL_CONTRACT_FOUND,N/A
Ink Doubiago,Jacksonville,WR,3.03,1,N/A,N/A,NO_REAL_CONTRACT_FOUND,N/A
Isham Cowart,Buffalo Bills,LOLB,1.76,4,N/A,N/A,NO_REAL_CONTRACT_FOUND,N/A
Hippo Opalewski,Baltimore Ravens,S,2855000.0,3,N/A,N/A,NO_REAL_CONTRACT_FOUND,N/A
Brice Krahl,New England Patriots,C,1030000.0,1,N/A,N/A,NO_REAL_CONTRACT_FOUND,N/A
Parnell Port,Washington Commanders,RT,1255000.0,1,N/A,N/A,NO_REAL_CONTRACT_FOUND,N/A
Odell Suess,San Francisco 49ers,TE,1030000.0,1,N/A,N/A,NO_REAL_CONTRACT_FOUND,N/A
Benji Giannoni,Cincinnati Bengals,LS,1100000.0,1,N/A,N/A,NO_REAL_CONTRACT_FOUND,N/A
Rahim Rainey,Jacksonville,WR,0.97,3,N/A,N/A,NO_REAL_CONTRACT_FOUND,N/A
Reid Enich,New England Patriots,ROLB,2975000.0,3,N/A,N/A,NO_REAL_CONTRACT_FOUND,N/A
Derick Corto,Indianapolis Colts,ILB,1100000.0,1,N/A,N/A,NO_REAL_CONTRACT_FOUND,N/A
Micah Gross,Atlanta Falcons,RB,1755000.0,2,N/A,N/A,NO_REAL_CONTRACT_FOUND,N/A
Desmond Vollers,Chicago Bears,QB,2250000.0,1,N/A,N/A,NO_REAL_CONTRACT_FOUND,N/A
Simon Winters,Tampa Bay Buccaneers,LT,1570000.0,1,N/A,N/A,NO_REAL_CONTRACT_FOUND,N/A
Brenard Lawton,Los Angeles A Chargers,DT,3.03,1,N/A,N/A,NO_REAL_CONTRACT_FOUND,N/A
Vontaze Tomlin,Carolina Panthers,ILB,2700000.0,3,N/A,N/A,NO_REAL_CONTRACT_FOUND,N/A
Rabih Castillo,Denver Broncos,G,2980000.0,3,N/A,N/A,NO_REAL_CONTRACT_FOUND,N/A
Lindy Podmajersky,Detroit Lions,RT,4160084.0,4,N/A,N/A,NO_REAL_CONTRACT_FOUND,N/A
Je'Rod Rubley,San Francisco 49ers,G,4301672.0,4,N/A,N/A,NO_REAL_CONTRACT_FOUND,N/A
Kenyatta Gelatka,Tennessee Titans,C,1255000.0,1,N/A,N/A,NO_REAL_CONTRACT_FOUND,N/A
Stein Burt,Carolina Panthers,CB,2975000.0,3,N/A,N/A,NO_REAL_CONTRACT_FOUND,N/A
Noland Holiday,Houston Texans,CB,985000.0,1,N/A,N/A,NO_REAL_CONTRACT_FOUND,N/A
Vonta Arbuckle,Pittsburgh Steelers,CB,0.96,1,N/A,N/A,NO_REAL_CONTRACT_FOUND,N/A
Owen Bolinger,Los Angeles N Rams,DT,5.917776,4,N/A,N/A,NO_REAL_CONTRACT_FOUND,N/A
Glenell Chavous,Pittsburgh Steelers,ROLB,1030000.0,1,N/A,N/A,NO_REAL_CONTRACT_FOUND,N/A
Bethel Jean-Batiste,Miami Dolphins,S,1900000.0,1,N/A,N/A,NO_REAL_CONTRACT_FOUND,N/A
Gibran Mularkey,Carolina Panthers,RB,840000.0,1,N/A,N/A,NO_REAL_CONTRACT_FOUND,N/A
Chike Brockington,Jacksonville,DE,1.975,3,N/A,N/A,NO_REAL_CONTRACT_FOUND,N/A
Aki Ellerbe,Miami Dolphins,ILB,2975000.0,3,N/A,N/A,NO_REAL_CONTRACT_FOUND,N/A
Dorian Hermann,Denver Broncos,LT,2855000.0,3,N/A,N/A,NO_REAL_CONTRACT_FOUND,N/A
Kemp Ricardo,Los Angeles A Chargers,DE,1.985,3,N/A,N/A,NO_REAL_CONTRACT_FOUND,N/A
Leeland Fazande,Detroit Lions,ILB,1700000.0,1,N/A,N/A,NO_REAL_CONTRACT_FOUND,N/A
Larue Foggie,Miami Dolphins,DE,2840000.0,3,N/A,N/A,NO_REAL_CONTRACT_FOUND,N/A
Lavon Sandeman,Dallas Cowboys,RT,1170000.0,1,N/A,N/A,NO_REAL_CONTRACT_FOUND,N/A
Vince Obee,New Orleans,TE,2.3625,1,N/A,N/A,NO_REAL_CONTRACT_FOUND,N/A
Fakhir Hanousek,Atlanta Falcons,LT,4352616.0,4,N/A,N/A,NO_REAL_CONTRACT_FOUND,N/A
Warren Townsell,Las Vegas Raiders,DE,2980000.0,3,N/A,N/A,NO_REAL_CONTRACT_FOUND,N/A
Herbert Dyal,Baltimore Ravens,WR,2972000.0,3,N/A,N/A,NO_REAL_CONTRACT_FOUND,N/A
Lawrence Peace,Kansas City Chiefs,TE,2995000.0,3,N/A,N/A,NO_REAL_CONTRACT_FOUND,N/A
Myrl Longwell,Houston Texans,ILB,1700000.0,1,N/A,N/A,NO_REAL_CONTRACT_FOUND,N/A
Zip Newashe,Arizona Cardinals,G,1195000.0,1,N/A,N/A,NO_REAL_CONTRACT_FOUND,N/A
Val Piggott,New Orleans,QB,3.544816,4,N/A,N/A,NO_REAL_CONTRACT_FOUND,N/A
Rishard Mauti,Detroit Lions,LT,1100000.0,1,N/A,N/A,NO_REAL_CONTRACT_FOUND,N/A
Paige Fouts,New York N Giants,LT,11.0,2,N/A,N/A,NO_REAL_CONTRACT_FOUND,N/A
Cassy Evans,Green Bay Packers,LOLB,0.98,3,N/A,N/A,NO_REAL_CONTRACT_FOUND,N/A
Jayron Hutchinson,Cleveland Browns,G,960000.0,1,N/A,N/A,NO_REAL_CONTRACT_FOUND,N/A
Keion Harrison,Tennessee Titans,DE,4100736.0,4,N/A,N/A,NO_REAL_CONTRACT_FOUND,N/A
Errict Gueno,Las Vegas Raiders,CB,2977000.0,3,N/A,N/A,NO_REAL_CONTRACT_FOUND,N/A
Saleem Blakely,Green Bay Packers,TE,1500000.0,1,N/A,N/A,NO_REAL_CONTRACT_FOUND,N/A
Morten Polowski,Dallas Cowboys,TE,2698000.0,3,N/A,N/A,NO_REAL_CONTRACT_FOUND,N/A
Earsell Risher,Green Bay Packers,G,4301672.0,4,N/A,N/A,NO_REAL_CONTRACT_FOUND,N/A
Tiger Dyko,Jacksonville,C,6.344308,4,N/A,N/A,NO_REAL_CONTRACT_FOUND,N/A
Struggy Flattery,Chicago Bears,DT,1030000.0,1,N/A,N/A,NO_REAL_CONTRACT_FOUND,N/A
Early Casey,Atlanta Falcons,ROLB,1170000.0,1,N/A,N/A,NO_REAL_CONTRACT_FOUND,N/A
Chon Lamb,Miami Dolphins,TE,2707500.0,3,N/A,N/A,NO_REAL_CONTRACT_FOUND,N/A
Demetress Kostka,Tampa Bay Buccaneers,WR,2840000.0,3,N/A,N/A,NO_REAL_CONTRACT_FOUND,N/A
Thurman Doell,Detroit Lions,G,1400000.0,1,N/A,N/A,NO_REAL_CONTRACT_FOUND,N/A
Ove Deibel,Tennessee Titans,S,795000.0,1,N/A,N/A,NO_REAL_CONTRACT_FOUND,N/A
Kahlil Virkus,Cincinnati Bengals,WR,1030000.0,1,N/A,N/A,NO_REAL_CONTRACT_FOUND,N/A
Eric Wrighster,New Orleans,WR,1.795,1,N/A,N/A,NO_REAL_CONTRACT_FOUND,N/A
Buff Lindsey,Green Bay Packers,ILB,1170000.0,1,N/A,N/A,NO_REAL_CONTRACT_FOUND,N/A
Cortez Faurot,Denver Broncos,ROLB,795000.0,1,N/A,N/A,NO_REAL_CONTRACT_FOUND,N/A
Domata Serini,Carolina Panthers,G,2975000.0,3,N/A,N/A,NO_REAL_CONTRACT_FOUND,N/A
Santonio Jue,Chicago Bears,S,2975000.0,3,N/A,N/A,NO_REAL_CONTRACT_FOUND,N/A
Lorne Moe,Kansas City Chiefs,DE,1700000.0,1,N/A,N/A,NO_REAL_CONTRACT_FOUND,N/A
Steven Corzine,Baltimore Ravens,DE,2697000.0,3,N/A,N/A,NO_REAL_CONTRACT_FOUND,N/A
Willard Poillon,New York A Jets,G,1.84,1,N/A,N/A,NO_REAL_CONTRACT_FOUND,N/A
Antonio Naposki,Seattle Seahawks,RT,4325924.0,4,N/A,N/A,NO_REAL_CONTRACT_FOUND,N/A
Dwaine Margucci,Las Vegas Raiders,ROLB,2975000.0,3,N/A,N/A,NO_REAL_CONTRACT_FOUND,N/A
Ned Wehrli,Denver Broncos,WR,960000.0,1,N/A,N/A,NO_REAL_CONTRACT_FOUND,N/A
Theophile Farrier,Detroit Lions,G,795000.0,1,N/A,N/A,NO_REAL_CONTRACT_FOUND,N/A
Daroll Roy,New Orleans,TE,4.301672,4,N/A,N/A,NO_REAL_CONTRACT_FOUND,N/A
Lashaun Almodobar,Los Angeles A Chargers,CB,4.975,3,N/A,N/A,NO_REAL_CONTRACT_FOUND,N/A
Dobie Hasselbeck,Los Angeles N Rams,S,0.98,3,N/A,N/A,NO_REAL_CONTRACT_FOUND,N/A
Avion Lyles,Atlanta Falcons,CB,795000.0,1,N/A,N/A,NO_REAL_CONTRACT_FOUND,N/A
Rock Bulger,New Orleans,G,4.682284,4,N/A,N/A,NO_REAL_CONTRACT_FOUND,N/A
Cookie Gravelle,San Francisco 49ers,G,3850356.0,4,N/A,N/A,NO_REAL_CONTRACT_FOUND,N/A
Maa Rowell,Pittsburgh Steelers,G,0.03,1,N/A,N/A,NO_REAL_CONTRACT_FOUND,N/A
Darnerien Rhymes,Detroit Lions,DE,1355000.0,1,N/A,N/A,NO_REAL_CONTRACT_FOUND,N/A
Calvin Sexton,Tampa Bay Buccaneers,TE,4084976.0,4,N/A,N/A,NO_REAL_CONTRACT_FOUND,N/A
Dickie Defilippo,Miami Dolphins,QB,4331576.0,4,N/A,N/A,NO_REAL_CONTRACT_FOUND,N/A
Marshawn Conlin,Jacksonville,TE,3.15,1,N/A,N/A,NO_REAL_CONTRACT_FOUND,N/A
Hokie Talib,San Francisco 49ers,DE,4084976.0,4,N/A,N/A,NO_REAL_CONTRACT_FOUND,N/A
Chandler Knapp,San Francisco 49ers,TE,2.4225,1,N/A,N/A,NO_REAL_CONTRACT_FOUND,N/A
Orland Reis,Buffalo Bills,RT,1030000.0,1,N/A,N/A,NO_REAL_CONTRACT_FOUND,N/A
Cordell Kanicki,Miami Dolphins,LT,960000.0,1,N/A,N/A,NO_REAL_CONTRACT_FOUND,N/A
Burton Codie,Indianapolis Colts,TE,1170000.0,1,N/A,N/A,NO_REAL_CONTRACT_FOUND,N/A
Jarvis Sisley,Los Angeles N Rams,CB,3.03,1,N/A,N/A,NO_REAL_CONTRACT_FOUND,N/A
Slick Swiadon,Tampa Bay Buccaneers,S,2966572.0,3,N/A,N/A,NO_REAL_CONTRACT_FOUND,N/A
Tommy Treggs,Minnesota Vikings,WR,2980000.0,3,N/A,N/A,NO_REAL_CONTRACT_FOUND,N/A
Marq Simington,New York A Jets,TE,0.0,1,N/A,N/A,NO_CONTRACT_ASSIGNED,N/A
Champ Dallafior,Miami Dolphins,CB,2850000.0,3,N/A,N/A,NO_REAL_CONTRACT_FOUND,N/A
Percell Hogeboom,Atlanta Falcons,TE,1100000.0,1,N/A,N/A,NO_REAL_CONTRACT_FOUND,N/A
Andrae Barni,Buffalo Bills,LT,4141584.0,4,N/A,N/A,NO_REAL_CONTRACT_FOUND,N/A
Yeremiah D'Onofrio,Las Vegas Raiders,DT,0.99,3,N/A,N/A,NO_REAL_CONTRACT_FOUND,N/A
Rey Bertelli,Los Angeles A Chargers,QB,4.0,1,N/A,N/A,NO_REAL_CONTRACT_FOUND,N/A
Thurlow Gossage,Green Bay Packers,C,1100000.0,1,N/A,N/A,NO_REAL_CONTRACT_FOUND,N/A
Senderrick Eichenlaub,New York N Giants,ILB,0.0,1,N/A,N/A,NO_CONTRACT_ASSIGNED,N/A
Tod Platukis,Buffalo Bills,LT,4189912.0,4,N/A,N/A,NO_REAL_CONTRACT_FOUND,N/A
Leland Worrell,Minnesota Vikings,DE,2990000.0,3,N/A,N/A,NO_REAL_CONTRACT_FOUND,N/A
Maurkice Psaltis,Chicago Bears,S,2980000.0,3,N/A,N/A,NO_REAL_CONTRACT_FOUND,N/A
Rulon Karcis,Minnesota Vikings,RT,4246592.0,4,N/A,N/A,NO_REAL_CONTRACT_FOUND,N/A
Monroe Cornelison,Los Angeles N Rams,WR,0.0,2,N/A,N/A,NO_CONTRACT_ASSIGNED,N/A
Russell Ricketts,Houston Texans,G,1400000.0,1,N/A,N/A,NO_REAL_CONTRACT_FOUND,N/A
Derrell Godwin,Arizona Cardinals,LS,1422500.0,1,N/A,N/A,NO_REAL_CONTRACT_FOUND,N/A
Ronald Bowe,Los Angeles N Rams,LS,2.7,3,N/A,N/A,NO_REAL_CONTRACT_FOUND,N/A
Ollie Derr,Miami Dolphins,C,2845000.0,3,N/A,N/A,NO_REAL_CONTRACT_FOUND,N/A
Jerrel Rebsamen,Tampa Bay Buccaneers,ILB,960000.0,1,N/A,N/A,NO_REAL_CONTRACT_FOUND,N/A
Kelton Cardarelli,Las Vegas Raiders,G,1030000.0,1,N/A,N/A,NO_REAL_CONTRACT_FOUND,N/A
Wild Gambrell,Houston Texans,RT,2070000.0,2,N/A,N/A,NO_REAL_CONTRACT_FOUND,N/A
Sealver Cavosie,Minnesota Vikings,ILB,2980000.0,3,N/A,N/A,NO_REAL_CONTRACT_FOUND,N/A
Johnnie Thuerk,Philadelphia Eagles,RB,1225000.0,1,N/A,N/A,NO_REAL_CONTRACT_FOUND,N/A
Cas Bellore,Green Bay Packers,TE,2705000.0,3,N/A,N/A,NO_REAL_CONTRACT_FOUND,N/A
Vitamin Bienemann,Cleveland Browns,TE,1030000.0,1,N/A,N/A,NO_REAL_CONTRACT_FOUND,N/A
Bree Gillom,Indianapolis Colts,WR,2977500.0,3,N/A,N/A,NO_REAL_CONTRACT_FOUND,N/A
Luther Royal,New York A Jets,QB,0.97,3,N/A,N/A,NO_REAL_CONTRACT_FOUND,N/A
Fenuki Fries,New York A Jets,WR,0.0,1,N/A,N/A,NO_CONTRACT_ASSIGNED,N/A
Cotton Hoaglin,Carolina Panthers,LT,1030000.0,1,N/A,N/A,NO_REAL_CONTRACT_FOUND,N/A
Ave Ivery,Seattle Seahawks,DT,915000.0,1,N/A,N/A,NO_REAL_CONTRACT_FOUND,N/A
Barrett Mellekas,Jacksonville,ILB,0.98,3,N/A,N/A,NO_REAL_CONTRACT_FOUND,N/A
Darrin Braidwood,Tampa Bay Buccaneers,DT,960000.0,1,N/A,N/A,NO_REAL_CONTRACT_FOUND,N/A
Jim Comella,Seattle Seahawks,LS,2701500.0,3,N/A,N/A,NO_REAL_CONTRACT_FOUND,N/A
Ev Uzdavinis,Pittsburgh Steelers,LS,3765000.0,3,N/A,N/A,NO_REAL_CONTRACT_FOUND,N/A
Joshua Skoglund,New England Patriots,TE,2995000.0,3,N/A,N/A,NO_REAL_CONTRACT_FOUND,N/A
Tyreo Kinard,Arizona Cardinals,QB,4190624.0,4,N/A,N/A,NO_REAL_CONTRACT_FOUND,N/A
Coty Smelley,Las Vegas Raiders,ILB,4341168.0,4,N/A,N/A,NO_REAL_CONTRACT_FOUND,N/A
Aldo Guidry,Philadelphia Eagles,ILB,840000.0,1,N/A,N/A,NO_REAL_CONTRACT_FOUND,N/A
Troy Rutkowski,Kansas City Chiefs,RT,2990000.0,3,N/A,N/A,NO_REAL_CONTRACT_FOUND,N/A
Dwight Durkee,Jacksonville,DE,2.985,3,N/A,N/A,NO_REAL_CONTRACT_FOUND,N/A
Igor Barlow,Cleveland Browns,G,2970000.0,3,N/A,N/A,NO_REAL_CONTRACT_FOUND,N/A
Moon Bucchianeri,Tennessee Titans,TE,2837500.0,3,N/A,N/A,NO_REAL_CONTRACT_FOUND,N/A
Khaleed Mckay,New York N Giants,ILB,3.3375,1,N/A,N/A,NO_REAL_CONTRACT_FOUND,N/A
June Bostick,Tampa Bay Buccaneers,DT,2985000.0,3,N/A,N/A,NO_REAL_CONTRACT_FOUND,N/A
Earthwind Thomasson,Tampa Bay Buccaneers,TE,4106184.0,4,N/A,N/A,NO_REAL_CONTRACT_FOUND,N/A
Donte Coleman,Cleveland Browns,S,2975000.0,3,N/A,N/A,NO_REAL_CONTRACT_FOUND,N/A
Jorvorskie Gartner,Minnesota Vikings,ROLB,2970000.0,3,N/A,N/A,NO_REAL_CONTRACT_FOUND,N/A
Treg Matteo,Pittsburgh Steelers,LT,960000.0,1,N/A,N/A,NO_REAL_CONTRACT_FOUND,N/A
Mcdonald Lavender,Atlanta Falcons,QB,1337500.0,1,N/A,N/A,NO_REAL_CONTRACT_FOUND,N/A
Flipper Ahrens,Pittsburgh Steelers,DE,1030000.0,1,N/A,N/A,NO_REAL_CONTRACT_FOUND,N/A
Montavious Corrington,Kansas City Chiefs,RT,2870000.0,3,N/A,N/A,NO_REAL_CONTRACT_FOUND,N/A
Lestar Planansky,Jacksonville,LT,3.3375,1,N/A,N/A,NO_REAL_CONTRACT_FOUND,N/A
Jerraud Neighbors,Minnesota Vikings,FB,1100000.0,1,N/A,N/A,NO_REAL_CONTRACT_FOUND,N/A
Kaseem Seawright,Kansas City Chiefs,S,2985000.0,3,N/A,N/A,NO_REAL_CONTRACT_FOUND,N/A
Mil Goetz,New Orleans,S,9.1,3,N/A,N/A,NO_REAL_CONTRACT_FOUND,N/A
Bernardo Direnzo,New England Patriots,G,2975000.0,3,N/A,N/A,NO_REAL_CONTRACT_FOUND,N/A
Cleveland Jarrett,Baltimore Ravens,ILB,0.2,1,N/A,N/A,NO_REAL_CONTRACT_FOUND,N/A
Stevie Mackey,Cincinnati Bengals,CB,1170000.0,1,N/A,N/A,NO_REAL_CONTRACT_FOUND,N/A
Denver Strzelczyk,Miami Dolphins,TE,2980000.0,3,N/A,N/A,NO_REAL_CONTRACT_FOUND,N/A
Bronzell Rovinski,Denver Broncos,QB,12000000.0,2,N/A,N/A,NO_REAL_CONTRACT_FOUND,N/A
Antico Guesman,Minnesota Vikings,G,2975000.0,3,N/A,N/A,NO_REAL_CONTRACT_FOUND,N/A
Untz Driscoll,Atlanta Falcons,C,1030000.0,1,N/A,N/A,NO_REAL_CONTRACT_FOUND,N/A
Si Stackpool,Minnesota Vikings,CB,1030000.0,1,N/A,N/A,NO_REAL_CONTRACT_FOUND,N/A
Waverly Gattis,Los Angeles A Chargers,ROLB,1.03,1,N/A,N/A,NO_REAL_CONTRACT_FOUND,N/A
Crezdon Faneca,Los Angeles A Chargers,G,0.84,1,N/A,N/A,NO_REAL_CONTRACT_FOUND,N/A
Evan Vernon,Los Angeles N Rams,DE,3.03,1,N/A,N/A,NO_REAL_CONTRACT_FOUND,N/A
Travian Zuidmulder,San Francisco 49ers,QB,4334236.0,4,N/A,N/A,NO_REAL_CONTRACT_FOUND,N/A
Jiggs Barna,New Orleans,G,3.755,2,N/A,N/A,NO_REAL_CONTRACT_FOUND,N/A
Marlin Grange,New Orleans,RT,4.3275,1,N/A,N/A,NO_REAL_CONTRACT_FOUND,N/A
Cop Simonini,Cincinnati Bengals,ILB,2845000.0,3,N/A,N/A,NO_REAL_CONTRACT_FOUND,N/A
Preston Fujita,Cincinnati Bengals,C,4121752.0,4,N/A,N/A,NO_REAL_CONTRACT_FOUND,N/A
Buster Maddox,Chicago Bears,WR,1030000.0,1,N/A,N/A,NO_REAL_CONTRACT_FOUND,N/A
Domonique Lennan,Carolina Panthers,CB,840000.0,1,N/A,N/A,NO_REAL_CONTRACT_FOUND,N/A
Merl Duncum,Carolina Panthers,CB,3.975,3,N/A,N/A,NO_REAL_CONTRACT_FOUND,N/A
Clay Dutton,Los Angeles A Chargers,G,3.98,3,N/A,N/A,NO_REAL_CONTRACT_FOUND,N/A
Elijah Arnett,Cincinnati Bengals,CB,960000.0,1,N/A,N/A,NO_REAL_CONTRACT_FOUND,N/A
Hop Dunsmore,Philadelphia Eagles,TE,1150000.0,1,N/A,N/A,NO_REAL_CONTRACT_FOUND,N/A
Lu Lissemore,Baltimore Ravens,C,4129844.0,4,N/A,N/A,NO_REAL_CONTRACT_FOUND,N/A
Pio Lobenstein,Cincinnati Bengals,DE,960000.0,1,N/A,N/A,NO_REAL_CONTRACT_FOUND,N/A
Riddick Correal,Baltimore Ravens,LT,2982500.0,3,N/A,N/A,NO_REAL_CONTRACT_FOUND,N/A
Kamerion Haycraft,Cincinnati Bengals,ROLB,795000.0,1,N/A,N/A,NO_REAL_CONTRACT_FOUND,N/A
Rice Grimm,Los Angeles N Rams,ILB,2.99,3,N/A,N/A,NO_REAL_CONTRACT_FOUND,N/A
Garcia Elko,Los Angeles N Rams,QB,3.53914,4,N/A,N/A,NO_REAL_CONTRACT_FOUND,N/A
Keiland Malbrough,New York N Giants,RT,0.0,1,N/A,N/A,NO_CONTRACT_ASSIGNED,N/A
Albert Sevy,Atlanta Falcons,RT,3000000.0,2,N/A,N/A,NO_REAL_CONTRACT_FOUND,N/A
Braden Dion,San Francisco 49ers,DE,1100000.0,1,N/A,N/A,NO_REAL_CONTRACT_FOUND,N/A
Alvis Hollomon,Los Angeles A Chargers,DT,0.975,3,N/A,N/A,NO_REAL_CONTRACT_FOUND,N/A
Bhawoh Runyan,Tennessee Titans,TE,960000.0,1,N/A,N/A,NO_REAL_CONTRACT_FOUND,N/A
Lavar Duyne,Las Vegas Raiders,WR,4374280.0,4,N/A,N/A,NO_REAL_CONTRACT_FOUND,N/A
Bryan Whaley,Indianapolis Colts,S,2972000.0,3,N/A,N/A,NO_REAL_CONTRACT_FOUND,N/A
Nedu Munoz,Philadelphia Eagles,S,2085000.0,2,N/A,N/A,NO_REAL_CONTRACT_FOUND,N/A
Stan Carthon,Cleveland Browns,FB,2.638588,4,N/A,N/A,NO_REAL_CONTRACT_FOUND,N/A
Ifeanyi Kulbacki,New York A Jets,TE,0.0,1,N/A,N/A,NO_CONTRACT_ASSIGNED,N/A
Lamar Ambrose,Los Angeles N Rams,LT,2.96,1,N/A,N/A,NO_REAL_CONTRACT_FOUND,N/A
Erich Babartsky,Miami Dolphins,G,2980000.0,3,N/A,N/A,NO_REAL_CONTRACT_FOUND,N/A
Junior Ware,New England Patriots,C,960000.0,1,N/A,N/A,NO_REAL_CONTRACT_FOUND,N/A
Herman Poimbeouf,Las Vegas Raiders,ROLB,2850000.0,3,N/A,N/A,NO_REAL_CONTRACT_FOUND,N/A
Mathias Stonebreaker,Arizona Cardinals,WR,1030000.0,1,N/A,N/A,NO_REAL_CONTRACT_FOUND,N/A
Merrill Seliger,Denver Broncos,DE,960000.0,1,N/A,N/A,NO_REAL_CONTRACT_FOUND,N/A
Odis Hargain,Cleveland Browns,CB,960000.0,1,N/A,N/A,NO_REAL_CONTRACT_FOUND,N/A
Moran Kurek,Minnesota Vikings,TE,2.985,3,N/A,N/A,NO_REAL_CONTRACT_FOUND,N/A
Jose Tasker,Arizona Cardinals,DE,1895000.0,2,N/A,N/A,NO_REAL_CONTRACT_FOUND,N/A
Moxie Lucci,Seattle Seahawks,TE,1030000.0,1,N/A,N/A,NO_REAL_CONTRACT_FOUND,N/A
Jamall Vetter,Cincinnati Bengals,TE,980000.0,1,N/A,N/A,NO_REAL_CONTRACT_FOUND,N/A
Koy Jonasen,Minnesota Vikings,ROLB,2985000.0,3,N/A,N/A,NO_REAL_CONTRACT_FOUND,N/A
Micheal Ittersagen,Kansas City Chiefs,CB,1.835,3,N/A,N/A,NO_REAL_CONTRACT_FOUND,N/A
Conway Tamburello,Chicago Bears,C,1030000.0,1,N/A,N/A,NO_REAL_CONTRACT_FOUND,N/A
Van Hardin,Washington Commanders,G,3764444.0,4,N/A,N/A,NO_REAL_CONTRACT_FOUND,N/A
Ariel Diamond,Seattle Seahawks,WR,1030000.0,1,N/A,N/A,NO_REAL_CONTRACT_FOUND,N/A
Alvie Bregel,Kansas City Chiefs,ILB,1100000.0,1,N/A,N/A,NO_REAL_CONTRACT_FOUND,N/A
Lindon Dufault,Washington Commanders,TE,2840000.0,3,N/A,N/A,NO_REAL_CONTRACT_FOUND,N/A
Toran Gore,Detroit Lions,RT,1422500.0,1,N/A,N/A,NO_REAL_CONTRACT_FOUND,N/A
Louie Kalu,Carolina Panthers,TE,1030000.0,1,N/A,N/A,NO_REAL_CONTRACT_FOUND,N/A
Connor Stolfa,Philadelphia Eagles,QB,4182272.0,4,N/A,N/A,NO_REAL_CONTRACT_FOUND,N/A
Primo Yoho,Kansas City Chiefs,LT,2985000.0,3,N/A,N/A,NO_REAL_CONTRACT_FOUND,N/A
Trey Hahn,Seattle Seahawks,C,2981000.0,3,N/A,N/A,NO_REAL_CONTRACT_FOUND,N/A
Max Yaccino,Buffalo Bills,RB,1853000.0,2,N/A,N/A,NO_REAL_CONTRACT_FOUND,N/A
Charlie Higgs,Houston Texans,QB,4428484.0,4,N/A,N/A,NO_REAL_CONTRACT_FOUND,N/A
Torey Gutknecht,Philadelphia Eagles,LT,2995000.0,3,N/A,N/A,NO_REAL_CONTRACT_FOUND,N/A
Naz Temple,Buffalo Bills,TE,4520216.0,4,N/A,N/A,NO_REAL_CONTRACT_FOUND,N/A
Antwaun Corral,Tennessee Titans,RT,4029800.0,4,N/A,N/A,NO_REAL_CONTRACT_FOUND,N/A
Jarett Bland,Seattle Seahawks,C,795000.0,1,N/A,N/A,NO_REAL_CONTRACT_FOUND,N/A
Rasheed Lubischer,Las Vegas Raiders,C,2975000.0,3,N/A,N/A,NO_REAL_CONTRACT_FOUND,N/A
Emmitt Mccallister,Baltimore Ravens,ILB,2985000.0,3,N/A,N/A,NO_REAL_CONTRACT_FOUND,N/A
Arrike Lasse,Tennessee Titans,LT,1665000.0,2,N/A,N/A,NO_REAL_CONTRACT_FOUND,N/A
Hec Hall,Los Angeles A Chargers,CB,2.975,3,N/A,N/A,NO_REAL_CONTRACT_FOUND,N/A
Merv Spindler,Tennessee Titans,RB,2035000.0,2,N/A,N/A,NO_REAL_CONTRACT_FOUND,N/A
Obed Leribeus,Miami Dolphins,G,2980000.0,3,N/A,N/A,NO_REAL_CONTRACT_FOUND,N/A
Hoge Steiner,Atlanta Falcons,G,2985000.0,3,N/A,N/A,NO_REAL_CONTRACT_FOUND,N/A
Horst Muckensturm,Cleveland Browns,RT,1.2,1,N/A,N/A,NO_REAL_CONTRACT_FOUND,N/A
Dion Zandofsky,Green Bay Packers,LT,960000.0,1,N/A,N/A,NO_REAL_CONTRACT_FOUND,N/A
Socko Lind,Green Bay Packers,DT,840000.0,1,N/A,N/A,NO_REAL_CONTRACT_FOUND,N/A
Boone Pollock,Pittsburgh Steelers,CB,840000.0,1,N/A,N/A,NO_REAL_CONTRACT_FOUND,N/A
Chaun Enright,Atlanta Falcons,CB,1030000.0,1,N/A,N/A,NO_REAL_CONTRACT_FOUND,N/A
Roddy Bosher,Indianapolis Colts,ILB,34.212827,4,N/A,N/A,NO_REAL_CONTRACT_FOUND,N/A
Rick Simonetti,Indianapolis Colts,RT,960000.0,1,N/A,N/A,NO_REAL_CONTRACT_FOUND,N/A
Fee Langham,Baltimore Ravens,WR,960000.0,1,N/A,N/A,NO_REAL_CONTRACT_FOUND,N/A
Brenden Maccollum,Green Bay Packers,LS,3.125,1,N/A,N/A,NO_REAL_CONTRACT_FOUND,N/A
Joe Barrington,Green Bay Packers,TE,960000.0,1,N/A,N/A,NO_REAL_CONTRACT_FOUND,N/A
Windrell Kuffel,Minnesota Vikings,C,4128740.0,4,N/A,N/A,NO_REAL_CONTRACT_FOUND,N/A
Khalid Hapes,Denver Broncos,TE,2705000.0,3,N/A,N/A,NO_REAL_CONTRACT_FOUND,N/A
Gar Keenan,Jacksonville,QB,5.5,2,N/A,N/A,NO_REAL_CONTRACT_FOUND,N/A
Rod Doerger,San Francisco 49ers,RB,1170000.0,1,N/A,N/A,NO_REAL_CONTRACT_FOUND,N/A
Yale Teerlinck,Chicago Bears,ILB,2985000.0,3,N/A,N/A,NO_REAL_CONTRACT_FOUND,N/A
Lucien Theofiledes,Dallas Cowboys,TE,1755000.0,2,N/A,N/A,NO_REAL_CONTRACT_FOUND,N/A
Lenny Herock,New York A Jets,WR,1.975,3,N/A,N/A,NO_REAL_CONTRACT_FOUND,N/A
Antuan Drake,New York N Giants,S,0.985,1,N/A,N/A,NO_REAL_CONTRACT_FOUND,N/A
Kealoha Gainer,Tampa Bay Buccaneers,G,960000.0,1,N/A,N/A,NO_REAL_CONTRACT_FOUND,N/A
Aubrey Duggan,Philadelphia Eagles,QB,4026520.0,4,N/A,N/A,NO_REAL_CONTRACT_FOUND,N/A
Derland Wallerstedt,Las Vegas Raiders,S,2840000.0,3,N/A,N/A,NO_REAL_CONTRACT_FOUND,N/A
Harper Eckl,New York N Giants,QB,1.03,1,N/A,N/A,NO_REAL_CONTRACT_FOUND,N/A
Adalius Lacy,Carolina Panthers,CB,840000.0,1,N/A,N/A,NO_REAL_CONTRACT_FOUND,N/A
Cordy Suggs,New Orleans,ILB,2.975,3,N/A,N/A,NO_REAL_CONTRACT_FOUND,N/A
Sod Braxton,Indianapolis Colts,G,1050000.0,1,N/A,N/A,NO_REAL_CONTRACT_FOUND,N/A
Matt Brewington,Buffalo Bills,TE,2042000.0,2,N/A,N/A,NO_REAL_CONTRACT_FOUND,N/A
Emerson Booty,Seattle Seahawks,LT,2966500.0,3,N/A,N/A,NO_REAL_CONTRACT_FOUND,N/A
Ta'Ase Post,Washington Commanders,CB,1170000.0,1,N/A,N/A,NO_REAL_CONTRACT_FOUND,N/A
Lawyer Cosby,Minnesota Vikings,TE,2970000.0,3,N/A,N/A,NO_REAL_CONTRACT_FOUND,N/A
Filmel Ruetz,Denver Broncos,TE,4309488.0,4,N/A,N/A,NO_REAL_CONTRACT_FOUND,N/A
Leodis Mockmore,Las Vegas Raiders,QB,4374280.0,4,N/A,N/A,NO_REAL_CONTRACT_FOUND,N/A
Lyneal Maznicki,Baltimore Ravens,S,2966000.0,3,N/A,N/A,NO_REAL_CONTRACT_FOUND,N/A
Kori Lindell,Chicago Bears,C,1030000.0,1,N/A,N/A,NO_REAL_CONTRACT_FOUND,N/A
Lud Druze,Atlanta Falcons,RB,960000.0,1,N/A,N/A,NO_REAL_CONTRACT_FOUND,N/A
Eron Mcclellin,Kansas City Chiefs,ILB,2100000.0,1,N/A,N/A,NO_REAL_CONTRACT_FOUND,N/A
Da'Rel Bykowski,Baltimore Ravens,G,2967500.0,3,N/A,N/A,NO_REAL_CONTRACT_FOUND,N/A
Jaiquawn Maynard,Cleveland Browns,RT,2970000.0,3,N/A,N/A,NO_REAL_CONTRACT_FOUND,N/A
Lequan Arthur,Cincinnati Bengals,G,960000.0,1,N/A,N/A,NO_REAL_CONTRACT_FOUND,N/A
Rodregis Oas,Miami Dolphins,LS,1422500.0,1,N/A,N/A,NO_REAL_CONTRACT_FOUND,N/A
Winford Gaydos,Jacksonville,QB,0.17,1,N/A,N/A,NO_REAL_CONTRACT_FOUND,N/A
Halvor Pesonen,Denver Broncos,ROLB,2985000.0,3,N/A,N/A,NO_REAL_CONTRACT_FOUND,N/A
Renardo Cantor,Indianapolis Colts,G,1030000.0,1,N/A,N/A,NO_REAL_CONTRACT_FOUND,N/A
Juan Crowther,Baltimore Ravens,S,2972500.0,3,N/A,N/A,NO_REAL_CONTRACT_FOUND,N/A
Glynn Daigle,Atlanta Falcons,G,5750000.0,2,N/A,N/A,NO_REAL_CONTRACT_FOUND,N/A
Olivier Sebo,Detroit Lions,QB,1270000.0,1,N/A,N/A,NO_REAL_CONTRACT_FOUND,N/A
Alec Heimkreiter,New York A Jets,ROLB,0.0,1,N/A,N/A,NO_CONTRACT_ASSIGNED,N/A
Cameron Threadgill,Minnesota Vikings,QB,2975000.0,3,N/A,N/A,NO_REAL_CONTRACT_FOUND,N/A
King Chmura,Jacksonville,G,2.975,3,N/A,N/A,NO_REAL_CONTRACT_FOUND,N/A
Belf Shropshire,Cleveland Browns,DT,985000.0,1,N/A,N/A,NO_REAL_CONTRACT_FOUND,N/A
Jerico Clancy,Chicago Bears,TE,1030000.0,1,N/A,N/A,NO_REAL_CONTRACT_FOUND,N/A
Stewart Konetsky,Los Angeles N Rams,RT,3.985,3,N/A,N/A,NO_REAL_CONTRACT_FOUND,N/A
Arda Field,Carolina Panthers,TE,960000.0,1,N/A,N/A,NO_REAL_CONTRACT_FOUND,N/A
Stud Meinert,New England Patriots,TE,4.202552,4,N/A,N/A,NO_REAL_CONTRACT_FOUND,N/A
Mike Tully,Atlanta Falcons,LT,960000.0,1,N/A,N/A,NO_REAL_CONTRACT_FOUND,N/A
Mardye Dulin,Chicago Bears,ROLB,5000000.0,2,N/A,N/A,NO_REAL_CONTRACT_FOUND,N/A
Keyunta Walston,Cincinnati Bengals,LT,840000.0,1,N/A,N/A,NO_REAL_CONTRACT_FOUND,N/A
Taj Lebengood,Philadelphia Eagles,ROLB,1055000.0,1,N/A,N/A,NO_REAL_CONTRACT_FOUND,N/A
Ottis Vairo,Los Angeles N Rams,LT,0.971,3,N/A,N/A,NO_REAL_CONTRACT_FOUND,N/A
Doak Steger,Tennessee Titans,C,4.79778,4,N/A,N/A,NO_REAL_CONTRACT_FOUND,N/A
Howard Peko,Atlanta Falcons,ILB,1170000.0,1,N/A,N/A,NO_REAL_CONTRACT_FOUND,N/A
Shareece Jenkins,Jacksonville,S,2.9665,3,N/A,N/A,NO_REAL_CONTRACT_FOUND,N/A
Everette Schnelker,Las Vegas Raiders,TE,7.0,4,N/A,N/A,NO_REAL_CONTRACT_FOUND,N/A
Jamarca Mazzanti,Jacksonville,RT,5.406,1,N/A,N/A,NO_REAL_CONTRACT_FOUND,N/A
Zvonimir Longstreet,Cincinnati Bengals,RT,1875000.0,2,N/A,N/A,NO_REAL_CONTRACT_FOUND,N/A
Teag Seder,Tampa Bay Buccaneers,C,2975000.0,3,N/A,N/A,NO_REAL_CONTRACT_FOUND,N/A
Kentwan Steinbrunner,San Francisco 49ers,TE,1030000.0,1,N/A,N/A,NO_REAL_CONTRACT_FOUND,N/A
Malaefou Woodeshick,Seattle Seahawks,DE,2980000.0,3,N/A,N/A,NO_REAL_CONTRACT_FOUND,N/A
Bern Gaylor,Baltimore Ravens,DT,2970000.0,3,N/A,N/A,NO_REAL_CONTRACT_FOUND,N/A
Lindsey Unck,New York N Giants,C,3.03,1,N/A,N/A,NO_REAL_CONTRACT_FOUND,N/A
Ralph Iverson,Washington Commanders,QB,1422500.0,1,N/A,N/A,NO_REAL_CONTRACT_FOUND,N/A
Dequan Herrin,Tampa Bay Buccaneers,QB,2787500.0,1,N/A,N/A,NO_REAL_CONTRACT_FOUND,N/A
Blanchard Mikolajczyk,Tampa Bay Buccaneers,QB,2285000.0,2,N/A,N/A,NO_REAL_CONTRACT_FOUND,N/A
Lecharles Tuman,Detroit Lions,S,795000.0,1,N/A,N/A,NO_REAL_CONTRACT_FOUND,N/A
Seyi Landeta,Baltimore Ravens,C,5.003704,4,N/A,N/A,NO_REAL_CONTRACT_FOUND,N/A
Arlen Gage,Los Angeles A Chargers,TE,0.0,1,N/A,N/A,NO_CONTRACT_ASSIGNED,N/A
Robaire Ruskusky,Seattle Seahawks,S,1030000.0,1,N/A,N/A,NO_REAL_CONTRACT_FOUND,N/A
Jermale Baisi,Denver Broncos,G,840000.0,1,N/A,N/A,NO_REAL_CONTRACT_FOUND,N/A
Kiante Capps,Los Angeles N Rams,G,1.995,3,N/A,N/A,NO_REAL_CONTRACT_FOUND,N/A
Bosh Hunnicutt,Tampa Bay Buccaneers,C,2980000.0,3,N/A,N/A,NO_REAL_CONTRACT_FOUND,N/A
Versil Bowyer,New York A Jets,CB,1.2,1,N/A,N/A,NO_REAL_CONTRACT_FOUND,N/A
Jalil Bayley,Tennessee Titans,G,3.17,1,N/A,N/A,NO_REAL_CONTRACT_FOUND,N/A
Travaris Shugart,Baltimore Ravens,QB,840000.0,1,N/A,N/A,NO_REAL_CONTRACT_FOUND,N/A
Tramon Egboh,Tampa Bay Buccaneers,DE,1030000.0,1,N/A,N/A,NO_REAL_CONTRACT_FOUND,N/A
Dennis Rowan,Tampa Bay Buccaneers,LS,795000.0,1,N/A,N/A,NO_REAL_CONTRACT_FOUND,N/A
Dorson Prudhomme,Seattle Seahawks,ILB,1030000.0,1,N/A,N/A,NO_REAL_CONTRACT_FOUND,N/A
Hunter Childress,Detroit Lions,C,840000.0,1,N/A,N/A,NO_REAL_CONTRACT_FOUND,N/A
Irv Zackery,Miami Dolphins,LT,1855000.0,2,N/A,N/A,NO_REAL_CONTRACT_FOUND,N/A
Mathewson Aikman,Minnesota Vikings,LT,1030000.0,1,N/A,N/A,NO_REAL_CONTRACT_FOUND,N/A
Knuckles Quigley,Atlanta Falcons,TE,2045000.0,2,N/A,N/A,NO_REAL_CONTRACT_FOUND,N/A
Tysyn Harden,Cleveland Browns,LS,795000.0,1,N/A,N/A,NO_REAL_CONTRACT_FOUND,N/A
Taye Southard,Los Angeles A Chargers,TE,3.97,3,N/A,N/A,NO_REAL_CONTRACT_FOUND,N/A
Arnold Voytek,New Orleans,C,1.99,3,N/A,N/A,NO_REAL_CONTRACT_FOUND,N/A
Diamond Flynn,Chicago Bears,QB,2720000.0,3,N/A,N/A,NO_REAL_CONTRACT_FOUND,N/A
Muhsin Figures,Arizona Cardinals,ROLB,915000.0,1,N/A,N/A,NO_REAL_CONTRACT_FOUND,N/A
Fili Trejo,Baltimore Ravens,ROLB,960000.0,1,N/A,N/A,NO_REAL_CONTRACT_FOUND,N/A
Ma'Ake Zyntell,New York A Jets,G,1.1,1,N/A,N/A,NO_REAL_CONTRACT_FOUND,N/A
Ligarius Avinger,Minnesota Vikings,C,2975000.0,3,N/A,N/A,NO_REAL_CONTRACT_FOUND,N/A
Robert Giaquinto,New England Patriots,QB,2971000.0,3,N/A,N/A,NO_REAL_CONTRACT_FOUND,N/A
Bub Biddle,Minnesota Vikings,QB,1195000.0,1,N/A,N/A,NO_REAL_CONTRACT_FOUND,N/A
Timmie Dokes,San Francisco 49ers,ILB,1170000.0,1,N/A,N/A,NO_REAL_CONTRACT_FOUND,N/A
Keyaron Parkin,Detroit Lions,ROLB,1255000.0,1,N/A,N/A,NO_REAL_CONTRACT_FOUND,N/A
Jajuan Hufnagel,Cleveland Browns,RT,1170000.0,1,N/A,N/A,NO_REAL_CONTRACT_FOUND,N/A
Reynaud Vandersea,Seattle Seahawks,ILB,750000.0,1,N/A,N/A,NO_REAL_CONTRACT_FOUND,N/A
Manch Mecham,Washington Commanders,QB,960000.0,1,N/A,N/A,NO_REAL_CONTRACT_FOUND,N/A
Dequin Kendrick,Chicago Bears,LS,1337500.0,1,N/A,N/A,NO_REAL_CONTRACT_FOUND,N/A
Grassy Wortham,Green Bay Packers,QB,960000.0,1,N/A,N/A,NO_REAL_CONTRACT_FOUND,N/A
Keary Pickel,Washington Commanders,LT,3.4225,1,N/A,N/A,NO_REAL_CONTRACT_FOUND,N/A
Bev Younce,Denver Broncos,QB,1337500.0,1,N/A,N/A,NO_REAL_CONTRACT_FOUND,N/A
Tom Mcshane,Tennessee Titans,QB,0.0,1,N/A,N/A,NO_CONTRACT_ASSIGNED,N/A
Rocco Mcgaw,Washington Commanders,TE,1100000.0,1,N/A,N/A,NO_REAL_CONTRACT_FOUND,N/A
Tyoka Dreessen,Dallas Cowboys,QB,1170000.0,1,N/A,N/A,NO_REAL_CONTRACT_FOUND,N/A
Terrence Tindale,Kansas City Chiefs,QB,840000.0,1,N/A,N/A,NO_REAL_CONTRACT_FOUND,N/A
Nijrell Depler,Washington Commanders,LT,1100000.0,1,N/A,N/A,NO_REAL_CONTRACT_FOUND,N/A
Elvis Bancroft,Chicago Bears,LT,1170000.0,1,N/A,N/A,NO_REAL_CONTRACT_FOUND,N/A
Jamaine Sendejo,Tennessee Titans,QB,1422500.0,1,N/A,N/A,NO_REAL_CONTRACT_FOUND,N/A
Keilen Skow,Atlanta Falcons,TE,1440000.0,1,N/A,N/A,NO_REAL_CONTRACT_FOUND,N/A
Marvcus Winburn,Minnesota Vikings,RT,1170000.0,1,N/A,N/A,NO_REAL_CONTRACT_FOUND,N/A
Trindon Gant,Philadelphia Eagles,LT,1170000.0,1,N/A,N/A,NO_REAL_CONTRACT_FOUND,N/A
Basilio Flannery,Pittsburgh Steelers,C,1030000.0,1,N/A,N/A,NO_REAL_CONTRACT_FOUND,N/A
Colin Treadwell,Miami Dolphins,TE,2085000.0,2,N/A,N/A,NO_REAL_CONTRACT_FOUND,N/A
Cody Ferragamo,Buffalo Bills,QB,1030000.0,1,N/A,N/A,NO_REAL_CONTRACT_FOUND,N/A
Fabray Songy,Atlanta Falcons,QB,840000.0,1,N/A,N/A,NO_REAL_CONTRACT_FOUND,N/A
