PFL_Name,Real_Player_Name,Team,Position,PFL_Contract_Value,PFL_Contract_Years,Real_Contract_Value,Real_Contract_Years,Status,Difference
Vencie Brezina,Ja'Marr Chase,Cincinnati Bengals,WR,161000000.0,4,161000000.0,4.0,CORRECT,0.0
Rashean Fanaika,Josh Allen,Buffalo Bills,QB,330000000.0,6,330000000.0,6.0,CORRECT,0.0
Jeffery Stills,Justin Jefferson,Minnesota Vikings,WR,140000000.0,4,140000000.0,4.0,CORRECT,0.0
Jerone Danehe,Lamar Jackson,Baltimore Ravens,QB,1030000.0,1,1030000.0,1.0,CORRECT,0.0
Billie Lio,Lane Johnson,Philadelphia Eagles,RT,25000000.0,1,25000000.0,1.0,CORRECT,0.0
Rishaw Messner,Myles Garrett,Cleveland Browns,RE,160000000.0,4,160000000.0,4.0,CORRECT,0.0
Salem Hollas,Saquon Barkley,Philadelphia Eagles,HB,41200000.0,2,41200000.0,2.0,CORRECT,0.0
Woodie Colston,Derrick Henry,Baltimore Ravens,HB,30000000.0,2,30000000.0,2.0,CORRECT,0.0
Jacques Montalbo,George Kittle,San Francisco 49ers,TE,76400000.0,4,76400000.0,4.0,CORRECT,0.0
Jeron Fordham,Micah Parsons,Dallas Cowboys,LE,17079793.0,4,17079793.0,4.0,CORRECT,0.0
Marcel Gruttadauria,Chris Jones,Kansas City Chiefs,DT,158750000.0,5,158750000.0,5.0,CORRECT,0.0
Darryal Mira,N/A,New York N Giants,DT,89.5,4,N/A,N/A,NO_TEST_MATCH,N/A
Major Ridge,Fred Warner,San Francisco 49ers,MLB,63000000.0,3,63000000.0,3.0,CORRECT,0.0
Lennox Lalonde,Joe Burrow,Cincinnati Bengals,QB,275000000.0,5,275000000.0,5.0,CORRECT,0.0
Kit Giugliano,Patrick Surtain II,Denver Broncos,CB,96000000.0,4,96000000.0,4.0,CORRECT,0.0
Jerrol Mckyer,Trent Williams,San Francisco 49ers,LT,82660000.0,3,82660000.0,3.0,CORRECT,0.0
Alshon Kelcher,Amon-Ra St. Brown,Detroit Lions,WR,120010000.0,4,120010000.0,4.0,CORRECT,0.0
Jules Schnellbacher,Jordan Mailata,Philadelphia Eagles,LT,66000000.0,3,66000000.0,3.0,CORRECT,0.0
Gaines Mayock,Maxx Crosby,Las Vegas Raiders,LE,106500000.0,3,106500000.0,3.0,CORRECT,0.0
Jashon Hooker,Penei Sewell,Detroit Lions,RT,112000000.0,4,112000000.0,4.0,CORRECT,0.0
Philip Stennett,T.J. Watt,Pittsburgh Steelers,LE,123000000.0,3,123000000.0,3.0,CORRECT,0.0
Milan Bunkley,Tristan Wirfs,Tampa Bay Buccaneers,LT,140600000.0,5,140600000.0,5.0,CORRECT,0.0
Windlan Kimrin,CeeDee Lamb,Dallas Cowboys,WR,136000000.0,4,136000000.0,4.0,CORRECT,0.0
Raynoch Vollmer,Christian Gonzalez,New England Patriots,CB,15102868.0,4,15102868.0,4.0,CORRECT,0.0
Armon Prchlik,Derrick Brown,Carolina Panthers,DT,96000000.0,4,96000000.0,4.0,CORRECT,0.0
Raonall Grabinski,Jahmyr Gibbs,Detroit Lions,HB,17845130.0,4,17845130.0,4.0,CORRECT,0.0
Brick Volok,Jessie Bates III,Atlanta Falcons,FS,64020000.0,4,64020000.0,4.0,CORRECT,0.0
Rodell Radford,Nick Bosa,San Francisco 49ers,LE,170000000.0,5,170000000.0,5.0,CORRECT,0.0
Stafford Hynes,Patrick Mahomes,Kansas City Chiefs,QB,450000000.0,10,450000000.0,10.0,CORRECT,0.0
Lydell Mackenzie,Quinn Meinerz,Denver Broncos,RG,72000000.0,4,72000000.0,4.0,CORRECT,0.0
Koa Zoppetti,Tyreek Hill,Miami Dolphins,WR,90000000.0,3,90000000.0,3.0,CORRECT,0.0
Brentson Black,Cameron Heyward,Pittsburgh Steelers,DT,29000000.0,2,29000000.0,2.0,CORRECT,0.0
Keyvan Philcox,Chris Lindstrom,Atlanta Falcons,RG,102500000.0,5,102500000.0,5.0,CORRECT,0.0
Quintus Mandich,Christian McCaffrey,San Francisco 49ers,HB,38000000.0,2,38000000.0,2.0,CORRECT,0.0
Waddy Yokas,Creed Humphrey,Kansas City Chiefs,C,72000000.0,4,72000000.0,4.0,CORRECT,0.0
Bo Satele,Jalen Ramsey,Pittsburgh Steelers,CB,84700000.0,4,84700000.0,4.0,CORRECT,0.0
Duval Carter,Laremy Tunsil,Washington Commanders,LT,75000000.0,3,75000000.0,3.0,CORRECT,0.0
Snitz Hannon,Roquan Smith,Baltimore Ravens,MLB,100000000.0,5,100000000.0,5.0,CORRECT,0.0
Fredd Shields,N/A,New York A Jets,CB,100.0,4,N/A,N/A,NO_TEST_MATCH,N/A
Suaesi Garnett,Terry McLaurin,Washington Commanders,WR,68364000.0,3,68364000.0,3.0,CORRECT,0.0
Tuineau Sutch,Trent McDuffie,Kansas City Chiefs,CB,13992484.0,4,13992484.0,4.0,CORRECT,0.0
Snoop Connors,A.J. Brown,Philadelphia Eagles,WR,96000000.0,3,96000000.0,3.0,CORRECT,0.0
Lavell Mcleod,Aidan Hutchinson,Detroit Lions,LE,35713386.0,4,35713386.0,4.0,CORRECT,0.0
Laurence Welbourn,Derek Stingley Jr.,Houston Texans,CB,90000000.0,3,90000000.0,3.0,CORRECT,0.0
Elmore Hanken,N/A,Los Angeles A Chargers,SS,77.532,4,N/A,N/A,NO_TEST_MATCH,N/A
Jerricho Gudauskas,Joe Thuney,Chicago Bears,LG,35000000.0,2,35000000.0,2.0,CORRECT,0.0
Jahine Gregg,Mike Evans,Tampa Bay Buccaneers,WR,41000000.0,2,41000000.0,2.0,CORRECT,0.0
Seaman Chappell,Nnamdi Madubuike,Baltimore Ravens,DT,98000000.0,4,98000000.0,4.0,CORRECT,0.0
Oronde Lanham,N/A,Los Angeles A Chargers,LT,100.0,4,N/A,N/A,NO_TEST_MATCH,N/A
Garin Verstegen,Travis Kelce,Kansas City Chiefs,TE,34250000.0,2,34250000.0,2.0,CORRECT,0.0
Woodchuck Hews,Vita Vea,Tampa Bay Buccaneers,DT,71000000.0,4,71000000.0,4.0,CORRECT,0.0
Linval Dufek,Xavier McKinney,Green Bay Packers,SS,67000000.0,4,67000000.0,4.0,CORRECT,0.0
Morlon Bohren,Bijan Robinson,Atlanta Falcons,HB,21958535.0,4,21958535.0,4.0,CORRECT,0.0
Boni Vainowski,Budda Baker,Arizona Cardinals,SS,54000000.0,3,54000000.0,3.0,CORRECT,0.0
Teyo Alecxih,Christian Darrisaw,Minnesota Vikings,LT,104000000.0,4,104000000.0,4.0,CORRECT,0.0
Stefan Kiley,Jeffery Simmons,Tennessee Titans,DT,94000000.0,4,94000000.0,4.0,CORRECT,0.0
Wilber Sundberg,Marlon Humphrey,Baltimore Ravens,CB,97500000.0,5,97500000.0,5.0,CORRECT,0.0
Rik Archie,Minkah Fitzpatrick,Miami Dolphins,FS,73612235.0,4,73612235.0,4.0,CORRECT,0.0
Mortty Budness,Quenton Nelson,Indianapolis Colts,LG,80000000.0,4,80000000.0,4.0,CORRECT,0.0
Tamarick Rivera,Trey Hendrickson,Cincinnati Bengals,RE,21000000.0,1,21000000.0,1.0,CORRECT,0.0
Raheem Klingbeil,Trey McBride,Arizona Cardinals,TE,76000000.0,4,76000000.0,4.0,CORRECT,0.0
Stub Stutz,Antoine Winfield Jr.,Tampa Bay Buccaneers,FS,84100000.0,4,84100000.0,4.0,CORRECT,0.0
Moise Foruria,Bobby Wagner,Washington Commanders,MLB,9000000.0,1,9000000.0,1.0,CORRECT,0.0
Butler Maidlow,Danielle Hunter,Houston Texans,RE,35600000.0,1,35600000.0,1.0,CORRECT,0.0
Wasswa Weldin,Dion Dawkins,Buffalo Bills,LT,60060000.0,3,60060000.0,3.0,CORRECT,0.0
Burl Treaudo,Drake London,Atlanta Falcons,WR,21534468.0,4,21534468.0,4.0,CORRECT,0.0
Reuben Tittle,Jaire Alexander,Baltimore Ravens,CB,4000000.0,1,4000000.0,1.0,CORRECT,0.0
Jamar Lemon,Joe Mixon,Houston Texans,HB,25500000.0,3,25500000.0,3.0,CORRECT,0.0
Brig Ojinnaka,Kevin Zeitler,Tennessee Titans,RG,9000000.0,1,9000000.0,1.0,CORRECT,0.0
Percy Urch,Mark Andrews,Baltimore Ravens,TE,56000000.0,4,56000000.0,4.0,CORRECT,0.0
Jabar Paul,N/A,New York A Jets,DT,96.0,4,N/A,N/A,NO_TEST_MATCH,N/A
Elmo Hayworth,Brock Bowers,Las Vegas Raiders,TE,18138784.0,4,18138784.0,4.0,CORRECT,0.0
Brent Prochaska,N/A,Los Angeles N Rams,WR,43.0,2,N/A,N/A,NO_TEST_MATCH,N/A
Scoop Weeks,N/A,New Orleans,MLB,19.25,2,N/A,N/A,NO_TEST_MATCH,N/A
Gates Wittum,Denzel Ward,Cleveland Browns,CB,100500000.0,5,100500000.0,5.0,CORRECT,0.0
Merton Horan,Jalen Carter,Philadelphia Eagles,DT,21806014.0,4,21806014.0,4.0,CORRECT,0.0
Trace Alama-Francis,N/A,Jacksonville,RE,100.0,5,N/A,N/A,NO_TEST_MATCH,N/A
Glenn Absher,Josh Jacobs,Green Bay Packers,HB,48000000.0,4,48000000.0,4.0,CORRECT,0.0
Viliami Maumau,Kerby Joseph,Detroit Lions,FS,86000000.0,4,86000000.0,4.0,CORRECT,0.0
Mitch Weller,Kyle Hamilton,Baltimore Ravens,SS,16255085.0,4,16255085.0,4.0,CORRECT,0.0
Da'Mon Kramer,Ronnie Stanley,Baltimore Ravens,LT,60000000.0,3,60000000.0,3.0,CORRECT,0.0
Vashone Waldsmith,Trey Smith,Kansas City Chiefs,RG,94000000.0,4,94000000.0,4.0,CORRECT,0.0
Lum Reisner,Brian Branch,Detroit Lions,SS,8021730.0,4,8021730.0,4.0,CORRECT,0.0
Paddy Shinners,David Njoku,Cleveland Browns,TE,54750000.0,4,54750000.0,4.0,CORRECT,0.0
Hosea Ortego,DeVonta Smith,Philadelphia Eagles,WR,75000000.0,3,75000000.0,3.0,CORRECT,0.0
Tillie Orduna,N/A,New Orleans,C,58.0,5,N/A,N/A,NO_TEST_MATCH,N/A
D'Wayne Schleich,Garett Bolles,Denver Broncos,LT,82000000.0,4,82000000.0,4.0,CORRECT,0.0
Jamari Sillin,James Cook,Buffalo Bills,HB,46000000.0,4,46000000.0,4.0,CORRECT,0.0
Ferrell Mcgeoghan,Jaylon Johnson,Chicago Bears,CB,76000000.0,4,76000000.0,4.0,CORRECT,0.0
Shea Randle,Nico Collins,Houston Texans,WR,72750000.0,3,72750000.0,3.0,CORRECT,0.0
Allen Nomellini,Will Anderson,Houston Texans,LE,35212827.0,4,35212827.0,4.0,CORRECT,0.0
Durwood Huckleby,A.J. Terrell,Atlanta Falcons,CB,81000000.0,4,81000000.0,4.0,CORRECT,0.0
Smiley Alexis,Alex Highsmith,Pittsburgh Steelers,RE,68000000.0,4,68000000.0,4.0,CORRECT,0.0
Trell Mikeska,N/A,New York N Giants,LT,117.5,5,N/A,N/A,NO_TEST_MATCH,N/A
Dez Pitts,DeForest Buckner,Indianapolis Colts,DT,46000000.0,2,46000000.0,2.0,CORRECT,0.0
Letroy Manusky,Devon Witherspoon,Seattle Seahawks,CB,31861153.0,4,31861153.0,4.0,CORRECT,0.0
Corky Garza,Greg Rousseau,Buffalo Bills,LE,80000000.0,4,80000000.0,4.0,CORRECT,0.0
Jehuu Deratt,Harrison Smith,Minnesota Vikings,FS,10250000.0,2,10250000.0,2.0,CORRECT,0.0
Evander Te'O-Nesheim,Jonathan Taylor,Indianapolis Colts,HB,42000000.0,3,42000000.0,3.0,CORRECT,0.0
Britton Sensabaugh,Jonathan Allen,Minnesota Vikings,DT,51000000.0,3,51000000.0,3.0,CORRECT,0.0
Anderson Daprato,Kenneth Walker III,Seattle Seahawks,HB,10.441581,4,N/A,N/A,NO_CONTRACT_FOUND,N/A
Navorro Tharpe,Kenny Moore,Indianapolis Colts,CB,30000000.0,3,30000000.0,3.0,CORRECT,0.0
Jeris Jacquet,Kyle Juszczyk,San Francisco 49ers,FB,7500000.0,2,7500000.0,2.0,CORRECT,0.0
Davin Rasheed,Landon Dickerson,Philadelphia Eagles,LG,84000000.0,4,84000000.0,4.0,CORRECT,0.0
Ellsworth Houston,Lavonte David,Tampa Bay Buccaneers,MLB,9000000.0,1,9000000.0,1.0,CORRECT,0.0
Vic Stanton,N/A,Los Angeles N Rams,QB,83.0,2,N/A,N/A,NO_TEST_MATCH,N/A
Dainon Paremore,N/A,Los Angeles N Rams,WR,6.084977,4,N/A,N/A,NO_TEST_MATCH,N/A
Duane Bechtol,Stefon Diggs,New England Patriots,WR,63500000.0,3,63500000.0,3.0,CORRECT,0.0
Curvin Smeja,T.J. Hockenson,Minnesota Vikings,TE,66000000.0,4,66000000.0,4.0,CORRECT,0.0
Cullen Snider,Tyler Smith,Dallas Cowboys,LG,13389123.0,4,13389123.0,4.0,CORRECT,0.0
Morgan Murchison,Tyler Linderbaum,Baltimore Ravens,C,13238286.0,4,13238286.0,4.0,CORRECT,0.0
Rueben Meachem,Zack Baun,Philadelphia Eagles,ROLB,51000000.0,3,51000000.0,3.0,CORRECT,0.0
Royce Specht,Brandon Aubrey,Dallas Cowboys,K,2695000.0,3,2695000.0,3.0,CORRECT,0.0
Ellison Lantz,Brandon Aiyuk,San Francisco 49ers,WR,120000000.0,4,120000000.0,4.0,CORRECT,0.0
Clare Fryar,Bucky Irving,Tampa Bay Buccaneers,HB,4751552.0,4,4751552.0,4.0,CORRECT,0.0
Hector Goerke,Charvarius Ward,Indianapolis Colts,CB,54000000.0,3,54000000.0,3.0,CORRECT,0.0
Leigh Mccoo,Dallas Goedert,Philadelphia Eagles,TE,10000000.0,1,10000000.0,1.0,CORRECT,0.0
Ken-Yon Dombrowski,DaRon Bland,Dallas Cowboys,CB,3964788.0,4,3964788.0,4.0,CORRECT,0.0
Coley O'Donnell,DeMarcus Lawrence,Seattle Seahawks,LE,32500000.0,3,32500000.0,3.0,CORRECT,0.0
Proc Zalejski,Elgton Jenkins,Green Bay Packers,C,68000000.0,4,68000000.0,4.0,CORRECT,0.0
Mirro Obrovac,N/A,Jacksonville,MLB,29.0,3,N/A,N/A,NO_TEST_MATCH,N/A
Dat Ervins,Jared Goff,Detroit Lions,QB,212000000.0,4,212000000.0,4.0,CORRECT,0.0
Lavern Weir,N/A,New Orleans,FS,29.5,3,N/A,N/A,NO_TEST_MATCH,N/A
Gonzalo Doren,N/A,Los Angeles A Chargers,RE,18.0,1,N/A,N/A,NO_TEST_MATCH,N/A
Sampson Ramirez,Kolton Miller,Las Vegas Raiders,LT,66000000.0,3,66000000.0,3.0,CORRECT,0.0
Yamon Godfrey,Leonard Williams,Seattle Seahawks,DT,64500000.0,3,64500000.0,3.0,CORRECT,0.0
Chief Rorison,N/A,New York N Giants,WR,29.20775,4,N/A,N/A,NO_TEST_MATCH,N/A
Stumpy Fine,Nick Chubb,Houston Texans,HB,2500000.0,1,2500000.0,1.0,CORRECT,0.0
'Omar Truluck,Sam Cosmi,Washington Commanders,RG,73.0,4,N/A,N/A,NO_CONTRACT_FOUND,N/A
Ade Stallworth,Taylor Decker,Detroit Lions,LT,60000000.0,3,60000000.0,3.0,CORRECT,0.0
Tip Studwell,Tee Higgins,Cincinnati Bengals,WR,115000000.0,4,115000000.0,4.0,CORRECT,0.0
Larrye Haverdink,Zach Tom,Green Bay Packers,RT,88000000.0,4,88000000.0,4.0,CORRECT,0.0
Brady Keck,N/A,New York N Giants,MLB,40.0,4,N/A,N/A,NO_TEST_MATCH,N/A
Altie Kapter,Brian O'Neill,Minnesota Vikings,RT,92500000.0,5,92500000.0,5.0,CORRECT,0.0
Dunc Trimble,N/A,New York N Giants,RE,100.0,5,N/A,N/A,NO_TEST_MATCH,N/A
Eldon Stansauk,N/A,New Orleans,WR,20.271874,4,N/A,N/A,NO_TEST_MATCH,N/A
Mick Kelm,Cooper Kupp,Seattle Seahawks,WR,45000000.0,3,45000000.0,3.0,CORRECT,0.0
Naaman Munsey,D.J. Moore,Chicago Bears,WR,110000000.0,4,110000000.0,4.0,CORRECT,0.0
Marcello Matesic,Dre Greenlaw,Denver Broncos,MLB,31500000.0,3,31500000.0,3.0,CORRECT,0.0
Damien Forbath,N/A,New York A Jets,WR,100.0,4,N/A,N/A,NO_TEST_MATCH,N/A
Mush Statuto,Jabrill Peppers,New England Patriots,FS,24000000.0,3,24000000.0,3.0,CORRECT,0.0
Chester Schick,Jake Matthews,Atlanta Falcons,LT,45000000.0,2,45000000.0,2.0,CORRECT,0.0
Loren Ferris,Jalen Hurts,Philadelphia Eagles,QB,255000000.0,5,255000000.0,5.0,CORRECT,0.0
Francis Barber,Jamel Dean,Tampa Bay Buccaneers,CB,52000000.0,4,52000000.0,4.0,CORRECT,0.0
Dixie Peed,N/A,Los Angeles N Rams,LE,16.134346,4,N/A,N/A,NO_TEST_MATCH,N/A
Kaulana Iwanowski,Jaxon Smith-Njigba,Seattle Seahawks,WR,14417307.0,4,14417307.0,4.0,CORRECT,0.0
Tahaun Galazin,Jaycee Horn,Carolina Panthers,CB,100000000.0,4,100000000.0,4.0,CORRECT,0.0
Novo Sherwin,Julian Love,Seattle Seahawks,FS,33000000.0,3,33000000.0,3.0,CORRECT,0.0
Rogerick Bird,N/A,Los Angeles A Chargers,QB,100.0,5,N/A,N/A,NO_TEST_MATCH,N/A
Tre Stincic,N/A,Los Angeles N Rams,HB,35.0,3,N/A,N/A,NO_TEST_MATCH,N/A
Christian Hemphill,Marshon Lattimore,Washington Commanders,CB,97603000.0,5,97603000.0,5.0,CORRECT,0.0
Allan Koziak,Sam LaPorta,Detroit Lions,TE,9465990.0,4,9465990.0,4.0,CORRECT,0.0
Kendal Titensor,Tariq Woolen,Seattle Seahawks,CB,3992216.0,4,3992216.0,4.0,CORRECT,0.0
Gifford Amaya,Taylor Moton,Carolina Panthers,RT,35000000.0,2,35000000.0,2.0,CORRECT,0.0
Chad Primeau,Tony Pollard,Tennessee Titans,HB,21750000.0,3,21750000.0,3.0,CORRECT,0.0
Rat Sigillo,Zach Allen,Denver Broncos,DT,102000000.0,4,102000000.0,4.0,CORRECT,0.0
Pannel Danmeier,A.J. Cole,Las Vegas Raiders,P,15800000.0,4,15800000.0,4.0,CORRECT,0.0
Tai Coryatt,Aaron Jones,Minnesota Vikings,HB,20000000.0,2,20000000.0,2.0,CORRECT,0.0
Josh Sutherland,Baker Mayfield,Tampa Bay Buccaneers,QB,100000000.0,3,100000000.0,3.0,CORRECT,0.0
Earle Sossamon,Bernhard Raimann,Indianapolis Colts,LT,100000000.0,4,100000000.0,4.0,CORRECT,0.0
Wood Smukler,Byron Murphy,Minnesota Vikings,CB,54000000.0,3,54000000.0,3.0,CORRECT,0.0
Wilkie Sirochman,Carlton Davis III,New England Patriots,CB,53.0,3,N/A,N/A,NO_CONTRACT_FOUND,N/A
Trevard Turnure,Chris Boswell,Pittsburgh Steelers,K,20000000.0,4,20000000.0,4.0,CORRECT,0.0
Rokevious Jacoby,Chris Godwin,Tampa Bay Buccaneers,WR,66000000.0,3,66000000.0,3.0,CORRECT,0.0
Abe Engram,Christian Benford,Buffalo Bills,CB,69000000.0,4,69000000.0,4.0,CORRECT,0.0
Javin Perko,Chuba Hubbard,Carolina Panthers,HB,33200000.0,4,33200000.0,4.0,CORRECT,0.0
Onzy Ivory,Courtland Sutton,Denver Broncos,WR,92000000.0,4,92000000.0,4.0,CORRECT,0.0
Aldrick Steinke,D.J. Reader,Detroit Lions,DT,22000000.0,2,22000000.0,2.0,CORRECT,0.0
Wilford Hajek,D.K. Metcalf,Pittsburgh Steelers,WR,132000000.0,4,132000000.0,4.0,CORRECT,0.0
Wallace Hand,N/A,Jacksonville,ROLB,11.936605,4,N/A,N/A,NO_TEST_MATCH,N/A
Armanti Bracken,Evan Engram,Denver Broncos,TE,23000000.0,2,23000000.0,2.0,CORRECT,0.0
Dextor Mccants,Grover Stewart,Indianapolis Colts,DT,39000000.0,3,39000000.0,3.0,CORRECT,0.0
Issiac Skrepenak,James Conner,Arizona Cardinals,HB,19000000.0,2,19000000.0,2.0,CORRECT,0.0
Dylan Wills,Jayden Daniels,Washington Commanders,QB,37746650.0,4,37746650.0,4.0,CORRECT,0.0
Tracy Lusk,Jaylen Waddle,Miami Dolphins,WR,84750000.0,3,84750000.0,3.0,CORRECT,0.0
Keenan Frampton,Joel Bitonio,Cleveland Browns,LG,15000000.0,1,15000000.0,1.0,CORRECT,0.0
Tremain Dally,Joey Bosa,Buffalo Bills,RE,12610000.0,1,12610000.0,1.0,CORRECT,0.0
Levi Curzon,Josh Sweat,Arizona Cardinals,RE,76400000.0,4,76400000.0,4.0,CORRECT,0.0
Aundray Wadsworth,N/A,Los Angeles N Rams,RG,47.0,3,N/A,N/A,NO_TEST_MATCH,N/A
Usama Stofer,N/A,Los Angeles N Rams,DT,5.391474,4,N/A,N/A,NO_TEST_MATCH,N/A
Fran Josue,Milton Williams,New England Patriots,DT,104000000.0,4,104000000.0,4.0,CORRECT,0.0
Roscoe Rymkus,Quinyon Mitchell,Philadelphia Eagles,CB,14818096.0,4,14818096.0,4.0,CORRECT,0.0
Curley Kohl,Spencer Brown,Buffalo Bills,RT,72000000.0,4,72000000.0,4.0,CORRECT,0.0
Guy Mello,Trent Brown,Houston Texans,RT,3.35,1,N/A,N/A,NO_CONTRACT_FOUND,N/A
Warner Scardine,Zay Flowers,Baltimore Ravens,WR,14036434.0,4,14036434.0,4.0,CORRECT,0.0
Bashir Cordova,N/A,New York A Jets,RG,13.885028,4,N/A,N/A,NO_TEST_MATCH,N/A
Jabara Rattay,N/A,New Orleans,HB,25.5,2,N/A,N/A,NO_TEST_MATCH,N/A
Pratt Hurley,N/A,New York A Jets,HB,7.014774,4,N/A,N/A,NO_TEST_MATCH,N/A
Eldred Delhomme,N/A,Jacksonville,WR,13.659978,4,N/A,N/A,NO_TEST_MATCH,N/A
Adrian Brovelli,Brock Purdy,San Francisco 49ers,QB,265000000.0,5,265000000.0,5.0,CORRECT,0.0
Shipwreck Dalby,C.J. Gardner-Johnson,Houston Texans,SS,25.0,3,N/A,N/A,NO_CONTRACT_FOUND,N/A
Terance Monahan,Dak Prescott,Dallas Cowboys,QB,240000000.0,4,240000000.0,4.0,CORRECT,0.0
Martay Tuaolo,Darius Slay,Pittsburgh Steelers,CB,10000000.0,1,10000000.0,1.0,CORRECT,0.0
Bake Choice,David Montgomery,Detroit Lions,HB,18250000.0,2,18250000.0,2.0,CORRECT,0.0
Knowshon Partridge,Drue Tranquill,Kansas City Chiefs,ROLB,19000000.0,3,19000000.0,3.0,CORRECT,0.0
Antwaan Haggerty,George Karlaftis,Kansas City Chiefs,LE,88000000.0,4,88000000.0,4.0,CORRECT,0.0
Tyson Gavin,Jack Campbell,Detroit Lions,MLB,14722004.0,4,14722004.0,4.0,CORRECT,0.0
Rashawn Schable,Jerry Jeudy,Cleveland Browns,WR,52500000.0,3,52500000.0,3.0,CORRECT,0.0
Ropati Clime,Jordan Addison,Minnesota Vikings,WR,13731739.0,4,13731739.0,4.0,CORRECT,0.0
Arunas Esser,L'Jarius Sneed,Tennessee Titans,CB,76400000.0,4,76400000.0,4.0,CORRECT,0.0
Harlon Peterman,N/A,Los Angeles A Chargers,WR,8.995186,4,N/A,N/A,NO_TEST_MATCH,N/A
Shiner Botchan,Leo Chenal,Kansas City Chiefs,LOLB,5044908.0,4,5044908.0,4.0,CORRECT,0.0
Randal Pontbriand,Matt Milano,Buffalo Bills,ROLB,6306500.0,1,6306500.0,1.0,CORRECT,0.0
Thane Birney,Nik Bonitto,Denver Broncos,RE,5801890.0,4,5801890.0,4.0,CORRECT,0.0
Travelle Olivea,Paris Johnson,Arizona Cardinals,LT,28052454.0,4,28052454.0,4.0,CORRECT,0.0
Tarik Gladchuk,Pat Freiermuth,Pittsburgh Steelers,TE,48400000.0,4,48400000.0,4.0,CORRECT,0.0
Marquand Hickerson,N/A,Los Angeles N Rams,RT,32.5,3,N/A,N/A,NO_TEST_MATCH,N/A
Ermal Stegall,Talanoa Hufanga,Denver Broncos,SS,39000000.0,3,39000000.0,3.0,CORRECT,0.0
Nesby Ragsdale,Taron Johnson,Buffalo Bills,CB,30750000.0,3,30750000.0,3.0,CORRECT,0.0
Joyce Blackwood,N/A,Jacksonville,CB,46.649126,4,N/A,N/A,NO_TEST_MATCH,N/A
Brant Raines,Trevon Diggs,Dallas Cowboys,CB,97000000.0,5,97000000.0,5.0,CORRECT,0.0
Jo Ottis,Zach Frazier,Pittsburgh Steelers,C,7544214.0,4,7544214.0,4.0,CORRECT,0.0
Verdi Ursella,Zach Sieler,Miami Dolphins,DT,67750000.0,3,67750000.0,3.0,CORRECT,0.0
Ashton Ghee,Alim McNeill,Detroit Lions,DT,97000000.0,4,97000000.0,4.0,CORRECT,0.0
Abner Slackford,Andrew Van Ginkel,Minnesota Vikings,RE,23000000.0,1,23000000.0,1.0,CORRECT,0.0
Audie Hobbs,Ashton Jeanty,Las Vegas Raiders,HB,35895812.0,4,35895812.0,4.0,CORRECT,0.0
Reynold Rockford,Blake Cashman,Minnesota Vikings,MLB,22500000.0,3,22500000.0,3.0,CORRECT,0.0
Juddy Tackett,Braden Smith,Indianapolis Colts,RT,70000000.0,4,70000000.0,4.0,CORRECT,0.0
Blane Berra,Brandon Jones,Denver Broncos,FS,20000000.0,3,20000000.0,3.0,CORRECT,0.0
Sandy Sacrinty,Charles Cross,Seattle Seahawks,LT,21383626.0,4,21383626.0,4.0,CORRECT,0.0
Carson Luckhurst,Chidobe Awuzie,Baltimore Ravens,CB,1255000.0,1,1255000.0,1.0,CORRECT,0.0
Alex Rifenburg,Cooper DeJean,Philadelphia Eagles,CB,9283622.0,4,9283622.0,4.0,CORRECT,0.0
Deltha Borden,D.J. Reed,Detroit Lions,CB,48000000.0,3,48000000.0,3.0,CORRECT,0.0
August Kern,Daron Payne,Washington Commanders,DT,90000000.0,4,90000000.0,4.0,CORRECT,0.0
Scotty Dansby,N/A,Los Angeles A Chargers,ROLB,3.420421,4,N/A,N/A,NO_TEST_MATCH,N/A
Jamaica Finsterwald,Damien Lewis,Carolina Panthers,LG,53000000.0,4,53000000.0,4.0,CORRECT,0.0
Ahmed Berti,Devon Achane,Miami Dolphins,HB,5437449.0,4,5437449.0,4.0,CORRECT,0.0
Tydus Hartman,Deebo Samuel,Washington Commanders,WR,17545529.0,1,17545529.0,1.0,CORRECT,0.0
Bradlee Crayton,Dominick Puni,San Francisco 49ers,RG,5700548.0,4,5700548.0,4.0,CORRECT,0.0
Kato Mallett,George Pickens,Dallas Cowboys,WR,6752179.0,4,6752179.0,4.0,CORRECT,0.0
Rashard Awasom,Hunter Henry,New England Patriots,TE,27000000.0,3,27000000.0,3.0,CORRECT,0.0
Earl Greenlee,Isiah Pacheco,Kansas City Chiefs,HB,3739108.0,4,3739108.0,4.0,CORRECT,0.0
Almon Azumah,Jakobi Meyers,Las Vegas Raiders,WR,33000000.0,3,33000000.0,3.0,CORRECT,0.0
Sherwood Dibernardo,Jalen Pitre,Houston Texans,FS,39000000.0,3,39000000.0,3.0,CORRECT,0.0
Kailee Talbert,Jaquan Brisker,Chicago Bears,SS,7355540.0,4,7355540.0,4.0,CORRECT,0.0
Ramos Hoese,Jeremiah Owusu-Koramoah,Cleveland Browns,ROLB,37500000.0,3,37500000.0,3.0,CORRECT,0.0
Emile Fena,Jeremy Chinn,Las Vegas Raiders,SS,16258000.0,2,16258000.0,2.0,CORRECT,0.0
Jamain Angelo,N/A,New York N Giants,FS,44.3,3,N/A,N/A,NO_TEST_MATCH,N/A
Byron Lichtensteiger,Jimmie Ward,Houston Texans,SS,10508000.0,1,10508000.0,1.0,CORRECT,0.0
Nuu Lange,Jonathan Greenard,Minnesota Vikings,LE,76000000.0,4,76000000.0,4.0,CORRECT,0.0
Wardell Stuvaints,Jordan Love,Green Bay Packers,QB,220000000.0,4,220000000.0,4.0,CORRECT,0.0
Fletcher Burruss,Kenny Clark,Green Bay Packers,DT,64000000.0,3,64000000.0,3.0,CORRECT,0.0
Palmer Kinzer,N/A,Jacksonville,P,16.0,4,N/A,N/A,NO_TEST_MATCH,N/A
Alfonso Lenc,Michael Dickson,Seattle Seahawks,P,16200000.0,4,16200000.0,4.0,CORRECT,0.0
Duriel Zecher,Nick Bolton,Kansas City Chiefs,MLB,45000000.0,3,45000000.0,3.0,CORRECT,0.0
Kris Titus,Patrick Ricard,Baltimore Ravens,FB,2872500.0,1,2872500.0,1.0,CORRECT,0.0
Ruben Tulloch,Rashee Rice,Kansas City Chiefs,WR,6495208.0,4,6495208.0,4.0,CORRECT,0.0
Artimus Markland,Ryan Kelly,Minnesota Vikings,C,18000000.0,2,18000000.0,2.0,CORRECT,0.0
Morrie Ogle,Von Miller,Washington Commanders,RE,6100000.0,1,6100000.0,1.0,CORRECT,0.0
Rian Hanner,N/A,Los Angeles N Rams,DT,11.410122,4,N/A,N/A,NO_TEST_MATCH,N/A
Enid Wyhonic,Calais Campbell,Arizona Cardinals,DT,5500000.0,1,5500000.0,1.0,CORRECT,0.0
Vlad Herchman,Camryn Bynum,Indianapolis Colts,SS,60000000.0,4,60000000.0,4.0,CORRECT,0.0
Zeke Wykoff,Cole Kmet,Chicago Bears,TE,50000000.0,4,50000000.0,4.0,CORRECT,0.0
Akiem Ingersoll,Corey Bojorquez,Cleveland Browns,P,4000000.0,2,4000000.0,2.0,CORRECT,0.0
Le-Lo Treu,Darren Waller,Miami Dolphins,TE,2000000.0,1,2000000.0,1.0,CORRECT,0.0
Solly Lawler,DeAndre Hopkins,Baltimore Ravens,WR,5000000.0,1,5000000.0,1.0,CORRECT,0.0
Goldie Danenhauer,Deommodore Lenoir,San Francisco 49ers,CB,88884000.0,5,88884000.0,5.0,CORRECT,0.0
Jah Caravello,Deshon Elliott,Pittsburgh Steelers,SS,12500000.0,2,12500000.0,2.0,CORRECT,0.0
Hanford Quaerna,Grady Jarrett,Chicago Bears,DT,42750000.0,3,42750000.0,3.0,CORRECT,0.0
Dj Belden,Harrison Butker,Kansas City Chiefs,K,25600000.0,4,25600000.0,4.0,CORRECT,0.0
Harrie Machado,JK Dobbins,Denver Broncos,HB,2745000.0,1,2745000.0,1.0,CORRECT,0.0
Carey Mccluskey,Jaelan Phillips,Miami Dolphins,LE,14018202.0,4,14018202.0,4.0,CORRECT,0.0
Curtland Principe,Jameson Williams,Detroit Lions,WR,17461790.0,4,17461790.0,4.0,CORRECT,0.0
Deauntae Bunch,N/A,Los Angeles A Chargers,RT,35.160944,4,N/A,N/A,NO_TEST_MATCH,N/A
Felipe Orvis,N/A,New York A Jets,LG,11.0,2,N/A,N/A,NO_TEST_MATCH,N/A
Ordell Conaty,Josh Metellus,Minnesota Vikings,SS,36000000.0,3,36000000.0,3.0,CORRECT,0.0
Armegis Kopp,Kaden Elliss,Atlanta Falcons,MLB,21500000.0,3,21500000.0,3.0,CORRECT,0.0
Da'Norris Moroski,Khalil Shakir,Buffalo Bills,WR,53058000.0,4,53058000.0,4.0,CORRECT,0.0
Taco Chilton,Kyler Gordon,Chicago Bears,CB,40000000.0,3,40000000.0,3.0,CORRECT,0.0
Dujuan Easy,Logan Wilson,Cincinnati Bengals,MLB,36000000.0,4,36000000.0,4.0,CORRECT,0.0
Petey Dolbin,Luke Goedeke,Tampa Bay Buccaneers,RT,6178985.0,4,6178985.0,4.0,CORRECT,0.0
Grant Carman,Michael Pittman Jr.,Indianapolis Colts,WR,70000000.0,3,70000000.0,3.0,CORRECT,0.0
Night Mcelwain,Mike Onwenu,New England Patriots,RG,57000000.0,3,57000000.0,3.0,CORRECT,0.0
Whit Devree,Mike McGlinchey,Denver Broncos,RT,87500000.0,5,87500000.0,5.0,CORRECT,0.0
Marques Julien,N/A,Los Angeles A Chargers,HB,4.25,1,N/A,N/A,NO_TEST_MATCH,N/A
Hillary Binns,Odafe Oweh,Baltimore Ravens,RE,11342391.0,4,11342391.0,4.0,CORRECT,0.0
Uche Ridgle,Patrick Queen,Pittsburgh Steelers,MLB,41000000.0,3,41000000.0,3.0,CORRECT,0.0
Perce Olander,N/A,New York N Giants,CB,56.0,3,N/A,N/A,NO_TEST_MATCH,N/A
Bourbon Welborne,N/A,New York A Jets,ROLB,19.0,3,N/A,N/A,NO_TEST_MATCH,N/A
Stacey Oordt,Rashan Gary,Green Bay Packers,LE,96000000.0,4,96000000.0,4.0,CORRECT,0.0
Dwan Figaro,Robert Spillane,New England Patriots,ROLB,33000000.0,3,33000000.0,3.0,CORRECT,0.0
Shelton Banks,Robert Hunt,Carolina Panthers,RG,100000000.0,5,100000000.0,5.0,CORRECT,0.0
Rico Thelwell,Tank Dell,Houston Texans,WR,5689104.0,4,5689104.0,4.0,CORRECT,0.0
Red Toogood,N/A,Jacksonville,HB,13.898105,4,N/A,N/A,NO_TEST_MATCH,N/A
D'Brickashaw Shekleton,Trevon Moehrig,Carolina Panthers,FS,51000000.0,3,51000000.0,3.0,CORRECT,0.0
Marviel Witucki,Tua Tagovailoa,Miami Dolphins,QB,212400000.0,4,212400000.0,4.0,CORRECT,0.0
Marion Paris,N/A,New York N Giants,LE,44.25518,4,N/A,N/A,NO_TEST_MATCH,N/A
Clair Cercone,Andrew DePaola,Minnesota Vikings,LS,4025000.0,3,4025000.0,3.0,CORRECT,0.0
Lynn Hester,Bradley Pinion,Atlanta Falcons,P,8650000.0,3,8650000.0,3.0,CORRECT,0.0
Alterraun Birden,Brian Robinson,Washington Commanders,HB,5044908.0,4,5044908.0,4.0,CORRECT,0.0
Kendyl Tyner,Bryan Anger,Dallas Cowboys,P,6400000.0,2,6400000.0,2.0,CORRECT,0.0
Matthias Munchak,C.J. Stroud,Houston Texans,QB,36279243.0,4,36279243.0,4.0,CORRECT,0.0
Neil Holloway,Calvin Ridley,Tennessee Titans,WR,92000000.0,4,92000000.0,4.0,CORRECT,0.0
Stefen Shello,Cam Taylor-Britt,Cincinnati Bengals,CB,5952727.0,4,5952727.0,4.0,CORRECT,0.0
Theo Curcio,Chase Brown,Cincinnati Bengals,HB,4126156.0,4,4126156.0,4.0,CORRECT,0.0
Duffy Kennard,Christian Kirk,Houston Texans,WR,72000000.0,4,72000000.0,4.0,CORRECT,0.0
Na'Shan Engstrom,D'Andre Swift,Chicago Bears,HB,24000000.0,3,24000000.0,3.0,CORRECT,0.0
Julie Digris,Darnell Mooney,Atlanta Falcons,WR,39000000.0,3,39000000.0,3.0,CORRECT,0.0
Jasen Podlesh,Ed Oliver,Buffalo Bills,DT,68000000.0,4,68000000.0,4.0,CORRECT,0.0
Wendell Condo,Grant Delpit,Cleveland Browns,SS,36000000.0,3,36000000.0,3.0,CORRECT,0.0
Mister Listopad,Greg Newsome,Cleveland Browns,CB,12748736.0,4,12748736.0,4.0,CORRECT,0.0
Osi Sites,Jake Ferguson,Dallas Cowboys,TE,50000000.0,4,50000000.0,4.0,CORRECT,0.0
Devery Winn,Jalen Thompson,Arizona Cardinals,FS,36000000.0,3,36000000.0,3.0,CORRECT,0.0
Tinker Hoel,Javon Hargrave,Minnesota Vikings,DT,30000000.0,2,30000000.0,2.0,CORRECT,0.0
Siupeli Barney,Jayden Reed,Green Bay Packers,WR,7180778.0,4,7180778.0,4.0,CORRECT,0.0
Connie Bratzke,Jonnu Smith,Pittsburgh Steelers,TE,12010000.0,1,12010000.0,1.0,CORRECT,0.0
Terdell Nord,N/A,Los Angeles A Chargers,LS,6.6,4,N/A,N/A,NO_TEST_MATCH,N/A
Dejon Waddy,Kaleb McGary,Atlanta Falcons,RT,30000000.0,2,30000000.0,2.0,CORRECT,0.0
Leonard Mitchell,Kamari Lassiter,Houston Texans,CB,9014800.0,4,9014800.0,4.0,CORRECT,0.0
Gartrell Barrie,Kevin Byard III,Chicago Bears,FS,16.0,2,N/A,N/A,NO_CONTRACT_FOUND,N/A
Brandon Zuzzio,N/A,Los Angeles A Chargers,RG,21.0,2,N/A,N/A,NO_TEST_MATCH,N/A
Keylon Covert,Montez Sweat,Chicago Bears,LE,98000000.0,4,98000000.0,4.0,CORRECT,0.0
Harlan Galigher,Morgan Moses,New England Patriots,RT,24000000.0,3,24000000.0,3.0,CORRECT,0.0
Kenton Hay,Nate Hobbs,Green Bay Packers,CB,48000000.0,4,48000000.0,4.0,CORRECT,0.0
Chase Eshmont,Nolan Smith,Philadelphia Eagles,LE,11992409.0,4,11992409.0,4.0,CORRECT,0.0
Chidi Pace,Rashod Bateman,Baltimore Ravens,WR,36750000.0,3,36750000.0,3.0,CORRECT,0.0
Armin Schumacher,Shaq Thompson,Buffalo Bills,MLB,1255000.0,1,1255000.0,1.0,CORRECT,0.0
Dieter Bredde,T.J. Edwards,Chicago Bears,ROLB,20000000.0,2,20000000.0,2.0,CORRECT,0.0
Heine Mccallum,Tyler Allgeier,Atlanta Falcons,HB,3993896.0,4,3993896.0,4.0,CORRECT,0.0
Hardy Branton,Tyler Biadasz,Washington Commanders,C,29250000.0,3,29250000.0,3.0,CORRECT,0.0
Verron Colo,Adam Thielen,Carolina Panthers,WR,8500000.0,1,8500000.0,1.0,CORRECT,0.0
Ovie Corley,Ar'Darius Washington,Baltimore Ravens,FS,3263000.0,1,3263000.0,1.0,CORRECT,0.0
Gerard Carrell,Azeez Al-Shaair,Houston Texans,MLB,34000000.0,3,34000000.0,3.0,CORRECT,0.0
Sherrick Gehring,N/A,New Orleans,LE,52.0,4,N/A,N/A,NO_TEST_MATCH,N/A
Thurston Perpich,Christian Barmore,New England Patriots,DT,83000000.0,4,83000000.0,4.0,CORRECT,0.0
Rebel Ellzey,Dalton Schultz,Houston Texans,TE,36000000.0,3,36000000.0,3.0,CORRECT,0.0
Samie Giordano,N/A,Los Angeles N Rams,CB,20.5,3,N/A,N/A,NO_TEST_MATCH,N/A
Shann Knapper,Darnell Wright,Chicago Bears,RT,20968267.0,4,20968267.0,4.0,CORRECT,0.0
Sean Yablonski,N/A,New Orleans,DT,12.0,2,N/A,N/A,NO_TEST_MATCH,N/A
Antwuan Karamatic,Ernest Jones,Seattle Seahawks,MLB,28500000.0,3,28500000.0,3.0,CORRECT,0.0
Andre' Gentry,Frankie Luvu,Washington Commanders,ROLB,31000000.0,3,31000000.0,3.0,CORRECT,0.0
Tra Warne,Garrett Williams,Arizona Cardinals,CB,5634930.0,4,5634930.0,4.0,CORRECT,0.0
Emarlos Kacmarek,Geno Smith,Las Vegas Raiders,QB,75000000.0,2,75000000.0,2.0,CORRECT,0.0
Olrick Partlow,Harold Landry III,New England Patriots,LE,45.5,3,N/A,N/A,NO_CONTRACT_FOUND,N/A
Canute Rabach,Hjalte Froholdt,Arizona Cardinals,C,12000000.0,2,12000000.0,2.0,CORRECT,0.0
Will Still,Ikem Ekwonu,Carolina Panthers,LT,27568052.0,4,27568052.0,4.0,CORRECT,0.0
Chastin Waldron,Isaac Seumalo,Pittsburgh Steelers,LG,24000000.0,3,24000000.0,3.0,CORRECT,0.0
Gail Gabbard,Isaiah Likely,Baltimore Ravens,TE,4164340.0,4,4164340.0,4.0,CORRECT,0.0
Spider Eissler,N/A,Los Angeles A Chargers,P,4.0,2,N/A,N/A,NO_TEST_MATCH,N/A
Zachary Weatherspoon,Jauan Jennings,San Francisco 49ers,WR,11890000.0,2,11890000.0,2.0,CORRECT,0.0
Lito Myhra,Jaylen Warren,Pittsburgh Steelers,HB,5346000.0,1,5346000.0,1.0,CORRECT,0.0
Isiah Upshaw,Joey Porter Jr.,Pittsburgh Steelers,CB,9618345.0,4,9618345.0,4.0,CORRECT,0.0
Stoney Susoeff,John Franklin-Myers,Denver Broncos,DT,15000000.0,2,15000000.0,2.0,CORRECT,0.0
Malcom Gafford,Jonathon Cooper,Denver Broncos,LE,60000000.0,4,60000000.0,4.0,CORRECT,0.0
Harold Widby,Jordyn Brooks,Miami Dolphins,MLB,26250000.0,3,26250000.0,3.0,CORRECT,0.0
Oscar Fernandes,Josh Downs,Indianapolis Colts,WR,5520459.0,4,5520459.0,4.0,CORRECT,0.0
Cam Moyer,N/A,New Orleans,SS,3.17,1,N/A,N/A,NO_TEST_MATCH,N/A
Gibby Lesueur,Ka'imi Fairbairn,Houston Texans,K,15900000.0,3,15900000.0,3.0,CORRECT,0.0
Donnell Sabb,Kareem Hunt,Kansas City Chiefs,HB,1500000.0,1,1500000.0,1.0,CORRECT,0.0
Porky Clow,Kyle Dugger,New England Patriots,SS,58000000.0,4,58000000.0,4.0,CORRECT,0.0
Sky Sinceno,Kyle Van Noy,Baltimore Ravens,LE,9000000.0,2,9000000.0,2.0,CORRECT,0.0
Alabama Dils,Marquise Brown,Kansas City Chiefs,WR,7000000.0,1,7000000.0,1.0,CORRECT,0.0
Irvin Svare,Mason Graham,Cleveland Browns,DT,40874192.0,4,40874192.0,4.0,CORRECT,0.0
Jermaine Kowgios,Orlando Brown Jr.,Cincinnati Bengals,LT,64092000.0,4,64092000.0,4.0,CORRECT,0.0
Vilnis Hickey,N/A,Los Angeles N Rams,DT,26.6,3,N/A,N/A,NO_TEST_MATCH,N/A
Orlando Dye,Rasheed Walker,Green Bay Packers,LT,3740872.0,4,3740872.0,4.0,CORRECT,0.0
Lonyae Considine,Reed Blankenship,Philadelphia Eagles,FS,3575000.0,1,3575000.0,1.0,CORRECT,0.0
Langston Doxzon,Rhamondre Stevenson,New England Patriots,HB,36000000.0,4,36000000.0,4.0,CORRECT,0.0
Vaughn Slaby,Rico Dowdle,Carolina Panthers,HB,2750000.0,1,2750000.0,1.0,CORRECT,0.0
Tab Cain,N/A,Los Angeles A Chargers,CB,6.39572,4,N/A,N/A,NO_TEST_MATCH,N/A
Gannon Buchanan,Teven Jenkins,Cleveland Browns,RG,3050000.0,1,3050000.0,1.0,CORRECT,0.0
Jocelyn Trent,Tremaine Edmunds,Chicago Bears,MLB,72000000.0,4,72000000.0,4.0,CORRECT,0.0
Daven Humm,Will Fries,Minnesota Vikings,RG,87720000.0,5,87720000.0,5.0,CORRECT,0.0
Lydon Diles,Xavier Worthy,Kansas City Chiefs,WR,13790264.0,4,13790264.0,4.0,CORRECT,0.0
Stillwell Deberg,Xavier Woods,Tennessee Titans,FS,8000000.0,2,8000000.0,2.0,CORRECT,0.0
Kion Spann,YaYa Diaby,Tampa Bay Buccaneers,RE,5465412.0,4,5465412.0,4.0,CORRECT,0.0
Austen Dragon,Zaire Franklin,Indianapolis Colts,MLB,31260000.0,3,31260000.0,3.0,CORRECT,0.0
Reed Cheverko,Zyon McCollum,Tampa Bay Buccaneers,CB,3981732.0,4,3981732.0,4.0,CORRECT,0.0
Demetrious Langas,Alec Pierce,Indianapolis Colts,WR,6601342.0,4,6601342.0,4.0,CORRECT,0.0
Aston Falls,Alex Anzalone,Detroit Lions,ROLB,18300000.0,3,18300000.0,3.0,CORRECT,0.0
Pierce Banyard,Bo Nix,Denver Broncos,QB,18613166.0,4,18613166.0,4.0,CORRECT,0.0
Dajuan Calicchio,Bradley Chubb,Miami Dolphins,RE,54490000.0,3,54490000.0,3.0,CORRECT,0.0
Kliff Tenner,N/A,New Orleans,WR,12.0,2,N/A,N/A,NO_TEST_MATCH,N/A
Jermey Mcgeary,Bryce Baringer,New England Patriots,P,4018456.0,4,4018456.0,4.0,CORRECT,0.0
Hubie Bua,N/A,Los Angeles A Chargers,K,24.004,4,N/A,N/A,NO_TEST_MATCH,N/A
Deangelo Pastrana,N/A,New Orleans,RE,5.05,1,N/A,N/A,NO_TEST_MATCH,N/A
Lynwood Abbruzzi,N/A,New Orleans,RG,45.0,4,N/A,N/A,NO_TEST_MATCH,N/A
Joique Dinkins,Chase McLaughlin,Tampa Bay Buccaneers,K,12300000.0,3,12300000.0,3.0,CORRECT,0.0
Tyrod Loneker,N/A,New Orleans,RE,50.0,3,N/A,N/A,NO_TEST_MATCH,N/A
Alain Courville,Cody Barton,Tennessee Titans,MLB,21000000.0,3,21000000.0,3.0,CORRECT,0.0
Devone Kapinos,Cody Mauch,Tampa Bay Buccaneers,RG,7485456.0,4,7485456.0,4.0,CORRECT,0.0
Ebert Casares,DaQuan Jones,Buffalo Bills,DT,16000000.0,2,16000000.0,2.0,CORRECT,0.0
Kaelin Greenhalgh,David Onyemata,Atlanta Falcons,DT,35000000.0,3,35000000.0,3.0,CORRECT,0.0
Molly Look,D.J. Turner,Cincinnati Bengals,CB,6160043.0,4,6160043.0,4.0,CORRECT,0.0
Torell Mendez,Drew Dalman,Chicago Bears,C,42000000.0,3,42000000.0,3.0,CORRECT,0.0
Keo Henry,N/A,New York N Giants,CB,3.995942,4,N/A,N/A,NO_TEST_MATCH,N/A
Xavier Beauford,Edgerrin Cooper,Green Bay Packers,MLB,8598920.0,4,8598920.0,4.0,CORRECT,0.0
Deck Eliopulos,N/A,Los Angeles A Chargers,FS,18.5,3,N/A,N/A,NO_TEST_MATCH,N/A
Skyler Lyght,Germaine Pratt,Las Vegas Raiders,ROLB,4260000.0,1,4260000.0,1.0,CORRECT,0.0
Artis Pettis,Gervon Dexter,Chicago Bears,DT,6723728.0,4,6723728.0,4.0,CORRECT,0.0
Rodrique Koman,Jack Conklin,Cleveland Browns,RT,45000000.0,3,45000000.0,3.0,CORRECT,0.0
Zane Bullitt,Jack Fox,Detroit Lions,P,14065000.0,4,14065000.0,4.0,CORRECT,0.0
Chet Littleton,Jalon Walker,Atlanta Falcons,LE,20562370.0,4,20562370.0,4.0,CORRECT,0.0
Dameon Gooch,James Daniels,Miami Dolphins,LG,24000000.0,3,24000000.0,3.0,CORRECT,0.0
Kurt Swink,Jarran Reed,Seattle Seahawks,DT,22000000.0,3,22000000.0,3.0,CORRECT,0.0
Sullivan Colvin,Jason Myers,Seattle Seahawks,K,21100000.0,4,21100000.0,4.0,CORRECT,0.0
Bolo Burroughs,N/A,New York A Jets,RE,13.087443,4,N/A,N/A,NO_TEST_MATCH,N/A
Cheta Addison,N/A,New York A Jets,C,6.359598,4,N/A,N/A,NO_TEST_MATCH,N/A
Deems Coutre,Jordan Mason,Minnesota Vikings,HB,10500000.0,2,10500000.0,2.0,CORRECT,0.0
Herdis Hagood,N/A,Jacksonville,CB,31.0,3,N/A,N/A,NO_TEST_MATCH,N/A
Deshaun Ross,N/A,Los Angeles N Rams,SS,9.0,2,N/A,N/A,NO_TEST_MATCH,N/A
Brison Perkins,Kyler Murray,Arizona Cardinals,QB,230500000.0,5,230500000.0,5.0,CORRECT,0.0
Franco Demery,Luke Rhodes,Indianapolis Colts,LS,6465000.0,4,6465000.0,4.0,CORRECT,0.0
Plaxico Hertz,Malik Hooker,Dallas Cowboys,FS,21000000.0,3,21000000.0,3.0,CORRECT,0.0
Waddell Gelbaugh,Marvin Harrison Jr.,Arizona Cardinals,WR,35374742.0,4,35374742.0,4.0,CORRECT,0.0
Wonder Cobbs,Mike Gesicki,Cincinnati Bengals,TE,25500000.0,3,25500000.0,3.0,CORRECT,0.0
Grenny Rae,Nate Wiggins,Baltimore Ravens,CB,12819822.0,4,12819822.0,4.0,CORRECT,0.0
Jonas Milner,N/A,New York A Jets,K,4.875,1,N/A,N/A,NO_TEST_MATCH,N/A
Darius Chesbro,Osa Odighizuwa,Dallas Cowboys,DT,80000000.0,4,80000000.0,4.0,CORRECT,0.0
Twan Witte,Quay Walker,Green Bay Packers,ROLB,13841641.0,4,13841641.0,4.0,CORRECT,0.0
Wimpy Tilton,Rachaad White,Tampa Bay Buccaneers,HB,5129999.0,4,5129999.0,4.0,CORRECT,0.0
Dominique Gladden,Raheem Mostert,Las Vegas Raiders,HB,1600000.0,1,1600000.0,1.0,CORRECT,0.0
Tavon Shlapak,N/A,New Orleans,WR,5.2,1,N/A,N/A,NO_TEST_MATCH,N/A
Nielson Shank,Reggie Gilliam,Buffalo Bills,FB,2000000.0,1,2000000.0,1.0,CORRECT,0.0
Leonardo Manoa,Rome Odunze,Chicago Bears,WR,22724500.0,4,22724500.0,4.0,CORRECT,0.0
Talman Molden,Romeo Doubs,Green Bay Packers,WR,4343916.0,4,4343916.0,4.0,CORRECT,0.0
Jerramy Free,Sean Murphy-Bunting,Arizona Cardinals,CB,6.975,2,N/A,N/A,NO_CONTRACT_FOUND,N/A
Ronde Malcolm,Shaquill Griffin,Seattle Seahawks,CB,3000000.0,1,3000000.0,1.0,CORRECT,0.0
Denny Yanda,T'Vondre Sweat,Tennessee Titans,DT,9552440.0,4,9552440.0,4.0,CORRECT,0.0
Scot Bowens,Taylor Rapp,Buffalo Bills,SS,10625000.0,3,10625000.0,3.0,CORRECT,0.0
Jeromy Wright,Terrel Bernard,Buffalo Bills,MLB,42143000.0,4,42143000.0,4.0,CORRECT,0.0
Mossis Mosier,Tommy Townsend,Houston Texans,P,6000000.0,2,6000000.0,2.0,CORRECT,0.0
Lofa Joines,Tucker Kraft,Green Bay Packers,TE,5537934.0,4,5537934.0,4.0,CORRECT,0.0
Baptiste Mcdonald,Tyjae Spears,Tennessee Titans,HB,5490616.0,4,5490616.0,4.0,CORRECT,0.0
Alvoid Curran,Tyler Lockett,Tennessee Titans,WR,4000000.0,1,4000000.0,1.0,CORRECT,0.0
Maulty Holt,N/A,New York N Giants,HB,3.306352,4,N/A,N/A,NO_TEST_MATCH,N/A
Taylor Pagac,Will Campbell,New England Patriots,LT,43662103.0,4,43662103.0,4.0,CORRECT,0.0
Enio Vollenweider,Wyatt Teller,Cleveland Browns,RG,56800000.0,4,56800000.0,4.0,CORRECT,0.0
Tremayne Hills,N/A,New Orleans,LS,5.31,4,N/A,N/A,NO_TEST_MATCH,N/A
Rhondy Brunner,N/A,Los Angeles N Rams,CB,0.255,1,N/A,N/A,NO_TEST_MATCH,N/A
Deandre Isom,N/A,Los Angeles N Rams,LT,57.3,3,N/A,N/A,NO_TEST_MATCH,N/A
Nolan Fricke,N/A,Los Angeles A Chargers,FS,10.125,2,N/A,N/A,NO_TEST_MATCH,N/A
Bullets Kasap,Amani Hooker,Tennessee Titans,SS,30000000.0,3,30000000.0,3.0,CORRECT,0.0
Wash Schweder,N/A,New York A Jets,FS,7.5,1,N/A,N/A,NO_TEST_MATCH,N/A
Jarriel Brazinsky,Anfernee Jennings,New England Patriots,RE,12000000.0,3,12000000.0,3.0,CORRECT,0.0
Brannon Star,Antonio Gibson,New England Patriots,HB,11250000.0,3,11250000.0,3.0,CORRECT,0.0
Ross Kaiser,N/A,Jacksonville,DT,43.5,3,N/A,N/A,NO_TEST_MATCH,N/A
Darris Ledbetter,Boye Mafe,Seattle Seahawks,RE,8562251.0,4,8562251.0,4.0,CORRECT,0.0
Vaughan Wender,Braxton Jones,Chicago Bears,LT,3959552.0,4,3959552.0,4.0,CORRECT,0.0
Rosey Livers,Bryan Cook,Kansas City Chiefs,FS,5847138.0,4,5847138.0,4.0,CORRECT,0.0
Boyce Dicus,N/A,Los Angeles N Rams,RE,3.556667,4,N/A,N/A,NO_TEST_MATCH,N/A
Tommie Mcgriggs,Cairo Santos,Chicago Bears,K,15600000.0,4,15600000.0,4.0,CORRECT,0.0
Saladin Myslinski,Cam Robinson,Houston Texans,LT,12000000.0,1,12000000.0,1.0,CORRECT,0.0
Corn Hampton,Christian Watson,Green Bay Packers,WR,9241033.0,4,9241033.0,4.0,CORRECT,0.0
Conroy Sweet,Cole Holcomb,Pittsburgh Steelers,MLB,18000000.0,3,18000000.0,3.0,CORRECT,0.0
D'Andre Wukits,Connor McGovern,Buffalo Bills,C,22350000.0,3,22350000.0,3.0,CORRECT,0.0
Dukes O'Neill,D.J. Jones,Denver Broncos,DT,39000000.0,3,39000000.0,3.0,CORRECT,0.0
Dannell Carthen,Dameon Pierce,Houston Texans,HB,4475432.0,4,4475432.0,4.0,CORRECT,0.0
Talance Gilchrist,Daniel Carlson,Las Vegas Raiders,K,18400000.0,4,18400000.0,4.0,CORRECT,0.0
Zac Klever,Demario Douglas,New England Patriots,WR,3973332.0,4,3973332.0,4.0,CORRECT,0.0
Flavio Brito,N/A,Los Angeles A Chargers,CB,13.0,2,N/A,N/A,NO_TEST_MATCH,N/A
Neill Linden,Dorance Armstrong,Washington Commanders,LE,33000000.0,3,33000000.0,3.0,CORRECT,0.0
Rhett Givins,Drake Maye,New England Patriots,QB,36639764.0,4,36639764.0,4.0,CORRECT,0.0
Derrie Sorey,N/A,Jacksonville,LG,26.0,3,N/A,N/A,NO_TEST_MATCH,N/A
Sneeze Kinder,Geno Stone,Cincinnati Bengals,FS,4900000.0,1,4900000.0,1.0,CORRECT,0.0
Bernie Dabney,Harrison Phillips,Minnesota Vikings,DT,15000000.0,2,15000000.0,2.0,CORRECT,0.0
Karsten Lovetere,Ivan Pace,Minnesota Vikings,ROLB,2715000.0,3,2715000.0,3.0,CORRECT,0.0
Tarvaris Cieslak,J.J. Jansen,Carolina Panthers,LS,1422500.0,1,1422500.0,1.0,CORRECT,0.0
Barry Garner,Jahdae Barron,Denver Broncos,CB,18073176.0,4,18073176.0,4.0,CORRECT,0.0
Lamont Cavanaugh,Jake Elliott,Philadelphia Eagles,K,24000000.0,4,24000000.0,4.0,CORRECT,0.0
Link Doane,Javonte Williams,Dallas Cowboys,HB,3000000.0,1,3000000.0,1.0,CORRECT,0.0
Hampton Gaulke,JC Latham,Tennessee Titans,RT,26045188.0,4,26045188.0,4.0,CORRECT,0.0
Jaime Scruggs,Jonathan Jones,Washington Commanders,CB,5500000.0,1,5500000.0,1.0,CORRECT,0.0
Erasmus Clinton,Jordan Davis,Philadelphia Eagles,DT,17009278.0,4,17009278.0,4.0,CORRECT,0.0
Orie Ninkovich,N/A,Los Angeles N Rams,FS,6.596312,4,N/A,N/A,NO_TEST_MATCH,N/A
Turk Fonoti,Keion White,New England Patriots,LE,7790161.0,4,7790161.0,4.0,CORRECT,0.0
Antony Lurtsema,Kenneth Grant,Miami Dolphins,DT,21956312.0,4,21956312.0,4.0,CORRECT,0.0
Samkon Chalenski,Kyle Pitts,Atlanta Falcons,TE,32910495.0,4,32910495.0,4.0,CORRECT,0.0
Tray Harbor,Mack Wilson,Arizona Cardinals,MLB,12750000.0,3,12750000.0,3.0,CORRECT,0.0
Ceasar Dilger,Marcus Jones,New England Patriots,CB,5176952.0,4,5176952.0,4.0,CORRECT,0.0
Bennie Marquardt,Maxwell Hairston,Buffalo Bills,CB,15257982.0,4,15257982.0,4.0,CORRECT,0.0
Lakei Stamer,Michael Wilson,Arizona Cardinals,WR,5339461.0,4,5339461.0,4.0,CORRECT,0.0
Nehemiah Ladrow,Mike Danna,Kansas City Chiefs,RE,25.0,3,N/A,N/A,NO_CONTRACT_FOUND,N/A
Gorden Mouton,Mykel Williams,San Francisco 49ers,RE,24943354.0,4,24943354.0,4.0,CORRECT,0.0
Phillipkeith Quinn,N/A,New Orleans,ROLB,23.5,3,N/A,N/A,NO_TEST_MATCH,N/A
Roberto Landsberg,Rayshawn Jenkins,Cleveland Browns,SS,1422500.0,1,1422500.0,1.0,CORRECT,0.0
Jamarcus Sutter,Roger McCreary,Tennessee Titans,CB,9165609.0,4,9165609.0,4.0,CORRECT,0.0
Godwin Bellino,Rondale Moore,Minnesota Vikings,WR,2000000.0,1,2000000.0,1.0,CORRECT,0.0
Tino Calahan,Sebastian Joseph-Day,Tennessee Titans,DT,4.5,1,N/A,N/A,NO_CONTRACT_FOUND,N/A
Lebron Carson,N/A,New Orleans,LT,19.348158,4,N/A,N/A,NO_TEST_MATCH,N/A
Libby Conwell,Ted Karras,Cincinnati Bengals,C,6000000.0,1,6000000.0,1.0,CORRECT,0.0
Kenoy Bromell,Tim Patrick,Detroit Lions,WR,2500000.0,1,2500000.0,1.0,CORRECT,0.0
Algy Ehlers,N/A,Los Angeles A Chargers,SS,2.38,1,N/A,N/A,NO_TEST_MATCH,N/A
Clyde Calico,Travis Jones,Baltimore Ravens,DT,5301962.0,4,5301962.0,4.0,CORRECT,0.0
Keyon Economos,N/A,Jacksonville,LE,35.372621,4,N/A,N/A,NO_TEST_MATCH,N/A
Kendric Schweidler,Trenton Simpson,Baltimore Ravens,ROLB,5408845.0,4,5408845.0,4.0,CORRECT,0.0
Kassim Gruneisen,N/A,Jacksonville,CB,78.5,4,N/A,N/A,NO_TEST_MATCH,N/A
Jermon Hixson,Tytus Howard,Houston Texans,RG,56000000.0,3,56000000.0,3.0,CORRECT,0.0
Hoot Bergen,Younghoe Koo,Atlanta Falcons,K,24250000.0,5,24250000.0,5.0,CORRECT,0.0
Amani Ashburn,Zach Ertz,Washington Commanders,TE,6250000.0,1,6250000.0,1.0,CORRECT,0.0
Darren Winborne,Zach Charbonnet,Seattle Seahawks,HB,6876079.0,4,6876079.0,4.0,CORRECT,0.0
Nathan Shelton,Aaron Brewer,Miami Dolphins,C,1422500.0,1,1422500.0,1.0,CORRECT,0.0
Dominic Crowl,Adoree' Jackson,Philadelphia Eagles,CB,1755000.0,1,1755000.0,1.0,CORRECT,0.0
Tahir Gormley,Alex Singleton,Denver Broncos,ROLB,18000000.0,3,18000000.0,3.0,CORRECT,0.0
Keena Olejniczak,N/A,New York A Jets,WR,44.0,4,N/A,N/A,NO_TEST_MATCH,N/A
Windell Anderson,Amik Robertson,Detroit Lions,CB,9250000.0,2,9250000.0,2.0,CORRECT,0.0
Dietrich Owen,N/A,New York A Jets,RT,33.913104,4,N/A,N/A,NO_TEST_MATCH,N/A
Urban Kacherski,Arnold Ebiketie,Atlanta Falcons,LE,8818689.0,4,8818689.0,4.0,CORRECT,0.0
Copeland Glass,Austin Ekeler,Washington Commanders,HB,8430000.0,2,8430000.0,2.0,CORRECT,0.0
Willert Perlo,B.J. Hill,Cincinnati Bengals,DT,33000000.0,3,33000000.0,3.0,CORRECT,0.0
Skippy Brunell,Braden Mann,Philadelphia Eagles,P,4200000.0,2,4200000.0,2.0,CORRECT,0.0
Husain Delpino,Brandon McManus,Green Bay Packers,K,15300000.0,3,15300000.0,3.0,CORRECT,0.0
Patrick Travis,Byron Murphy,Seattle Seahawks,DT,16083122.0,4,16083122.0,4.0,CORRECT,0.0
Alshermond Scarry,Cade Otton,Tampa Bay Buccaneers,TE,4493944.0,4,4493944.0,4.0,CORRECT,0.0
Darryl Fokou,N/A,New Orleans,HB,0.17,1,N/A,N/A,NO_TEST_MATCH,N/A
Larod Chickillo,Chop Robinson,Miami Dolphins,LE,14976228.0,4,14976228.0,4.0,CORRECT,0.0
Marc Jacox,Chuck Clark,Pittsburgh Steelers,SS,1422500.0,1,1422500.0,1.0,CORRECT,0.0
Mohamed Acks,Dalvin Tomlinson,Arizona Cardinals,DT,29000000.0,2,29000000.0,2.0,CORRECT,0.0
Saverio Lopienski,N/A,New York N Giants,WR,36.0,3,N/A,N/A,NO_TEST_MATCH,N/A
Coonie Bosseler,Dawson Knox,Buffalo Bills,TE,29500000.0,3,29500000.0,3.0,CORRECT,0.0
Woodley Tippett,Dax Hill,Cincinnati Bengals,CB,11.667013,4,N/A,N/A,NO_CONTRACT_FOUND,N/A
Stacy Manalac,Derrick Harmon,Pittsburgh Steelers,DT,17973604.0,4,17973604.0,4.0,CORRECT,0.0
Basil Brandt,Dylan Parham,Las Vegas Raiders,LG,5131429.0,4,5131429.0,4.0,CORRECT,0.0
Kendricke Allard,Elijah Moore,Buffalo Bills,WR,2500000.0,1,2500000.0,1.0,CORRECT,0.0
Dialleo Presnell,N/A,New York N Giants,K,18.5,3,N/A,N/A,NO_TEST_MATCH,N/A
Ockie Audet,Hogan Hatten,Detroit Lions,LS,2831000.0,3,2831000.0,3.0,CORRECT,0.0
Alberto Ojomo,Jackson Powers-Johnson,Las Vegas Raiders,C,8767762.0,4,8767762.0,4.0,CORRECT,0.0
Christo Petitgout,Jake Bailey,Miami Dolphins,P,4200000.0,2,4200000.0,2.0,CORRECT,0.0
Kasey Mailei,Jason Sanders,Miami Dolphins,K,22000000.0,5,22000000.0,5.0,CORRECT,0.0
Yatil Adkins,Jaylen Watson,Kansas City Chiefs,CB,3745372.0,4,3745372.0,4.0,CORRECT,0.0
Jameel Nelson,Jerome Ford,Cleveland Browns,HB,1750000.0,1,1750000.0,1.0,CORRECT,0.0
Lennie Shelburne,Jerome Baker,Cleveland Browns,ROLB,1422500.0,1,1422500.0,1.0,CORRECT,0.0
Olandis Yerges,Ji'Ayir Brown,San Francisco 49ers,SS,5395807.0,4,5395807.0,4.0,CORRECT,0.0
Kawika Katalinas,Jonah Jackson,Chicago Bears,RG,52500000.0,3,52500000.0,3.0,CORRECT,0.0
Brashton Montoute,Jonathon Brooks,Carolina Panthers,HB,8417082.0,4,8417082.0,4.0,CORRECT,0.0
Jumbo Lavalais,Jordan Fuller,Atlanta Falcons,FS,1335000.0,1,1335000.0,1.0,CORRECT,0.0
Tootie Mehre,Joshua Palmer,Buffalo Bills,WR,28.0,3,N/A,N/A,NO_CONTRACT_FOUND,N/A
Lyle Oher,Justice Hill,Baltimore Ravens,HB,6000000.0,2,6000000.0,2.0,CORRECT,0.0
Ryne Herosian,N/A,New York N Giants,RE,30.339038,4,N/A,N/A,NO_TEST_MATCH,N/A
Kevis Tumulty,Kendrick Bourne,New England Patriots,WR,19500000.0,3,19500000.0,3.0,CORRECT,0.0
Visco Dowler,Kristian Fulton,Kansas City Chiefs,CB,20000000.0,2,20000000.0,2.0,CORRECT,0.0
Denarius Ioane,Kwity Paye,Indianapolis Colts,RE,13644833.0,4,13644833.0,4.0,CORRECT,0.0
Demetrin Deshane,Leonard Floyd,Atlanta Falcons,RE,10000000.0,1,10000000.0,1.0,CORRECT,0.0
Marvin Hermeling,Malcolm Rodriguez,Detroit Lions,ROLB,1.84792,4,N/A,N/A,NO_CONTRACT_FOUND,N/A
Ladue Thweatt,Marcus Epps,New England Patriots,SS,2025000.0,1,2025000.0,1.0,CORRECT,0.0
Elliot Beckum,Marvin Mims,Denver Broncos,WR,6068635.0,4,6068635.0,4.0,CORRECT,0.0
Shurron Defelice,N/A,New York A Jets,CB,4.375,2,N/A,N/A,NO_TEST_MATCH,N/A
Niko Potteiger,Mike Sainristil,Washington Commanders,CB,7702336.0,4,7702336.0,4.0,CORRECT,0.0
Hub Gantt,Nakobe Dean,Philadelphia Eagles,MLB,5204639.0,4,5204639.0,4.0,CORRECT,0.0
Lyman Gronkowski,N/A,Los Angeles A Chargers,HB,17.774464,4,N/A,N/A,NO_TEST_MATCH,N/A
Lefty Whitmyer,Quan Martin,Washington Commanders,FS,1.84,1,N/A,N/A,NO_CONTRACT_FOUND,N/A
Jerry Wren,Renardo Green,San Francisco 49ers,CB,6389874.0,4,6389874.0,4.0,CORRECT,0.0
Kay Brees,Rigoberto Sanchez,Indianapolis Colts,P,7500000.0,3,7500000.0,3.0,CORRECT,0.0
Jacquian Muransky,Ryan Stonehouse,Miami Dolphins,P,1725000.0,1,1725000.0,1.0,CORRECT,0.0
Jed Gerberry,Sam Darnold,Seattle Seahawks,QB,100500000.0,3,100500000.0,3.0,CORRECT,0.0
Lemuel Dees,Shelby Harris,Cleveland Browns,DT,9000000.0,2,9000000.0,2.0,CORRECT,0.0
Ronnell Hallock,Shemar Stewart,Cincinnati Bengals,LE,18969280.0,4,18969280.0,4.0,CORRECT,0.0
Napoleon Kyles,N/A,Jacksonville,HB,4.392915,4,N/A,N/A,NO_TEST_MATCH,N/A
Charly Oldham,Tetairoa McMillan,Carolina Panthers,WR,27.93039,4,N/A,N/A,NO_CONTRACT_FOUND,N/A
Giradie Jaszewski,Thomas Morstead,San Francisco 49ers,P,1422500.0,1,1422500.0,1.0,CORRECT,0.0
Franny Ingwersen,Troy Fautanu,Pittsburgh Steelers,RT,15055296.0,4,15055296.0,4.0,CORRECT,0.0
Roger Krieg,Tyleik Williams,Detroit Lions,DT,15.48009,4,N/A,N/A,NO_CONTRACT_FOUND,N/A
Andrew Garmon,Tyler Booker,Dallas Cowboys,RG,22553718.0,4,22553718.0,4.0,CORRECT,0.0
Zed Dardar,N/A,New York N Giants,SS,8.176718,4,N/A,N/A,NO_TEST_MATCH,N/A
Dirk Ranglin,N/A,Los Angeles N Rams,TE,17.0,2,N/A,N/A,NO_TEST_MATCH,N/A
Marger Bravyak,Walter Nolen,Arizona Cardinals,DT,19367550.0,4,19367550.0,4.0,CORRECT,0.0
Bubba Heater,N/A,New York N Giants,WR,10.185166,4,N/A,N/A,NO_TEST_MATCH,N/A
Bryce Huffine,Wil Lutz,Denver Broncos,K,8400000.0,2,8400000.0,2.0,CORRECT,0.0
Stepfret Perez,N/A,Los Angeles A Chargers,LG,12.746678,4,N/A,N/A,NO_TEST_MATCH,N/A
Chick Ivlow,A.J. Dillon,Philadelphia Eagles,HB,1337500.0,1,1337500.0,1.0,CORRECT,0.0
Kivuusama Mulligan,A.J. Epenesa,Buffalo Bills,RE,12000000.0,2,12000000.0,2.0,CORRECT,0.0
Randy Brazill,Aaron Rodgers,Pittsburgh Steelers,QB,13650000.0,1,13650000.0,1.0,CORRECT,0.0
Ronney Joswick,Abraham Lucas,Seattle Seahawks,RT,5391678.0,4,5391678.0,4.0,CORRECT,0.0
Porter Schlecht,Alexander Mattison,Miami Dolphins,HB,1337500.0,1,1337500.0,1.0,CORRECT,0.0
Pete Tubbs,Amarius Mims,Cincinnati Bengals,RT,15371558.0,4,15371558.0,4.0,CORRECT,0.0
Winslow Wistert,Andrew Wylie,Washington Commanders,RT,4000000.0,1,4000000.0,1.0,CORRECT,0.0
Burr Costict,Brandon Coleman,Washington Commanders,LG,6058224.0,4,6058224.0,4.0,CORRECT,0.0
Ab Degeare,Calijah Kancey,Tampa Bay Buccaneers,DT,14493474.0,4,14493474.0,4.0,CORRECT,0.0
Demise Slaton,Cam Jurgens,Philadelphia Eagles,C,68000000.0,4,68000000.0,4.0,CORRECT,0.0
Erick Bulman,N/A,Jacksonville,K,6.158388,4,N/A,N/A,NO_TEST_MATCH,N/A
Vito Hartzog,Chamarri Conner,Kansas City Chiefs,SS,4591368.0,4,4591368.0,4.0,CORRECT,0.0
Anquan Kirkendoll,Charles Omenihu,Kansas City Chiefs,LE,4000000.0,1,4000000.0,1.0,CORRECT,0.0
Odie Rousch,N/A,Los Angeles N Rams,CB,2.16434,4,N/A,N/A,NO_TEST_MATCH,N/A
Gennaro Judson,N/A,New York N Giants,CB,6.241841,4,N/A,N/A,NO_TEST_MATCH,N/A
Willmer Shazor,Curtis Samuel,Buffalo Bills,WR,24000000.0,3,24000000.0,3.0,CORRECT,0.0
Ode Wilson,D.J. Wonnum,Carolina Panthers,RE,12500000.0,2,12500000.0,2.0,CORRECT,0.0
Ellery Berner,Dan Moore,Tennessee Titans,LT,82000000.0,4,82000000.0,4.0,CORRECT,0.0
Laveranues Greenway,Dante Fowler Jr.,Dallas Cowboys,RE,6000000.0,1,6000000.0,1.0,CORRECT,0.0
Collin Mccloughan,Darnell Washington,Pittsburgh Steelers,TE,5353909.0,4,5353909.0,4.0,CORRECT,0.0
Wilmer Culliver,Darrell Baker Jr.,Tennessee Titans,CB,1100000.0,1,1100000.0,1.0,CORRECT,0.0
Darry Kinney,DeMarvion Overshown,Dallas Cowboys,ROLB,5390028.0,4,5390028.0,4.0,CORRECT,0.0
Cole Clarks,Denico Autry,Houston Texans,LE,20000000.0,2,20000000.0,2.0,CORRECT,0.0
Lyons Casper,N/A,Los Angeles A Chargers,MLB,2.655,1,N/A,N/A,NO_TEST_MATCH,N/A
Tevita Tennell,Diontae Johnson,Cleveland Browns,WR,1170000.0,1,1170000.0,1.0,CORRECT,0.0
Shelly Boykin,Donovan Wilson,Dallas Cowboys,SS,21000000.0,3,21000000.0,3.0,CORRECT,0.0
Curtis Teifke,Dre'Mont Jones,Tennessee Titans,LE,8500000.0,1,8500000.0,1.0,CORRECT,0.0
La'Roi Joseph,N/A,Jacksonville,WR,8.0,1,N/A,N/A,NO_TEST_MATCH,N/A
Slade Hoying,E.J. Speed,Houston Texans,ROLB,3500000.0,1,3500000.0,1.0,CORRECT,0.0
Channing Reasons,Elandon Roberts,Las Vegas Raiders,MLB,3010000.0,1,3010000.0,1.0,CORRECT,0.0
Hanik Paulson,N/A,Los Angeles N Rams,P,3.948004,4,N/A,N/A,NO_TEST_MATCH,N/A
Hubbard Toneff,Evan Brown,Arizona Cardinals,LG,11500000.0,2,11500000.0,2.0,CORRECT,0.0
Trevin Levens,N/A,New York N Giants,RG,3.25,1,N/A,N/A,NO_TEST_MATCH,N/A
Laron Betts,Haason Reddick,Tampa Bay Buccaneers,LE,14000000.0,1,14000000.0,1.0,CORRECT,0.0
Wagner Diaz,Isaiah Rodgers,Minnesota Vikings,CB,11045000.0,2,11045000.0,2.0,CORRECT,0.0
Speed Dowd,Jake Bates,Detroit Lions,K,1980000.0,2,1980000.0,2.0,CORRECT,0.0
Alva Chorovich,Jalen Tolbert,Dallas Cowboys,WR,5135719.0,4,5135719.0,4.0,CORRECT,0.0
Nigel Karcher,Jawaan Taylor,Kansas City Chiefs,RT,80000000.0,4,80000000.0,4.0,CORRECT,0.0
Broderick Cone,Jer'Zhan Newton,Washington Commanders,DT,1.965,3,N/A,N/A,NO_CONTRACT_FOUND,N/A
Teddy Goble,Jihaad Campbell,Philadelphia Eagles,ROLB,14903574.0,4,14903574.0,4.0,CORRECT,0.0
Pong Havens,Jonathan Owens,Chicago Bears,SS,4750000.0,2,4750000.0,2.0,CORRECT,0.0
Tyvon Archibald,Jordan Battle,Cincinnati Bengals,SS,5325017.0,4,5325017.0,4.0,CORRECT,0.0
Gaynell Faaola,N/A,New York A Jets,WR,1.75,1,N/A,N/A,NO_TEST_MATCH,N/A
Kerwin Conners,Juan Thornhill,Pittsburgh Steelers,FS,3000000.0,1,3000000.0,1.0,CORRECT,0.0
Stevan Korte,Kader Kohou,Miami Dolphins,CB,3263000.0,1,3263000.0,1.0,CORRECT,0.0
Limas Fortunato,Keeanu Benton,Pittsburgh Steelers,DT,7333122.0,4,7333122.0,4.0,CORRECT,0.0
Baron Mccourty,Keisean Nixon,Green Bay Packers,CB,18000000.0,3,18000000.0,3.0,CORRECT,0.0
Bookie Dellerba,N/A,New Orleans,RT,25.731246,4,N/A,N/A,NO_TEST_MATCH,N/A
Kaipo Lainhart,Keon Coleman,Buffalo Bills,WR,10074258.0,4,10074258.0,4.0,CORRECT,0.0
Macarthur Secord,Khalil Herbert,Indianapolis Colts,HB,1337500.0,1,1337500.0,1.0,CORRECT,0.0
Daleroy Powell,Laiatu Latu,Indianapolis Colts,RE,17031894.0,4,17031894.0,4.0,CORRECT,0.0
Deke Druckenmiller,Laken Tomlinson,Houston Texans,LG,4250000.0,1,4250000.0,1.0,CORRECT,0.0
Terry Studstill,Larry Ogunjobi,Buffalo Bills,DT,6696735.0,1,6696735.0,1.0,CORRECT,0.0
Johan Regan,Luke Wattenberg,Denver Broncos,C,3947720.0,4,3947720.0,4.0,CORRECT,0.0
Khari Cronkhite,Luther Burden III,Chicago Bears,WR,10964030.0,4,10964030.0,4.0,CORRECT,0.0
Jurrell D'Orazio,Matthew Bergeron,Atlanta Falcons,LG,8978480.0,4,8978480.0,4.0,CORRECT,0.0
Onterrio Katnik,Matthew Golden,Green Bay Packers,WR,17575338.0,4,17575338.0,4.0,CORRECT,0.0
Ralf Million,N/A,New York N Giants,ROLB,4.015708,4,N/A,N/A,NO_TEST_MATCH,N/A
Boob Deramus,Mike Hilton,Miami Dolphins,CB,1422500.0,1,1422500.0,1.0,CORRECT,0.0
Estus Manders,Mike Green,Baltimore Ravens,LE,7419415.0,4,7419415.0,4.0,CORRECT,0.0
Kez Tamm,Nick Cross,Indianapolis Colts,FS,5065638.0,4,5065638.0,4.0,CORRECT,0.0
Shanley Herrmann,Noah Brown,Washington Commanders,WR,3250000.0,1,3250000.0,1.0,CORRECT,0.0
Dilly Milton,N/A,Los Angeles N Rams,ROLB,2.839,3,N/A,N/A,NO_TEST_MATCH,N/A
Colston Griggs,N/A,Jacksonville,RG,37.5,3,N/A,N/A,NO_TEST_MATCH,N/A
Rudi Kaeding,Payton Wilson,Pittsburgh Steelers,ROLB,5596312.0,4,5596312.0,4.0,CORRECT,0.0
Rob Clady,Peter Skoronski,Tennessee Titans,LG,19673318.0,4,19673318.0,4.0,CORRECT,0.0
Flip Niziolek,N/A,Los Angeles A Chargers,WR,14.188778,4,N/A,N/A,NO_TEST_MATCH,N/A
Darrell Neufeld,Riley Dixon,Tampa Bay Buccaneers,P,6000000.0,2,6000000.0,2.0,CORRECT,0.0
Rogers Pride,Riley Moss,Denver Broncos,CB,5447487.0,4,5447487.0,4.0,CORRECT,0.0
Rocket Nabors,N/A,New York N Giants,QB,9.5,1,N/A,N/A,NO_TEST_MATCH,N/A
Bishop Gustafson,Sam Williams,Dallas Cowboys,RE,6526744.0,4,6526744.0,4.0,CORRECT,0.0
Elston Gaynor,Samaje Perine,Cincinnati Bengals,HB,3600000.0,2,3600000.0,2.0,CORRECT,0.0
Don Griffen,Samuel Womack III,Indianapolis Colts,CB,5.943324,4,N/A,N/A,NO_CONTRACT_FOUND,N/A
Dezman Catano,N/A,Los Angeles N Rams,LG,10.25271,4,N/A,N/A,NO_TEST_MATCH,N/A
Sig Schamel,N/A,New Orleans,TE,41.0,4,N/A,N/A,NO_TEST_MATCH,N/A
Gordy Boatswain,Terrion Arnold,Detroit Lions,CB,14343710.0,4,14343710.0,4.0,CORRECT,0.0
Aldon Cappelletti,Tershawn Wharton,Carolina Panthers,DT,45050000.0,3,45050000.0,3.0,CORRECT,0.0
Bobbie Brophy,N/A,New York A Jets,SS,1.263,1,N/A,N/A,NO_TEST_MATCH,N/A
Cie Levels,TreVeyon Henderson,New England Patriots,HB,11143234.0,4,11143234.0,4.0,CORRECT,0.0
Cato Klimek,Trey Benson,Arizona Cardinals,HB,6059606.0,4,6059606.0,4.0,CORRECT,0.0
Neiko Lafavor,N/A,Jacksonville,LT,41.5,3,N/A,N/A,NO_TEST_MATCH,N/A
Visanthe Papit,N/A,New York A Jets,LE,16.321674,4,N/A,N/A,NO_TEST_MATCH,N/A
Marvel Baldischwiler,Zaven Collins,Arizona Cardinals,LE,14000000.0,2,14000000.0,2.0,CORRECT,0.0
Sonny Eubanks,Zay Jones,Arizona Cardinals,WR,2400000.0,1,2400000.0,1.0,CORRECT,0.0
Wade Kenn,A'Shawn Robinson,Carolina Panthers,DT,22500000.0,3,22500000.0,3.0,CORRECT,0.0
Drayton Merkel,Aaron Banks,Green Bay Packers,LG,77000000.0,4,77000000.0,4.0,CORRECT,0.0
Quinton Dill,Alfred Collins,San Francisco 49ers,DT,10306886.0,4,10306886.0,4.0,CORRECT,0.0
Aundra Taua,Anthony Walker Jr.,Tampa Bay Buccaneers,ROLB,1422500.0,1,1422500.0,1.0,CORRECT,0.0
Hiram Tidd,Arden Key,Tennessee Titans,RE,21000000.0,3,21000000.0,3.0,CORRECT,0.0
Elwyn Fenenbock,Austin Corbett,Carolina Panthers,C,3000000.0,1,3000000.0,1.0,CORRECT,0.0
Dekoda Tolleson,Avonte Maddox,Detroit Lions,CB,1422500.0,1,1422500.0,1.0,CORRECT,0.0
Anton Decoud,Beanie Bishop,Pittsburgh Steelers,CB,2855000.0,3,2855000.0,3.0,CORRECT,0.0
Brunswick Keisel,Benjamin Morrison,Tampa Bay Buccaneers,CB,8215968.0,4,8215968.0,4.0,CORRECT,0.0
Mack Belding,N/A,Los Angeles A Chargers,CB,0.5,1,N/A,N/A,NO_TEST_MATCH,N/A
Jacquies Scroggins,N/A,Jacksonville,HB,3.276528,4,N/A,N/A,NO_TEST_MATCH,N/A
Terrance Garay,Blake Gillikin,Arizona Cardinals,P,3700000.0,2,3700000.0,2.0,CORRECT,0.0
Le'Shai Haggans,N/A,New York A Jets,CB,37.0,3,N/A,N/A,NO_TEST_MATCH,N/A
Bart Ori,Bryce Huff,San Francisco 49ers,RE,51100000.0,3,51100000.0,3.0,CORRECT,0.0
Tarzan Villa,Bryce Young,Carolina Panthers,QB,37955071.0,4,37955071.0,4.0,CORRECT,0.0
Manase Keating,C.J. Ham,Minnesota Vikings,FB,8650000.0,2,8650000.0,2.0,CORRECT,0.0
Amod Eberts,Caleb Williams,Chicago Bears,QB,39486058.0,4,39486058.0,4.0,CORRECT,0.0
Shawnbrey Parquet,Calen Bullock,Houston Texans,FS,5856998.0,4,5856998.0,4.0,CORRECT,0.0
Trusse Conner,Calvin Austin,Pittsburgh Steelers,WR,4164340.0,4,4164340.0,4.0,CORRECT,0.0
Sione Trippi,Cameron Johnston,Pittsburgh Steelers,P,9000000.0,3,9000000.0,3.0,CORRECT,0.0
Zackary So'Oto,Carson Schwesinger,Cleveland Browns,MLB,11800400.0,4,11800400.0,4.0,CORRECT,0.0
Oren Flones,Clark Phillips III,Atlanta Falcons,CB,4613528.0,4,4613528.0,4.0,CORRECT,0.0
Laquan Englund,Clelin Ferrell,Washington Commanders,RE,2000000.0,1,2000000.0,1.0,CORRECT,0.0
Jamell Steele,Coby Bryant,Seattle Seahawks,SS,4467804.0,4,4467804.0,4.0,CORRECT,0.0
Kim Sinnott,Corliss Waitman,Pittsburgh Steelers,P,985000.0,1,985000.0,1.0,CORRECT,0.0
Judson Tippins,DJ Chark,Atlanta Falcons,WR,1300000.0,1,1300000.0,1.0,CORRECT,0.0
Dinty Dumas,Dalton Kincaid,Buffalo Bills,TE,13427023.0,4,13427023.0,4.0,CORRECT,0.0
Peck Yates,N/A,Jacksonville,SS,22.75,3,N/A,N/A,NO_TEST_MATCH,N/A
Kavika Liwienski,David Edwards,Buffalo Bills,LG,6000000.0,2,6000000.0,2.0,CORRECT,0.0
Bivian Nave,Deatrich Wise,Washington Commanders,RE,3250000.0,1,3250000.0,1.0,CORRECT,0.0
Stuart Fleming,Deion Jones,Tampa Bay Buccaneers,MLB,1255000.0,1,1255000.0,1.0,CORRECT,0.0
Jeremi Asiata,N/A,New York N Giants,CB,15.579395,4,N/A,N/A,NO_TEST_MATCH,N/A
Jerod Heldt,Derick Hall,Seattle Seahawks,LE,9115578.0,4,9115578.0,4.0,CORRECT,0.0
Anwar Zusevics,N/A,New York A Jets,DT,1.4225,1,N/A,N/A,NO_TEST_MATCH,N/A
Arrelious Drumstead,Devin Duvernay,Chicago Bears,WR,1337500.0,1,1337500.0,1.0,CORRECT,0.0
Jermichael Gildea,N/A,New York N Giants,HB,14.5,3,N/A,N/A,NO_TEST_MATCH,N/A
Raphel Ebli,Devin Bush,Cleveland Browns,ROLB,3250000.0,1,3250000.0,1.0,CORRECT,0.0
Torrian Mcadoo,Devonte Wyatt,Green Bay Packers,DT,12861184.0,4,12861184.0,4.0,CORRECT,0.0
Alf Willegale,Donovan Ezeiruaku,Dallas Cowboys,LE,10155086.0,4,10155086.0,4.0,CORRECT,0.0
D'Aundre Chevrier,Dontayvion Wicks,Green Bay Packers,WR,4142548.0,4,4142548.0,4.0,CORRECT,0.0
Dequincy Bunz,Dorian Williams,Buffalo Bills,ROLB,5472806.0,4,5472806.0,4.0,CORRECT,0.0
Tutan Isabel,Elijah Mitchell,Kansas City Chiefs,HB,2500000.0,1,2500000.0,1.0,CORRECT,0.0
Eddie Rosdahl,Emeka Egbuka,Tampa Bay Buccaneers,WR,18172730.0,4,18172730.0,4.0,CORRECT,0.0
Ookie Harrington,Eric Stokes,Las Vegas Raiders,CB,3500000.0,1,3500000.0,1.0,CORRECT,0.0
Patterson Schibanoff,Folorunso Fatukasi,Houston Texans,DT,2.0,1,N/A,N/A,NO_CONTRACT_FOUND,N/A
Gaylon Woodall,Garrett Bradbury,New England Patriots,C,9500000.0,2,9500000.0,2.0,CORRECT,0.0
Kanavis Mcmanus,Graham Glasgow,Detroit Lions,RG,20000000.0,3,20000000.0,3.0,CORRECT,0.0
Brit Nunamaker,Grey Zabel,Seattle Seahawks,LG,18471460.0,4,18471460.0,4.0,CORRECT,0.0
Ziggy Taves,Ja'Quan McMillian,Denver Broncos,CB,1.03,1,N/A,N/A,NO_CONTRACT_FOUND,N/A
Jerron Mertens,Jack Jones,Miami Dolphins,CB,1100000.0,1,1100000.0,1.0,CORRECT,0.0
Putt Wiatrak,Jahlani Tavai,New England Patriots,ROLB,16000000.0,3,16000000.0,3.0,CORRECT,0.0
Jarious Jones-Drew,Jaleel McLaughlin,Denver Broncos,HB,2710000.0,3,2710000.0,3.0,CORRECT,0.0
Ilia Fifer,James Pearce Jr.,Atlanta Falcons,RE,16778784.0,4,16778784.0,4.0,CORRECT,0.0
Vickey Carton,Javon Bullard,Green Bay Packers,FS,6706132.0,4,6706132.0,4.0,CORRECT,0.0
Sammie Sledge,Jaylon Jones,Indianapolis Colts,CB,1200000.0,1,1200000.0,1.0,CORRECT,0.0
Jace Kab,N/A,New York N Giants,RT,16.0,2,N/A,N/A,NO_TEST_MATCH,N/A
Marshall Marefos,Johnathan Hankins,Seattle Seahawks,DT,2115000.0,1,2115000.0,1.0,CORRECT,0.0
Ogemdi Terlep,N/A,New York N Giants,LG,29.0,3,N/A,N/A,NO_TEST_MATCH,N/A
Ickey Kenney,Jordan Meredith,Las Vegas Raiders,LG,750000.0,1,750000.0,1.0,CORRECT,0.0
Gus Sintim,Jordan Stout,Baltimore Ravens,P,4357836.0,4,4357836.0,4.0,CORRECT,0.0
Dusty Searcey,Jordan Morgan,Green Bay Packers,RG,14185596.0,4,14185596.0,4.0,CORRECT,0.0
Yancey Soliai,Josh Simmons,Kansas City Chiefs,LT,14675356.0,4,14675356.0,4.0,CORRECT,0.0
Leslie Robnett,Joshua Williams,Kansas City Chiefs,CB,4326260.0,4,4326260.0,4.0,CORRECT,0.0
Daddy Scoggins,JuJu Smith-Schuster,Kansas City Chiefs,WR,1422500.0,1,1422500.0,1.0,CORRECT,0.0
Demorrio Stein,Kaleb Johnson,Pittsburgh Steelers,HB,6372062.0,4,6372062.0,4.0,CORRECT,0.0
Regan Duckworth,Kalif Raymond,Detroit Lions,WR,10500000.0,2,10500000.0,2.0,CORRECT,0.0
Mervyn Peck,Kavontae Turpin,Dallas Cowboys,WR,13500000.0,3,13500000.0,3.0,CORRECT,0.0
Lindsay Day,N/A,New Orleans,HB,6.654319,4,N/A,N/A,NO_TEST_MATCH,N/A
Paco Beckham,Kenneth Gainwell,Pittsburgh Steelers,HB,1790000.0,1,1790000.0,1.0,CORRECT,0.0
Benjamin Chandler,N/A,New Orleans,CB,7.157108,4,N/A,N/A,NO_TEST_MATCH,N/A
Orien Mcclendon,Lloyd Cushenberry III,Tennessee Titans,C,52.0,4,N/A,N/A,NO_CONTRACT_FOUND,N/A
Lupe Olshansky,Malaki Starks,Baltimore Ravens,FS,16579658.0,4,16579658.0,4.0,CORRECT,0.0
Kellogg Lanza,Maliek Collins,Cleveland Browns,DT,20000000.0,2,20000000.0,2.0,CORRECT,0.0
Le'Ron Foldberg,Marquez Valdes-Scantling,Seattle Seahawks,WR,4000000.0,1,4000000.0,1.0,CORRECT,0.0
Deshone Fronczek,Martin Emerson,Cleveland Browns,CB,5471289.0,4,5471289.0,4.0,CORRECT,0.0
Garo Fraser,Matt Araiza,Kansas City Chiefs,P,960000.0,1,960000.0,1.0,CORRECT,0.0
Johnie Kuykendall,Mekhi Blackmon,Minnesota Vikings,CB,5304084.0,4,5304084.0,4.0,CORRECT,0.0
Kelley Gorin,Michael Hoecht,Buffalo Bills,RE,21000000.0,3,21000000.0,3.0,CORRECT,0.0
Alphonso Fluellen,Mike Jackson,Carolina Panthers,CB,0.965,3,N/A,N/A,NO_CONTRACT_FOUND,N/A
Murrell Youmans,Nick Westbrook-Ikhine,Miami Dolphins,WR,4.99,2,N/A,N/A,NO_CONTRACT_FOUND,N/A
Charle Wisener,Noah Gray,Kansas City Chiefs,TE,18000000.0,3,18000000.0,3.0,CORRECT,0.0
Galand Artoe,N/A,New York A Jets,LT,20.51071,4,N/A,N/A,NO_TEST_MATCH,N/A
Terrell Fiorentino,N/A,Los Angeles N Rams,SS,5.792016,4,N/A,N/A,NO_TEST_MATCH,N/A
Wayne Whitlatch,Ray-Ray McCloud III,Atlanta Falcons,WR,5.0,2,N/A,N/A,NO_CONTRACT_FOUND,N/A
Deron Haymond,Ricky Pearsall,San Francisco 49ers,WR,12538398.0,4,12538398.0,4.0,CORRECT,0.0
Therrian Landers,Robert Woods,Pittsburgh Steelers,WR,2000000.0,1,2000000.0,1.0,CORRECT,0.0
Limbo Mcfadden,Ryan Wright,Minnesota Vikings,P,1750000.0,1,1750000.0,1.0,CORRECT,0.0
Tracey Buben,Sam Martin,Carolina Panthers,P,1600000.0,1,1600000.0,1.0,CORRECT,0.0
Wali Etter,Samson Ebukam,Indianapolis Colts,RE,24000000.0,3,24000000.0,3.0,CORRECT,0.0
Homer Skorich,Sheldon Rankins,Houston Texans,DT,5250000.0,1,5250000.0,1.0,CORRECT,0.0
Sammy Maslowski,N/A,Los Angeles A Chargers,DT,4.5,1,N/A,N/A,NO_TEST_MATCH,N/A
Darin Ruff,Tory Taylor,Chicago Bears,P,4767900.0,4,4767900.0,4.0,CORRECT,0.0
Ham Maskas,N/A,Jacksonville,QB,100.0,5,N/A,N/A,NO_TEST_MATCH,N/A
Rex Rabb,Trey Amos,Washington Commanders,CB,7280020.0,4,7280020.0,4.0,CORRECT,0.0
Gene Attache,N/A,Los Angeles A Chargers,LE,7.571383,4,N/A,N/A,NO_TEST_MATCH,N/A
Khalif Scarbath,N/A,Los Angeles N Rams,WR,10.0,1,N/A,N/A,NO_TEST_MATCH,N/A
Revie Mazurek,Tykee Smith,Tampa Bay Buccaneers,SS,5687018.0,4,5687018.0,4.0,CORRECT,0.0
Shorty Petitti,N/A,Los Angeles A Chargers,TE,1.0,1,N/A,N/A,NO_TEST_MATCH,N/A
Thom Mucker,Tyler Warren,Indianapolis Colts,TE,20960650.0,4,20960650.0,4.0,CORRECT,0.0
Legarrette Durkota,Tyrique Stevenson,Chicago Bears,CB,6449498.0,4,6449498.0,4.0,CORRECT,0.0
Menil Haley,Uchenna Nwosu,Seattle Seahawks,RE,45000000.0,3,45000000.0,3.0,CORRECT,0.0
Torri Doig,Will Reichard,Minnesota Vikings,K,4190620.0,4,4190620.0,4.0,CORRECT,0.0
Damik Vatterott,Will Johnson,Arizona Cardinals,CB,9410768.0,4,9410768.0,4.0,CORRECT,0.0
Edmund Stonesifer,Yetur Gross-Matos,San Francisco 49ers,LE,18000000.0,2,18000000.0,2.0,CORRECT,0.0
Derrel Rodriguez,Alec Ingold,Miami Dolphins,FB,12200000.0,3,12200000.0,3.0,CORRECT,0.0
Gern Brittenum,N/A,Los Angeles A Chargers,C,0.17,1,N/A,N/A,NO_TEST_MATCH,N/A
Erroll Piro,N/A,Jacksonville,FS,7.6,3,N/A,N/A,NO_TEST_MATCH,N/A
Rodrick Shea,Ashtyn Davis,Miami Dolphins,FS,2500000.0,1,2500000.0,1.0,CORRECT,0.0
Corby Mcmahon,Austin Jackson,Miami Dolphins,RT,36000000.0,3,36000000.0,3.0,CORRECT,0.0
Crawford Zieman,N/A,New York A Jets,CB,4.593646,4,N/A,N/A,NO_TEST_MATCH,N/A
Spiro Lomack,Baron Browning,Arizona Cardinals,LE,15000000.0,2,15000000.0,2.0,CORRECT,0.0
Birdie Croston,Ben Powers,Denver Broncos,LG,51500000.0,4,51500000.0,4.0,CORRECT,0.0
Guss Broussard,Bilal Nichols,Arizona Cardinals,DT,21000000.0,3,21000000.0,3.0,CORRECT,0.0
Blue Sobomehin,N/A,Los Angeles N Rams,HB,4.763762,4,N/A,N/A,NO_TEST_MATCH,N/A
Hurvin Capece,Bobby Brown III,Carolina Panthers,DT,22.0,3,N/A,N/A,NO_CONTRACT_FOUND,N/A
Kenrick Brazile,Brady Christensen,Carolina Panthers,LT,2787500.0,1,2787500.0,1.0,CORRECT,0.0
Rohan Glatz,N/A,New Orleans,DT,11.26356,4,N/A,N/A,NO_TEST_MATCH,N/A
Alyn Whitmore,Carrington Valentine,Green Bay Packers,CB,3940704.0,4,3940704.0,4.0,CORRECT,0.0
Jairus Ash,Chad Ryland,Arizona Cardinals,K,915000.0,1,915000.0,1.0,CORRECT,0.0
Toddrick Borelli,N/A,New York N Giants,LE,19.0,3,N/A,N/A,NO_TEST_MATCH,N/A
Ivory Reveiz,Chigoziem Okonkwo,Tennessee Titans,TE,5.16434,4,N/A,N/A,NO_CONTRACT_FOUND,N/A
Bradie Spurrier,Christian Izien,Tampa Bay Buccaneers,CB,2705000.0,3,2705000.0,3.0,CORRECT,0.0
Armand Sedbrook,N/A,New Orleans,HB,1.17,1,N/A,N/A,NO_TEST_MATCH,N/A
Sandro Mcgrath,Cooper Beebe,Dallas Cowboys,C,5939718.0,4,5939718.0,4.0,CORRECT,0.0
Zeron Stroughter,Cornelius Lucas III,Cleveland Browns,LT,8.5,2,N/A,N/A,NO_CONTRACT_FOUND,N/A
Demario Piepul,N/A,Los Angeles N Rams,LT,0.5,1,N/A,N/A,NO_TEST_MATCH,N/A
Rae Cure,N/A,Los Angeles A Chargers,DT,2.35,1,N/A,N/A,NO_TEST_MATCH,N/A
Ephesians Raji,Damar Hamlin,Buffalo Bills,FS,2000000.0,1,2000000.0,1.0,CORRECT,0.0
Hoby Roten,Daniel Whelan,Green Bay Packers,P,1030000.0,1,1030000.0,1.0,CORRECT,0.0
Jean-Phillipe Wade,Darien Porter,Las Vegas Raiders,CB,6724094.0,4,6724094.0,4.0,CORRECT,0.0
Rosevelt Clarke,N/A,Jacksonville,DT,36.5,3,N/A,N/A,NO_TEST_MATCH,N/A
Stephone Saipaia,Demarcus Robinson,San Francisco 49ers,WR,8000000.0,2,8000000.0,2.0,CORRECT,0.0
Jemeel Mccleon,Demetrius Knight Jr.,Cincinnati Bengals,ROLB,9012482.0,4,9012482.0,4.0,CORRECT,0.0
Jahri Sword,N/A,Jacksonville,RE,4.0,1,N/A,N/A,NO_TEST_MATCH,N/A
Darrick Demarie,Devaughn Vele,Denver Broncos,WR,4124480.0,4,4124480.0,4.0,CORRECT,0.0
Jamin Benners,Donovan Jackson,Minnesota Vikings,LG,17177054.0,4,17177054.0,4.0,CORRECT,0.0
Thabiti Arrington,Dylan Sampson,Cleveland Browns,HB,5130564.0,4,5130564.0,4.0,CORRECT,0.0
Slok Cortez,Eddie Goldman,Washington Commanders,DT,1255000.0,1,1255000.0,1.0,CORRECT,0.0
Munger Boss,N/A,Jacksonville,RE,3.25,1,N/A,N/A,NO_TEST_MATCH,N/A
Noble Roper,Evan McPherson,Cincinnati Bengals,K,14000000.0,3,14000000.0,3.0,CORRECT,0.0
Mason Crooms,N/A,New York N Giants,RT,25.551258,4,N/A,N/A,NO_TEST_MATCH,N/A
Daryon Grice,Henry To'oTo'o,Houston Texans,LOLB,4084976.0,4,4084976.0,4.0,CORRECT,0.0
Ronyell Macafee,Ifeatu Melifonwu,Miami Dolphins,SS,3010000.0,1,3010000.0,1.0,CORRECT,0.0
Tron Duncan,Isaiah Simmons,Green Bay Packers,SS,1337500.0,1,1337500.0,1.0,CORRECT,0.0
Roc Cushing,Ja'Lynn Polk,New England Patriots,WR,9694744.0,4,9694744.0,4.0,CORRECT,0.0
Terrail Donlin,Jacob Parrish,Tampa Bay Buccaneers,CB,6348646.0,4,6348646.0,4.0,CORRECT,0.0
Uhuru Hetherington,Jake Brendel,San Francisco 49ers,C,16500000.0,4,16500000.0,4.0,CORRECT,0.0
Jalen Seick,Jalen McMillan,Tampa Bay Buccaneers,WR,5663024.0,4,5663024.0,4.0,CORRECT,0.0
Vernon Harrell,Jalen Nailor,Minnesota Vikings,WR,3840660.0,4,3840660.0,4.0,CORRECT,0.0
Deljuan Okpokowuruk,Jamal Adams,Las Vegas Raiders,SS,1255000.0,1,1255000.0,1.0,CORRECT,0.0
Nemiah Beattie,N/A,New York A Jets,MLB,44.0,3,N/A,N/A,NO_TEST_MATCH,N/A
Tripp Raible,Jayden Higgins,Houston Texans,WR,11700824.0,4,11700824.0,4.0,CORRECT,0.0
Kayo Cassiano,Joe Tryon-Shoyinka,Cleveland Browns,RE,4.75,1,N/A,N/A,NO_CONTRACT_FOUND,N/A
Pellom Price,John Jenkins,Baltimore Ravens,DT,1750000.0,1,1750000.0,1.0,CORRECT,0.0
Miles Cadet,John Metchie,Houston Texans,WR,8070172.0,4,8070172.0,4.0,CORRECT,0.0
Bam Etelman,Johnny Hekker,Tennessee Titans,P,1422500.0,1,1422500.0,1.0,CORRECT,0.0
Ryon Mutryn,Jonah Williams,Arizona Cardinals,RT,30000000.0,2,30000000.0,2.0,CORRECT,0.0
Erric Sturgis,Josh Paschal,Detroit Lions,LE,7735650.0,4,7735650.0,4.0,CORRECT,0.0
Danieal Morton,Josh Conerly Jr.,Washington Commanders,RT,15681094.0,4,15681094.0,4.0,CORRECT,0.0
Leo Steber,Joshua Uche,Philadelphia Eagles,LE,1920000.0,1,1920000.0,1.0,CORRECT,0.0
Damian Comier,JT Tuimoloau,Indianapolis Colts,LE,9942466.0,4,9942466.0,4.0,CORRECT,0.0
Hezekiah Nickel,Juice Scruggs,Houston Texans,LG,6099103.0,4,6099103.0,4.0,CORRECT,0.0
Brandian Henne,JuJu Brents,Indianapolis Colts,CB,9.196937,4,N/A,N/A,NO_CONTRACT_FOUND,N/A
Sal Giddens,Justin Jones,Arizona Cardinals,DT,31165000.0,3,31165000.0,3.0,CORRECT,0.0
Toimi Guion,N/A,New York A Jets,QB,40.0,2,N/A,N/A,NO_TEST_MATCH,N/A
Mccoy Alberghini,N/A,New Orleans,TE,31.75,3,N/A,N/A,NO_TEST_MATCH,N/A
Martin Adeyanju,Kaiir Elam,Dallas Cowboys,CB,13690809.0,4,13690809.0,4.0,CORRECT,0.0
Jojuan Kassell,Kayshon Boutte,New England Patriots,WR,4027272.0,4,4027272.0,4.0,CORRECT,0.0
Pard Biletnikoff,Keaton Mitchell,Baltimore Ravens,HB,2713000.0,3,2713000.0,3.0,CORRECT,0.0
Antwan Rash,Kelee Ringo,Philadelphia Eagles,CB,4660924.0,4,4660924.0,4.0,CORRECT,0.0
Rashaun Plank,Kris Jenkins,Cincinnati Bengals,DT,7860464.0,4,7860464.0,4.0,CORRECT,0.0
Shaud Foote,Levi Onwuzurike,Detroit Lions,DT,4000000.0,1,4000000.0,1.0,CORRECT,0.0
Caleb Zelencik,Lucas Patrick,Cincinnati Bengals,RG,2100000.0,1,2100000.0,1.0,CORRECT,0.0
Lonny Dimancheff,Lukas Van Ness,Green Bay Packers,RE,17388091.0,4,17388091.0,4.0,CORRECT,0.0
Paschall Howard,Mack Hollins,New England Patriots,WR,8400000.0,2,8400000.0,2.0,CORRECT,0.0
Spencer Gerak,Malik Mustapha,San Francisco 49ers,FS,4758936.0,4,4758936.0,4.0,CORRECT,0.0
Eugene Worilds,Marcus Davenport,Detroit Lions,RE,2500000.0,1,2500000.0,1.0,CORRECT,0.0
Lester Maualuga,Mason McCormick,Pittsburgh Steelers,RG,4784896.0,4,4784896.0,4.0,CORRECT,0.0
Vee Holtzman,Matt Gay,Washington Commanders,K,4325000.0,1,4325000.0,1.0,CORRECT,0.0
Edmond Manske,Max Melton,Arizona Cardinals,CB,8888308.0,4,8888308.0,4.0,CORRECT,0.0
Vin Landolt,Mecole Hardman,Green Bay Packers,WR,1500000.0,1,1500000.0,1.0,CORRECT,0.0
Julian Gresham,Michael Penix Jr.,Atlanta Falcons,QB,22882636.0,4,22882636.0,4.0,CORRECT,0.0
Cade Noble,Mike Hughes,Atlanta Falcons,CB,18000000.0,3,18000000.0,3.0,CORRECT,0.0
Joel Wong,Miles Sanders,Dallas Cowboys,HB,1337500.0,1,1337500.0,1.0,CORRECT,0.0
Jeno Jourdain,N/A,Los Angeles N Rams,MLB,1.1,1,N/A,N/A,NO_TEST_MATCH,N/A
Ike Quinlan,N/A,New Orleans,DT,17.0,3,N/A,N/A,NO_TEST_MATCH,N/A
Rashaan Olsson,Nic Scourton,Carolina Panthers,LE,8614236.0,4,8614236.0,4.0,CORRECT,0.0
Chy Ellersick,Nick Allegretti,Washington Commanders,RG,16000000.0,3,16000000.0,3.0,CORRECT,0.0
Gerald Sileo,Nick Emmanwori,Seattle Seahawks,SS,11601260.0,4,11601260.0,4.0,CORRECT,0.0
Jonte Derby,Nick Herbig,Pittsburgh Steelers,LE,4512920.0,4,4512920.0,4.0,CORRECT,0.0
Malik Mancha,Oluwafemi Oladejo,Tennessee Titans,LE,8415100.0,4,8415100.0,4.0,CORRECT,0.0
Evar Haluska,Quinshon Judkins,Cleveland Browns,HB,10.4,4,N/A,N/A,NO_CONTRACT_FOUND,N/A
Burnell Shofner,Ray Davis,Buffalo Bills,HB,4733188.0,4,4733188.0,4.0,CORRECT,0.0
Olaniyi Matheson,RJ Harvey,Denver Broncos,HB,7359680.0,4,7359680.0,4.0,CORRECT,0.0
Brendan Garcia,Roger Rosengarten,Baltimore Ravens,RT,6437314.0,4,6437314.0,4.0,CORRECT,0.0
Ethan Levitt,N/A,Jacksonville,LS,7.07,4,N/A,N/A,NO_TEST_MATCH,N/A
Century Colhouer,Shavon Revel Jr.,Dallas Cowboys,CB,6506742.0,4,6506742.0,4.0,CORRECT,0.0
Kenwin Zizak,T.J. Sanders,Buffalo Bills,DT,10720408.0,4,10720408.0,4.0,CORRECT,0.0
Laroni Cesario,N/A,New York N Giants,TE,2.851436,4,N/A,N/A,NO_TEST_MATCH,N/A
Hobby Hymes,Tre Brown,San Francisco 49ers,CB,1700000.0,1,1700000.0,1.0,CORRECT,0.0
Landon Benjamin,Tre Tucker,Las Vegas Raiders,WR,5304084.0,4,5304084.0,4.0,CORRECT,0.0
Dontarrious Agase,Tre'Davious White,Buffalo Bills,CB,3000000.0,1,3000000.0,1.0,CORRECT,0.0
Avon Radecic,N/A,New Orleans,LG,14.143316,4,N/A,N/A,NO_TEST_MATCH,N/A
Trezelle Gonsoulin,Tyler Bass,Buffalo Bills,K,20400000.0,4,20400000.0,4.0,CORRECT,0.0
Tay Muellner,Tyrel Dodson,Miami Dolphins,ROLB,6250000.0,2,6250000.0,2.0,CORRECT,0.0
Bull Redwine,Tyrice Knight,Seattle Seahawks,ROLB,4792560.0,4,4792560.0,4.0,CORRECT,0.0
Vernand Beasley,N/A,Los Angeles A Chargers,TE,12.0,3,N/A,N/A,NO_TEST_MATCH,N/A
Ndamukong Bernet,Xavier Legette,Carolina Panthers,WR,12357176.0,4,12357176.0,4.0,CORRECT,0.0
Autry Jolly,Adam Butler,Las Vegas Raiders,DT,16500000.0,3,16500000.0,3.0,CORRECT,0.0
Alexander Vickers,Adonai Mitchell,Indianapolis Colts,WR,7386086.0,4,7386086.0,4.0,CORRECT,0.0
Jesse Gulian,N/A,New Orleans,CB,6.204698,4,N/A,N/A,NO_TEST_MATCH,N/A
Dino O'Steen,Andres Borregales,New England Patriots,K,4456484.0,4,4456484.0,4.0,CORRECT,0.0
Jabari Granderson,Andrew Billings,Chicago Bears,DT,8000000.0,2,8000000.0,2.0,CORRECT,0.0
Cece Hurston,Anthony Bradford,Seattle Seahawks,RG,4643984.0,4,4643984.0,4.0,CORRECT,0.0
Arnie Willie,Anthony Nelson,Tampa Bay Buccaneers,LE,10000000.0,2,10000000.0,2.0,CORRECT,0.0
Ernie Pureifory,Ashton Gillotte,Kansas City Chiefs,LE,6744624.0,4,6744624.0,4.0,CORRECT,0.0
Pinky Chrape,Austin Hooper,New England Patriots,TE,5000000.0,1,5000000.0,1.0,CORRECT,0.0
Rusty Ananis,Azeez Ojulari,Philadelphia Eagles,RE,3000000.0,1,3000000.0,1.0,CORRECT,0.0
Cory Peabody,N/A,New Orleans,K,2.6975,3,N/A,N/A,NO_TEST_MATCH,N/A
Timmy Nystrom,N/A,Los Angeles A Chargers,C,8.5,2,N/A,N/A,NO_TEST_MATCH,N/A
Ramses Volek,Braxton Berrios,Houston Texans,WR,1800000.0,1,1800000.0,1.0,CORRECT,0.0
Hal Hafen,Bryce Hall,Tampa Bay Buccaneers,CB,1170000.0,1,1170000.0,1.0,CORRECT,0.0
Garrison Werl,N/A,Jacksonville,FS,7.28108,4,N/A,N/A,NO_TEST_MATCH,N/A
Marlon Gradkowski,N/A,New York N Giants,HB,5.27304,4,N/A,N/A,NO_TEST_MATCH,N/A
Lamonte Maneri,N/A,New Orleans,WR,3.75,2,N/A,N/A,NO_TEST_MATCH,N/A
Sims Sager,Chris Moore,Washington Commanders,WR,1255000.0,1,1255000.0,1.0,CORRECT,0.0
Kregg Kellar,Chris Braswell,Tampa Bay Buccaneers,RE,6785196.0,4,6785196.0,4.0,CORRECT,0.0
Marquis Mcclure,Christian Rozeboom,Carolina Panthers,ROLB,2500000.0,1,2500000.0,1.0,CORRECT,0.0
Harry Haliburton,Cole Strange,New England Patriots,LG,12255969.0,4,12255969.0,4.0,CORRECT,0.0
Tye Parseghian,N/A,Los Angeles N Rams,C,12.0,2,N/A,N/A,NO_TEST_MATCH,N/A
Nicky Wayne,Colston Loveland,Chicago Bears,TE,26636008.0,4,26636008.0,4.0,CORRECT,0.0
Travis Sharper,Colton McKivitz,San Francisco 49ers,RT,4610000.0,2,4610000.0,2.0,CORRECT,0.0
Edgar Jecha,Dallas Turner,Minnesota Vikings,RE,15766864.0,4,15766864.0,4.0,CORRECT,0.0
Elvin Mcelmurry,Damontae Kazee,Cleveland Browns,FS,1422500.0,1,1422500.0,1.0,CORRECT,0.0
Calais Gajan,N/A,New York N Giants,SS,6.444488,4,N/A,N/A,NO_TEST_MATCH,N/A
Biff Wojcik,Daniel Faalele,Baltimore Ravens,RG,4460339.0,4,4460339.0,4.0,CORRECT,0.0
Juron Spavital,Darius Robinson,Arizona Cardinals,DT,13869328.0,4,13869328.0,4.0,CORRECT,0.0
Richie Lefear,David Ojabo,Baltimore Ravens,LE,7909121.0,4,7909121.0,4.0,CORRECT,0.0
Fearon Mckoy,Dayo Odeyingbo,Chicago Bears,RE,48000000.0,3,48000000.0,3.0,CORRECT,0.0
Sheldon Molk,Derek Barnett,Houston Texans,RE,4000000.0,1,4000000.0,1.0,CORRECT,0.0
Jimmy Micka,N/A,Los Angeles N Rams,CB,1.03,1,N/A,N/A,NO_TEST_MATCH,N/A
David Boyle,Derrick Barnes,Detroit Lions,LOLB,24000000.0,3,24000000.0,3.0,CORRECT,0.0
Oniel Hutchins,Divine Deablo,Atlanta Falcons,ROLB,14000000.0,2,14000000.0,2.0,CORRECT,0.0
Anttaj Stegent,DJ Glaze,Las Vegas Raiders,RT,6.86579,4,N/A,N/A,NO_CONTRACT_FOUND,N/A
Bilal Roder,N/A,New Orleans,WR,1.17,1,N/A,N/A,NO_TEST_MATCH,N/A
Dunta Schoenke,Ed Ingram,Houston Texans,RG,5997982.0,4,5997982.0,4.0,CORRECT,0.0
Ted Shegog,N/A,Jacksonville,SS,20.5,3,N/A,N/A,NO_TEST_MATCH,N/A
Wendall Neil,Eric Wilson,Minnesota Vikings,ROLB,2600000.0,1,2600000.0,1.0,CORRECT,0.0
Casey Pricer,Evan Williams,Green Bay Packers,FS,4822880.0,4,4822880.0,4.0,CORRECT,0.0
Dawan Graves,Graham Barton,Tampa Bay Buccaneers,C,14027456.0,4,14027456.0,4.0,CORRECT,0.0
Brodney Goodwin,Greg Dortch,Arizona Cardinals,WR,3263000.0,1,3263000.0,1.0,CORRECT,0.0
Fay Lay,Greg Gaines,Tampa Bay Buccaneers,DT,3500000.0,1,3500000.0,1.0,CORRECT,0.0
Rashon Iupati,Hunter Renfrow,Carolina Panthers,WR,1220000.0,1,1220000.0,1.0,CORRECT,0.0
Hason Forte,Isaac Guerendo,San Francisco 49ers,HB,4724528.0,4,4724528.0,4.0,CORRECT,0.0
Bing Herline,N/A,New Orleans,CB,11.0,3,N/A,N/A,NO_TEST_MATCH,N/A
Jessie Schuler,Isaiah McDuffie,Green Bay Packers,LOLB,8000000.0,2,8000000.0,2.0,CORRECT,0.0
Liam Mcevoy,J.J. McCarthy,Minnesota Vikings,QB,21854796.0,4,21854796.0,4.0,CORRECT,0.0
Walker Maczuzak,Ja'Marcus Ingram,Buffalo Bills,CB,1952500.0,2,1952500.0,2.0,CORRECT,0.0
Dedric Christman,Jack Bech,Las Vegas Raiders,WR,7558817.0,4,7558817.0,4.0,CORRECT,0.0
Brad Ply,Jacob Martin,Washington Commanders,LE,3.585,1,N/A,N/A,NO_CONTRACT_FOUND,N/A
Jon Heeter,Jaden Hicks,Kansas City Chiefs,SS,4548708.0,4,4548708.0,4.0,CORRECT,0.0
Dwone Jacquith,Jahan Dotson,Philadelphia Eagles,WR,2757048.0,1,2757048.0,1.0,CORRECT,0.0
Kipp Selawski,Jakorian Bennett,Las Vegas Raiders,CB,6.663596,4,N/A,N/A,NO_CONTRACT_FOUND,N/A
Manny Giles,Jalen Coker,Carolina Panthers,WR,795000.0,1,795000.0,1.0,CORRECT,0.0
Gosder Nagurski,N/A,Jacksonville,CB,6.596312,4,N/A,N/A,NO_TEST_MATCH,N/A
Beau Stromberg,Jarvis Brownlee Jr.,Tennessee Titans,CB,4362036.0,4,4362036.0,4.0,CORRECT,0.0
Heinie Yearby,Javon Kinlaw,Washington Commanders,DT,45000000.0,3,45000000.0,3.0,CORRECT,0.0
Kay-Jay Ratigan,Jaylen Wright,Miami Dolphins,HB,4780020.0,4,4780020.0,4.0,CORRECT,0.0
Freeman Cousin,Jaylin Noel,Houston Texans,WR,6466856.0,4,6466856.0,4.0,CORRECT,0.0
Olindo Akiu,Jeremy Reaves,Washington Commanders,FS,5995000.0,1,5995000.0,1.0,CORRECT,0.0
Brodie Fullington,Jonah Elliss,Denver Broncos,LE,5870714.0,4,5870714.0,4.0,CORRECT,0.0
Spec Bartell,Jonah Savaiinaea,Miami Dolphins,RG,11322475.0,4,11322475.0,4.0,CORRECT,0.0
Phillip Furrey,N/A,New Orleans,DT,1.4225,1,N/A,N/A,NO_TEST_MATCH,N/A
Wee Stansbury,Jordan Burch,Arizona Cardinals,LE,6489476.0,4,6489476.0,4.0,CORRECT,0.0
Wesly Rechichar,Jordan James,San Francisco 49ers,HB,4639684.0,4,4639684.0,4.0,CORRECT,0.0
Ben Delmas,N/A,New Orleans,SS,3.166728,4,N/A,N/A,NO_TEST_MATCH,N/A
Sedric Sulfsted,Josh Oliver,Minnesota Vikings,TE,23250000.0,3,23250000.0,3.0,CORRECT,0.0
Lee Greisen,Justin Watson,Houston Texans,WR,5000000.0,2,5000000.0,2.0,CORRECT,0.0
Horace Molinet,K'Lavon Chaisson,New England Patriots,RE,1.0,1,N/A,N/A,NO_CONTRACT_FOUND,N/A
Ladairis Pease,Kelvin Beachum,Arizona Cardinals,LT,4000000.0,1,4000000.0,1.0,CORRECT,0.0
Baby Easlick,Kenneth Murray,Dallas Cowboys,MLB,15500000.0,2,15500000.0,2.0,CORRECT,0.0
D'Marco Crabb,Kevin Givens,San Francisco 49ers,DT,2050000.0,1,2050000.0,1.0,CORRECT,0.0
Cornelius Wham,Kirk Cousins,Atlanta Falcons,QB,180000000.0,4,180000000.0,4.0,CORRECT,0.0
Lional Havner,Kris Abrams-Draine,Denver Broncos,CB,4368272.0,4,4368272.0,4.0,CORRECT,0.0
Maxie Kimmel,Landon Jackson,Buffalo Bills,LE,6618982.0,4,6618982.0,4.0,CORRECT,0.0
Lacurtis Harold,Laviska Shenault,Buffalo Bills,WR,1210000.0,1,1210000.0,1.0,CORRECT,0.0
Wiley Korisky,Lonnie Johnson,Las Vegas Raiders,FS,1685000.0,1,1685000.0,1.0,CORRECT,0.0
Kendrick Maiava,Malcolm Roach,Denver Broncos,DT,7000000.0,2,7000000.0,2.0,CORRECT,0.0
Verlin Tannen,Malcolm Koonce,Las Vegas Raiders,RE,11040000.0,1,11040000.0,1.0,CORRECT,0.0
Aundrae Bowie,Malik Harrison,Pittsburgh Steelers,ROLB,10000000.0,2,10000000.0,2.0,CORRECT,0.0
Tony Torrey,Markquese Bell,Dallas Cowboys,SS,9000000.0,3,9000000.0,3.0,CORRECT,0.0
Howie Sandberg,Marshawn Lloyd,Green Bay Packers,HB,5840698.0,4,5840698.0,4.0,CORRECT,0.0
Nick Strozier,Mazi Smith,Dallas Cowboys,DT,13274696.0,4,13274696.0,4.0,CORRECT,0.0
Rayford Winfrey,Michael Mayer,Las Vegas Raiders,TE,9313645.0,4,9313645.0,4.0,CORRECT,0.0
Malcolm Karras,Mike Ford Jr,Atlanta Falcons,CB,2.2,1,N/A,N/A,NO_CONTRACT_FOUND,N/A
Winfred Ditka,Mo Alie-Cox,Indianapolis Colts,TE,2200000.0,1,2200000.0,1.0,CORRECT,0.0
Kimble Pessolano,Morgan Fox,Atlanta Falcons,DT,5500000.0,2,5500000.0,2.0,CORRECT,0.0
Frosty Weiss,Nazeeh Johnson,Kansas City Chiefs,CB,1900000.0,1,1900000.0,1.0,CORRECT,0.0
Levon Balasz,Nohl Williams,Kansas City Chiefs,CB,6335516.0,4,6335516.0,4.0,CORRECT,0.0
Holbert Mihajlovich,O'Cyrus Torrence,Buffalo Bills,RG,6220978.0,4,6220978.0,4.0,CORRECT,0.0
Loyal Kirchbaum,Olamide Zaccheaus,Chicago Bears,WR,1500000.0,1,1500000.0,1.0,CORRECT,0.0
Seneca Frazier,P.J. Locke,Denver Broncos,SS,7000000.0,2,7000000.0,2.0,CORRECT,0.0
Klaus Legree,Payton Turner,Dallas Cowboys,RE,2500000.0,1,2500000.0,1.0,CORRECT,0.0
Reaves Clements,Richie Grant,San Francisco 49ers,SS,1500000.0,1,1500000.0,1.0,CORRECT,0.0
Pepper Nead,Ronnie Hickman,Cleveland Browns,FS,2715000.0,3,2715000.0,3.0,CORRECT,0.0
Laval Mahan,N/A,New York N Giants,DT,10.0,2,N/A,N/A,NO_TEST_MATCH,N/A
Buzz Dagata,Ruke Orhorhoro,Atlanta Falcons,DT,9916126.0,4,9916126.0,4.0,CORRECT,0.0
Woody Hearden,Ryan Rehkow,Cincinnati Bengals,P,2035000.0,2,2035000.0,2.0,CORRECT,0.0
Leotis Remo,Sean Rhyan,Green Bay Packers,RG,5122854.0,4,5122854.0,4.0,CORRECT,0.0
Vannie Chiaverini,Starling Thomas V,Arizona Cardinals,CB,2715000.0,3,2715000.0,3.0,CORRECT,0.0
Baraka Yelvington,Sterling Shepard,Tampa Bay Buccaneers,WR,1750000.0,1,1750000.0,1.0,CORRECT,0.0
Toussaint Tarr,Sydney Brown,Philadelphia Eagles,SS,5744441.0,4,5744441.0,4.0,CORRECT,0.0
Rashad Bruton,Terence Steele,Dallas Cowboys,RT,82500000.0,5,82500000.0,5.0,CORRECT,0.0
Corbin Mealey,N/A,New York A Jets,LS,6.97,4,N/A,N/A,NO_TEST_MATCH,N/A
Domanick President,Tim Settle,Houston Texans,DT,6000000.0,2,6000000.0,2.0,CORRECT,0.0
Cub Beuerlein,Tre Herndon,Indianapolis Colts,CB,0.17,1,N/A,N/A,NO_CONTRACT_FOUND,N/A
Jahvid Hummell,Trent Sieg,Dallas Cowboys,LS,4450000.0,3,4450000.0,3.0,CORRECT,0.0
Marco O'Neal,Tress Way,Washington Commanders,P,2872500.0,1,2872500.0,1.0,CORRECT,0.0
Edward Triggs,Trey Palmer,Tampa Bay Buccaneers,WR,4019292.0,4,4019292.0,4.0,CORRECT,0.0
Burgess Vaughan,Ty Johnson,Buffalo Bills,HB,5000000.0,2,5000000.0,2.0,CORRECT,0.0
Isaiah Sklopan,Ty Chandler,Minnesota Vikings,HB,3958840.0,4,3958840.0,4.0,CORRECT,0.0
Ebby Mcquistan,Tyler Guyton,Dallas Cowboys,LT,13155806.0,4,13155806.0,4.0,CORRECT,0.0
Fest Capp,Tyler Loop,Baltimore Ravens,K,4444772.0,4,4444772.0,4.0,CORRECT,0.0
Dorin Weimer,Tyquan Lewis,Indianapolis Colts,RE,12000000.0,2,12000000.0,2.0,CORRECT,0.0
Kelvin Heffernan,Tyree Wilson,Las Vegas Raiders,RE,25005497.0,4,25005497.0,4.0,CORRECT,0.0
Chas Prosinski,N/A,New Orleans,CB,1.28,1,N/A,N/A,NO_TEST_MATCH,N/A
Karon Yankowski,Upton Stout,San Francisco 49ers,CB,6161184.0,4,6161184.0,4.0,CORRECT,0.0
Donta Lomasney,Willie Gay Jr.,Miami Dolphins,LOLB,1337500.0,1,1337500.0,1.0,CORRECT,0.0
Alameda Conway,Zamir White,Las Vegas Raiders,HB,4403932.0,4,4403932.0,4.0,CORRECT,0.0
Zak Douglas,Adisa Isaac,Baltimore Ravens,RE,5648034.0,4,5648034.0,4.0,CORRECT,0.0
Curome Nottage,Aireontae Ersery,Houston Texans,LT,9211638.0,4,9211638.0,4.0,CORRECT,0.0
Sisto Bush,Ameer Abdullah,San Francisco 49ers,HB,1255000.0,1,1255000.0,1.0,CORRECT,0.0
Jammie Shumann,Andrew Mukuba,Philadelphia Eagles,FS,7160542.0,4,7160542.0,4.0,CORRECT,0.0
Mana Seiple,Anthony Richardson,Indianapolis Colts,QB,33994031.0,4,33994031.0,4.0,CORRECT,0.0
Reece Younger,Ashton Dulin,Indianapolis Colts,WR,6500000.0,2,6500000.0,2.0,CORRECT,0.0
Proverb Beckwith,B.J. Ojulari,Arizona Cardinals,RE,8597606.0,4,8597606.0,4.0,CORRECT,0.0
Ray Verry,Blake Brandel,Minnesota Vikings,LG,9500000.0,3,9500000.0,3.0,CORRECT,0.0
Kalen Savatsky,N/A,New York A Jets,HB,2.548708,4,N/A,N/A,NO_TEST_MATCH,N/A
Fatty Brannon,N/A,Jacksonville,TE,8.114333,4,N/A,N/A,NO_TEST_MATCH,N/A
Reggie Bristor,Broderick Jones,Pittsburgh Steelers,LT,16626352.0,4,16626352.0,4.0,CORRECT,0.0
Chilo Townes,N/A,Los Angeles A Chargers,RE,6.0,1,N/A,N/A,NO_TEST_MATCH,N/A
Latham Merlin,Caelen Carson,Dallas Cowboys,CB,4274276.0,4,4274276.0,4.0,CORRECT,0.0
Harris Salave'A,Cam Lewis,Buffalo Bills,SS,3100000.0,2,3100000.0,2.0,CORRECT,0.0
Lonzell Kubin,N/A,Los Angeles A Chargers,CB,4.383928,4,N/A,N/A,NO_TEST_MATCH,N/A
Venice Maese,Cam Ward,Tennessee Titans,QB,46.839618,4,N/A,N/A,NO_CONTRACT_FOUND,N/A
Butch Goodridge,Cedric Tillman,Cleveland Browns,WR,5614512.0,4,5614512.0,4.0,CORRECT,0.0
Fair Magnani,Christian Haynes,Seattle Seahawks,RG,5802764.0,4,5802764.0,4.0,CORRECT,0.0
Elliott Wolff,Cole Bishop,Buffalo Bills,FS,6547996.0,4,6547996.0,4.0,CORRECT,0.0
Rube Fry,Cordell Volson,Cincinnati Bengals,LG,2600000.0,1,2600000.0,1.0,CORRECT,0.0
Leron Lauvao,Damone Clark,Dallas Cowboys,MLB,3902552.0,4,3902552.0,4.0,CORRECT,0.0
Tyrell Henricus,N/A,New York N Giants,DT,6.76207,4,N/A,N/A,NO_TEST_MATCH,N/A
Cletidus Hilton,Darnay Holmes,Las Vegas Raiders,CB,1195000.0,1,1195000.0,1.0,CORRECT,0.0
Ruel Sewell,Darrell Taylor,Houston Texans,RE,4750000.0,1,4750000.0,1.0,CORRECT,0.0
Rolf Weathers,Darrick Forrest,Buffalo Bills,SS,1337500.0,1,1337500.0,1.0,CORRECT,0.0
Kitrick Munnerlyn,Deandre Carter,Cleveland Browns,WR,1422500.0,1,1422500.0,1.0,CORRECT,0.0
Davlin Sherels,N/A,New Orleans,LG,2.25,1,N/A,N/A,NO_TEST_MATCH,N/A
Clarke Ramsey,Dorian Strong,Buffalo Bills,CB,4485356.0,4,4485356.0,4.0,CORRECT,0.0
Jimbo Pourdanesh,Eli Apple,San Francisco 49ers,CB,4.5,1,N/A,N/A,NO_CONTRACT_FOUND,N/A
Lloyd Hauser,Ennis Rakestraw,Detroit Lions,CB,6484746.0,4,6484746.0,4.0,CORRECT,0.0
Alvro Stinnette,Ethan Pocic,Cleveland Browns,C,18000000.0,3,18000000.0,3.0,CORRECT,0.0
Reds Jarmon,Felix Anudike-Uzomah,Kansas City Chiefs,RE,11817817.0,4,11817817.0,4.0,CORRECT,0.0
Monty Holmberg,N/A,New Orleans,TE,14.234,3,N/A,N/A,NO_TEST_MATCH,N/A
Denard Jolley,Hunter Luepke,Dallas Cowboys,FB,2715000.0,3,2715000.0,3.0,CORRECT,0.0
Torin Shonk,N/A,New York A Jets,FS,0.5,1,N/A,N/A,NO_TEST_MATCH,N/A
Chris Maddock,Jack Sanborn,Dallas Cowboys,MLB,1500000.0,1,1500000.0,1.0,CORRECT,0.0
Lucius Oliver,Jack Sawyer,Pittsburgh Steelers,RE,5150932.0,4,5150932.0,4.0,CORRECT,0.0
Felto Illman,Jalen Redmond,Minnesota Vikings,DT,795000.0,1,795000.0,1.0,CORRECT,0.0
Gerry Holliday,Jamal Agnew,Atlanta Falcons,WR,2500000.0,1,2500000.0,1.0,CORRECT,0.0
Singor Whittingham,N/A,New York N Giants,QB,10.0,2,N/A,N/A,NO_TEST_MATCH,N/A
Payton Wolski,N/A,New York N Giants,P,9.0,3,N/A,N/A,NO_TEST_MATCH,N/A
Willie Rhea,N/A,Los Angeles N Rams,HB,4.19878,4,N/A,N/A,NO_TEST_MATCH,N/A
Pug Bellini,Jarrett Patterson,Houston Texans,C,4009972.0,4,4009972.0,4.0,CORRECT,0.0
Stylez Nafziger,Jason Pinnock,San Francisco 49ers,FS,2200000.0,1,2200000.0,1.0,CORRECT,0.0
Carlos Sedlock,Jaydon Blue,Dallas Cowboys,HB,4627068.0,4,4627068.0,4.0,CORRECT,0.0
Shawntae Neuheisel,Jaylin Lane,Washington Commanders,WR,5113852.0,4,5113852.0,4.0,CORRECT,0.0
Parker Mccleskey,Joey Slye,Tennessee Titans,K,1295000.0,1,1295000.0,1.0,CORRECT,0.0
Kam Trout,N/A,New Orleans,FS,6.245202,4,N/A,N/A,NO_TEST_MATCH,N/A
Trumaine Bohannon,Jonathan Mingo,Dallas Cowboys,WR,8856595.0,4,8856595.0,4.0,CORRECT,0.0
Beanie Doolan,N/A,Los Angeles N Rams,WR,4.158388,4,N/A,N/A,NO_TEST_MATCH,N/A
Greg Weidner,N/A,Los Angeles N Rams,RE,5.275412,4,N/A,N/A,NO_TEST_MATCH,N/A
Mitchell Pivec,Joseph Ossai,Cincinnati Bengals,LE,6500000.0,1,6500000.0,1.0,CORRECT,0.0
Qasim Ilesic,N/A,Los Angeles N Rams,K,5.158388,4,N/A,N/A,NO_TEST_MATCH,N/A
Montique Eilers,N/A,New York N Giants,FS,2.17,1,N/A,N/A,NO_TEST_MATCH,N/A
Jarrad Wisdom,K.J. Osborn,Washington Commanders,WR,1195000.0,1,1195000.0,1.0,CORRECT,0.0
Jovan Majors,Kingsley Suamataia,Kansas City Chiefs,LG,6421506.0,4,6421506.0,4.0,CORRECT,0.0
Nicholas Bucher,K.J. Hamler,Buffalo Bills,WR,1108000.0,1,1108000.0,1.0,CORRECT,0.0
Bud Willis,Kyle Williams,New England Patriots,WR,6703572.0,4,6703572.0,4.0,CORRECT,0.0
Mikel Sowell,Layden Robinson,New England Patriots,RG,4872072.0,4,4872072.0,4.0,CORRECT,0.0
Taje Chappuis,Logan Hall,Tampa Bay Buccaneers,DT,9316455.0,4,9316455.0,4.0,CORRECT,0.0
Gunnard Kichefski,Mario Edwards,Houston Texans,DT,9500000.0,2,9500000.0,2.0,CORRECT,0.0
Rashidi Gettis,Marist Liufau,Dallas Cowboys,LOLB,5691514.0,4,5691514.0,4.0,CORRECT,0.0
Latarence Loewen,Marshawn Kneeland,Dallas Cowboys,LE,6832646.0,4,6832646.0,4.0,CORRECT,0.0
Javor Wilmot,Marte Mapu,New England Patriots,SS,5563706.0,4,5563706.0,4.0,CORRECT,0.0
Lekevin Purdy,N/A,New York A Jets,TE,12.466187,4,N/A,N/A,NO_TEST_MATCH,N/A
Armando Pringley,Matt Pryor,Philadelphia Eagles,RG,1355000.0,1,1355000.0,1.0,CORRECT,0.0
Hessley Cichowski,Michael Gallup,Washington Commanders,WR,1250000.0,1,1250000.0,1.0,CORRECT,0.0
Blaine Halloran,N/A,New York A Jets,RE,4.424096,4,N/A,N/A,NO_TEST_MATCH,N/A
Kellen Duden,Mike Hall Jr,Cleveland Browns,DT,5.0,4,N/A,N/A,NO_CONTRACT_FOUND,N/A
Olie Bordelon,Nik Needham,Cleveland Browns,CB,1170000.0,1,1170000.0,1.0,CORRECT,0.0
Odessa Oates,N/A,Los Angeles A Chargers,HB,2.17,1,N/A,N/A,NO_TEST_MATCH,N/A
Wop Banaszak,Ogbo Okoronkwo,Philadelphia Eagles,LE,1.405,1,N/A,N/A,NO_CONTRACT_FOUND,N/A
Ping Manuwai,N/A,Jacksonville,WR,5.032264,4,N/A,N/A,NO_TEST_MATCH,N/A
Waine Banfield,Patrick Paul,Miami Dolphins,LT,6911696.0,4,6911696.0,4.0,CORRECT,0.0
Sid Lathon,Patrick Jones,Carolina Panthers,LE,15000000.0,2,15000000.0,2.0,CORRECT,0.0
Rufus Bedner,Princely Umanmielen,Carolina Panthers,RE,6350542.0,4,6350542.0,4.0,CORRECT,0.0
Jug Graf,N/A,New Orleans,CB,4.087236,4,N/A,N/A,NO_TEST_MATCH,N/A
Daunte Keiser,Roschon Johnson,Chicago Bears,HB,4608688.0,4,4608688.0,4.0,CORRECT,0.0
Ocie Youboty,Roy Lopez,Detroit Lions,DT,3500000.0,1,3500000.0,1.0,CORRECT,0.0
Montrae Woodley,Shemar Turner,Chicago Bears,DT,7220286.0,4,7220286.0,4.0,CORRECT,0.0
Verran Sanu,Skyy Moore,Kansas City Chiefs,WR,6450498.0,4,6450498.0,4.0,CORRECT,0.0
Peria Stynchula,N/A,Los Angeles A Chargers,WR,7.817694,4,N/A,N/A,NO_TEST_MATCH,N/A
Cobb Fennema,Trent Sherfield,Denver Broncos,WR,6000000.0,2,6000000.0,2.0,CORRECT,0.0
Skip Mcclairen,Trevor Etienne,Carolina Panthers,HB,5208744.0,4,5208744.0,4.0,CORRECT,0.0
Darcy Crick,Troy Franklin,Denver Broncos,WR,4874836.0,4,4874836.0,4.0,CORRECT,0.0
Momcilo Owusu,Van Jefferson,Tennessee Titans,WR,1670000.0,1,1670000.0,1.0,CORRECT,0.0
Kern Brancato,Will Harris,Washington Commanders,SS,8000000.0,2,8000000.0,2.0,CORRECT,0.0
Derrius Tomich,Adam Trautman,Denver Broncos,TE,7500000.0,2,7500000.0,2.0,CORRECT,0.0
Levar Reger,Akayleb Evans,Carolina Panthers,CB,4421076.0,4,4421076.0,4.0,CORRECT,0.0
Steve Kemp,Akeem Davis-Gaither,Arizona Cardinals,ROLB,10000000.0,2,10000000.0,2.0,CORRECT,0.0
Taz Poage,Al-Quadin Muhammad,Detroit Lions,RE,1422500.0,1,1422500.0,1.0,CORRECT,0.0
Kenechi Hoge,Alex Cappa,Las Vegas Raiders,RG,11020000.0,2,11020000.0,2.0,CORRECT,0.0
Fritz Tuimaunei,Ambry Thomas,Minnesota Vikings,CB,1100000.0,1,1100000.0,1.0,CORRECT,0.0
Mel Holz,Andrei Iosivas,Cincinnati Bengals,WR,3999384.0,4,3999384.0,4.0,CORRECT,0.0
Vance Raffel,Anthony Belton,Green Bay Packers,LT,8016822.0,4,8016822.0,4.0,CORRECT,0.0
Ladainian Hopp,N/A,Jacksonville,RT,14.198521,4,N/A,N/A,NO_TEST_MATCH,N/A
Phillippi Ruddy,N/A,Jacksonville,SS,4.141832,4,N/A,N/A,NO_TEST_MATCH,N/A
Louis Nielsen,Blake Fisher,Houston Texans,RT,6595428.0,4,6595428.0,4.0,CORRECT,0.0
Rankin Costa,Bradyn Swinson,New England Patriots,LE,4640796.0,4,4640796.0,4.0,CORRECT,0.0
Zuriel Valentine,Bralen Trice,Atlanta Falcons,LE,5929740.0,4,5929740.0,4.0,CORRECT,0.0
Renaldo Toomer,Brandin Echols,Pittsburgh Steelers,CB,6000000.0,2,6000000.0,2.0,CORRECT,0.0
Wilfred Wallis,Brandon Dorlus,Atlanta Falcons,DT,4842396.0,4,4842396.0,4.0,CORRECT,0.0
Mareno Blackstock,Broderick Washington,Baltimore Ravens,DT,15750000.0,3,15750000.0,3.0,CORRECT,0.0
Brody Oshodin,Cade Mays,Carolina Panthers,C,3406000.0,1,3406000.0,1.0,CORRECT,0.0
Kedric Heitmann,Caleb Rogers,Las Vegas Raiders,RG,6161184.0,4,6161184.0,4.0,CORRECT,0.0
Na'Il Gulyanics,Cam Sample,Cincinnati Bengals,LE,1.225,1,N/A,N/A,NO_CONTRACT_FOUND,N/A
Mondriel Duvall,Christian Harris,Houston Texans,ROLB,5348249.0,4,5348249.0,4.0,CORRECT,0.0
Carel Clarkin,Corey Ballentine,Indianapolis Colts,CB,2.2,1,N/A,N/A,NO_CONTRACT_FOUND,N/A
Moses Dancewicz,Craig Woodson,New England Patriots,FS,5266444.0,4,5266444.0,4.0,CORRECT,0.0
Izel Rucka,Damarri Mathis,Denver Broncos,CB,4438964.0,4,4438964.0,4.0,CORRECT,0.0
Erwin Sharpton,Dane Jackson,Buffalo Bills,CB,1337500.0,1,1337500.0,1.0,CORRECT,0.0
Tag Carlisle,Daniel Ekuale,Pittsburgh Steelers,DT,2800000.0,1,2800000.0,1.0,CORRECT,0.0
Zebbie Zabel,Darrynton Evans,Buffalo Bills,HB,1210000.0,1,1210000.0,1.0,CORRECT,0.0
Mort Louderback,David Moore,Carolina Panthers,WR,1422500.0,1,1422500.0,1.0,CORRECT,0.0
Kamaal Kirkleski,N/A,Jacksonville,LE,2.5,1,N/A,N/A,NO_TEST_MATCH,N/A
Cedric Dowdell,Dean Lowry,Pittsburgh Steelers,DT,5000000.0,2,5000000.0,2.0,CORRECT,0.0
Guil Lohmiller,Dee Alford,Atlanta Falcons,CB,1500000.0,1,1500000.0,1.0,CORRECT,0.0
Jordon Zupek,N/A,New Orleans,HB,5.451312,4,N/A,N/A,NO_TEST_MATCH,N/A
Jacob Girard,D.J. Johnson,Carolina Panthers,LE,5502986.0,4,5502986.0,4.0,CORRECT,0.0
Vagas Sieracki,DJ Giddens,Indianapolis Colts,HB,4624744.0,4,4624744.0,4.0,CORRECT,0.0
Shad Berry,Drew Sanders,Denver Broncos,MLB,5734728.0,4,5734728.0,4.0,CORRECT,0.0
Harvey Mciver,Dustin Hopkins,Cleveland Browns,K,15900000.0,3,15900000.0,3.0,CORRECT,0.0
Qadry Battaglia,Dylan Fairchild,Cincinnati Bengals,LG,6421180.0,4,6421180.0,4.0,CORRECT,0.0
Clifton Hepburn,Elic Ayomanor,Tennessee Titans,WR,4865816.0,4,4865816.0,4.0,CORRECT,0.0
Raul Finnin,Elijah Jones,Arizona Cardinals,CB,5685518.0,4,5685518.0,4.0,CORRECT,0.0
Daren Arms,N/A,New York N Giants,DT,4.831,3,N/A,N/A,NO_TEST_MATCH,N/A
Kraig Laslavic,Emari Demercado,Arizona Cardinals,HB,2710000.0,3,2710000.0,3.0,CORRECT,0.0
Gerrell Drews,N/A,Los Angeles N Rams,CB,15.407567,4,N/A,N/A,NO_TEST_MATCH,N/A
Hans Szot,Greg Joseph,San Francisco 49ers,K,1170000.0,1,N/A,N/A,NO_CONTRACT_FOUND,N/A
Harmon Shurtliffe,Harold Fannin Jr.,Cleveland Browns,TE,6742886.0,4,6742886.0,4.0,CORRECT,0.0
Cassidy Wuerffel,Harrison Bryant,Philadelphia Eagles,TE,1200000.0,1,1200000.0,1.0,CORRECT,0.0
Forey Markham,Isaiah Hodgins,San Francisco 49ers,WR,1100000.0,1,1100000.0,1.0,CORRECT,0.0
Jasper Vedder,Israel Mukuamu,Dallas Cowboys,FS,1750000.0,1,1750000.0,1.0,CORRECT,0.0
Lavvie Sverchek,N/A,Los Angeles A Chargers,CB,4.792012,4,N/A,N/A,NO_TEST_MATCH,N/A
Chuckie Mcdowell,Ja'Tavion Sanders,Carolina Panthers,TE,4894236.0,4,4894236.0,4.0,CORRECT,0.0
Beryl Heckard,Jack Gibbens,New England Patriots,MLB,1300000.0,1,1300000.0,1.0,CORRECT,0.0
Oxie Cornwell,Jacob Cowing,San Francisco 49ers,WR,4548708.0,4,4548708.0,4.0,CORRECT,0.0
Nello Folz,Jalen Royals,Kansas City Chiefs,WR,5067200.0,4,5067200.0,4.0,CORRECT,0.0
Kevin Maxie,N/A,Los Angeles A Chargers,WR,1.3375,1,N/A,N/A,NO_TEST_MATCH,N/A
Mat Mccarty,N/A,New York N Giants,WR,6.625313,4,N/A,N/A,NO_TEST_MATCH,N/A
Quentin Fairs,Jalyx Hunt,Philadelphia Eagles,RE,5633034.0,4,5633034.0,4.0,CORRECT,0.0
Sebastian Quayle,James Pierre,Pittsburgh Steelers,CB,1295000.0,1,1295000.0,1.0,CORRECT,0.0
Chevis Tupa,Jaylon Moore,Kansas City Chiefs,LT,30000000.0,2,30000000.0,2.0,CORRECT,0.0
Damione Gilliam,Jeff Okudah,Minnesota Vikings,CB,2350000.0,1,2350000.0,1.0,CORRECT,0.0
Two-Bits Wilsbach,Jeremy Crawshaw,Denver Broncos,P,4374280.0,4,4374280.0,4.0,CORRECT,0.0
Chukky Eeghen,Jerry Tillery,Kansas City Chiefs,DT,1790000.0,1,1790000.0,1.0,CORRECT,0.0
Rickey Schulters,Joe Milton III,Dallas Cowboys,QB,4203316.0,4,4203316.0,4.0,CORRECT,0.0
Rhys Mcenulty,Joe Flacco,Cleveland Browns,QB,4250000.0,1,4250000.0,1.0,CORRECT,0.0
Orson Cox,N/A,New York N Giants,C,5.373334,4,N/A,N/A,NO_TEST_MATCH,N/A
Koester Schwarzer,Jordan Phillips,Miami Dolphins,DT,4658304.0,4,4658304.0,4.0,CORRECT,0.0
Chubby Manning,Josh Jones,Seattle Seahawks,RT,4000000.0,1,4000000.0,1.0,CORRECT,0.0
Jammi Leetzow,Josh Newton,Cincinnati Bengals,CB,4357276.0,4,4357276.0,4.0,CORRECT,0.0
Lazarius Mcdougle,N/A,New York A Jets,C,6500430.025145221,3,N/A,N/A,NO_TEST_MATCH,N/A
Raylee Michael,Joshua Farmer,New England Patriots,DT,4865816.0,4,4865816.0,4.0,CORRECT,0.0
Chuck Kutler,N/A,Los Angeles A Chargers,MLB,4.027006,4,N/A,N/A,NO_TEST_MATCH,N/A
Isaac Muehlheuser,Justin Strnad,Denver Broncos,ROLB,2787500.0,1,2787500.0,1.0,CORRECT,0.0
Leroy Hohn,Justin Walley,Indianapolis Colts,CB,6444016.0,4,6444016.0,4.0,CORRECT,0.0
Nnamdi Trudeau,K.J. Britt,Miami Dolphins,ROLB,1337500.0,1,1337500.0,1.0,CORRECT,0.0
Con Dieter,Kei'Trel Clark,Arizona Cardinals,CB,4048612.0,4,4048612.0,4.0,CORRECT,0.0
Hoss Toorock,Kendall Lamm,Philadelphia Eagles,LT,1505000.0,1,1505000.0,1.0,CORRECT,0.0
Norris Marion,Kentavius Street,Atlanta Falcons,DT,1337500.0,1,1337500.0,1.0,CORRECT,0.0
Larry Deroo,Kevin Winston Jr.,Tennessee Titans,SS,6404992.0,4,6404992.0,4.0,CORRECT,0.0
Daniel Rehnquist,Khadarel Hodge,Atlanta Falcons,WR,5500000.0,2,5500000.0,2.0,CORRECT,0.0
Rollin Haslett,N/A,New Orleans,DT,13.3,3,N/A,N/A,NO_TEST_MATCH,N/A
Anthone Scheib,Khyiris Tonga,New England Patriots,DT,2100000.0,1,2100000.0,1.0,CORRECT,0.0
Kenyon Wahlroos,Kingsley Enagbare,Green Bay Packers,LE,3902552.0,4,3902552.0,4.0,CORRECT,0.0
Jerheme Damore,Kyle Monangai,Chicago Bears,HB,4328140.0,4,4328140.0,4.0,CORRECT,0.0
Gery Kochel,Kyle Philips,Las Vegas Raiders,WR,3.17,1,N/A,N/A,NO_CONTRACT_FOUND,N/A
Damen Carnelly,N/A,Jacksonville,HB,4.318756,4,N/A,N/A,NO_TEST_MATCH,N/A
Koren Bungarda,Luke Schoonmaker,Dallas Cowboys,TE,6266688.0,4,6266688.0,4.0,CORRECT,0.0
Tully Berrang,Mac McWilliams,Philadelphia Eagles,CB,4644120.0,4,4644120.0,4.0,CORRECT,0.0
Shyrone Schaefering,Matt Goncalves,Indianapolis Colts,RG,5839038.0,4,5839038.0,4.0,CORRECT,0.0
Alonzo Cottam,Matthew Wright,Carolina Panthers,K,1170000.0,1,1170000.0,1.0,CORRECT,0.0
Kolby Beekman,Michael Carter,Arizona Cardinals,HB,2375000.0,2,2375000.0,2.0,CORRECT,0.0
Mewelde Brightful,Mike Pennel,Kansas City Chiefs,DT,1422500.0,1,1422500.0,1.0,CORRECT,0.0
Kwamie Cassara,Miles Boykin,Chicago Bears,WR,1170000.0,1,1170000.0,1.0,CORRECT,0.0
Darcel Rubick,Netane Muti,Detroit Lions,LG,1100000.0,1,1100000.0,1.0,CORRECT,0.0
Desean Jaqua,Neville Gallimore,Indianapolis Colts,DT,1337500.0,1,1337500.0,1.0,CORRECT,0.0
Clarence Romes,Nick Martin,San Francisco 49ers,ROLB,6561668.0,4,6561668.0,4.0,CORRECT,0.0
Wane Gill,Nick Scott,Carolina Panthers,SS,1337500.0,1,1337500.0,1.0,CORRECT,0.0
Junius Bohling,Noah Igbinoghene,Washington Commanders,CB,1500000.0,1,1500000.0,1.0,CORRECT,0.0
Jordan Ciccone,Ollie Gordon II,Miami Dolphins,HB,4472664.0,4,4472664.0,4.0,CORRECT,0.0
Elois Shirk,Omarr Norman-Lott,Kansas City Chiefs,DT,7200372.0,4,7200372.0,4.0,CORRECT,0.0
Hust Juzwik,Ozzy Trapilo,Chicago Bears,LT,7718124.0,4,7718124.0,4.0,CORRECT,0.0
Branden Blailock,Parris Campbell,Dallas Cowboys,WR,3.5,1,N/A,N/A,NO_CONTRACT_FOUND,N/A
Orrin Piccone,Percy Butler,Washington Commanders,SS,5556000.0,1,5556000.0,1.0,CORRECT,0.0
Shockmain Parsley,Pharaoh Brown,Miami Dolphins,TE,1355000.0,1,1355000.0,1.0,CORRECT,0.0
Reno Tolzien,Phillip Dorsett,Las Vegas Raiders,WR,1255000.0,1,1255000.0,1.0,CORRECT,0.0
Garland Woody,Quez Watkins,Arizona Cardinals,WR,1.17,1,N/A,N/A,NO_CONTRACT_FOUND,N/A
William Lawson,Reid Ferguson,Buffalo Bills,LS,6500000.0,4,6500000.0,4.0,CORRECT,0.0
Trent Zagers,Rock Ya-Sin,Detroit Lions,CB,1170000.0,1,1170000.0,1.0,CORRECT,0.0
Trung Perrotti,Rodney Thomas,Indianapolis Colts,FS,3755384.0,4,3755384.0,4.0,CORRECT,0.0
Trevis Andrulewicz,Ryan Bates,Chicago Bears,RG,17000000.0,4,17000000.0,4.0,CORRECT,0.0
Eldonta Worden,Shy Tuttle,Carolina Panthers,DT,19500000.0,3,19500000.0,3.0,CORRECT,0.0
Hoyle Bieniemy,Sincere McCormick,Las Vegas Raiders,HB,795000.0,1,795000.0,1.0,CORRECT,0.0
Rashid Cherry,Solomon Thomas,Dallas Cowboys,DT,6000000.0,2,6000000.0,2.0,CORRECT,0.0
Marv Krol,Tahj Brooks,Cincinnati Bengals,HB,4430856.0,4,4430856.0,4.0,CORRECT,0.0
Macey Goeas,Tai Felton,Minnesota Vikings,WR,6161184.0,4,6161184.0,4.0,CORRECT,0.0
Ahmard Nipp,Tanoh Kpassagnon,Chicago Bears,RE,1255000.0,1,1255000.0,1.0,CORRECT,0.0
Dezmon Foschi,Tate Ratledge,Detroit Lions,C,7658377.0,4,7658377.0,4.0,CORRECT,0.0
Lyron Bertagnolli,Taven Bryan,Cincinnati Bengals,DT,1422500.0,1,1422500.0,1.0,CORRECT,0.0
Reynaldo Selmon,Tavierre Thomas,Minnesota Vikings,FS,2000000.0,1,2000000.0,1.0,CORRECT,0.0
Jarret Golemgeske,Teddye Buchanan,Baltimore Ravens,ROLB,5102896.0,4,5102896.0,4.0,CORRECT,0.0
Kordell Pilconis,Terrace Marshall,Philadelphia Eagles,WR,1195000.0,1,1195000.0,1.0,CORRECT,0.0
Kroy Gamble,N/A,New Orleans,SS,2.17,1,N/A,N/A,NO_TEST_MATCH,N/A
Clayton Dimitroff,Tory Horton,Seattle Seahawks,WR,4565040.0,4,4565040.0,4.0,CORRECT,0.0
Gil Owusu-Ansah,Troy Andersen,Atlanta Falcons,ROLB,6103570.0,4,6103570.0,4.0,CORRECT,0.0
Regis Sasa,N/A,Los Angeles N Rams,DT,3.638588,4,N/A,N/A,NO_TEST_MATCH,N/A
Ebenezer Bidwell,Ty Robinson,Philadelphia Eagles,DT,5235668.0,4,5235668.0,4.0,CORRECT,0.0
Torry Nading,Tylan Wallace,Baltimore Ravens,WR,2100000.0,1,2100000.0,1.0,CORRECT,0.0
Jewerl Seubert,Tyler Scott,Chicago Bears,WR,4503452.0,4,4503452.0,4.0,CORRECT,0.0
Alundis Lookabaugh,N/A,Los Angeles N Rams,DT,3.202552,4,N/A,N/A,NO_TEST_MATCH,N/A
Buford Grooms,Will Shipley,Philadelphia Eagles,HB,4736964.0,4,4736964.0,4.0,CORRECT,0.0
Jonathan Urban,Will Levis,Tennessee Titans,QB,9542165.0,4,9542165.0,4.0,CORRECT,0.0
Hayworth Stocker,N/A,Jacksonville,RG,8.277304,4,N/A,N/A,NO_TEST_MATCH,N/A
Mac O'Toole,Xavier Thomas,Arizona Cardinals,RE,4370624.0,4,4370624.0,4.0,CORRECT,0.0
Peerless Pierotti,N/A,New York A Jets,WR,1.71,3,N/A,N/A,NO_TEST_MATCH,N/A
Lardarius Mcconnell,N/A,New York N Giants,WR,1.4225,1,N/A,N/A,NO_TEST_MATCH,N/A
Henry Studaway,A.T. Perry,Denver Broncos,WR,1030000.0,1,1030000.0,1.0,CORRECT,0.0
Chukie Hagerty,Adam Gotsis,Tampa Bay Buccaneers,DT,1255000.0,1,1255000.0,1.0,CORRECT,0.0
Dimitri Grimsley,Alex Austin,New England Patriots,CB,1030000.0,1,1030000.0,1.0,CORRECT,0.0
Harald Corker,Andrew Vorhees,Baltimore Ravens,LG,3942112.0,4,3942112.0,4.0,CORRECT,0.0
Franky Carey,Andy Dalton,Carolina Panthers,QB,8000000.0,2,8000000.0,2.0,CORRECT,0.0
Linden Kadish,Audric Estime,Denver Broncos,HB,3.359124,4,N/A,N/A,NO_CONTRACT_FOUND,N/A
Pahl Scarpitto,Barryn Sorrell,Green Bay Packers,LE,5141852.0,4,5141852.0,4.0,CORRECT,0.0
Doc Trumpy,N/A,Los Angeles N Rams,C,2.158388,4,N/A,N/A,NO_TEST_MATCH,N/A
Zack Burleson,Ben Sauls,Pittsburgh Steelers,K,2985000.0,3,2985000.0,3.0,CORRECT,0.0
Alfredo Tuck,Ben Skowronek,Pittsburgh Steelers,WR,4475000.0,2,4475000.0,2.0,CORRECT,0.0
Trev Biekert,Ben Sinnott,Washington Commanders,TE,7227950.0,4,7227950.0,4.0,CORRECT,0.0
Ric Gardin,Billy Bowman Jr.,Atlanta Falcons,SS,5186152.0,4,5186152.0,4.0,CORRECT,0.0
Norbert Steed,Boogie Basham Jr,Carolina Panthers,DT,7950349.016376197,3,N/A,N/A,NO_CONTRACT_FOUND,N/A
Senio Miklich,N/A,Los Angeles N Rams,LE,4.349368,4,N/A,N/A,NO_TEST_MATCH,N/A
Ingle Morris,N/A,New Orleans,WR,4.274276,4,N/A,N/A,NO_TEST_MATCH,N/A
Liffort Christenson,Byron Young,Philadelphia Eagles,DT,5668712.0,4,5668712.0,4.0,CORRECT,0.0
Darrent Spence,Cam Jackson,Carolina Panthers,DT,4673156.0,4,4673156.0,4.0,CORRECT,0.0
Enis Abruzzese,Cameron Mitchell,Cleveland Browns,CB,4177232.0,4,4177232.0,4.0,CORRECT,0.0
Harley Wetz,Cameron Thomas,Cleveland Browns,RE,6.144337,4,N/A,N/A,NO_CONTRACT_FOUND,N/A
Hicham Bookout,Carson Steele,Kansas City Chiefs,HB,2830000.0,3,2830000.0,3.0,CORRECT,0.0
Mario Rothwell,N/A,New York N Giants,LS,1.4225,1,N/A,N/A,NO_TEST_MATCH,N/A
Uwe Siano,N/A,Jacksonville,LOLB,5.426108,4,N/A,N/A,NO_TEST_MATCH,N/A
Darnell Umenyiora,Charles Grant,Las Vegas Raiders,LT,6161184.0,4,6161184.0,4.0,CORRECT,0.0
Delvin Maple,Charlie Jones,Cincinnati Bengals,WR,4518776.0,4,4518776.0,4.0,CORRECT,0.0
Jo-Lonn Supernaw,Chau Smith-Wade,Carolina Panthers,CB,4343984.0,4,4343984.0,4.0,CORRECT,0.0
Roderick Dwight,Chimere Dike,Tennessee Titans,WR,5400952.0,4,5400952.0,4.0,CORRECT,0.0
Kenard Womble,N/A,New York N Giants,TE,2500000.0,1,N/A,N/A,NO_TEST_MATCH,N/A
Metz Osemele,Christian Mahogany,Detroit Lions,LG,4158388.0,4,4158388.0,4.0,CORRECT,0.0
Tuufuli Lungren,N/A,Los Angeles N Rams,TE,24.5,3,N/A,N/A,NO_TEST_MATCH,N/A
Delles Janik,Collin Oliver,Green Bay Packers,RE,4604084.0,4,4604084.0,4.0,CORRECT,0.0
Kelcie Taibi,Dadrion Taylor-Demerson,Arizona Cardinals,FS,4866844.0,4,4866844.0,4.0,CORRECT,0.0
Florian Mcginest,Damien Martinez,Seattle Seahawks,HB,4338944.0,4,4338944.0,4.0,CORRECT,0.0
Mao Mcilhenny,Daniel Brunskill,Miami Dolphins,RG,1170000.0,1,1170000.0,1.0,CORRECT,0.0
Todd Bunting,N/A,New York N Giants,TE,2.453104,4,N/A,N/A,NO_TEST_MATCH,N/A
Cris Ames,N/A,New Orleans,ROLB,3.228364,4,N/A,N/A,NO_TEST_MATCH,N/A
Wally Niehaus,N/A,New Orleans,WR,0.3375,1,N/A,N/A,NO_TEST_MATCH,N/A
Jodie Strada,Dante Stills,Arizona Cardinals,DT,3973336.0,4,3973336.0,4.0,CORRECT,0.0
Ran Ruether,Dawand Jones,Cleveland Browns,LT,4632332.0,4,4632332.0,4.0,CORRECT,0.0
Tobin Dodge,DeAngelo Malone,Atlanta Falcons,RE,5229582.0,4,5229582.0,4.0,CORRECT,0.0
Adger Klingel,Denzel Burke,Arizona Cardinals,CB,4520216.0,4,4520216.0,4.0,CORRECT,0.0
Obie Kalina,N/A,Los Angeles A Chargers,WR,6.551932,4,N/A,N/A,NO_TEST_MATCH,N/A
Peaches Koenen,Deshaun Watson,Cleveland Browns,QB,230000000.0,5,230000000.0,5.0,CORRECT,0.0
Swanson Ontko,Deuce Vaughn,Dallas Cowboys,HB,3973336.0,4,3973336.0,4.0,CORRECT,0.0
Geoffrey Gunn,Devin White,Las Vegas Raiders,ROLB,1170000.0,1,1170000.0,1.0,CORRECT,0.0
Beattie Maeder,Devontez Walker,Baltimore Ravens,WR,4817852.0,4,4817852.0,4.0,CORRECT,0.0
Merril Kosel,DeWayne Carter,Buffalo Bills,DT,5618048.0,4,5618048.0,4.0,CORRECT,0.0
Geoff Boddie,Duke Shelley,Indianapolis Colts,CB,1170000.0,1,1170000.0,1.0,CORRECT,0.0
Brock Righetti,Durham Smythe,Chicago Bears,TE,2500000.0,1,2500000.0,1.0,CORRECT,0.0
Dub Lackman,Emery Jones Jr.,Baltimore Ravens,RT,6273520.0,4,6273520.0,4.0,CORRECT,0.0
Kamar Sack,Erick All,Cincinnati Bengals,TE,4813104.0,4,4813104.0,4.0,CORRECT,0.0
Jeremiah Gilberry,Gardner Minshew,Kansas City Chiefs,QB,1170000.0,1,1170000.0,1.0,CORRECT,0.0
Kiwaukee Frahm,Isaiah McGuire,Cleveland Browns,LE,4551932.0,4,4551932.0,4.0,CORRECT,0.0
Peyton Groomes,N/A,New Orleans,RE,10.734721,4,N/A,N/A,NO_TEST_MATCH,N/A
Johnny Jurich,Jacoby Brissett,Arizona Cardinals,QB,12500000.0,2,12500000.0,2.0,CORRECT,0.0
Kevan Kraus,Jaden Crumedy,Carolina Panthers,DT,4196424.0,4,4196424.0,4.0,CORRECT,0.0
Levert Seurer,N/A,Los Angeles A Chargers,DT,4.313266,4,N/A,N/A,NO_TEST_MATCH,N/A
Sherman Dewveall,Jaquelin Roy,New England Patriots,DT,915000.0,1,915000.0,1.0,CORRECT,0.0
Timothy Dyson,Jared Wiley,Kansas City Chiefs,TE,4708620.0,4,4708620.0,4.0,CORRECT,0.0
Damion Mansfield,Jaylin Smith,Houston Texans,CB,6161184.0,4,6161184.0,4.0,CORRECT,0.0
Darrelle Mcdonnell,Jaylon Jones,Arizona Cardinals,CB,1200000.0,1,1200000.0,1.0,CORRECT,0.0
Claude Janiak,Jaylon Carlies,Indianapolis Colts,ROLB,4356240.0,4,4356240.0,4.0,CORRECT,0.0
Sugarfoot Kuczynski,Jermaine Burton,Cincinnati Bengals,WR,5820896.0,4,5820896.0,4.0,CORRECT,0.0
Whitey Hennings,Joe Noteboom,Baltimore Ravens,LT,3.0,1,N/A,N/A,NO_CONTRACT_FOUND,N/A
Hugo Fulhage,N/A,Jacksonville,DT,5.803076,4,N/A,N/A,NO_TEST_MATCH,N/A
Tim Kersten,Jowon Briggs,Cleveland Browns,DT,795000.0,1,795000.0,1.0,CORRECT,0.0
Jordy Pifferini,N/A,Los Angeles A Chargers,DT,6.859012,4,N/A,N/A,NO_TEST_MATCH,N/A
Russ Minnis,Kalel Mullings,Tennessee Titans,HB,4438508.0,4,4438508.0,4.0,CORRECT,0.0
Javon Israel,Karl Brooks,Green Bay Packers,DT,4052028.0,4,4052028.0,4.0,CORRECT,0.0
Gerris Tew,N/A,Los Angeles A Chargers,WR,2.608004,4,N/A,N/A,NO_TEST_MATCH,N/A
Wilson Bullock,Kendall Sheffield,Miami Dolphins,CB,1170000.0,1,1170000.0,1.0,CORRECT,0.0
Pettis Spilis,N/A,New Orleans,DT,4.198828,4,N/A,N/A,NO_TEST_MATCH,N/A
Bon Feldman,Kindle Vildor,Tampa Bay Buccaneers,CB,1337500.0,1,1337500.0,1.0,CORRECT,0.0
Jojo Strenger,LaJohntay Wester,Baltimore Ravens,WR,4414868.0,4,4414868.0,4.0,CORRECT,0.0
Blake Dottley,Leki Fotu,Las Vegas Raiders,DT,1439500.0,1,1439500.0,1.0,CORRECT,0.0
Davey Shedd,Lewis Cine,Philadelphia Eagles,SS,1030000.0,1,1030000.0,1.0,CORRECT,0.0
Delton Hindman,Logan Lee,Pittsburgh Steelers,DT,4240072.0,4,4240072.0,4.0,CORRECT,0.0
Sidney Kinderdine,Luke McCaffrey,Washington Commanders,WR,5596312.0,4,5596312.0,4.0,CORRECT,0.0
Lin Roan,Luke Musgrave,Green Bay Packers,TE,8475731.0,4,8475731.0,4.0,CORRECT,0.0
Keaton Stephens,M.J. Stewart,Houston Texans,FS,2500000.0,1,2500000.0,1.0,CORRECT,0.0
Dimitrius Rehberg,N/A,New York A Jets,WR,7.073456,4,N/A,N/A,NO_TEST_MATCH,N/A
Aveion Norgard,Malik Washington,Miami Dolphins,WR,4219560.0,4,4219560.0,4.0,CORRECT,0.0
Triandos Ostroski,N/A,New Orleans,P,3.2,1,N/A,N/A,NO_TEST_MATCH,N/A
Stockar Wells,Mekhi Wingo,Detroit Lions,DT,4206800.0,4,4206800.0,4.0,CORRECT,0.0
Remi Weigel,Michael Burton,Denver Broncos,FB,1422500.0,1,1422500.0,1.0,CORRECT,0.0
James-Michael Sullivan,Mike Edwards,Kansas City Chiefs,FS,1337500.0,1,1337500.0,1.0,CORRECT,0.0
Rupert Bailey,Mohamed Kamara,Miami Dolphins,LE,4340872.0,4,4340872.0,4.0,CORRECT,0.0
Danario Korver,N/A,Jacksonville,CB,3.77598,4,N/A,N/A,NO_TEST_MATCH,N/A
Packie Ness,Mykal Walker,Arizona Cardinals,MLB,1790000.0,1,1790000.0,1.0,CORRECT,0.0
Alden Elway,Myles Murphy,Cincinnati Bengals,RE,12587262.0,4,12587262.0,4.0,CORRECT,0.0
Jerrott Rooney,Nick McCloud,Chicago Bears,CB,1320000.0,1,1320000.0,1.0,CORRECT,0.0
Huey Lockett,Nick Moore,Baltimore Ravens,LS,2495000.0,2,2495000.0,2.0,CORRECT,0.0
Dosey Lens,Oren Burks,Cincinnati Bengals,ROLB,5000000.0,2,5000000.0,2.0,CORRECT,0.0
Devier Scanlan,N/A,New York A Jets,DT,9.506373,4,N/A,N/A,NO_TEST_MATCH,N/A
Tyrone Mcphee,N/A,New York N Giants,DT,14.0,3,N/A,N/A,NO_TEST_MATCH,N/A
Atari Bratton,Robert Jones,Dallas Cowboys,LG,3750000.0,1,3750000.0,1.0,CORRECT,0.0
Ronnie Wrightman,Roman Wilson,Pittsburgh Steelers,WR,5745168.0,4,5745168.0,4.0,CORRECT,0.0
Mercury Brazell,Royce Newman,Arizona Cardinals,RG,1337500.0,1,1337500.0,1.0,CORRECT,0.0
Grey Jagade,Russell Gage,San Francisco 49ers,WR,1170000.0,1,1170000.0,1.0,CORRECT,0.0
Mickey Badar,Ryan Fitzgerald,Carolina Panthers,K,2980000.0,3,2980000.0,3.0,CORRECT,0.0
Jess Hillenbrand,Sai'vion Jones,Denver Broncos,DT,6161184.0,4,6161184.0,4.0,CORRECT,0.0
Keyshawn Ghent,Sam Mustipher,Tennessee Titans,LG,2.125,1,N/A,N/A,NO_CONTRACT_FOUND,N/A
Herm Griffiths,Savion Williams,Green Bay Packers,WR,6292454.0,4,6292454.0,4.0,CORRECT,0.0
Kheeston Mastrogany,Scott Miller,Pittsburgh Steelers,WR,0.3375,1,N/A,N/A,NO_CONTRACT_FOUND,N/A
Bernard Brooks,Shaun Wade,Chicago Bears,CB,1100000.0,1,1100000.0,1.0,CORRECT,0.0
Luis Skeate,Tanor Bortolini,Indianapolis Colts,C,4799872.0,4,4799872.0,4.0,CORRECT,0.0
Gary Bryan,Tavius Robinson,Baltimore Ravens,LE,4560564.0,4,4560564.0,4.0,CORRECT,0.0
Tristan Conklin,Tommy Tremble,Carolina Panthers,TE,10500000.0,2,10500000.0,2.0,CORRECT,0.0
Remy Maul,N/A,New York N Giants,CB,2.98952,4,N/A,N/A,NO_TEST_MATCH,N/A
Bert Feichtinger,N/A,Jacksonville,WR,2.17,1,N/A,N/A,NO_TEST_MATCH,N/A
Bobby Stockton,Trevin Wallace,Carolina Panthers,MLB,5959836.0,4,5959836.0,4.0,CORRECT,0.0
Darby Foster,N/A,Los Angeles A Chargers,LT,20.75,3,N/A,N/A,NO_TEST_MATCH,N/A
France Waldroup,N/A,Los Angeles A Chargers,ROLB,5.5,2,N/A,N/A,NO_TEST_MATCH,N/A
Mcneil Turpin,N/A,New York N Giants,LE,8937539.841165163,3,N/A,N/A,NO_TEST_MATCH,N/A
Arch Rodgers,Wanya Morris,Kansas City Chiefs,RT,5368357.0,4,5368357.0,4.0,CORRECT,0.0
Winfield Torrence,Woody Marks,Houston Texans,HB,5203768.0,4,5203768.0,4.0,CORRECT,0.0
Backnor Stahlman,Xavier Watts,Atlanta Falcons,SS,6188556.0,4,6188556.0,4.0,CORRECT,0.0
Neely Abraham,Zach Cunningham,Detroit Lions,MLB,1255000.0,1,1255000.0,1.0,CORRECT,0.0
Keshawn Dilweg,Zach Harrison,Atlanta Falcons,DT,5568448.0,4,5568448.0,4.0,CORRECT,0.0
Oliver Mcgrorty,Zah Frazier,Chicago Bears,CB,4520216.0,4,4520216.0,4.0,CORRECT,0.0
Marcell Womack,Zak Zinter,Cleveland Browns,LG,5734740.0,4,5734740.0,4.0,CORRECT,0.0
J'Vonne Belk,Zonovan Knight,Arizona Cardinals,HB,1030000.0,1,1030000.0,1.0,CORRECT,0.0
Bucky Hartenstine,N/A,New York N Giants,LG,1422500.0,1,N/A,N/A,NO_TEST_MATCH,N/A
Selvin Nonnemaker,Ainias Smith,Philadelphia Eagles,WR,4354296.0,4,4354296.0,4.0,CORRECT,0.0
Rondy Hagenbuckle,Andre Dillard,San Francisco 49ers,LT,1170000.0,1,1170000.0,1.0,CORRECT,0.0
Marsharne Speyrer,N/A,New York A Jets,FB,1.3375,1,N/A,N/A,NO_TEST_MATCH,N/A
Derek Corbett,Andrew Booth Jr.,Dallas Cowboys,CB,2085000.0,2,2085000.0,2.0,CORRECT,0.0
Godfrey Rule,Anthony Gould,Indianapolis Colts,WR,4372664.0,4,4372664.0,4.0,CORRECT,0.0
Kamil Thielemann,Artie Burns,Miami Dolphins,CB,1355000.0,1,1355000.0,1.0,CORRECT,0.0
Tramaine Ehrmann,N/A,New York A Jets,P,2.84,1,N/A,N/A,NO_TEST_MATCH,N/A
Dajohn Overstreet,Austin Booker,Chicago Bears,LE,4369140.0,4,4369140.0,4.0,CORRECT,0.0
Boris Mackert,Ben Bartch,San Francisco 49ers,LG,1337500.0,1,1337500.0,1.0,CORRECT,0.0
Arnaz Stevenson,Ben Bredeson,Tampa Bay Buccaneers,LG,22000000.0,3,22000000.0,3.0,CORRECT,0.0
Theron Uhrinyak,Bilhal Kone,Baltimore Ravens,CB,4477144.0,4,4477144.0,4.0,CORRECT,0.0
Plunkett Salas,Bo Richter,Minnesota Vikings,LE,795000.0,1,795000.0,1.0,CORRECT,0.0
Buckets Downing,Brad Robbins,Buffalo Bills,P,960000.0,1,960000.0,1.0,CORRECT,0.0
Rubin Tuthill,Brashard Smith,Kansas City Chiefs,HB,4333476.0,4,4333476.0,4.0,CORRECT,0.0
Jeromey Dibble,Cam Smith,Miami Dolphins,CB,7028423.0,4,7028423.0,4.0,CORRECT,0.0
Elmer Vactor,Carlos Watkins,Tennessee Titans,DT,1235000.0,1,1235000.0,1.0,CORRECT,0.0
Horse Colon,Casey Toohill,Houston Texans,RE,1337500.0,1,1337500.0,1.0,CORRECT,0.0
Bradley Brunet,Cedric Gray,Tennessee Titans,MLB,4854492.0,4,4854492.0,4.0,CORRECT,0.0
Char-Ron Stofa,Channing Tindall,Miami Dolphins,ROLB,5044908.0,4,5044908.0,4.0,CORRECT,0.0
Pooh Koeninger,Charles Snowden,Las Vegas Raiders,LE,960000.0,1,960000.0,1.0,CORRECT,0.0
Daryll Chipley,Chris Smith,Detroit Lions,DT,960000.0,1,960000.0,1.0,CORRECT,0.0
Toy Judd,Cody Simon,Arizona Cardinals,MLB,5204760.0,4,5204760.0,4.0,CORRECT,0.0
Itula Fann,Cody Ford,Cincinnati Bengals,RG,6000000.0,2,6000000.0,2.0,CORRECT,0.0
Armond Puetz,Collin Johnson,Las Vegas Raiders,WR,1170000.0,1,1170000.0,1.0,CORRECT,0.0
Dallas Motl,Daniel Jones,Indianapolis Colts,QB,14000000.0,1,14000000.0,1.0,CORRECT,0.0
Gayle Ruzich,Darius Rush,Kansas City Chiefs,CB,0.2,1,N/A,N/A,NO_CONTRACT_FOUND,N/A
Shawne Harewood,David Walker,Tampa Bay Buccaneers,LE,5163260.0,4,5163260.0,4.0,CORRECT,0.0
Roydell Volk,David Long Jr,Indianapolis Colts,CB,0.2,1,N/A,N/A,NO_CONTRACT_FOUND,N/A
Greyson Karas,David Bell,Cleveland Browns,WR,2444000.0,2,2444000.0,2.0,CORRECT,0.0
Pesky Geddes,Decamerion Richardson,Las Vegas Raiders,CB,4821016.0,4,4821016.0,4.0,CORRECT,0.0
Cary Gordy,Dee Eskridge,Miami Dolphins,WR,3.27,1,N/A,N/A,NO_CONTRACT_FOUND,N/A
Curry Greco,DeMarcco Hellams,Atlanta Falcons,FS,3946300.0,4,3946300.0,4.0,CORRECT,0.0
Javier Vrabel,Demetric Felton,Washington Commanders,HB,1030000.0,1,1030000.0,1.0,CORRECT,0.0
Tavian Hale,Deone Walker,Buffalo Bills,DT,5247040.0,4,5247040.0,4.0,CORRECT,0.0
Damone Heywood,Dominique Robinson,Chicago Bears,LE,3933156.0,4,3933156.0,4.0,CORRECT,0.0
Toniu Dykes,Elijah Roberts,Tampa Bay Buccaneers,DT,4609792.0,4,4609792.0,4.0,CORRECT,0.0
Danan Colmer,Eyioma Uwazurike,Denver Broncos,DT,4425868.0,4,4425868.0,4.0,CORRECT,0.0
Shaunard Maclin,Grant Calcaterra,Philadelphia Eagles,TE,3834144.0,4,3834144.0,4.0,CORRECT,0.0
Leger Mccullough,N/A,New York N Giants,TE,6.259139,4,N/A,N/A,NO_TEST_MATCH,N/A
Lovell Felker,N/A,New York A Jets,K,1.84,1,N/A,N/A,NO_TEST_MATCH,N/A
Hew Brockel,N/A,Los Angeles A Chargers,HB,4.35222,4,N/A,N/A,NO_TEST_MATCH,N/A
Tavares Monachino,Ian Thomas,Las Vegas Raiders,TE,1524500.0,1,1524500.0,1.0,CORRECT,0.0
Miller Cope,Isaiah Adams,Arizona Cardinals,RG,5974778.0,4,5974778.0,4.0,CORRECT,0.0
Keyonta Mickey,N/A,New York A Jets,HB,5.274276,4,N/A,N/A,NO_TEST_MATCH,N/A
Burle Fuller,Israel Abanikanda,Green Bay Packers,HB,4179776.0,4,4179776.0,4.0,CORRECT,0.0
Aaron Arnoux,N/A,Jacksonville,ROLB,5.256592,4,N/A,N/A,NO_TEST_MATCH,N/A
Terrelle Partee,Jake Bobo,Seattle Seahawks,WR,2705000.0,3,2705000.0,3.0,CORRECT,0.0
Thad Ashley,Jake Moody,San Francisco 49ers,K,5454080.0,4,5454080.0,4.0,CORRECT,0.0
Asa Vitiello,Jamari Thrash,Cleveland Browns,WR,4345408.0,4,4345408.0,4.0,CORRECT,0.0
Labrandon Rostosky,James Houston,Dallas Cowboys,LE,1030000.0,1,1030000.0,1.0,CORRECT,0.0
Kendell Babich,N/A,New Orleans,P,2.975,3,N/A,N/A,NO_TEST_MATCH,N/A
Hall Cowne,Jared Wilson,New England Patriots,C,6207432.0,4,6207432.0,4.0,CORRECT,0.0
Mikhael Harkey,Jason Marshall Jr.,Miami Dolphins,CB,4625292.0,4,4625292.0,4.0,CORRECT,0.0
Coye Pozderac,Javon Baker,New England Patriots,WR,4836596.0,4,4836596.0,4.0,CORRECT,0.0
Eber Mcglynn,Javon Solomon,Buffalo Bills,RE,4274276.0,4,4274276.0,4.0,CORRECT,0.0
Deacon Truax,Jay Ward,Minnesota Vikings,SS,4493544.0,4,4493544.0,4.0,CORRECT,0.0
Lonie Fleischmann,Jelani Woods,Indianapolis Colts,TE,5372473.0,4,5372473.0,4.0,CORRECT,0.0
Ed Sagapolutele,N/A,New York N Giants,DT,0.775,1,N/A,N/A,NO_TEST_MATCH,N/A
Roland Decicco,Jeremiah Pharms,New England Patriots,DT,2475000.0,2,2475000.0,2.0,CORRECT,0.0
Gardner Dupree,Jeremy McNichols,Washington Commanders,HB,1337500.0,1,1337500.0,1.0,CORRECT,0.0
Graham Chamberlin,Joe Andreessen,Buffalo Bills,MLB,2832500.0,3,2832500.0,3.0,CORRECT,0.0
Tupe Meads,John Parker Romo,New England Patriots,K,960000.0,1,960000.0,1.0,CORRECT,0.0
Tyronne Brocklin,Jon Weeks,San Francisco 49ers,LS,1422500.0,1,1422500.0,1.0,CORRECT,0.0
Ruvell Feacher,Jonah Laulu,Las Vegas Raiders,DT,4124520.0,4,4124520.0,4.0,CORRECT,0.0
Frostee Faulkner,Jordan Watkins,San Francisco 49ers,WR,4865816.0,4,4865816.0,4.0,CORRECT,0.0
Dutch Tomlinson,Jordan Elliott,San Francisco 49ers,DT,7000000.0,2,7000000.0,2.0,CORRECT,0.0
Dee Pitta,Jordan Hancock,Buffalo Bills,SS,4520216.0,4,4520216.0,4.0,CORRECT,0.0
Sol Burger,Josh Hayes,Tampa Bay Buccaneers,CB,4044372.0,4,4044372.0,4.0,CORRECT,0.0
Jarrod Martell,Josh Butler,Dallas Cowboys,CB,1755000.0,2,1755000.0,2.0,CORRECT,0.0
Estes Sabal,Josh Whyle,Tennessee Titans,TE,4165372.0,4,4165372.0,4.0,CORRECT,0.0
Solon Wendell,Joshua Dobbs,New England Patriots,QB,8000000.0,2,8000000.0,2.0,CORRECT,0.0
Clendon Draft,Julian Okwara,Cleveland Browns,LE,1337500.0,1,1337500.0,1.0,CORRECT,0.0
Shantee Zofko,Kendrick Green,Buffalo Bills,RG,1200000.0,1,1200000.0,1.0,CORRECT,0.0
Johndale Hare,Kenyon Green,Philadelphia Eagles,LG,15953405.0,4,15953405.0,4.0,CORRECT,0.0
Riki Shipley,N/A,Los Angeles N Rams,WR,5.308536,4,N/A,N/A,NO_TEST_MATCH,N/A
Willy Mcauliffe,N/A,Los Angeles A Chargers,LE,6.130564,4,N/A,N/A,NO_TEST_MATCH,N/A
Etric Murakowski,Kylen Granson,Philadelphia Eagles,TE,1750000.0,1,1750000.0,1.0,CORRECT,0.0
Zollie Barfield,Kyu Blu Kelly,Las Vegas Raiders,CB,1945000.0,2,1945000.0,2.0,CORRECT,0.0
Ugo Romboli,L.J. Collier,Arizona Cardinals,DT,3000000.0,1,3000000.0,1.0,CORRECT,0.0
Israel Atkeson,Lathan Ransom,Carolina Panthers,FS,5157116.0,4,5157116.0,4.0,CORRECT,0.0
Tody Skinner,Levi Drake Rodriguez,Minnesota Vikings,DT,4125988.0,4,4125988.0,4.0,CORRECT,0.0
Cannonball Parsons,N/A,Jacksonville,DT,7.0186,4,N/A,N/A,NO_TEST_MATCH,N/A
Tyrus Moje,Mac Jones,San Francisco 49ers,QB,8410000.0,2,8410000.0,2.0,CORRECT,0.0
Bill Lovuolo,Maddux Trujillo,Indianapolis Colts,K,2982500.0,3,2982500.0,3.0,CORRECT,0.0
Courtney Pruett,Marco Wilson,Cincinnati Bengals,CB,1520000.0,1,1520000.0,1.0,CORRECT,0.0
Hebron Lahr,Marcus Mariota,Washington Commanders,QB,8000000.0,1,8000000.0,1.0,CORRECT,0.0
Dermontti Tandy,Marcus Harris,Tennessee Titans,CB,840000.0,1,840000.0,1.0,CORRECT,0.0
Vern Francisco,Marques Sigle,San Francisco 49ers,FS,4602376.0,4,4602376.0,4.0,CORRECT,0.0
Lyndell Cobb,McKinnley Jackson,Cincinnati Bengals,DT,5596312.0,4,5596312.0,4.0,CORRECT,0.0
Shirley Wilkin,Miles Frazier,Detroit Lions,LG,4520216.0,4,4520216.0,4.0,CORRECT,0.0
Ellis Hixon,Nehemiah Pritchett,Seattle Seahawks,CB,4399072.0,4,4399072.0,4.0,CORRECT,0.0
Juran Cotney,Nick Bellore,Washington Commanders,MLB,4200000.0,2,4200000.0,2.0,CORRECT,0.0
Donald Jarvi,N/A,Los Angeles N Rams,LE,4.139104,4,N/A,N/A,NO_TEST_MATCH,N/A
Royal Casteel,Olusegun Oluwatimi,Seattle Seahawks,C,6.156456,4,N/A,N/A,NO_CONTRACT_FOUND,N/A
Coy Ostendarp,Pat Bryant,Denver Broncos,WR,6581080.0,4,6581080.0,4.0,CORRECT,0.0
Latario Olive,Pierre Strong,Cleveland Browns,HB,4373432.0,4,4373432.0,4.0,CORRECT,0.0
Chauncey Andersen,N/A,Los Angeles A Chargers,HB,2.97,3,N/A,N/A,NO_TEST_MATCH,N/A
Ty Bouie,Ricky Stromberg,Chicago Bears,RG,960000.0,1,960000.0,1.0,CORRECT,0.0
Brendon Byrne,Robert Rochell,Dallas Cowboys,CB,1170000.0,1,1170000.0,1.0,CORRECT,0.0
Akin Gunnels,Robert Longerbeam,Baltimore Ravens,CB,4374280.0,4,4374280.0,4.0,CORRECT,0.0
Floyd Berthusen,Ronnie Bell,Detroit Lions,WR,1030000.0,1,1030000.0,1.0,CORRECT,0.0
Neal Toran,Salvon Ahmed,Indianapolis Colts,HB,1170000.0,1,1170000.0,1.0,CORRECT,0.0
Jethro Wehba,Sam Franklin,Denver Broncos,FS,1337500.0,1,1337500.0,1.0,CORRECT,0.0
Montell Sacca,N/A,Los Angeles A Chargers,FB,2.012296,4,N/A,N/A,NO_TEST_MATCH,N/A
Zeph Schottel,Spencer Shrader,Indianapolis Colts,K,2510000.0,2,2510000.0,2.0,CORRECT,0.0
Bunny Mandarich,N/A,New Orleans,QB,4.35648,4,N/A,N/A,NO_TEST_MATCH,N/A
Lane Cureton,T.J. Slaton,Cincinnati Bengals,DT,14.1,2,N/A,N/A,NO_CONTRACT_FOUND,N/A
Cosey Kapitansky,T.J. Tampa,Baltimore Ravens,CB,4718456.0,4,4718456.0,4.0,CORRECT,0.0
Rip Ledyard,Ta'Quon Graham,Atlanta Falcons,DT,2787500.0,1,2787500.0,1.0,CORRECT,0.0
Mose D'Amato,Terell Smith,Chicago Bears,CB,4115884.0,4,4115884.0,4.0,CORRECT,0.0
Vick Champion,N/A,Los Angeles N Rams,TE,9.713466,4,N/A,N/A,NO_TEST_MATCH,N/A
Junie Bratkowski,Tez Johnson,Tampa Bay Buccaneers,WR,4323940.0,4,4323940.0,4.0,CORRECT,0.0
Ramsey Levoir,Tommy Eichenberg,Las Vegas Raiders,MLB,4357712.0,4,4357712.0,4.0,CORRECT,0.0
Tarek Hartwig,Travis Homer,Chicago Bears,HB,1750000.0,1,1750000.0,1.0,CORRECT,0.0
Hamza Fuamatu-Ma'Afala,Tre Flowers,Chicago Bears,CB,1255000.0,1,1255000.0,1.0,CORRECT,0.0
Yonel Noyes,Tyler Badie,Denver Broncos,HB,795000.0,1,795000.0,1.0,CORRECT,0.0
Aeneas Shockley,Tyler Hall,Seattle Seahawks,CB,1170000.0,1,1170000.0,1.0,CORRECT,0.0
Blair Lehman,N/A,New York A Jets,LE,2.520216,4,N/A,N/A,NO_TEST_MATCH,N/A
Earnest Addams,Tyler Steen,Philadelphia Eagles,RG,5750443.0,4,5750443.0,4.0,CORRECT,0.0
Torrey Enke,N/A,New York A Jets,WR,1.3375,1,N/A,N/A,NO_TEST_MATCH,N/A
Vernice Collett,N/A,New York A Jets,QB,14.0,2,N/A,N/A,NO_TEST_MATCH,N/A
Alvin Henning,N/A,New Orleans,HB,4533701.321546677,3,N/A,N/A,NO_TEST_MATCH,N/A
Lon Pettway,N/A,New Orleans,DT,5.637796,4,N/A,N/A,NO_TEST_MATCH,N/A
Lecharls Sodaski,Xavier Hutchinson,Houston Texans,WR,4003704.0,4,4003704.0,4.0,CORRECT,0.0
Fuzzy Broda,Xavier Restrepo,Tennessee Titans,WR,2985000.0,3,2985000.0,3.0,CORRECT,0.0
Torrin Sandy,N/A,Jacksonville,RE,3.205216,4,N/A,N/A,NO_TEST_MATCH,N/A
Robin Betters,Yosh Nijman,Carolina Panthers,LT,8000000.0,2,8000000.0,2.0,CORRECT,0.0
Orian Kompara,N/A,Los Angeles N Rams,CB,7260061.590200156,3,N/A,N/A,NO_TEST_MATCH,N/A
Leander Testerman,Aeneas Peebles,Baltimore Ravens,DT,4374280.0,4,4374280.0,4.0,CORRECT,0.0
Roddrick Ealy,Ahmed Hassanein,Detroit Lions,RE,4429892.0,4,4429892.0,4.0,CORRECT,0.0
Mckinley Devaughn,Aidan O'Connell,Las Vegas Raiders,QB,4349380.0,4,4349380.0,4.0,CORRECT,0.0
Dre' Trigilio,Amani Oruwariye,Tennessee Titans,CB,1170000.0,1,1170000.0,1.0,CORRECT,0.0
Harrison Widmer,Anthony Miller,Baltimore Ravens,WR,1170000.0,1,1170000.0,1.0,CORRECT,0.0
Stone Delong,Antwaun Powell-Ryland,Philadelphia Eagles,RE,4374280.0,4,4374280.0,4.0,CORRECT,0.0
Pervis Yamini,N/A,New York A Jets,WR,7.241652,4,N/A,N/A,NO_TEST_MATCH,N/A
Joey Fishel,Barrett Carter,Cincinnati Bengals,MLB,5182116.0,4,5182116.0,4.0,CORRECT,0.0
Fernanza Mosebar,Ben Cleveland,Baltimore Ravens,LG,1170000.0,1,1170000.0,1.0,CORRECT,0.0
Jaret Willy,Benito Jones,Miami Dolphins,DT,2000000.0,1,2000000.0,1.0,CORRECT,0.0
Gasper Crouch,N/A,Los Angeles A Chargers,WR,6.134592,4,N/A,N/A,NO_TEST_MATCH,N/A
Germane Caffey,Brevin Jordan,Houston Texans,TE,2100000.0,1,2100000.0,1.0,CORRECT,0.0
Matthew Stablein,N/A,New York N Giants,WR,2.715,3,N/A,N/A,NO_TEST_MATCH,N/A
London Hons,Caedan Wallace,New England Patriots,RT,6043304.0,4,6043304.0,4.0,CORRECT,0.0
Honolulu Brackens,Calvin Throckmorton,Denver Broncos,LG,1170000.0,1,1170000.0,1.0,CORRECT,0.0
Hines Kremer,Carl Davis,Washington Commanders,DT,1255000.0,1,1255000.0,1.0,CORRECT,0.0
Kink Stroth,Cedric Johnson,Cincinnati Bengals,RE,4158388.0,4,4158388.0,4.0,CORRECT,0.0
Marsh Fencik,N/A,Los Angeles N Rams,ROLB,1.764444,4,N/A,N/A,NO_TEST_MATCH,N/A
Keshon Sampson,Chris Rodriguez Jr.,Washington Commanders,HB,1030000.0,1,1030000.0,1.0,CORRECT,0.0
Marquice Brupbacher,Christian Elliss,New England Patriots,MLB,13508000.0,2,13508000.0,2.0,CORRECT,0.0
Az-Zahir Magner,N/A,Jacksonville,LG,7.0,2,N/A,N/A,NO_TEST_MATCH,N/A
Weslye Starr,CJ West,San Francisco 49ers,DT,5211088.0,4,5211088.0,4.0,CORRECT,0.0
Shadwick Bacchus,Cooper Rush,Baltimore Ravens,QB,6200000.0,2,6200000.0,2.0,CORRECT,0.0
Hinkey Roehnelt,Craig Reynolds,Detroit Lions,HB,1320000.0,1,1320000.0,1.0,CORRECT,0.0
Sweeny Veldheer,D'Anthony Bell,Seattle Seahawks,FS,3.37,1,N/A,N/A,NO_CONTRACT_FOUND,N/A
Jaymar Smeach,D.J. James,New England Patriots,CB,840000.0,1,840000.0,1.0,CORRECT,0.0
Carlyle Aughtman,Daniel Hardy,Chicago Bears,RE,1030000.0,1,1030000.0,1.0,CORRECT,0.0
Edgerrin Blumenstock,Daniel Scott,Indianapolis Colts,SS,4147836.0,4,4147836.0,4.0,CORRECT,0.0
Antowain Aiello,Darrell Luter Jr.,San Francisco 49ers,CB,4153512.0,4,4153512.0,4.0,CORRECT,0.0
Randall Holman,N/A,Los Angeles N Rams,RT,1.33,1,N/A,N/A,NO_TEST_MATCH,N/A
Jamize Langhorne,N/A,Los Angeles A Chargers,CB,3.759664,4,N/A,N/A,NO_TEST_MATCH,N/A
Pres Stratton,DeeJay Dallas,Arizona Cardinals,HB,8250000.0,3,8250000.0,3.0,CORRECT,0.0
Lasalle Crusan,Dell Pettus,New England Patriots,SS,2839000.0,3,2839000.0,3.0,CORRECT,0.0
Marshay Incognito,Desmond Ridder,Cincinnati Bengals,QB,1100000.0,1,1100000.0,1.0,CORRECT,0.0
Edwin Lininger,Donald Parham,Pittsburgh Steelers,TE,1170000.0,1,1170000.0,1.0,CORRECT,0.0
Tuffy Frye,Dondrea Tillman,Denver Broncos,RE,960000.0,1,960000.0,1.0,CORRECT,0.0
Prince Kirksey,N/A,New York A Jets,HB,2.985,3,N/A,N/A,NO_TEST_MATCH,N/A
Maury Drechsler,Dont'e Thornton Jr.,Las Vegas Raiders,WR,5250900.0,4,5250900.0,4.0,CORRECT,0.0
Ahtyba Bequette,Donte Kent,Pittsburgh Steelers,CB,4333452.0,4,4333452.0,4.0,CORRECT,0.0
Bryant Heyward-Bey,Drew Sample,Cincinnati Bengals,TE,10500000.0,3,10500000.0,3.0,CORRECT,0.0
Eagle Locklear,Efton Chism III,New England Patriots,WR,2990000.0,3,2990000.0,3.0,CORRECT,0.0
Michael Ayi,Elijah Wilkinson,Atlanta Falcons,LG,1422500.0,1,1422500.0,1.0,CORRECT,0.0
Darryll Newsom,Elijah Arroyo,Seattle Seahawks,TE,8813367.0,4,8813367.0,4.0,CORRECT,0.0
Selvish Busch,Elijah Hicks,Chicago Bears,FS,3737008.0,4,3737008.0,4.0,CORRECT,0.0
Cid Crosby,N/A,New York N Giants,HB,4.084976,4,N/A,N/A,NO_TEST_MATCH,N/A
Jarron Weeden,N/A,New Orleans,LE,5.301672,4,N/A,N/A,NO_TEST_MATCH,N/A
Egypt Widseth,Isaac TeSlaa,Detroit Lions,WR,6664452.0,4,6664452.0,4.0,CORRECT,0.0
Art Wanless,Isaiah Pola-Mao,Las Vegas Raiders,SS,7450000.0,2,7450000.0,2.0,CORRECT,0.0
Khreem Stautzenberger,Jackson Slater,Tennessee Titans,LG,4560612.0,4,4560612.0,4.0,CORRECT,0.0
Kelly Toone,Jacob Phillips,Indianapolis Colts,LOLB,1100000.0,1,1100000.0,1.0,CORRECT,0.0
Jacquizz Gorgal,Jacob Bobenmoyer,Las Vegas Raiders,LS,3815000.0,3,3815000.0,3.0,CORRECT,0.0
Joseph Pellegrini,Jake Browning,Cincinnati Bengals,QB,1945000.0,2,1945000.0,2.0,CORRECT,0.0
Sheddrick Ugoh,Jalen Cropper,Dallas Cowboys,WR,9672955.10874979,3,N/A,N/A,NO_CONTRACT_FOUND,N/A
Pat Cochran,Jalen Travis,Indianapolis Colts,RT,4117273.0,4,4117273.0,4.0,CORRECT,0.0
Aric Bosarge,Jalyn Holmes,Washington Commanders,LE,1337500.0,1,1337500.0,1.0,CORRECT,0.0
Conrad Comstock,James Lynch,Tennessee Titans,DT,1170000.0,1,1170000.0,1.0,CORRECT,0.0
White Ta'Ufo'Ou,James Proche,Tennessee Titans,WR,1170000.0,1,1170000.0,1.0,CORRECT,0.0
Alcides Morey,Jammie Robinson,Arizona Cardinals,FS,4169532.0,4,4169532.0,4.0,CORRECT,0.0
Tunch Childs,N/A,New York N Giants,QB,14.977927,4,N/A,N/A,NO_TEST_MATCH,N/A
Marty Pucci,N/A,New York A Jets,DT,7950349.016376197,3,N/A,N/A,NO_TEST_MATCH,N/A
Jody Shay,Jaylen Reed,Houston Texans,SS,4443800.0,4,4443800.0,4.0,CORRECT,0.0
Kynan Bangs,N/A,New York A Jets,TE,3.044908,4,N/A,N/A,NO_TEST_MATCH,N/A
Quinn Duckett,Jha'Quan Jackson,Tennessee Titans,WR,4223668.0,4,4223668.0,4.0,CORRECT,0.0
Menz Scifres,Jihad Ward,Tennessee Titans,LE,1405000.0,1,1405000.0,1.0,CORRECT,0.0
Natu Mcchesney,Johnny Wilson,Philadelphia Eagles,WR,4217008.0,4,4217008.0,4.0,CORRECT,0.0
Jerrell Jacobson,N/A,Jacksonville,TE,7.5,2,N/A,N/A,NO_TEST_MATCH,N/A
Deral Polley,N/A,New York N Giants,DT,5.923768,4,N/A,N/A,NO_TEST_MATCH,N/A
Asante Epps,Kiran Amegadjie,Chicago Bears,RT,5914322.0,4,5914322.0,4.0,CORRECT,0.0
Tiny Eisenhauer,N/A,New York N Giants,CB,6.30444,4,N/A,N/A,NO_TEST_MATCH,N/A
Lenvil Garland,Laquon Treadwell,Indianapolis Colts,WR,1255000.0,1,1255000.0,1.0,CORRECT,0.0
Jyles Gaechter,N/A,New York N Giants,WR,1170000.0,1,N/A,N/A,NO_TEST_MATCH,N/A
Sankar Wagner,N/A,Jacksonville,C,6500430.025145221,3,N/A,N/A,NO_TEST_MATCH,N/A
Trai Chirico,N/A,New York A Jets,SS,7.09814,4,N/A,N/A,NO_TEST_MATCH,N/A
Smokey Reckmack,Marlon Tuipulotu,Kansas City Chiefs,DT,1337500.0,1,1337500.0,1.0,CORRECT,0.0
Amari Kopcha,Matt Henningsen,Denver Broncos,DT,1100000.0,1,1100000.0,1.0,CORRECT,0.0
Eben Grottkau,Matt Peart,Denver Broncos,LT,7000000.0,2,7000000.0,2.0,CORRECT,0.0
Haywood Borum,N/A,New York A Jets,RG,5.456024,4,N/A,N/A,NO_TEST_MATCH,N/A
Nels Baughan,Michael Jordan,Tampa Bay Buccaneers,LG,1170000.0,1,1170000.0,1.0,CORRECT,0.0
Merlin Osweiler,Mike Morris,Seattle Seahawks,DT,4172076.0,4,4172076.0,4.0,CORRECT,0.0
Deji Liles,N/A,New York N Giants,WR,0.03,1,N/A,N/A,NO_TEST_MATCH,N/A
Mally Kampman,Monty Rice,New England Patriots,ROLB,1055000.0,1,1055000.0,1.0,CORRECT,0.0
Obert Jammer,Moro Ojomo,Philadelphia Eagles,DT,3917784.0,4,3917784.0,4.0,CORRECT,0.0
Carmine Mccain,Myles Bryant,Houston Texans,CB,1337500.0,1,1337500.0,1.0,CORRECT,0.0
Diddie Fiedler,Nathaniel Watson,Cleveland Browns,LOLB,795000.0,1,795000.0,1.0,CORRECT,0.0
Roell Boyce,Nick Leverett,Arizona Cardinals,RG,2225000.0,2,2225000.0,2.0,CORRECT,0.0
Traye Barbolak,N/A,Los Angeles A Chargers,TE,3.574036,4,N/A,N/A,NO_TEST_MATCH,N/A
Myron Napier,N/A,Los Angeles A Chargers,DT,4.97888,4,N/A,N/A,NO_TEST_MATCH,N/A
Ivy Lafary,Owen Pappoe,Arizona Cardinals,ROLB,4084976.0,4,4084976.0,4.0,CORRECT,0.0
Kerry Hood,Phil Mafah,Dallas Cowboys,HB,4311532.0,4,4311532.0,4.0,CORRECT,0.0
Pierre Lokanc,Rakim Jarrett,Tampa Bay Buccaneers,WR,2720000.0,3,2720000.0,3.0,CORRECT,0.0
Martellus Steinkemper,N/A,New York A Jets,RE,0.17,1,N/A,N/A,NO_TEST_MATCH,N/A
Santo Dar,Rasheen Ali,Baltimore Ravens,HB,4309868.0,4,4309868.0,4.0,CORRECT,0.0
Ostell Kreamcheck,N/A,Jacksonville,C,22.0,3,N/A,N/A,NO_TEST_MATCH,N/A
Lars Mcbride,Robert Tonyan Jr.,Kansas City Chiefs,TE,1255000.0,1,1255000.0,1.0,CORRECT,0.0
Arthur Burnham,Russ Yeast,Houston Texans,SS,1100000.0,1,1100000.0,1.0,CORRECT,0.0
Rushen Marcus,Ryan Flournoy,Dallas Cowboys,WR,4158388.0,4,4158388.0,4.0,CORRECT,0.0
Erk Bickett,Rylie Mills,Seattle Seahawks,DT,4667500.0,4,4667500.0,4.0,CORRECT,0.0
Waldo Mikula,Sam Okuayinonu,San Francisco 49ers,RE,1030000.0,1,1030000.0,1.0,CORRECT,0.0
Walt Beach,Sheldon Day,Washington Commanders,DT,1322500.0,1,1322500.0,1.0,CORRECT,0.0
Golden Goldberg,Sione Vaki,Detroit Lions,HB,4673544.0,4,4673544.0,4.0,CORRECT,0.0
Deuce Mustard,SirVocea Dennis,Tampa Bay Buccaneers,ROLB,4157324.0,4,4157324.0,4.0,CORRECT,0.0
Deveron Kotal,Smael Mondon Jr.,Philadelphia Eagles,MLB,4595460.0,4,4595460.0,4.0,CORRECT,0.0
Winston Bugenhagen,Spencer Burford,San Francisco 49ers,LG,4332056.0,4,4332056.0,4.0,CORRECT,0.0
Gardie Keathley,Steven Sims Jr.,Seattle Seahawks,WR,1170000.0,1,1170000.0,1.0,CORRECT,0.0
Galen Elmendorf,Tahj Washington,Miami Dolphins,WR,4104436.0,4,4104436.0,4.0,CORRECT,0.0
Hermit Longua,Thayer Munford Jr.,Las Vegas Raiders,RT,3757060.0,4,3757060.0,4.0,CORRECT,0.0
Lamichael Parson,Theo Jackson,Minnesota Vikings,FS,9315000.0,3,9315000.0,3.0,CORRECT,0.0
Moe Izzo,Tip Reiman,Arizona Cardinals,TE,5789912.0,4,5789912.0,4.0,CORRECT,0.0
Ace Vasicek,Tonka Hemingway,Las Vegas Raiders,DT,4865816.0,4,4865816.0,4.0,CORRECT,0.0
Saxon Huzvar,Tremon Smith,Houston Texans,CB,6500000.0,2,6500000.0,2.0,CORRECT,0.0
Damon Cappadona,Trey Taylor,Las Vegas Raiders,SS,4138728.0,4,4138728.0,4.0,CORRECT,0.0
Moose Goff,N/A,Los Angeles N Rams,MLB,1255000.0,1,N/A,N/A,NO_TEST_MATCH,N/A
Kai Ilg,Trystan Colon,Detroit Lions,C,3.27,1,N/A,N/A,NO_CONTRACT_FOUND,N/A
Rohn Pisarcik,N/A,New Orleans,QB,10.804721,4,N/A,N/A,NO_TEST_MATCH,N/A
Dorsey Greaves,Tyler Goodson,Indianapolis Colts,HB,1030000.0,1,1030000.0,1.0,CORRECT,0.0
Breezy Busing,N/A,Jacksonville,DT,3.527124,4,N/A,N/A,NO_TEST_MATCH,N/A
Haven Brandes,Tyquan Thornton,Kansas City Chiefs,WR,1100000.0,1,1100000.0,1.0,CORRECT,0.0
Leonta Zolak,Will Sheppard,Green Bay Packers,WR,2965000.0,3,2965000.0,3.0,CORRECT,0.0
Martez Manzini,Zacch Pickens,Chicago Bears,DT,5763791.0,4,5763791.0,4.0,CORRECT,0.0
Artose Cartwright,A.J. Barner,Seattle Seahawks,TE,4775108.0,4,4775108.0,4.0,CORRECT,0.0
Jaby Olerich,Andy Isabella,San Francisco 49ers,WR,2.2,1,N/A,N/A,NO_CONTRACT_FOUND,N/A
Donn Kyle,Braeden Daniels,Miami Dolphins,RT,1875000.0,2,1875000.0,2.0,CORRECT,0.0
Tad Meester,N/A,New York A Jets,RE,3.85,3,N/A,N/A,NO_TEST_MATCH,N/A
Jabaal Silvestro,Brandon Parker,Atlanta Falcons,RT,1170000.0,1,1170000.0,1.0,CORRECT,0.0
Logan Mcmanis,C.J. Goodwin,Dallas Cowboys,CB,1422500.0,1,1422500.0,1.0,CORRECT,0.0
Garry Kadela,Cade Stover,Houston Texans,TE,4758936.0,4,4758936.0,4.0,CORRECT,0.0
Dalva Puente,Carson Vinson,Baltimore Ravens,RT,4669596.0,4,4669596.0,4.0,CORRECT,0.0
Ogden Chester,N/A,Jacksonville,WR,1.98,3,N/A,N/A,NO_TEST_MATCH,N/A
Ron Speer,Charley Hughlett,Philadelphia Eagles,LS,1422500.0,1,1422500.0,1.0,CORRECT,0.0
Brodrick Crable,N/A,New Orleans,LE,8937539.841165163,3,N/A,N/A,NO_TEST_MATCH,N/A
Stanley Thornbladh,Christian Jones,Arizona Cardinals,RT,4330456.0,4,4330456.0,4.0,CORRECT,0.0
Dorne Mcpherson,Christopher Smith II,Las Vegas Raiders,FS,4084976.0,4,4084976.0,4.0,CORRECT,0.0
Navy Pignatelli,N/A,New York A Jets,RT,1.3375,1,N/A,N/A,NO_TEST_MATCH,N/A
Erron Phipps,N/A,Los Angeles N Rams,HB,0.842,3,N/A,N/A,NO_TEST_MATCH,N/A
Colt Estandia,Colby Wooden,Green Bay Packers,DT,4607928.0,4,4607928.0,4.0,CORRECT,0.0
Hasson Alvarez,Cornelius Johnson,Green Bay Packers,WR,840000.0,1,840000.0,1.0,CORRECT,0.0
Shine Natkin,Cory Trice Jr.,Pittsburgh Steelers,CB,3924436.0,4,3924436.0,4.0,CORRECT,0.0
Takeo Nwokorie,N/A,New York N Giants,DT,4.014116,4,N/A,N/A,NO_TEST_MATCH,N/A
Bug Medved,Dallis Flowers,San Francisco 49ers,CB,1100000.0,1,1100000.0,1.0,CORRECT,0.0
Lewis Sensanbaugher,Dante Trader Jr.,Miami Dolphins,SS,4614784.0,4,4614784.0,4.0,CORRECT,0.0
Ramzee Hinton,Dare Ogunbowale,Houston Texans,HB,1800000.0,1,1800000.0,1.0,CORRECT,0.0
Dyshod Palelei,N/A,Jacksonville,CB,5.352228,4,N/A,N/A,NO_TEST_MATCH,N/A
Marvell Gabbert,Dee Winters,San Francisco 49ers,ROLB,3973336.0,4,3973336.0,4.0,CORRECT,0.0
Myrt Biedermann,Dominic Lovett,Detroit Lions,WR,4306772.0,4,4306772.0,4.0,CORRECT,0.0
Hollis Whelan,Dominique Hampton,Washington Commanders,ROLB,18.774464,4,N/A,N/A,NO_CONTRACT_FOUND,N/A
Garth Cockrell,Dylan Horton,Houston Texans,RE,4641036.0,4,4641036.0,4.0,CORRECT,0.0
Babe Riggle,Edefuan Ulofoshio,Buffalo Bills,ROLB,4334024.0,4,4334024.0,4.0,CORRECT,0.0
Stafon Ta'Amu,Elijah Klein,Tampa Bay Buccaneers,RG,4158388.0,4,4158388.0,4.0,CORRECT,0.0
Spain Sylvester,Eric Scott Jr.,Kansas City Chiefs,CB,960000.0,1,960000.0,1.0,CORRECT,0.0
Hubert Schuette,Eric Saubert,Seattle Seahawks,TE,1422500.0,1,1422500.0,1.0,CORRECT,0.0
Lucas Rozumek,Ethan Bonner,Miami Dolphins,CB,1945000.0,2,1945000.0,2.0,CORRECT,0.0
Solomon Nolting,Evan Anderson,San Francisco 49ers,DT,960000.0,1,960000.0,1.0,CORRECT,0.0
Reb Slough,Gabriel Murphy,Minnesota Vikings,LE,840000.0,1,840000.0,1.0,CORRECT,0.0
Fendi Jasper,Giovanni Manu,Detroit Lions,LT,4745656.0,4,4745656.0,4.0,CORRECT,0.0
Markell Visger,Gunnar Helm,Tennessee Titans,TE,5172908.0,4,5172908.0,4.0,CORRECT,0.0
Sedrick Daukas,N/A,New York N Giants,WR,3.3375,1,N/A,N/A,NO_TEST_MATCH,N/A
Obafemi Willson,Irv Smith,Houston Texans,TE,1230000.0,1,1230000.0,1.0,CORRECT,0.0
Marquise Julian,Isaiah Williams,Cincinnati Bengals,WR,2845000.0,3,2845000.0,3.0,CORRECT,0.0
Leif Banaszek,Jackson Carman,Miami Dolphins,LG,1170000.0,1,1170000.0,1.0,CORRECT,0.0
Irving Kopay,Jakob Johnson,Houston Texans,FB,1180000.0,1,1180000.0,1.0,CORRECT,0.0
Kyries Boston,Jalen Rivers,Cincinnati Bengals,LT,4620980.0,4,4620980.0,4.0,CORRECT,0.0
Shante Sanzenbacher,Jalen Brooks,Dallas Cowboys,WR,3922360.0,4,3922360.0,4.0,CORRECT,0.0
Ahmad Aguirre,N/A,Los Angeles A Chargers,RT,1.835928,4,N/A,N/A,NO_TEST_MATCH,N/A
Veno Supulski,James Williams,Tennessee Titans,ROLB,4109492.0,4,4109492.0,4.0,CORRECT,0.0
Averell Scarlett,James Winchester,Kansas City Chiefs,LS,1650000.0,1,1650000.0,1.0,CORRECT,0.0
Father Scheuer,Jamie Sheriff,Seattle Seahawks,RE,840000.0,1,840000.0,1.0,CORRECT,0.0
Flash Barron,N/A,New York A Jets,MLB,3.3375,1,N/A,N/A,NO_TEST_MATCH,N/A
Izzy Jimoh,Jamree Kromah,Chicago Bears,RE,960000.0,1,960000.0,1.0,CORRECT,0.0
Elnardo Arkin,Jarrett Kingston,Carolina Panthers,LG,4158388.0,4,4158388.0,4.0,CORRECT,0.0
Blanche Wendryhoski,Jason Brownlee,Kansas City Chiefs,WR,960000.0,1,960000.0,1.0,CORRECT,0.0
Dana Macioszczyk,N/A,Jacksonville,RT,3.817064,4,N/A,N/A,NO_TEST_MATCH,N/A
Kareem Burgess,N/A,New Orleans,MLB,4.274276,4,N/A,N/A,NO_TEST_MATCH,N/A
Demar Pense,N/A,Los Angeles N Rams,SS,1.845,3,N/A,N/A,NO_TEST_MATCH,N/A
Filip Tice,N/A,New York A Jets,FS,13.0,2,N/A,N/A,NO_TEST_MATCH,N/A
Dowe Mcinnis,Jaylinn Hawkins,New England Patriots,FS,1800000.0,1,1800000.0,1.0,CORRECT,0.0
Dolph Critchfield,Jaylon Smith,Las Vegas Raiders,MLB,1255000.0,1,1255000.0,1.0,CORRECT,0.0
Errol Zuttah,JD Bertrand,Atlanta Falcons,MLB,4370024.0,4,4370024.0,4.0,CORRECT,0.0
Romeo Degree,Jeffrey Bassa,Kansas City Chiefs,ROLB,4613652.0,4,4613652.0,4.0,CORRECT,0.0
Orville June,Jeremiah Trotter Jr.,Philadelphia Eagles,LOLB,4348468.0,4,4348468.0,4.0,CORRECT,0.0
Ki-Jana Buksar,Jimmy Horn Jr.,Carolina Panthers,WR,4395440.0,4,4395440.0,4.0,CORRECT,0.0
Adam Chrebet,N/A,Los Angeles N Rams,QB,1.005,1,N/A,N/A,NO_TEST_MATCH,N/A
Carleton Mesak,JJ Pegues,Las Vegas Raiders,DT,4467140.0,4,4467140.0,4.0,CORRECT,0.0
Kirk Whitted,N/A,New Orleans,RE,3.22,1,N/A,N/A,NO_TEST_MATCH,N/A
Edell Isselhardt,Jordan Magee,Washington Commanders,MLB,4391228.0,4,4391228.0,4.0,CORRECT,0.0
Scrapper Joachim,Jose Ramirez,Tampa Bay Buccaneers,RE,795000.0,1,795000.0,1.0,CORRECT,0.0
Peter Jencks,Justin Skule,Minnesota Vikings,LT,2000000.0,1,2000000.0,1.0,CORRECT,0.0
Norb Trost,Kamal Hadden,Green Bay Packers,CB,840000.0,1,840000.0,1.0,CORRECT,0.0
Babatunde Schwedes,N/A,New York A Jets,HB,1.44,1,N/A,N/A,NO_TEST_MATCH,N/A
Fungy Burney,Kenny Pickett,Cleveland Browns,QB,14067905.0,4,14067905.0,4.0,CORRECT,0.0
Gino Atwater,Khalid Kareem,Atlanta Falcons,RE,1170000.0,1,1170000.0,1.0,CORRECT,0.0
Lynell Keefer,N/A,Los Angeles A Chargers,HB,5.227436,4,N/A,N/A,NO_TEST_MATCH,N/A
Rodger Holcombe,Kitan Oladapo,Green Bay Packers,SS,4274276.0,4,4274276.0,4.0,CORRECT,0.0
Rocky Woodruff,N/A,New York A Jets,CB,1.6,1,N/A,N/A,NO_TEST_MATCH,N/A
Herbie Cogdill,Kurt Hinish,Houston Texans,DT,1800000.0,1,1800000.0,1.0,CORRECT,0.0
Dalton Prestel,LaBryan Ray,Carolina Panthers,DT,1030000.0,1,1030000.0,1.0,CORRECT,0.0
Bruce Houser,N/A,Los Angeles N Rams,DT,7950349.016376197,3,N/A,N/A,NO_TEST_MATCH,N/A
Sherrill Gainor,Liam Eichenberg,Miami Dolphins,RG,2225000.0,1,2225000.0,1.0,CORRECT,0.0
Ira Asbury,Marcus Harris,Buffalo Bills,DT,840000.0,1,840000.0,1.0,CORRECT,0.0
Jacky Stanciel,Mason Rudolph,Pittsburgh Steelers,QB,7500000.0,2,7500000.0,2.0,CORRECT,0.0
Tito Mitrione,Matt Hennessy,San Francisco 49ers,C,2370000.0,2,2370000.0,2.0,CORRECT,0.0
Polly Mcquilken,Matthew Butler,Miami Dolphins,DT,7950349.016376197,3,0,1.0,INCORRECT,7950349.016376197
Joselio Ballou,Micah Robinson,Green Bay Packers,CB,4313840.0,4,4313840.0,4.0,CORRECT,0.0
Corl Barnikow,Miles Killebrew,Pittsburgh Steelers,SS,6500000.0,2,6500000.0,2.0,CORRECT,0.0
Andre Sansen,Mitchell Evans,Carolina Panthers,TE,4590968.0,4,4590968.0,4.0,CORRECT,0.0
Romby Dufft,Mitchell Fraboni,Denver Broncos,LS,4175000.0,3,4175000.0,3.0,CORRECT,0.0
Carnell Kolodziej,Mohamoud Diabate,Cleveland Browns,MLB,2720000.0,3,2720000.0,3.0,CORRECT,0.0
Eldridge Berton,Myles Harden,Cleveland Browns,CB,4130332.0,4,4130332.0,4.0,CORRECT,0.0
Khary Pietrosante,Nick Nash,Atlanta Falcons,WR,2985000.0,3,2985000.0,3.0,CORRECT,0.0
Brooks Germaine,Nikko Remigio,Kansas City Chiefs,WR,915000.0,1,915000.0,1.0,CORRECT,0.0
Emanuel Marko,Olisaemeka Udoh,Tennessee Titans,LT,2.0,1,N/A,N/A,NO_CONTRACT_FOUND,N/A
Akwasi Addai,Parry Nickerson,Philadelphia Eagles,CB,1170000.0,1,1170000.0,1.0,CORRECT,0.0
Dunstan Speelman,Perrion Winfrey,Dallas Cowboys,DT,2035000.0,2,2035000.0,2.0,CORRECT,0.0
Tebucky Grady,Que Robinson,Denver Broncos,LE,5054256.0,4,5054256.0,4.0,CORRECT,0.0
Ching Griffing,Quinton Bohanna,Seattle Seahawks,DT,1100000.0,1,1100000.0,1.0,CORRECT,0.0
Marrio Coronado,N/A,New York A Jets,CB,5.274276,4,N/A,N/A,NO_TEST_MATCH,N/A
Hassan Cordill,N/A,Los Angeles A Chargers,SS,5.37428,4,N/A,N/A,NO_TEST_MATCH,N/A
Vyto Plump,Raheem Blackshear,Carolina Panthers,HB,1100000.0,1,1100000.0,1.0,CORRECT,0.0
Tam Fultz,Ricky White III,Seattle Seahawks,WR,4312700.0,4,4312700.0,4.0,CORRECT,0.0
Eason Sherman,N/A,Los Angeles N Rams,HB,4533701.321546677,3,N/A,N/A,NO_TEST_MATCH,N/A
Theotis Yagiello,Ruben Hyppolite II,Chicago Bears,MLB,5079588.0,4,5079588.0,4.0,CORRECT,0.0
Darrien Gachkar,Saahdiq Charles,Dallas Cowboys,LG,1170000.0,1,1170000.0,1.0,CORRECT,0.0
Allama Ashton,Samori Toure,Chicago Bears,WR,1030000.0,1,1030000.0,1.0,CORRECT,0.0
Jay Deriggi,Shedeur Sanders,Cleveland Browns,QB,4647380.0,4,4647380.0,4.0,CORRECT,0.0
Devale Jetmore,Shemar Bartholomew,Carolina Panthers,CB,2840000.0,3,2840000.0,3.0,CORRECT,0.0
Fate Inman,Shemar Jean-Charles,Seattle Seahawks,CB,0.2,1,N/A,N/A,NO_CONTRACT_FOUND,N/A
Dell Atogwe,Simi Fehoko,Arizona Cardinals,WR,1750000.0,1,1750000.0,1.0,CORRECT,0.0
Delawrence Fiske,T.J. Bass,Dallas Cowboys,RG,2705000.0,3,2705000.0,3.0,CORRECT,0.0
Sha'Reff Carl,Thomas Booker IV,Philadelphia Eagles,DT,0.915,1,N/A,N/A,NO_CONTRACT_FOUND,N/A
Freddie Echols,Tim Smith,Indianapolis Colts,DT,4434360.0,4,4434360.0,4.0,CORRECT,0.0
Alfonzo Cordovano,Tommy Togiai,Houston Texans,DT,985000.0,1,985000.0,1.0,CORRECT,0.0
Adolph Vinatieri,Tony Brown,Cleveland Browns,CB,1337500.0,1,1337500.0,1.0,CORRECT,0.0
Barret Sucic,N/A,Los Angeles N Rams,MLB,1.1,1,N/A,N/A,NO_TEST_MATCH,N/A
Dimp Cecil,Trey Sermon,Pittsburgh Steelers,HB,1170000.0,1,1170000.0,1.0,CORRECT,0.0
Reshad Vacanti,N/A,Los Angeles A Chargers,CB,6.301672,4,N/A,N/A,NO_TEST_MATCH,N/A
Von Angulo,N/A,Jacksonville,MLB,5.576936,4,N/A,N/A,NO_TEST_MATCH,N/A
Morris Rentz,Winston Reid,Cleveland Browns,ROLB,960000.0,1,960000.0,1.0,CORRECT,0.0
Zebrie Poole,Yahya Black,Pittsburgh Steelers,DT,4579836.0,4,4579836.0,4.0,CORRECT,0.0
Tucker Hibler,Zach Wilson,Miami Dolphins,QB,6000000.0,1,6000000.0,1.0,CORRECT,0.0
Toni Hiemstra,N/A,Jacksonville,CB,1.03,1,N/A,N/A,NO_TEST_MATCH,N/A
Hunk Toston,Alec Anderson,Buffalo Bills,LG,1030000.0,1,1030000.0,1.0,CORRECT,0.0
Deshea Leahy,Alex Forsyth,Denver Broncos,C,3917776.0,4,3917776.0,4.0,CORRECT,0.0
Ulysses Bengen,Alex Wright,Cleveland Browns,LE,5293574.0,4,5293574.0,4.0,CORRECT,0.0
Dinger Stensrud,Ali Gaye,Tennessee Titans,RE,795000.0,1,795000.0,1.0,CORRECT,0.0
Dou Schuhmacher,Anfernee Orji,Tennessee Titans,LOLB,1755000.0,2,1755000.0,2.0,CORRECT,0.0
Manuel Quillan,Blake Watson,Denver Broncos,HB,1755000.0,2,1755000.0,2.0,CORRECT,0.0
Woodrow Loberg,Brenden Schooler,New England Patriots,FS,9000000.0,3,9000000.0,3.0,CORRECT,0.0
Griff Walik,Brenton Cox Jr.,Green Bay Packers,LE,2704000.0,3,2704000.0,3.0,CORRECT,0.0
Jermelle Stanfill,Brian Asamoah II,Minnesota Vikings,MLB,4.486849,4,N/A,N/A,NO_CONTRACT_FOUND,N/A
Jake Mcbath,Brock Wright,Detroit Lions,TE,12000000.0,3,12000000.0,3.0,CORRECT,0.0
Cyril Squyres,Brock Hoffman,Dallas Cowboys,C,1100000.0,1,1100000.0,1.0,CORRECT,0.0
Tomur Civiletto,Bryce Cabeldue,Seattle Seahawks,RG,4432260.0,4,4432260.0,4.0,CORRECT,0.0
Chansi Borland,N/A,New York A Jets,DT,0.3625,1,N/A,N/A,NO_TEST_MATCH,N/A
Aqib Belin,Cameron Goode,Miami Dolphins,RE,1665000.0,2,1665000.0,2.0,CORRECT,0.0
Vann Donahue,Cameron Williams,Philadelphia Eagles,LT,4401572.0,4,4401572.0,4.0,CORRECT,0.0
Derwin Purnell,N/A,New York A Jets,LT,6.58432,4,N/A,N/A,NO_TEST_MATCH,N/A
Garnell Burris,Casey Washington,Atlanta Falcons,WR,4213596.0,4,4213596.0,4.0,CORRECT,0.0
Tre' Crumpler,Charlie Kolar,Baltimore Ravens,TE,4364884.0,4,4364884.0,4.0,CORRECT,0.0
Larron Kadziel,Chris Brooks,Green Bay Packers,HB,915000.0,1,915000.0,1.0,CORRECT,0.0
Merritt Stuckey,Chris Collier,Las Vegas Raiders,HB,1755000.0,2,1755000.0,2.0,CORRECT,0.0
Hersh Ragunas,Connor Heyward,Pittsburgh Steelers,TE,3815224.0,4,3815224.0,4.0,CORRECT,0.0
Mekeli Hallen,Daijahn Anthony,Cincinnati Bengals,SS,4137784.0,4,4137784.0,4.0,CORRECT,0.0
Darrius Hardwick,Damarion Williams,Seattle Seahawks,CB,1030000.0,1,1030000.0,1.0,CORRECT,0.0
Plato Mallard,Dan Jackson,Detroit Lions,FS,4331624.0,4,4331624.0,4.0,CORRECT,0.0
Jock Ziff,N/A,Jacksonville,SS,3.0,2,N/A,N/A,NO_TEST_MATCH,N/A
Cornell Samuda,Darren Hall,Arizona Cardinals,SS,1100000.0,1,1100000.0,1.0,CORRECT,0.0
Roynell Kapp,N/A,Los Angeles N Rams,TE,6.084976,4,N/A,N/A,NO_TEST_MATCH,N/A
Chimdi Cumbie,Dennis Houston,Tampa Bay Buccaneers,WR,840000.0,1,840000.0,1.0,CORRECT,0.0
Bibbles Ulbrich,Dillon Gabriel,Cleveland Browns,QB,6226322.0,4,6226322.0,4.0,CORRECT,0.0
Sergio Stepanovich,Drew Lock,Seattle Seahawks,QB,5000000.0,2,5000000.0,2.0,CORRECT,0.0
Zuck Emerick,Dwight McGlothern,Minnesota Vikings,CB,2840000.0,3,2840000.0,3.0,CORRECT,0.0
Ricardo Basrak,N/A,New York A Jets,WR,2.965,3,N/A,N/A,NO_TEST_MATCH,N/A
Pike Onkotz,Earnest Brown,Dallas Cowboys,DT,2085000.0,2,2085000.0,2.0,CORRECT,0.0
Budge Babin,N/A,Jacksonville,WR,3.981,3,N/A,N/A,NO_TEST_MATCH,N/A
Everett Dillahunt,Erick Hallett,Detroit Lions,FS,840000.0,1,840000.0,1.0,CORRECT,0.0
Gill Bartlewski,Esezi Otomewo,Pittsburgh Steelers,DT,1030000.0,1,1030000.0,1.0,CORRECT,0.0
Amos Cowan,Evan Hull,Pittsburgh Steelers,HB,960000.0,1,960000.0,1.0,CORRECT,0.0
Tedy Leisle,N/A,New York A Jets,MLB,4.594528,4,N/A,N/A,NO_TEST_MATCH,N/A
Anthony Ehrhardt,Gage Larvadain,Cleveland Browns,WR,2975000.0,3,2975000.0,3.0,CORRECT,0.0
Dustin Planutis,Hendon Hooker,Detroit Lions,QB,5719021.0,4,5719021.0,4.0,CORRECT,0.0
Mackenzy Barnum,Hunter Nourzad,Kansas City Chiefs,C,4321832.0,4,4321832.0,4.0,CORRECT,0.0
Shannon Pena,Isaac Ukwu,Detroit Lions,LE,840000.0,1,840000.0,1.0,CORRECT,0.0
Antrel Gallaher,Isaiah Dunn,Green Bay Packers,CB,1030000.0,1,1030000.0,1.0,CORRECT,0.0
Bap Riddell,Isaiah Thomas,Cincinnati Bengals,RE,1945000.0,2,1945000.0,2.0,CORRECT,0.0
Herkie Muir,J.J. Taylor,Houston Texans,HB,1100000.0,1,1100000.0,1.0,CORRECT,0.0
Sabby Fieldings,Ja'Tyre Carter,Carolina Panthers,LG,1030000.0,1,1030000.0,1.0,CORRECT,0.0
Corey Cassel,Jacolby George,Carolina Panthers,WR,2972500.0,3,2972500.0,3.0,CORRECT,0.0
Demingo Bowden,Jake Andrews,Houston Texans,C,4648344.0,4,4648344.0,4.0,CORRECT,0.0
Terence Kerbow,Jalyn Armour-Davis,Baltimore Ravens,CB,4420328.0,4,4420328.0,4.0,CORRECT,0.0
Keever Moulds,Jamal Hill,Houston Texans,ROLB,4209392.0,4,4209392.0,4.0,CORRECT,0.0
Haloti Beason,Janarius Robinson,Kansas City Chiefs,RE,1100000.0,1,1100000.0,1.0,CORRECT,0.0
De'Mond Atessis,N/A,New York A Jets,CB,4.005112,4,N/A,N/A,NO_TEST_MATCH,N/A
Reese Zimmerman,Jashaun Corbin,Atlanta Falcons,HB,960000.0,1,960000.0,1.0,CORRECT,0.0
Faye Schouman,Javontae Jean-Baptiste,Washington Commanders,RE,4141188.0,4,4141188.0,4.0,CORRECT,0.0
Boomer Tigges,Jaylen Key,Cincinnati Bengals,SS,840000.0,1,840000.0,1.0,CORRECT,0.0
Dud Blaise,JL Skinner,Denver Broncos,SS,4036220.0,4,4036220.0,4.0,CORRECT,0.0
Staley Swilley,Joe Bachie,Indianapolis Colts,ROLB,1170000.0,1,1170000.0,1.0,CORRECT,0.0
Winnie Karlis,John Bates,Washington Commanders,TE,21000000.0,3,21000000.0,3.0,CORRECT,0.0
Booth Paschal,N/A,New Orleans,DT,2.902552,4,N/A,N/A,NO_TEST_MATCH,N/A
Rickie Pennington,Jon Gaines II,Arizona Cardinals,C,4572240.0,4,4572240.0,4.0,CORRECT,0.0
Latin Cosner,Jonathan Harris,Minnesota Vikings,DT,1170000.0,1,1170000.0,1.0,CORRECT,0.0
Tawambi Hergert,Jonathan Garvin,San Francisco 49ers,LE,1100000.0,1,1100000.0,1.0,CORRECT,0.0
Adimchinobe Mostardi,Josh Jobe,Seattle Seahawks,CB,2000000.0,1,2000000.0,1.0,CORRECT,0.0
Edd Salscheider,N/A,Los Angeles N Rams,CB,2.89,3,N/A,N/A,NO_TEST_MATCH,N/A
Stu Epperson,Juanyeh Thomas,Dallas Cowboys,SS,1030000.0,1,1030000.0,1.0,CORRECT,0.0
Kwame O'Hara,Kaden Prather,Buffalo Bills,WR,4310368.0,4,4310368.0,4.0,CORRECT,0.0
O'Brien Laughton,Kaevon Merriweather,Tampa Bay Buccaneers,SS,1030000.0,1,1030000.0,1.0,CORRECT,0.0
Blaise Magnusson,Kain Medrano,Washington Commanders,ROLB,4408344.0,4,4408344.0,4.0,CORRECT,0.0
Hayden Kingery,Keith Kirkwood,Baltimore Ravens,WR,1170000.0,1,1170000.0,1.0,CORRECT,0.0
Donovan Trotter,Kevon Seymour,Washington Commanders,CB,1170000.0,1,1170000.0,1.0,CORRECT,0.0
Omensky Prude,Kitan Crawford,Arizona Cardinals,SS,4337892.0,4,4337892.0,4.0,CORRECT,0.0
Laurent Blanton,Kyle McCord,Philadelphia Eagles,QB,4461232.0,4,4461232.0,4.0,CORRECT,0.0
Noe Shavers,Kyonte Hamilton,Houston Texans,DT,4338328.0,4,4338328.0,4.0,CORRECT,0.0
Arian Nealy,Larry Borom,Miami Dolphins,RT,2500000.0,1,2500000.0,1.0,CORRECT,0.0
Jovon Alcorn,Lucas Niang,Washington Commanders,RT,1100000.0,1,1100000.0,1.0,CORRECT,0.0
Mustafah Tausch,Luke Newman,Chicago Bears,LG,4430060.0,4,4430060.0,4.0,CORRECT,0.0
Emilio Hargrove,Luke Gifford,San Francisco 49ers,ROLB,1800000.0,1,1800000.0,1.0,CORRECT,0.0
Ruffin Pupunu,Luke Wypler,Cleveland Browns,C,4019972.0,4,4019972.0,4.0,CORRECT,0.0
Rashied Risien,Malik Heath,Green Bay Packers,WR,2704000.0,3,2704000.0,3.0,CORRECT,0.0
Corvey Fontenot,Marcellas Dial,New England Patriots,CB,4232128.0,4,4232128.0,4.0,CORRECT,0.0
Dameyune Spear,N/A,New York N Giants,RT,6.618384,4,N/A,N/A,NO_TEST_MATCH,N/A
Mark Twedell,N/A,New Orleans,WR,3.84,3,N/A,N/A,NO_TEST_MATCH,N/A
Bubby Zaninelli,Max Scharping,Pittsburgh Steelers,RG,1337500.0,1,1337500.0,1.0,CORRECT,0.0
Seth Noppenberg,McTelvin Agim,Cincinnati Bengals,DT,1030000.0,1,1030000.0,1.0,CORRECT,0.0
Wymon Fears,Michael Deiter,Washington Commanders,C,1337500.0,1,1337500.0,1.0,CORRECT,0.0
Bracy Randall,Mike Strachan,Washington Commanders,WR,0.1,1,N/A,N/A,NO_CONTRACT_FOUND,N/A
Lonnie Troupe,Morgan Cox,Tennessee Titans,LS,1422500.0,1,1422500.0,1.0,CORRECT,0.0
Gump Stitser,Myles Price,Minnesota Vikings,WR,0.975,3,N/A,N/A,NO_CONTRACT_FOUND,N/A
Sheepy Martinovich,Nahshon Wright,Chicago Bears,CB,1100000.0,1,1100000.0,1.0,CORRECT,0.0
Burnie Vance,Nathan Thomas,Dallas Cowboys,LT,4125972.0,4,4125972.0,4.0,CORRECT,0.0
Central Swinton,Nick Gargiulo,Denver Broncos,RG,2093000.0,2,2093000.0,2.0,CORRECT,0.0
Verne Mccloskey,Nick Niemann,Houston Texans,MLB,6000000.0,2,6000000.0,2.0,CORRECT,0.0
Topper Ghiaciuc,Noah Sewell,Chicago Bears,MLB,4164948.0,4,4164948.0,4.0,CORRECT,0.0
Domenik Tullis,Otis Reese IV,Tennessee Titans,ROLB,1.03,1,N/A,N/A,NO_CONTRACT_FOUND,N/A
Dennit Zehrer,Patrick Johnson,Philadelphia Eagles,LE,1275000.0,1,1275000.0,1.0,CORRECT,0.0
Haruki Patton,N/A,Jacksonville,FS,5.422176,4,N/A,N/A,NO_TEST_MATCH,N/A
Creig Merillat,N/A,New Orleans,CB,2.845,3,N/A,N/A,NO_TEST_MATCH,N/A
Donnie Zachary,Robbie Ouzts,Seattle Seahawks,FB,4520216.0,4,4520216.0,4.0,CORRECT,0.0
Selwyn Swinney,Ryan Miller,Tampa Bay Buccaneers,WR,795000.0,1,795000.0,1.0,CORRECT,0.0
Sam Edds,Sam Roberts,Carolina Panthers,DT,2085000.0,2,2085000.0,2.0,CORRECT,0.0
Weldon Wooten,Sam Webb,Las Vegas Raiders,CB,985000.0,1,985000.0,1.0,CORRECT,0.0
Karl Smolinski,Sanoussi Kane,Baltimore Ravens,SS,4102932.0,4,4102932.0,4.0,CORRECT,0.0
Captain Burnell,Sataoa Laumea,Seattle Seahawks,LG,4236516.0,4,4236516.0,4.0,CORRECT,0.0
Shiloh Nissley,Sean Tucker,Tampa Bay Buccaneers,HB,2695000.0,3,2695000.0,3.0,CORRECT,0.0
Lenzie Shell,Sedrick Van Pran-Granger,Buffalo Bills,C,4375252.0,4,4375252.0,4.0,CORRECT,0.0
Jairo Prisby,Segun Olubi,Indianapolis Colts,ROLB,1030000.0,1,1030000.0,1.0,CORRECT,0.0
Dean Corsetti,Shane Zylstra,Detroit Lions,TE,1100000.0,1,1100000.0,1.0,CORRECT,0.0
Eli Boeke,Shemar James,Dallas Cowboys,ROLB,4623436.0,4,4623436.0,4.0,CORRECT,0.0
Jamey Diettrich,Siran Neal,San Francisco 49ers,CB,4000000.0,2,4000000.0,2.0,CORRECT,0.0
Nip Winkler,Sua Opeta,Tampa Bay Buccaneers,LG,0.3375,1,N/A,N/A,NO_CONTRACT_FOUND,N/A
Merle Meuth,Tanner Hudson,Cincinnati Bengals,TE,1255000.0,1,1255000.0,1.0,CORRECT,0.0
Deonte Macphee,N/A,Los Angeles A Chargers,QB,1.5,1,N/A,N/A,NO_TEST_MATCH,N/A
Maugaula Sortet,Tejhaun Palmer,Arizona Cardinals,WR,840000.0,1,840000.0,1.0,CORRECT,0.0
Dane Stroud,Thomas Incoom,Carolina Panthers,RE,1030000.0,1,1030000.0,1.0,CORRECT,0.0
Deion Kearse,Trevor Keegan,Philadelphia Eagles,LG,4274276.0,4,4274276.0,4.0,CORRECT,0.0
Shayne Jeffers,Tyler Ott,Washington Commanders,LS,4390000.0,3,4390000.0,3.0,CORRECT,0.0
Augie Zoia,Tyrion Ingram-Dawkins,Minnesota Vikings,DT,4677376.0,4,4677376.0,4.0,CORRECT,0.0
Johnson Jamieson,Warren Brinson,Green Bay Packers,DT,4426384.0,4,4426384.0,4.0,CORRECT,0.0
Rink Willhite,Xavier Weaver,Arizona Cardinals,WR,2860000.0,3,2860000.0,3.0,CORRECT,0.0
Demarco Wolter,Zayne Anderson,Green Bay Packers,FS,1170000.0,1,1170000.0,1.0,CORRECT,0.0
Carmen Douthard,Ajani Cornelius,Dallas Cowboys,RT,4413976.0,4,4413976.0,4.0,CORRECT,0.0
Andy Zamberlin,Andre Carter II,Las Vegas Raiders,RE,1945000.0,2,1945000.0,2.0,CORRECT,0.0
Merwin Borchardt,N/A,New York N Giants,CB,7260061.590200156,3,N/A,N/A,NO_TEST_MATCH,N/A
Terreal Richard,Asim Richards,Dallas Cowboys,LT,4084976.0,4,4084976.0,4.0,CORRECT,0.0
Harp Graybill,Austin Brinkman,Houston Texans,LS,2975000.0,3,2975000.0,3.0,CORRECT,0.0
Waymond Mccrary,Blake Freeland,Indianapolis Colts,LT,4655880.0,4,4655880.0,4.0,CORRECT,0.0
Clure Traynham,Bo Melton,Green Bay Packers,CB,1030000.0,1,1030000.0,1.0,CORRECT,0.0
Jap Arbanas,Brandon Codrington,Buffalo Bills,CB,2830000.0,3,2830000.0,3.0,CORRECT,0.0
Chalmers Goodburn,Brandon Johnson,Pittsburgh Steelers,WR,1100000.0,1,1100000.0,1.0,CORRECT,0.0
Jeroy Bertelsen,N/A,Los Angeles A Chargers,LG,2.425212,4,N/A,N/A,NO_TEST_MATCH,N/A
Lenoy Oliker,N/A,Los Angeles N Rams,WR,3.1,1,N/A,N/A,NO_TEST_MATCH,N/A
Torrance Mattioli,Brodric Martin,Detroit Lions,DT,5304086.0,4,5304086.0,4.0,CORRECT,0.0
Tashard Fenner,Bryce Oliver,Tennessee Titans,WR,795000.0,1,795000.0,1.0,CORRECT,0.0
Syndric Risley,Cameron Latu,Philadelphia Eagles,TE,840000.0,1,840000.0,1.0,CORRECT,0.0
Hook Landrigan,N/A,Los Angeles N Rams,CB,7260061.590200156,3,N/A,N/A,NO_TEST_MATCH,N/A
Secdrick Bartos,Charlie Woerner,Atlanta Falcons,TE,12000000.0,3,12000000.0,3.0,CORRECT,0.0
Knox Ryans,Chase Lucas,San Francisco 49ers,CB,1030000.0,1,1030000.0,1.0,CORRECT,0.0
Marquez Muster,Chase Lundt,Buffalo Bills,RT,4404924.0,4,4404924.0,4.0,CORRECT,0.0
Demetric Boley,Chigozie Anusiem,Cleveland Browns,CB,795000.0,1,795000.0,1.0,CORRECT,0.0
Murray Crouse,N/A,New York N Giants,ROLB,7.7,2,N/A,N/A,NO_TEST_MATCH,N/A
Noel Peacock,N/A,Jacksonville,CB,3.03,1,N/A,N/A,NO_TEST_MATCH,N/A
Jacoby Readon,Dalton Tucker,Indianapolis Colts,RG,2870000.0,3,2870000.0,3.0,CORRECT,0.0
D'Anthony Erehart,Danny Pinter,Indianapolis Colts,C,1667500.0,1,1667500.0,1.0,CORRECT,0.0
Chavis Jarostchuk,Dareke Young,Seattle Seahawks,WR,3761100.0,4,3761100.0,4.0,CORRECT,0.0
Karim Reinfeldt,David Sills,Atlanta Falcons,WR,1100000.0,1,1100000.0,1.0,CORRECT,0.0
Sloan Landrum,Davis Mills,Houston Texans,QB,5000000.0,1,5000000.0,1.0,CORRECT,0.0
Montae Heenan,N/A,New York N Giants,CB,2.855,3,N/A,N/A,NO_TEST_MATCH,N/A
Ainsley Bahan,N/A,Los Angeles A Chargers,LOLB,2.0,1,N/A,N/A,NO_TEST_MATCH,N/A
Ozzie Jancik,Delarrin Turner-Yell,Denver Broncos,FS,3993056.0,4,3993056.0,4.0,CORRECT,0.0
Wyatt Buie,Demani Richardson,Carolina Panthers,SS,795000.0,1,795000.0,1.0,CORRECT,0.0
Clem Paulescu,DeMarvin Leal,Pittsburgh Steelers,DT,5186896.0,4,5186896.0,4.0,CORRECT,0.0
Allie Wiper,Demontrey Jacobs,New England Patriots,RT,795000.0,1,795000.0,1.0,CORRECT,0.0
Donnel Koy,Deon Bush,Kansas City Chiefs,SS,1255000.0,1,1255000.0,1.0,CORRECT,0.0
Lance Drayton,Devon Key,Denver Broncos,FS,960000.0,1,960000.0,1.0,CORRECT,0.0
Jamir Kinscherf,N/A,Los Angeles A Chargers,WR,2.03,1,N/A,N/A,NO_TEST_MATCH,N/A
Emmuel Grygo,D.J. Ivey,Cincinnati Bengals,CB,3920652.0,4,3920652.0,4.0,CORRECT,0.0
Sage Alzado,Drake Thomas,Seattle Seahawks,ROLB,2710000.0,3,2710000.0,3.0,CORRECT,0.0
Braylon Waterfield,Drew Ogletree,Indianapolis Colts,TE,3.838188,4,N/A,N/A,NO_CONTRACT_FOUND,N/A
Tyjuan Mchale,Drew Kendall,Philadelphia Eagles,C,4555076.0,4,4555076.0,4.0,CORRECT,0.0
Truck Mclain,Dylan Laube,Las Vegas Raiders,HB,4175192.0,4,4175192.0,4.0,CORRECT,0.0
Milo Darche,N/A,New York N Giants,ROLB,0.84,1,N/A,N/A,NO_TEST_MATCH,N/A
Fabian Grefe,Eli Ricks,Philadelphia Eagles,CB,2705000.0,3,2705000.0,3.0,CORRECT,0.0
Lam Munford,Elijah Cooks,Philadelphia Eagles,WR,960000.0,1,960000.0,1.0,CORRECT,0.0
Silvio Ajirotutu,N/A,New York N Giants,DT,2.985,1,N/A,N/A,NO_TEST_MATCH,N/A
Ivan Mackie,Elijah Higgins,Arizona Cardinals,TE,4015884.0,4,4015884.0,4.0,CORRECT,0.0
Derrick Cota,Emanuel Wilson,Green Bay Packers,HB,1030000.0,1,1030000.0,1.0,CORRECT,0.0
Lamanzer Runnels,Eric Johnson,Indianapolis Colts,DT,3980740.0,4,3980740.0,4.0,CORRECT,0.0
Lovett Barnard,N/A,New York A Jets,LE,2.85,3,N/A,N/A,NO_TEST_MATCH,N/A
Madison Cumberland,Erik Ezukanma,Miami Dolphins,WR,2085000.0,2,2085000.0,2.0,CORRECT,0.0
Jumpy Phenix,Gregory Junior,Green Bay Packers,CB,1.03,1,N/A,N/A,NO_CONTRACT_FOUND,N/A
Jan Widick,Hayden Conner,Arizona Cardinals,LG,4374280.0,4,4374280.0,4.0,CORRECT,0.0
Syd Green,Hunter Wohler,Indianapolis Colts,FS,4331068.0,4,4331068.0,4.0,CORRECT,0.0
Marquette Sparkman,Isaiah Bolden,New England Patriots,CB,795000.0,1,795000.0,1.0,CORRECT,0.0
Guido Crespino,Isaiahh Loudermilk,Pittsburgh Steelers,DT,1627500.0,1,1627500.0,1.0,CORRECT,0.0
Frankie Beckley,N/A,Jacksonville,HB,4.968,3,N/A,N/A,NO_TEST_MATCH,N/A
Beasley Mcglockton,Jacob Monk,Green Bay Packers,C,4321616.0,4,4321616.0,4.0,CORRECT,0.0
Adewale Bercich,Jaheim Bell,New England Patriots,TE,4126592.0,4,4126592.0,4.0,CORRECT,0.0
Barlow London,N/A,New York N Giants,RG,1.86,3,N/A,N/A,NO_TEST_MATCH,N/A
Demeco Grove,Jalen Milroe,Seattle Seahawks,QB,6264086.0,4,6264086.0,4.0,CORRECT,0.0
Saul Boniol,Jalen Graham,San Francisco 49ers,LOLB,1030000.0,1,1030000.0,1.0,CORRECT,0.0
James Locklin,James Mitchell,Carolina Panthers,TE,1030000.0,1,1030000.0,1.0,CORRECT,0.0
Gordie Fink,N/A,Los Angeles A Chargers,HB,2.03,1,N/A,N/A,NO_TEST_MATCH,N/A
Elbie Hawkins,Jay Toia,Dallas Cowboys,DT,4353116.0,4,4353116.0,4.0,CORRECT,0.0
Carl Pead,Jerrick Reed II,Seattle Seahawks,SS,4014804.0,4,4014804.0,4.0,CORRECT,0.0
Corrie Billock,Jordan McFadden,Chicago Bears,RG,4152140.0,4,4152140.0,4.0,CORRECT,0.0
Ezell Read,Jordan Jackson,Denver Broncos,DT,960000.0,1,960000.0,1.0,CORRECT,0.0
Rudy Uperesa,Josh Blackwell,Chicago Bears,CB,5000000.0,2,5000000.0,2.0,CORRECT,0.0
Duke Spradlin,Josiah Deguara,Arizona Cardinals,TE,1170000.0,1,1170000.0,1.0,CORRECT,0.0
Olin Copper,Julian Ashby,New England Patriots,LS,4301672.0,4,4301672.0,4.0,CORRECT,0.0
Cloyce Bullman,Julius Chestnut,Tennessee Titans,HB,1100000.0,1,1100000.0,1.0,CORRECT,0.0
Ricot Menasco,Kalen King,Green Bay Packers,CB,840000.0,1,840000.0,1.0,CORRECT,0.0
Gregory Delevan,Kalia Davis,San Francisco 49ers,DT,3792016.0,4,3792016.0,4.0,CORRECT,0.0
Daryle Poto,Keith Taylor,Atlanta Falcons,CB,1100000.0,1,1100000.0,1.0,CORRECT,0.0
De Zeno,Kendall Milton,Cincinnati Bengals,HB,1755000.0,2,1755000.0,2.0,CORRECT,0.0
Kole Tamburo,N/A,New York A Jets,LE,0.03,1,N/A,N/A,NO_TEST_MATCH,N/A
Boss Quin,K.J. Henry,Cleveland Browns,RE,1030000.0,1,1030000.0,1.0,CORRECT,0.0
Rayna Sinkovitz,Ko Kieft,Tampa Bay Buccaneers,TE,3792016.0,4,3792016.0,4.0,CORRECT,0.0
Keydrick Portilla,Kobe Hudson,Carolina Panthers,WR,2985000.0,3,2985000.0,3.0,CORRECT,0.0
Felix Rouse,Kobee Minor,New England Patriots,CB,4301672.0,4,4301672.0,4.0,CORRECT,0.0
Brian Conover,N/A,Los Angeles N Rams,RG,3.100736,4,N/A,N/A,NO_TEST_MATCH,N/A
Blondy Deters,Lawrence Cager,Washington Commanders,TE,1100000.0,1,1100000.0,1.0,CORRECT,0.0
Wilbert Skudin,N/A,New York A Jets,DT,3.84,3,N/A,N/A,NO_TEST_MATCH,N/A
Shevin Cousineau,Malik Taylor,Detroit Lions,WR,1100000.0,1,1100000.0,1.0,CORRECT,0.0
Frederick Gomes,Malik Willis,Green Bay Packers,QB,5160100.0,4,5160100.0,4.0,CORRECT,0.0
Taiwan Beson,Markees Watts,Tampa Bay Buccaneers,RE,2695000.0,3,2695000.0,3.0,CORRECT,0.0
Clifford Mumphord,Matt Dickerson,Miami Dolphins,DT,1170000.0,1,1170000.0,1.0,CORRECT,0.0
Durant Miles,Maxen Hook,Philadelphia Eagles,SS,2995000.0,3,2995000.0,3.0,CORRECT,0.0
Damane Irvin,Michael Jerrell,Seattle Seahawks,LT,4180060.0,4,4180060.0,4.0,CORRECT,0.0
Dario Hobson,Michael Barrett,Las Vegas Raiders,MLB,840000.0,1,840000.0,1.0,CORRECT,0.0
Bear Reichenbach,Mike White,Buffalo Bills,QB,2380000.0,2,2380000.0,2.0,CORRECT,0.0
Delphfrine Shoate,Mike Greene,Tampa Bay Buccaneers,DT,1030000.0,1,1030000.0,1.0,CORRECT,0.0
Da'Quan Spriggs,Myles Adams,Detroit Lions,DT,985000.0,1,985000.0,1.0,CORRECT,0.0
Darwin Wilds,Myles Hinton,Philadelphia Eagles,RT,4433264.0,4,4433264.0,4.0,CORRECT,0.0
Lorenzo Nease,N/A,Jacksonville,LE,5.124076,4,N/A,N/A,NO_TEST_MATCH,N/A
Gabe Charles,N/A,Los Angeles A Chargers,DT,0.835,1,N/A,N/A,NO_TEST_MATCH,N/A
Kid Cortes,N/A,New Orleans,ROLB,4597379.176760853,3,N/A,N/A,NO_TEST_MATCH,N/A
Marcellus Balog,N/A,New Orleans,CB,3.755,2,N/A,N/A,NO_TEST_MATCH,N/A
Tiquan Cooney,Riley Leonard,Indianapolis Colts,QB,4435244.0,4,4435244.0,4.0,CORRECT,0.0
Ducky Isaia,Ryan Neuzil,Atlanta Falcons,C,9500000.0,2,9500000.0,2.0,CORRECT,0.0
Derreck Layman,Sam Howell,Minnesota Vikings,QB,4021600.0,4,4021600.0,4.0,CORRECT,0.0
Tyji Toeaina,Taki Taimani,Minnesota Vikings,DT,2835000.0,3,2835000.0,3.0,CORRECT,0.0
Rosie Hayward,Tariq Castro-Fields,Philadelphia Eagles,CB,1100000.0,1,1100000.0,1.0,CORRECT,0.0
Airese Stedman,Tatum Bethune,San Francisco 49ers,MLB,4101808.0,4,4101808.0,4.0,CORRECT,0.0
Tori Snowden,N/A,New York N Giants,TE,4.349516,4,N/A,N/A,NO_TEST_MATCH,N/A
Iheanyi Kuehn,Timmy Horne,Tennessee Titans,DT,4.39544,4,N/A,N/A,NO_CONTRACT_FOUND,N/A
Konrad Mccorvey,Titus Leo,Tennessee Titans,RE,3.2,1,N/A,N/A,NO_CONTRACT_FOUND,N/A
Buddy Sapolu,Tommy Akingbesote,Dallas Cowboys,DT,4303024.0,4,4303024.0,4.0,CORRECT,0.0
Cap Sturdivant,Travis Bell,Minnesota Vikings,DT,960000.0,1,960000.0,1.0,CORRECT,0.0
Ashlee Alphin,Truman Jones,New England Patriots,RE,795000.0,1,795000.0,1.0,CORRECT,0.0
Danny Brookshier,Ty'Ron Hopper,Green Bay Packers,MLB,5678024.0,4,5678024.0,4.0,CORRECT,0.0
Cully Renn,Tycen Anderson,Cincinnati Bengals,FS,3966084.0,4,3966084.0,4.0,CORRECT,0.0
Clint Higgins,Tyler Owens,Washington Commanders,SS,2830000.0,3,2830000.0,3.0,CORRECT,0.0
Daryn Raab,Tyrek Funderburk,Tampa Bay Buccaneers,CB,2850000.0,3,2850000.0,3.0,CORRECT,0.0
Maurice Alward,Tyreke Smith,Seattle Seahawks,LE,960000.0,1,960000.0,1.0,CORRECT,0.0
Sale Jackson,Tyrell Shavers,Buffalo Bills,WR,2042000.0,2,2042000.0,2.0,CORRECT,0.0
Dondre Walls,Tyrese Robinson,New England Patriots,LG,795000.0,1,795000.0,1.0,CORRECT,0.0
Ratcliff Iaquaniello,Vederian Lowe,New England Patriots,LT,3857872.0,4,3857872.0,4.0,CORRECT,0.0
Pots Youngfleish,N/A,Los Angeles N Rams,RT,5.084976,4,N/A,N/A,NO_TEST_MATCH,N/A
Rich Jamerson,Will Mallory,Indianapolis Colts,TE,4130592.0,4,4130592.0,4.0,CORRECT,0.0
Abdul Stankavage,N/A,New Orleans,C,2.4225,1,N/A,N/A,NO_TEST_MATCH,N/A
Shelley Ninowski,Zach Carter,Las Vegas Raiders,DT,1100000.0,1,1100000.0,1.0,CORRECT,0.0
Too Weatherwax,N/A,New York A Jets,ROLB,4.03622,4,N/A,N/A,NO_TEST_MATCH,N/A
Ken Dowtin,Zeek Biggers,Miami Dolphins,DT,4301672.0,4,4301672.0,4.0,CORRECT,0.0
Dorsett Mickell,Zemaiah Vaughn,Minnesota Vikings,CB,2980000.0,3,2980000.0,3.0,CORRECT,0.0
Yo Konopasek,Zion Logue,Buffalo Bills,DT,2039000.0,2,2039000.0,2.0,CORRECT,0.0
Gilvanni Kovac,Adetomiwa Adebawore,Indianapolis Colts,DT,4636908.0,4,4636908.0,4.0,CORRECT,0.0
Hise Moselle,Adin Huntington,Cleveland Browns,LE,2985000.0,3,2985000.0,3.0,CORRECT,0.0
Dexter Dinapoli,Alex Palczewski,Denver Broncos,RT,2715000.0,3,2715000.0,3.0,CORRECT,0.0
Dixon Monty,Alex Bachman,Las Vegas Raiders,WR,1030000.0,1,1030000.0,1.0,CORRECT,0.0
Cedrick Coffey,Allan George,Washington Commanders,CB,7260061.590200156,3,N/A,N/A,NO_CONTRACT_FOUND,N/A
Dameane Alban,Amari Burney,Tennessee Titans,MLB,2.2,1,N/A,N/A,NO_CONTRACT_FOUND,N/A
Speedy Drungo,Andrew Rupcich,Tennessee Titans,RG,1030000.0,1,1030000.0,1.0,CORRECT,0.0
Mosi Blados,N/A,New York N Giants,C,2.795,2,N/A,N/A,NO_TEST_MATCH,N/A
Kwante Marts,Bailey Zappe,Kansas City Chiefs,QB,1100000.0,1,1100000.0,1.0,CORRECT,0.0
Marlion Kirk,Bill Murray,Chicago Bears,LG,1030000.0,1,1030000.0,1.0,CORRECT,0.0
Makoa Mcfarland,Blake Hance,Tennessee Titans,RG,1320000.0,1,1320000.0,1.0,CORRECT,0.0
Wray Mcburrows,Brenden Bates,Cleveland Browns,TE,1755000.0,2,1755000.0,2.0,CORRECT,0.0
Pid Winston,Brevyn Spann-Ford,Dallas Cowboys,TE,2850000.0,3,2850000.0,3.0,CORRECT,0.0
Ladell Koons,C.J. Hanson,Kansas City Chiefs,RG,4104784.0,4,4104784.0,4.0,CORRECT,0.0
Billy Rickards,N/A,Los Angeles A Chargers,LE,2.03,1,N/A,N/A,NO_TEST_MATCH,N/A
Amon Ellington,Calvin Anderson,Pittsburgh Steelers,RT,4000000.0,2,4000000.0,2.0,CORRECT,0.0
Jarred Upchurch,N/A,Los Angeles N Rams,CB,7260061.590200156,3,N/A,N/A,NO_TEST_MATCH,N/A
Tauren Larsen,Cam Jones,Kansas City Chiefs,LOLB,2710000.0,3,2710000.0,3.0,CORRECT,0.0
Devard Alstott,Carson Bruener,Pittsburgh Steelers,ROLB,4336940.0,4,4336940.0,4.0,CORRECT,0.0
Vinson Rackers,Casey Rogers,Buffalo Bills,DT,960000.0,1,960000.0,1.0,CORRECT,0.0
Dirt Palazzi,Chandler Zavala,Carolina Panthers,RG,4611736.0,4,4611736.0,4.0,CORRECT,0.0
Carwell Bentzin,Chazz Surratt,San Francisco 49ers,LOLB,1150000.0,1,1150000.0,1.0,CORRECT,0.0
Young Pegram,Chris Williams,Chicago Bears,DT,3263000.0,1,3263000.0,1.0,CORRECT,0.0
Othello Quirk,Cole Turner,Washington Commanders,TE,1030000.0,1,1030000.0,1.0,CORRECT,0.0
Rashod Mclenna,Curtis Jacobs,Tennessee Titans,ROLB,2880000.0,3,2880000.0,3.0,CORRECT,0.0
Jeep Hix,N/A,New Orleans,MLB,1.976916,4,N/A,N/A,NO_TEST_MATCH,N/A
Biren Lagrand,DJ Montgomery,Indianapolis Colts,WR,1030000.0,1,1030000.0,1.0,CORRECT,0.0
Martell Brumbaugh,Darian Kinnard,Philadelphia Eagles,RT,2045000.0,2,2045000.0,2.0,CORRECT,0.0
Quinten Healey,N/A,New York N Giants,MLB,3.220912,4,N/A,N/A,NO_TEST_MATCH,N/A
Jeremy Felber,N/A,Jacksonville,LT,1.17,1,N/A,N/A,NO_TEST_MATCH,N/A
Phil Halas,Donovan Jennings,Green Bay Packers,RG,840000.0,1,840000.0,1.0,CORRECT,0.0
Audray Remsberg,N/A,Los Angeles N Rams,C,6500430.025145221,3,N/A,N/A,NO_TEST_MATCH,N/A
Newton Crisler,N/A,Los Angeles N Rams,ROLB,4597379.176760853,3,N/A,N/A,NO_TEST_MATCH,N/A
Lavale Carimi,Eric Gregory,Cincinnati Bengals,DT,2995000.0,3,2995000.0,3.0,CORRECT,0.0
Reinard Chambers,Fabien Lovett,Kansas City Chiefs,DT,840000.0,1,840000.0,1.0,CORRECT,0.0
Pisa Massey,Gabe Jeudy-Lally,Tennessee Titans,CB,960000.0,1,960000.0,1.0,CORRECT,0.0
Benjy Lafleur,Garrett Dellinger,Baltimore Ravens,RG,4307648.0,4,4307648.0,4.0,CORRECT,0.0
Shaun Harbour,Gary Brightwell,Cincinnati Bengals,HB,1100000.0,1,1100000.0,1.0,CORRECT,0.0
Pago Mccrumbly,Gavin Bartholomew,Minnesota Vikings,TE,4415824.0,4,4415824.0,4.0,CORRECT,0.0
Priest Hrivnak,George Holani,Seattle Seahawks,HB,1755000.0,2,1755000.0,2.0,CORRECT,0.0
Jerome Bergold,N/A,Jacksonville,TE,5.0,2,N/A,N/A,NO_TEST_MATCH,N/A
Perry Faust,N/A,New York A Jets,WR,2.03,1,N/A,N/A,NO_TEST_MATCH,N/A
Clive Rice,Isaiah Land,Indianapolis Colts,LE,2700000.0,3,2700000.0,3.0,CORRECT,0.0
Albie Aronson,J.J. Roberts,Tampa Bay Buccaneers,FS,2995000.0,3,2995000.0,3.0,CORRECT,0.0
Grady Kraehe,N/A,Los Angeles N Rams,DT,0.96,1,N/A,N/A,NO_TEST_MATCH,N/A
Ladarius Tovar,Jacoby Windmon,Carolina Panthers,MLB,1755000.0,2,1755000.0,2.0,CORRECT,0.0
R-Kal Office,N/A,Jacksonville,MLB,6.430528,4,N/A,N/A,NO_TEST_MATCH,N/A
Firpo Middlebrook,Joe Giles-Harris,Cincinnati Bengals,ROLB,1100000.0,1,1100000.0,1.0,CORRECT,0.0
Tanner Nicolas,Joey Blount,Arizona Cardinals,SS,3750000.0,2,3750000.0,2.0,CORRECT,0.0
Fulton Sparenberg,Jon Rhattigan,Carolina Panthers,ROLB,2900000.0,2,2900000.0,2.0,CORRECT,0.0
Stephon Lippett,Josh Thompson,Atlanta Falcons,SS,960000.0,1,960000.0,1.0,CORRECT,0.0
Angelo Unutoa,N/A,New York N Giants,LT,6.485524,4,N/A,N/A,NO_TEST_MATCH,N/A
Cal Richins,N/A,New Orleans,RT,9988303.54320508,3,N/A,N/A,NO_TEST_MATCH,N/A
Richard Currie,Julius Wood,Tennessee Titans,SS,2845000.0,3,2845000.0,3.0,CORRECT,0.0
Martrez Milligan,Junior Bergen,San Francisco 49ers,WR,4301672.0,4,4301672.0,4.0,CORRECT,0.0
Jarius Hooligan,Justin Shorter,Las Vegas Raiders,TE,915000.0,1,915000.0,1.0,CORRECT,0.0
Quan Mccormick,N/A,Los Angeles N Rams,LG,6925995.606984945,3,N/A,N/A,NO_TEST_MATCH,N/A
Shaky Garlich,Kaimon Rucker,Baltimore Ravens,RE,2965000.0,3,2965000.0,3.0,CORRECT,0.0
Erik Affholter,Keidron Smith,Denver Broncos,SS,960000.0,1,960000.0,1.0,CORRECT,0.0
Antoine Majkowski,N/A,Los Angeles A Chargers,FS,6953556.946808261,3,N/A,N/A,NO_TEST_MATCH,N/A
Alois Chapman,Kenny Yeboah,Detroit Lions,TE,1337500.0,1,1337500.0,1.0,CORRECT,0.0
Olanda Ruhman,Kenny McIntosh,Seattle Seahawks,HB,3930852.0,4,3930852.0,4.0,CORRECT,0.0
Chartric Tepper,Khalil Dorsey,Detroit Lions,CB,3300000.0,2,3300000.0,2.0,CORRECT,0.0
Win Fangupo,Kobe King,Minnesota Vikings,MLB,4419068.0,4,4419068.0,4.0,CORRECT,0.0
Alton Boose,LaCale London,Atlanta Falcons,DT,960000.0,1,960000.0,1.0,CORRECT,0.0
Jeff Bukaty,LaDarius Henderson,Houston Texans,RG,4103716.0,4,4103716.0,4.0,CORRECT,0.0
Elroy Willging,Liam McCullough,Atlanta Falcons,LS,5780000.0,4,5780000.0,4.0,CORRECT,0.0
Norm Bostic,Loren Strickland,Detroit Lions,SS,960000.0,1,960000.0,1.0,CORRECT,0.0
Tandon Parker,Lucas Krull,Denver Broncos,TE,1030000.0,1,1030000.0,1.0,CORRECT,0.0
Tamba Venuto,Luke Haggard,Tampa Bay Buccaneers,RG,840000.0,1,840000.0,1.0,CORRECT,0.0
Ox Lucier,Luke Lachey,Houston Texans,TE,4301672.0,4,4301672.0,4.0,CORRECT,0.0
Mal Mariani,Luke Farrell,San Francisco 49ers,TE,15750000.0,3,15750000.0,3.0,CORRECT,0.0
Ryan Lundy,Marcus Bryant,New England Patriots,LT,4348328.0,4,4348328.0,4.0,CORRECT,0.0
Tiki Meisner,Mario Goodrich,Denver Broncos,CB,1.03,1,N/A,N/A,NO_CONTRACT_FOUND,N/A
Natrone Boling,Mark Robinson,Pittsburgh Steelers,MLB,3772356.0,4,3772356.0,4.0,CORRECT,0.0
Otto Clemens,Marquise Robinson,Baltimore Ravens,CB,2970000.0,3,2970000.0,3.0,CORRECT,0.0
Les Spiller,Matt Waletzko,Dallas Cowboys,RT,5.983,4,N/A,N/A,NO_CONTRACT_FOUND,N/A
Ramondo Junkin,Mike Brown,Tennessee Titans,FS,1100000.0,1,1100000.0,1.0,CORRECT,0.0
Mule Spurlock,Mike Caliendo,Kansas City Chiefs,LG,1030000.0,1,1030000.0,1.0,CORRECT,0.0
Hewritt Anelli,Mitchell Tinsley,Cincinnati Bengals,WR,960000.0,1,960000.0,1.0,CORRECT,0.0
Wayland Patrick,Mitchell Trubisky,Buffalo Bills,QB,5250000.0,2,5250000.0,2.0,CORRECT,0.0
Hayward Schwall,N/A,Los Angeles A Chargers,CB,3.98,3,N/A,N/A,NO_TEST_MATCH,N/A
Juaquin Haggins,Ochaun Mathis,Philadelphia Eagles,LOLB,1030000.0,1,1030000.0,1.0,CORRECT,0.0
Loyd Sacksteder,Patrick McMorris,Miami Dolphins,SS,4199764.0,4,4199764.0,4.0,CORRECT,0.0
Monte Orlich,N/A,New York A Jets,WR,9672955.10874979,3,N/A,N/A,NO_TEST_MATCH,N/A
Stevenson Donchez,Quindell Johnson,Pittsburgh Steelers,FS,960000.0,1,960000.0,1.0,CORRECT,0.0
Auston Best,Quinton Bell,Miami Dolphins,RE,1505000.0,1,1505000.0,1.0,CORRECT,0.0
Jared Salata,Rashad Wisdom,Tampa Bay Buccaneers,SS,840000.0,1,840000.0,1.0,CORRECT,0.0
Toby Svitek,Seth McLaughlin,Cincinnati Bengals,C,2980000.0,3,2980000.0,3.0,CORRECT,0.0
Tubby Flick,Sidy Sow,New England Patriots,LG,4604112.0,4,4604112.0,4.0,CORRECT,0.0
Lake Bruder,Skylar Thompson,Pittsburgh Steelers,QB,1100000.0,1,1100000.0,1.0,CORRECT,0.0
Hank Lathrop,Spencer Anderson,Pittsburgh Steelers,LG,3917776.0,4,3917776.0,4.0,CORRECT,0.0
Shawn Hazelton,Tanner McLachlan,Cincinnati Bengals,TE,4203056.0,4,4203056.0,4.0,CORRECT,0.0
Ramey Kafentzis,Tim Jones,Minnesota Vikings,WR,1870000.0,1,1870000.0,1.0,CORRECT,0.0
Kelechi Kusko,N/A,New York N Giants,RE,3.03,1,N/A,N/A,NO_TEST_MATCH,N/A
Wuert Hufford,Travis Glover,Green Bay Packers,RT,4191380.0,4,4191380.0,4.0,CORRECT,0.0
Lavelle Raskowski,Trevor Nowaske,Detroit Lions,LOLB,2695000.0,3,2695000.0,3.0,CORRECT,0.0
Vinnie Holub,Tyler Cooper,Green Bay Packers,LG,2980000.0,3,2980000.0,3.0,CORRECT,0.0
Lex Blahak,Will Howard,Pittsburgh Steelers,QB,4448100.0,4,4448100.0,4.0,CORRECT,0.0
Erin Baham,N/A,New York A Jets,MLB,3.9675,3,N/A,N/A,NO_TEST_MATCH,N/A
Bodie Burrough,A.J. Finley,Seattle Seahawks,SS,1765000.0,2,1765000.0,2.0,CORRECT,0.0
Daryl Melontree,Andre Jones Jr.,Washington Commanders,LE,960000.0,1,960000.0,1.0,CORRECT,0.0
Trevor Pouncey,Andrew Stueber,Cincinnati Bengals,RT,795000.0,1,795000.0,1.0,CORRECT,0.0
Cletis Sheldon,Arron Mosby,Green Bay Packers,RE,1030000.0,1,1030000.0,1.0,CORRECT,0.0
Ink Doubiago,N/A,Jacksonville,WR,3.03,1,N/A,N/A,NO_TEST_MATCH,N/A
Isham Cowart,Baylon Spector,Buffalo Bills,LOLB,1.76,4,N/A,N/A,NO_CONTRACT_FOUND,N/A
Hippo Opalewski,Beau Brade,Baltimore Ravens,FS,2855000.0,3,2855000.0,3.0,CORRECT,0.0
Brice Krahl,Ben Brown,New England Patriots,C,1030000.0,1,1030000.0,1.0,CORRECT,0.0
Parnell Port,Bobby Hart,Washington Commanders,RT,1255000.0,1,1255000.0,1.0,CORRECT,0.0
Odell Suess,Brayden Willis,San Francisco 49ers,TE,1030000.0,1,1030000.0,1.0,CORRECT,0.0
Benji Giannoni,Cal Adomitis,Cincinnati Bengals,LS,1100000.0,1,1100000.0,1.0,CORRECT,0.0
Rahim Rainey,N/A,Jacksonville,WR,0.97,3,N/A,N/A,NO_TEST_MATCH,N/A
Reid Enich,Cam Riley,New England Patriots,ROLB,2975000.0,3,2975000.0,3.0,CORRECT,0.0
Derick Corto,Cameron McGrone,Indianapolis Colts,MLB,1100000.0,1,1100000.0,1.0,CORRECT,0.0
Micah Gross,Carlos Washington Jr.,Atlanta Falcons,HB,1755000.0,2,1755000.0,2.0,CORRECT,0.0
Desmond Vollers,Case Keenum,Chicago Bears,QB,2250000.0,1,2250000.0,1.0,CORRECT,0.0
Simon Winters,Charlie Heck,Tampa Bay Buccaneers,LT,1570000.0,1,1570000.0,1.0,CORRECT,0.0
Brenard Lawton,N/A,Los Angeles A Chargers,DT,3.03,1,N/A,N/A,NO_TEST_MATCH,N/A
Vontaze Tomlin,Claudin Cherelus,Carolina Panthers,MLB,2700000.0,3,2700000.0,3.0,CORRECT,0.0
Rabih Castillo,Clay Webb,Denver Broncos,LG,2980000.0,3,2980000.0,3.0,CORRECT,0.0
Lindy Podmajersky,Colby Sorsdal,Detroit Lions,RT,4160084.0,4,4160084.0,4.0,CORRECT,0.0
Je'Rod Rubley,Connor Colby,San Francisco 49ers,LG,4301672.0,4,4301672.0,4.0,CORRECT,0.0
Kenyatta Gelatka,Corey Levin,Tennessee Titans,C,1255000.0,1,1255000.0,1.0,CORRECT,0.0
Stein Burt,Corey Thornton,Carolina Panthers,CB,2975000.0,3,2975000.0,3.0,CORRECT,0.0
Noland Holiday,D'Angelo Ross,Houston Texans,CB,985000.0,1,985000.0,1.0,CORRECT,0.0
Vonta Arbuckle,D'Shawn Jamison,Pittsburgh Steelers,CB,0.96,1,N/A,N/A,NO_CONTRACT_FOUND,N/A
Owen Bolinger,N/A,Los Angeles N Rams,DT,5.917776,4,N/A,N/A,NO_TEST_MATCH,N/A
Glenell Chavous,Devin Harper,Pittsburgh Steelers,ROLB,1030000.0,1,1030000.0,1.0,CORRECT,0.0
Bethel Jean-Batiste,Elijah Campbell,Miami Dolphins,FS,1900000.0,1,1900000.0,1.0,CORRECT,0.0
Gibran Mularkey,Emani Bailey,Carolina Panthers,HB,840000.0,1,840000.0,1.0,CORRECT,0.0
Chike Brockington,N/A,Jacksonville,RE,1.975,3,N/A,N/A,NO_TEST_MATCH,N/A
Aki Ellerbe,Eugene Asante,Miami Dolphins,MLB,2975000.0,3,2975000.0,3.0,CORRECT,0.0
Dorian Hermann,Frank Crum,Denver Broncos,LT,2855000.0,3,2855000.0,3.0,CORRECT,0.0
Kemp Ricardo,N/A,Los Angeles A Chargers,RE,1.985,3,N/A,N/A,NO_TEST_MATCH,N/A
Leeland Fazande,Grant Stuard,Detroit Lions,MLB,1700000.0,1,1700000.0,1.0,CORRECT,0.0
Larue Foggie,Grayson Murphy,Miami Dolphins,RE,2840000.0,3,2840000.0,3.0,CORRECT,0.0
Lavon Sandeman,Hakeem Adeniji,Dallas Cowboys,RT,1170000.0,1,1170000.0,1.0,CORRECT,0.0
Vince Obee,N/A,New Orleans,TE,2.3625,1,N/A,N/A,NO_TEST_MATCH,N/A
Fakhir Hanousek,Jack Nelson,Atlanta Falcons,LT,4352616.0,4,4352616.0,4.0,CORRECT,0.0
Warren Townsell,Jah Joyner,Las Vegas Raiders,LE,2980000.0,3,2980000.0,3.0,CORRECT,0.0
Herbert Dyal,Jahmal Banks,Baltimore Ravens,WR,2972000.0,3,2972000.0,3.0,CORRECT,0.0
Lawrence Peace,Jake Briningstool,Kansas City Chiefs,TE,2995000.0,3,2995000.0,3.0,CORRECT,0.0
Myrl Longwell,Jake Hansen,Houston Texans,MLB,1700000.0,1,1700000.0,1.0,CORRECT,0.0
Zip Newashe,Jake Curhan,Arizona Cardinals,LG,1195000.0,1,1195000.0,1.0,CORRECT,0.0
Val Piggott,N/A,New Orleans,QB,3.544816,4,N/A,N/A,NO_TEST_MATCH,N/A
Rishard Mauti,Jamarco Jones,Detroit Lions,LT,1100000.0,1,1100000.0,1.0,CORRECT,0.0
Paige Fouts,N/A,New York N Giants,LT,11.0,2,N/A,N/A,NO_TEST_MATCH,N/A
Cassy Evans,Jamon Dumas-Johnson,Green Bay Packers,LOLB,0.98,3,N/A,N/A,NO_CONTRACT_FOUND,N/A
Jayron Hutchinson,Javion Cohen,Cleveland Browns,LG,960000.0,1,960000.0,1.0,CORRECT,0.0
Keion Harrison,Jaylen Harrell,Tennessee Titans,LE,4100736.0,4,4100736.0,4.0,CORRECT,0.0
Errict Gueno,John Humphrey,Las Vegas Raiders,CB,2977000.0,3,2977000.0,3.0,CORRECT,0.0
Saleem Blakely,John FitzPatrick,Green Bay Packers,TE,1500000.0,1,1500000.0,1.0,CORRECT,0.0
Morten Polowski,John Stephens,Dallas Cowboys,TE,2698000.0,3,2698000.0,3.0,CORRECT,0.0
Earsell Risher,John Williams,Green Bay Packers,LG,4301672.0,4,4301672.0,4.0,CORRECT,0.0
Tiger Dyko,N/A,Jacksonville,C,6.344308,4,N/A,N/A,NO_TEST_MATCH,N/A
Struggy Flattery,Jonathan Ford,Chicago Bears,DT,1030000.0,1,1030000.0,1.0,CORRECT,0.0
Early Casey,Josh Woods,Atlanta Falcons,ROLB,1170000.0,1,1170000.0,1.0,CORRECT,0.0
Chon Lamb,Julian Hill,Miami Dolphins,TE,2707500.0,3,2707500.0,3.0,CORRECT,0.0
Demetress Kostka,Kameron Johnson,Tampa Bay Buccaneers,WR,2840000.0,3,2840000.0,3.0,CORRECT,0.0
Thurman Doell,Kayode Awosika,Detroit Lions,RG,1400000.0,1,1400000.0,1.0,CORRECT,0.0
Ove Deibel,Kendell Brooks,Tennessee Titans,FS,795000.0,1,795000.0,1.0,CORRECT,0.0
Kahlil Virkus,Kendric Pryor,Cincinnati Bengals,WR,1030000.0,1,1030000.0,1.0,CORRECT,0.0
Eric Wrighster,N/A,New Orleans,WR,1.795,1,N/A,N/A,NO_TEST_MATCH,N/A
Buff Lindsey,Kristian Welch,Green Bay Packers,MLB,1170000.0,1,1170000.0,1.0,CORRECT,0.0
Cortez Faurot,Levelle Bailey,Denver Broncos,ROLB,795000.0,1,795000.0,1.0,CORRECT,0.0
Domata Serini,Luke Kandra,Carolina Panthers,RG,2975000.0,3,2975000.0,3.0,CORRECT,0.0
Santonio Jue,Major Burns,Chicago Bears,SS,2975000.0,3,2975000.0,3.0,CORRECT,0.0
Lorne Moe,Malik Herring,Kansas City Chiefs,RE,1700000.0,1,1700000.0,1.0,CORRECT,0.0
Steven Corzine,Malik Hamm,Baltimore Ravens,LE,2697000.0,3,2697000.0,3.0,CORRECT,0.0
Willard Poillon,N/A,New York A Jets,RG,1.84,1,N/A,N/A,NO_TEST_MATCH,N/A
Antonio Naposki,Mason Richman,Seattle Seahawks,RT,4325924.0,4,4325924.0,4.0,CORRECT,0.0
Dwaine Margucci,Matt Jones,Las Vegas Raiders,ROLB,2975000.0,3,2975000.0,3.0,CORRECT,0.0
Ned Wehrli,Michael Bandy,Denver Broncos,WR,960000.0,1,960000.0,1.0,CORRECT,0.0
Theophile Farrier,Michael Niese,Detroit Lions,RG,795000.0,1,795000.0,1.0,CORRECT,0.0
Daroll Roy,N/A,New Orleans,TE,4.301672,4,N/A,N/A,NO_TEST_MATCH,N/A
Lashaun Almodobar,N/A,Los Angeles A Chargers,CB,4.975,3,N/A,N/A,NO_TEST_MATCH,N/A
Dobie Hasselbeck,N/A,Los Angeles N Rams,FS,0.98,3,N/A,N/A,NO_TEST_MATCH,N/A
Avion Lyles,Natrone Brooks,Atlanta Falcons,CB,795000.0,1,795000.0,1.0,CORRECT,0.0
Rock Bulger,N/A,New Orleans,RG,4.682284,4,N/A,N/A,NO_TEST_MATCH,N/A
Cookie Gravelle,Nick Zakelj,San Francisco 49ers,RG,3850356.0,4,3850356.0,4.0,CORRECT,0.0
Maa Rowell,Nick Broeker,Pittsburgh Steelers,LG,0.03,1,N/A,N/A,NO_CONTRACT_FOUND,N/A
Darnerien Rhymes,Pat O'Connor,Detroit Lions,LE,1355000.0,1,1355000.0,1.0,CORRECT,0.0
Calvin Sexton,Payne Durham,Tampa Bay Buccaneers,TE,4084976.0,4,4084976.0,4.0,CORRECT,0.0
Dickie Defilippo,Quinn Ewers,Miami Dolphins,QB,4331576.0,4,4331576.0,4.0,CORRECT,0.0
Marshawn Conlin,N/A,Jacksonville,TE,3.15,1,N/A,N/A,NO_TEST_MATCH,N/A
Hokie Talib,Robert Beal Jr.,San Francisco 49ers,LE,4084976.0,4,4084976.0,4.0,CORRECT,0.0
Chandler Knapp,Ross Dwelley,San Francisco 49ers,TE,2.4225,1,N/A,N/A,NO_CONTRACT_FOUND,N/A
Orland Reis,Ryan Van Demark,Buffalo Bills,RT,1030000.0,1,1030000.0,1.0,CORRECT,0.0
Cordell Kanicki,Ryan Hayes,Miami Dolphins,LT,960000.0,1,960000.0,1.0,CORRECT,0.0
Burton Codie,Sean McKeon,Indianapolis Colts,TE,1170000.0,1,1170000.0,1.0,CORRECT,0.0
Jarvis Sisley,N/A,Los Angeles N Rams,CB,3.03,1,N/A,N/A,NO_TEST_MATCH,N/A
Slick Swiadon,Shilo Sanders,Tampa Bay Buccaneers,FS,2966572.0,3,2966572.0,3.0,CORRECT,0.0
Tommy Treggs,Silas Bolden,Minnesota Vikings,WR,2980000.0,3,2980000.0,3.0,CORRECT,0.0
Marq Simington,N/A,New York A Jets,TE,5891875.129361992,3,N/A,N/A,NO_TEST_MATCH,N/A
Champ Dallafior,Storm Duck,Miami Dolphins,CB,2850000.0,3,2850000.0,3.0,CORRECT,0.0
Percell Hogeboom,Teagan Quitoriano,Atlanta Falcons,TE,1100000.0,1,1100000.0,1.0,CORRECT,0.0
Andrae Barni,Travis Clayton,Buffalo Bills,LT,4141584.0,4,4141584.0,4.0,CORRECT,0.0
Yeremiah D'Onofrio,Treven Ma'ae,Las Vegas Raiders,DT,0.99,3,N/A,N/A,NO_CONTRACT_FOUND,N/A
Rey Bertelli,N/A,Los Angeles A Chargers,QB,4.0,1,N/A,N/A,NO_TEST_MATCH,N/A
Thurlow Gossage,Trey Hill,Green Bay Packers,C,1100000.0,1,1100000.0,1.0,CORRECT,0.0
Senderrick Eichenlaub,N/A,New York N Giants,MLB,1700000.0,1,N/A,N/A,NO_TEST_MATCH,N/A
Tod Platukis,Tylan Grable,Buffalo Bills,LT,4189912.0,4,4189912.0,4.0,CORRECT,0.0
Leland Worrell,Tyler Batty,Minnesota Vikings,RE,2990000.0,3,2990000.0,3.0,CORRECT,0.0
Maurkice Psaltis,Tysheem Johnson,Chicago Bears,FS,2980000.0,3,2980000.0,3.0,CORRECT,0.0
Rulon Karcis,Walter Rouse,Minnesota Vikings,RT,4246592.0,4,4246592.0,4.0,CORRECT,0.0
Monroe Cornelison,N/A,Los Angeles N Rams,WR,9672955.10874979,3,N/A,N/A,NO_TEST_MATCH,N/A
Russell Ricketts,Zach Thomas,Houston Texans,LG,1400000.0,1,1400000.0,1.0,CORRECT,0.0
Derrell Godwin,Aaron Brewer,Arizona Cardinals,LS,1422500.0,1,1422500.0,1.0,CORRECT,0.0
Ronald Bowe,N/A,Los Angeles N Rams,LS,2.7,3,N/A,N/A,NO_TEST_MATCH,N/A
Ollie Derr,Andrew Meyer,Miami Dolphins,C,2845000.0,3,2845000.0,3.0,CORRECT,0.0
Jerrel Rebsamen,Antonio Grier,Tampa Bay Buccaneers,MLB,960000.0,1,960000.0,1.0,CORRECT,0.0
Kelton Cardarelli,Atonio Mafi,Las Vegas Raiders,RG,1030000.0,1,1030000.0,1.0,CORRECT,0.0
Wild Gambrell,Austin Deculus,Houston Texans,RT,2070000.0,2,2070000.0,2.0,CORRECT,0.0
Sealver Cavosie,Austin Keys,Minnesota Vikings,MLB,2980000.0,3,2980000.0,3.0,CORRECT,0.0
Johnnie Thuerk,Avery Williams,Philadelphia Eagles,HB,1225000.0,1,1225000.0,1.0,CORRECT,0.0
Cas Bellore,Ben Sims,Green Bay Packers,TE,2705000.0,3,2705000.0,3.0,CORRECT,0.0
Vitamin Bienemann,Blake Whiteheart,Cleveland Browns,TE,1030000.0,1,1030000.0,1.0,CORRECT,0.0
Bree Gillom,Blayne Taylor,Indianapolis Colts,WR,2977500.0,3,2977500.0,3.0,CORRECT,0.0
Luther Royal,N/A,New York A Jets,QB,0.97,3,N/A,N/A,NO_TEST_MATCH,N/A
Fenuki Fries,N/A,New York A Jets,WR,9672955.10874979,3,N/A,N/A,NO_TEST_MATCH,N/A
Cotton Hoaglin,Brandon Walton,Carolina Panthers,LT,1030000.0,1,1030000.0,1.0,CORRECT,0.0
Ave Ivery,Brandon Pili,Seattle Seahawks,DT,915000.0,1,915000.0,1.0,CORRECT,0.0
Barrett Mellekas,N/A,Jacksonville,MLB,0.98,3,N/A,N/A,NO_TEST_MATCH,N/A
Darrin Braidwood,C.J. Brewer,Tampa Bay Buccaneers,DT,960000.0,1,960000.0,1.0,CORRECT,0.0
Jim Comella,Chris Stoll,Seattle Seahawks,LS,2701500.0,3,2701500.0,3.0,CORRECT,0.0
Ev Uzdavinis,Christian Kuntz,Pittsburgh Steelers,LS,3765000.0,3,3765000.0,3.0,CORRECT,0.0
Joshua Skoglund,C.J. Dippre,New England Patriots,TE,2995000.0,3,2995000.0,3.0,CORRECT,0.0
Tyreo Kinard,Clayton Tune,Arizona Cardinals,QB,4190624.0,4,4190624.0,4.0,CORRECT,0.0
Coty Smelley,Cody Lindenberg,Las Vegas Raiders,MLB,4341168.0,4,4341168.0,4.0,CORRECT,0.0
Aldo Guidry,Dallas Gant,Philadelphia Eagles,MLB,840000.0,1,840000.0,1.0,CORRECT,0.0
Troy Rutkowski,Dalton Cooper,Kansas City Chiefs,RT,2990000.0,3,2990000.0,3.0,CORRECT,0.0
Dwight Durkee,N/A,Jacksonville,LE,2.985,3,N/A,N/A,NO_TEST_MATCH,N/A
Igor Barlow,Dartanyan Tinsley,Cleveland Browns,LG,2970000.0,3,2970000.0,3.0,CORRECT,0.0
Moon Bucchianeri,David Martin-Robinson,Tennessee Titans,TE,2837500.0,3,2837500.0,3.0,CORRECT,0.0
Khaleed Mckay,N/A,New York N Giants,MLB,3.3375,1,N/A,N/A,NO_TEST_MATCH,N/A
June Bostick,Desmond Watson,Tampa Bay Buccaneers,DT,2985000.0,3,2985000.0,3.0,CORRECT,0.0
Earthwind Thomasson,Devin Culp,Tampa Bay Buccaneers,TE,4106184.0,4,4106184.0,4.0,CORRECT,0.0
Donte Coleman,Donovan McMillon,Cleveland Browns,FS,2975000.0,3,2975000.0,3.0,CORRECT,0.0
Jorvorskie Gartner,Dorian Mausi,Minnesota Vikings,ROLB,2970000.0,3,2970000.0,3.0,CORRECT,0.0
Treg Matteo,Dylan Cook,Pittsburgh Steelers,LT,960000.0,1,960000.0,1.0,CORRECT,0.0
Mcdonald Lavender,Easton Stick,Atlanta Falcons,QB,1337500.0,1,1337500.0,1.0,CORRECT,0.0
Flipper Ahrens,Eku Leota,Pittsburgh Steelers,RE,1030000.0,1,1030000.0,1.0,CORRECT,0.0
Montavious Corrington,Ethan Driskell,Kansas City Chiefs,RT,2870000.0,3,2870000.0,3.0,CORRECT,0.0
Lestar Planansky,N/A,Jacksonville,LT,3.3375,1,N/A,N/A,NO_TEST_MATCH,N/A
Jerraud Neighbors,Giovanni Ricci,Minnesota Vikings,FB,1100000.0,1,1100000.0,1.0,CORRECT,0.0
Kaseem Seawright,Glendon Miller,Kansas City Chiefs,FS,2985000.0,3,2985000.0,3.0,CORRECT,0.0
Mil Goetz,N/A,New Orleans,FS,9.1,3,N/A,N/A,NO_TEST_MATCH,N/A
Bernardo Direnzo,Jack Conley,New England Patriots,RG,2975000.0,3,2975000.0,3.0,CORRECT,0.0
Cleveland Jarrett,Jacob Hummel,Baltimore Ravens,MLB,0.2,1,N/A,N/A,NO_CONTRACT_FOUND,N/A
Stevie Mackey,Jalen Davis,Cincinnati Bengals,CB,1170000.0,1,1170000.0,1.0,CORRECT,0.0
Denver Strzelczyk,Jalin Conyers,Miami Dolphins,TE,2980000.0,3,2980000.0,3.0,CORRECT,0.0
Bronzell Rovinski,Jarrett Stidham,Denver Broncos,QB,12000000.0,2,12000000.0,2.0,CORRECT,0.0
Antico Guesman,Joe Huber,Minnesota Vikings,RG,2975000.0,3,2975000.0,3.0,CORRECT,0.0
Untz Driscoll,Jovaughn Gwyn,Atlanta Falcons,C,1030000.0,1,1030000.0,1.0,CORRECT,0.0
Si Stackpool,Kahlef Hailassie,Minnesota Vikings,CB,1030000.0,1,1030000.0,1.0,CORRECT,0.0
Waverly Gattis,N/A,Los Angeles A Chargers,ROLB,1.03,1,N/A,N/A,NO_TEST_MATCH,N/A
Crezdon Faneca,N/A,Los Angeles A Chargers,RG,0.84,1,N/A,N/A,NO_TEST_MATCH,N/A
Evan Vernon,N/A,Los Angeles N Rams,RE,3.03,1,N/A,N/A,NO_TEST_MATCH,N/A
Travian Zuidmulder,Kurtis Rourke,San Francisco 49ers,QB,4334236.0,4,4334236.0,4.0,CORRECT,0.0
Jiggs Barna,N/A,New Orleans,LG,3.755,2,N/A,N/A,NO_TEST_MATCH,N/A
Marlin Grange,N/A,New Orleans,RT,4.3275,1,N/A,N/A,NO_TEST_MATCH,N/A
Cop Simonini,Maema Njongmeta,Cincinnati Bengals,MLB,2845000.0,3,2845000.0,3.0,CORRECT,0.0
Preston Fujita,Matt Lee,Cincinnati Bengals,C,4121752.0,4,4121752.0,4.0,CORRECT,0.0
Buster Maddox,Maurice Alexander,Chicago Bears,WR,1030000.0,1,1030000.0,1.0,CORRECT,0.0
Domonique Lennan,Mello Dotson,Carolina Panthers,CB,840000.0,1,840000.0,1.0,CORRECT,0.0
Merl Duncum,Mike Reid,Carolina Panthers,CB,3.975,3,N/A,N/A,NO_CONTRACT_FOUND,N/A
Clay Dutton,N/A,Los Angeles A Chargers,RG,3.98,3,N/A,N/A,NO_TEST_MATCH,N/A
Elijah Arnett,Nate Brooks,Cincinnati Bengals,CB,960000.0,1,960000.0,1.0,CORRECT,0.0
Hop Dunsmore,Nick Muse,Philadelphia Eagles,TE,1150000.0,1,1150000.0,1.0,CORRECT,0.0
Lu Lissemore,Nick Samac,Baltimore Ravens,C,4129844.0,4,4129844.0,4.0,CORRECT,0.0
Pio Lobenstein,Raymond Johnson III,Cincinnati Bengals,LE,960000.0,1,960000.0,1.0,CORRECT,0.0
Riddick Correal,Reid Holskey,Baltimore Ravens,LT,2982500.0,3,2982500.0,3.0,CORRECT,0.0
Kamerion Haycraft,Shaka Heyward,Cincinnati Bengals,ROLB,795000.0,1,795000.0,1.0,CORRECT,0.0
Rice Grimm,N/A,Los Angeles N Rams,MLB,2.99,3,N/A,N/A,NO_TEST_MATCH,N/A
Garcia Elko,N/A,Los Angeles N Rams,QB,3.53914,4,N/A,N/A,NO_TEST_MATCH,N/A
Keiland Malbrough,N/A,New York N Giants,RT,9988303.54320508,3,N/A,N/A,NO_TEST_MATCH,N/A
Albert Sevy,Storm Norton,Atlanta Falcons,RT,3000000.0,2,3000000.0,2.0,CORRECT,0.0
Braden Dion,Tarron Jackson,San Francisco 49ers,LE,1100000.0,1,1100000.0,1.0,CORRECT,0.0
Alvis Hollomon,N/A,Los Angeles A Chargers,DT,0.975,3,N/A,N/A,NO_TEST_MATCH,N/A
Bhawoh Runyan,Thomas Odukoya,Tennessee Titans,TE,960000.0,1,960000.0,1.0,CORRECT,0.0
Lavar Duyne,Tommy Mellott,Las Vegas Raiders,WR,4374280.0,4,4374280.0,4.0,CORRECT,0.0
Bryan Whaley,Trey Washington,Indianapolis Colts,FS,2972000.0,3,2972000.0,3.0,CORRECT,0.0
Nedu Munoz,Tristin McCollum,Philadelphia Eagles,FS,2085000.0,2,2085000.0,2.0,CORRECT,0.0
Stan Carthon,Troy Hairston,Cleveland Browns,FB,2.638588,4,N/A,N/A,NO_CONTRACT_FOUND,N/A
Ifeanyi Kulbacki,N/A,New York A Jets,TE,5891875.129361992,3,N/A,N/A,NO_TEST_MATCH,N/A
Lamar Ambrose,N/A,Los Angeles N Rams,LT,2.96,1,N/A,N/A,NO_TEST_MATCH,N/A
Erich Babartsky,Addison West,Miami Dolphins,LG,2980000.0,3,2980000.0,3.0,CORRECT,0.0
Junior Ware,Alec Lindstrom,New England Patriots,C,960000.0,1,960000.0,1.0,CORRECT,0.0
Herman Poimbeouf,Amari Gainer,Las Vegas Raiders,ROLB,2850000.0,3,2850000.0,3.0,CORRECT,0.0
Mathias Stonebreaker,Andre Baccellia,Arizona Cardinals,WR,1030000.0,1,1030000.0,1.0,CORRECT,0.0
Merrill Seliger,Andrew Farmer,Denver Broncos,RE,960000.0,1,960000.0,1.0,CORRECT,0.0
Odis Hargain,Anthony Kendall,Cleveland Browns,CB,960000.0,1,960000.0,1.0,CORRECT,0.0
Moran Kurek,Benjamin Yurosek,Minnesota Vikings,TE,2.985,3,N/A,N/A,NO_CONTRACT_FOUND,N/A
Jose Tasker,Benton Whitley,Arizona Cardinals,LE,1895000.0,2,1895000.0,2.0,CORRECT,0.0
Moxie Lucci,Brady Russell,Seattle Seahawks,TE,1030000.0,1,1030000.0,1.0,CORRECT,0.0
Jamall Vetter,Cam Grandy,Cincinnati Bengals,TE,980000.0,1,980000.0,1.0,CORRECT,0.0
Koy Jonasen,Chaz Chambliss,Minnesota Vikings,ROLB,2985000.0,3,2985000.0,3.0,CORRECT,0.0
Micheal Ittersagen,Chris Roland-Wallace,Kansas City Chiefs,CB,1.835,3,N/A,N/A,NO_CONTRACT_FOUND,N/A
Conway Tamburello,Chris Glaser,Chicago Bears,C,1030000.0,1,1030000.0,1.0,CORRECT,0.0
Van Hardin,Chris Paul,Washington Commanders,LG,3764444.0,4,3764444.0,4.0,CORRECT,0.0
Ariel Diamond,Cody White,Seattle Seahawks,WR,1030000.0,1,1030000.0,1.0,CORRECT,0.0
Alvie Bregel,Cole Christiansen,Kansas City Chiefs,MLB,1100000.0,1,1100000.0,1.0,CORRECT,0.0
Lindon Dufault,Colson Yankoff,Washington Commanders,TE,2840000.0,3,2840000.0,3.0,CORRECT,0.0
Toran Gore,Dan Skipper,Detroit Lions,RT,1422500.0,1,1422500.0,1.0,CORRECT,0.0
Louie Kalu,Dominique Dafney,Carolina Panthers,TE,1030000.0,1,1030000.0,1.0,CORRECT,0.0
Connor Stolfa,Dorian Thompson-Robinson,Philadelphia Eagles,QB,4182272.0,4,4182272.0,4.0,CORRECT,0.0
Primo Yoho,Esa Pole,Kansas City Chiefs,LT,2985000.0,3,2985000.0,3.0,CORRECT,0.0
Trey Hahn,Federico Maranges,Seattle Seahawks,C,2981000.0,3,2981000.0,3.0,CORRECT,0.0
Max Yaccino,Frank Gore Jr.,Buffalo Bills,HB,1853000.0,2,1853000.0,2.0,CORRECT,0.0
Charlie Higgs,Graham Mertz,Houston Texans,QB,4428484.0,4,4428484.0,4.0,CORRECT,0.0
Torey Gutknecht,Hollin Pierce,Philadelphia Eagles,LT,2995000.0,3,2995000.0,3.0,CORRECT,0.0
Naz Temple,Jackson Hawes,Buffalo Bills,TE,4520216.0,4,4520216.0,4.0,CORRECT,0.0
Antwaun Corral,Jaelyn Duncan,Tennessee Titans,RT,4029800.0,4,4029800.0,4.0,CORRECT,0.0
Jarett Bland,Jalen Sundell,Seattle Seahawks,C,795000.0,1,795000.0,1.0,CORRECT,0.0
Rasheed Lubischer,Jarrod Hufford,Las Vegas Raiders,C,2975000.0,3,2975000.0,3.0,CORRECT,0.0
Emmitt Mccallister,Jay Higgins,Baltimore Ravens,MLB,2985000.0,3,2985000.0,3.0,CORRECT,0.0
Arrike Lasse,John Ojukwu,Tennessee Titans,LT,1665000.0,2,1665000.0,2.0,CORRECT,0.0
Hec Hall,N/A,Los Angeles A Chargers,CB,2.975,3,N/A,N/A,NO_TEST_MATCH,N/A
Merv Spindler,Jordan Mims,Tennessee Titans,HB,2035000.0,2,2035000.0,2.0,CORRECT,0.0
Obed Leribeus,Josh Priebe,Miami Dolphins,LG,2980000.0,3,2980000.0,3.0,CORRECT,0.0
Hoge Steiner,Joshua Gray,Atlanta Falcons,LG,2985000.0,3,2985000.0,3.0,CORRECT,0.0
Horst Muckensturm,Julian Pearl,Cleveland Browns,RT,1.2,1,N/A,N/A,NO_CONTRACT_FOUND,N/A
Dion Zandofsky,Kadeem Telfort,Green Bay Packers,LT,960000.0,1,960000.0,1.0,CORRECT,0.0
Socko Lind,Keith Randolph Jr.,Green Bay Packers,DT,840000.0,1,840000.0,1.0,CORRECT,0.0
Boone Pollock,Kyler McMichael,Pittsburgh Steelers,CB,840000.0,1,840000.0,1.0,CORRECT,0.0
Chaun Enright,Lamar Jackson,Atlanta Falcons,CB,1030000.0,1,1030000.0,1.0,CORRECT,0.0
Roddy Bosher,Liam Anderson,Indianapolis Colts,MLB,34.212827,4,N/A,N/A,NO_CONTRACT_FOUND,N/A
Rick Simonetti,Luke Tenuta,Indianapolis Colts,RT,960000.0,1,960000.0,1.0,CORRECT,0.0
Fee Langham,Malik Cunningham,Baltimore Ravens,WR,960000.0,1,960000.0,1.0,CORRECT,0.0
Brenden Maccollum,Matt Orzech,Green Bay Packers,LS,3.125,1,N/A,N/A,NO_CONTRACT_FOUND,N/A
Joe Barrington,Messiah Swinson,Green Bay Packers,TE,960000.0,1,960000.0,1.0,CORRECT,0.0
Windrell Kuffel,Michael Jurgens,Minnesota Vikings,C,4128740.0,4,4128740.0,4.0,CORRECT,0.0
Khalid Hapes,Nate Adkins,Denver Broncos,TE,2705000.0,3,2705000.0,3.0,CORRECT,0.0
Gar Keenan,N/A,Jacksonville,QB,5.5,2,N/A,N/A,NO_TEST_MATCH,N/A
Rod Doerger,Patrick Taylor,San Francisco 49ers,HB,1170000.0,1,1170000.0,1.0,CORRECT,0.0
Yale Teerlinck,Power Echols,Chicago Bears,MLB,2985000.0,3,2985000.0,3.0,CORRECT,0.0
Lucien Theofiledes,Princeton Fant,Dallas Cowboys,TE,1755000.0,2,1755000.0,2.0,CORRECT,0.0
Lenny Herock,N/A,New York A Jets,WR,1.975,3,N/A,N/A,NO_TEST_MATCH,N/A
Antuan Drake,N/A,New York N Giants,SS,0.985,1,N/A,N/A,NO_TEST_MATCH,N/A
Kealoha Gainer,Raiqwon O'Neal,Tampa Bay Buccaneers,LG,960000.0,1,960000.0,1.0,CORRECT,0.0
Aubrey Duggan,Tanner McKee,Philadelphia Eagles,QB,4026520.0,4,4026520.0,4.0,CORRECT,0.0
Derland Wallerstedt,Thomas Harper,Las Vegas Raiders,FS,2840000.0,3,2840000.0,3.0,CORRECT,0.0
Harper Eckl,N/A,New York N Giants,QB,1.03,1,N/A,N/A,NO_TEST_MATCH,N/A
Adalius Lacy,Tre Swilling,Carolina Panthers,CB,840000.0,1,840000.0,1.0,CORRECT,0.0
Cordy Suggs,N/A,New Orleans,MLB,2.975,3,N/A,N/A,NO_TEST_MATCH,N/A
Sod Braxton,Wesley French,Indianapolis Colts,LG,1050000.0,1,1050000.0,1.0,CORRECT,0.0
Matt Brewington,Zach Davidson,Buffalo Bills,TE,2042000.0,2,2042000.0,2.0,CORRECT,0.0
Emerson Booty,Amari Kight,Seattle Seahawks,LT,2966500.0,3,2966500.0,3.0,CORRECT,0.0
Ta'Ase Post,Bobby Price,Washington Commanders,CB,1170000.0,1,1170000.0,1.0,CORRECT,0.0
Lawyer Cosby,Bryson Nesbit,Minnesota Vikings,TE,2970000.0,3,2970000.0,3.0,CORRECT,0.0
Filmel Ruetz,Caleb Lohner,Denver Broncos,TE,4309488.0,4,4309488.0,4.0,CORRECT,0.0
Leodis Mockmore,Cam Miller,Las Vegas Raiders,QB,4374280.0,4,4374280.0,4.0,CORRECT,0.0
Lyneal Maznicki,Desmond Igbinosun,Baltimore Ravens,SS,2966000.0,3,2966000.0,3.0,CORRECT,0.0
Kori Lindell,Doug Kramer,Chicago Bears,C,1030000.0,1,1030000.0,1.0,CORRECT,0.0
Lud Druze,Elijah Dotson,Atlanta Falcons,HB,960000.0,1,960000.0,1.0,CORRECT,0.0
Eron Mcclellin,Jack Cochrane,Kansas City Chiefs,MLB,2100000.0,1,2100000.0,1.0,CORRECT,0.0
Da'Rel Bykowski,Jared Penning,Baltimore Ravens,LG,2967500.0,3,2967500.0,3.0,CORRECT,0.0
Jaiquawn Maynard,Jason Ivey,Cleveland Browns,RT,2970000.0,3,2970000.0,3.0,CORRECT,0.0
Lequan Arthur,Jaxson Kirkland,Cincinnati Bengals,LG,960000.0,1,960000.0,1.0,CORRECT,0.0
Rodregis Oas,Joe Cardona,Miami Dolphins,LS,1422500.0,1,1422500.0,1.0,CORRECT,0.0
Winford Gaydos,N/A,Jacksonville,QB,0.17,1,N/A,N/A,NO_TEST_MATCH,N/A
Halvor Pesonen,Johnny Walker,Denver Broncos,ROLB,2985000.0,3,2985000.0,3.0,CORRECT,0.0
Renardo Cantor,Josh Sills,Indianapolis Colts,LG,1030000.0,1,1030000.0,1.0,CORRECT,0.0
Juan Crowther,Keondre Jackson,Baltimore Ravens,FS,2972500.0,3,2972500.0,3.0,CORRECT,0.0
Glynn Daigle,Kyle Hinton,Atlanta Falcons,RG,5750000.0,2,5750000.0,2.0,CORRECT,0.0
Olivier Sebo,Kyle Allen,Detroit Lions,QB,1270000.0,1,1270000.0,1.0,CORRECT,0.0
Alec Heimkreiter,N/A,New York A Jets,ROLB,4597379.176760853,3,N/A,N/A,NO_TEST_MATCH,N/A
Cameron Threadgill,Max Brosmer,Minnesota Vikings,QB,2975000.0,3,2975000.0,3.0,CORRECT,0.0
King Chmura,N/A,Jacksonville,RG,2.975,3,N/A,N/A,NO_TEST_MATCH,N/A
Belf Shropshire,Sam Kamara,Cleveland Browns,DT,985000.0,1,985000.0,1.0,CORRECT,0.0
Jerico Clancy,Stephen Carlson,Chicago Bears,TE,1030000.0,1,1030000.0,1.0,CORRECT,0.0
Stewart Konetsky,N/A,Los Angeles N Rams,RT,3.985,3,N/A,N/A,NO_TEST_MATCH,N/A
Arda Field,Tyler Mabry,Carolina Panthers,TE,960000.0,1,960000.0,1.0,CORRECT,0.0
Stud Meinert,Tyler Davis,New England Patriots,TE,4.202552,4,N/A,N/A,NO_CONTRACT_FOUND,N/A
Mike Tully,Tyrone Wheatley Jr.,Atlanta Falcons,LT,960000.0,1,960000.0,1.0,CORRECT,0.0
Mardye Dulin,Amen Ogbongbemiga,Chicago Bears,ROLB,5000000.0,2,5000000.0,2.0,CORRECT,0.0
Keyunta Walston,Andrew Coker,Cincinnati Bengals,LT,840000.0,1,840000.0,1.0,CORRECT,0.0
Taj Lebengood,Ben VanSumeren,Philadelphia Eagles,ROLB,1055000.0,1,1055000.0,1.0,CORRECT,0.0
Ottis Vairo,N/A,Los Angeles N Rams,LT,0.971,3,N/A,N/A,NO_TEST_MATCH,N/A
Doak Steger,Brenden Jaimes,Tennessee Titans,C,4.79778,4,N/A,N/A,NO_CONTRACT_FOUND,N/A
Howard Peko,Caleb Johnson,Atlanta Falcons,MLB,1170000.0,1,1170000.0,1.0,CORRECT,0.0
Shareece Jenkins,N/A,Jacksonville,SS,2.9665,3,N/A,N/A,NO_TEST_MATCH,N/A
Everette Schnelker,Carter Runyon,Las Vegas Raiders,TE,7.0,4,N/A,N/A,NO_CONTRACT_FOUND,N/A
Jamarca Mazzanti,N/A,Jacksonville,RT,5.406,1,N/A,N/A,NO_TEST_MATCH,N/A
Zvonimir Longstreet,Devin Cochran,Cincinnati Bengals,RT,1875000.0,2,1875000.0,2.0,CORRECT,0.0
Teag Seder,Jake Majors,Tampa Bay Buccaneers,C,2975000.0,3,2975000.0,3.0,CORRECT,0.0
Kentwan Steinbrunner,Jake Tonges,San Francisco 49ers,TE,1030000.0,1,1030000.0,1.0,CORRECT,0.0
Malaefou Woodeshick,Jared Ivey,Seattle Seahawks,LE,2980000.0,3,2980000.0,3.0,CORRECT,0.0
Bern Gaylor,Jayson Jones,Baltimore Ravens,DT,2970000.0,3,2970000.0,3.0,CORRECT,0.0
Lindsey Unck,N/A,New York N Giants,C,3.03,1,N/A,N/A,NO_TEST_MATCH,N/A
Ralph Iverson,Josh Johnson,Washington Commanders,QB,1422500.0,1,1422500.0,1.0,CORRECT,0.0
Dequan Herrin,Kyle Trask,Tampa Bay Buccaneers,QB,2787500.0,1,2787500.0,1.0,CORRECT,0.0
Blanchard Mikolajczyk,Michael Pratt,Tampa Bay Buccaneers,QB,2285000.0,2,2285000.0,2.0,CORRECT,0.0
Lecharles Tuman,Morice Norris,Detroit Lions,SS,795000.0,1,795000.0,1.0,CORRECT,0.0
Seyi Landeta,Ozzie Hutchinson,Baltimore Ravens,C,5.003704,4,N/A,N/A,NO_CONTRACT_FOUND,N/A
Arlen Gage,N/A,Los Angeles A Chargers,TE,5891875.129361992,3,N/A,N/A,NO_TEST_MATCH,N/A
Robaire Ruskusky,Ty Okada,Seattle Seahawks,SS,1030000.0,1,1030000.0,1.0,CORRECT,0.0
Jermale Baisi,Will Sherman,Denver Broncos,RG,840000.0,1,840000.0,1.0,CORRECT,0.0
Kiante Capps,N/A,Los Angeles N Rams,RG,1.995,3,N/A,N/A,NO_TEST_MATCH,N/A
Bosh Hunnicutt,Ben Scott,Tampa Bay Buccaneers,C,2980000.0,3,2980000.0,3.0,CORRECT,0.0
Versil Bowyer,N/A,New York A Jets,CB,1.2,1,N/A,N/A,NO_TEST_MATCH,N/A
Jalil Bayley,Chandler Brewer,Tennessee Titans,RG,3.17,1,N/A,N/A,NO_CONTRACT_FOUND,N/A
Travaris Shugart,Devin Leary,Baltimore Ravens,QB,840000.0,1,840000.0,1.0,CORRECT,0.0
Tramon Egboh,Eric Banks,Tampa Bay Buccaneers,LE,1030000.0,1,1030000.0,1.0,CORRECT,0.0
Dennis Rowan,Evan Deckers,Tampa Bay Buccaneers,LS,795000.0,1,795000.0,1.0,CORRECT,0.0
Dorson Prudhomme,Josh Ross,Seattle Seahawks,MLB,1030000.0,1,1030000.0,1.0,CORRECT,0.0
Hunter Childress,Kingsley Eguakun,Detroit Lions,C,840000.0,1,840000.0,1.0,CORRECT,0.0
Irv Zackery,Kion Smith,Miami Dolphins,LT,1855000.0,2,1855000.0,2.0,CORRECT,0.0
Mathewson Aikman,Leroy Watson,Minnesota Vikings,LT,1030000.0,1,1030000.0,1.0,CORRECT,0.0
Knuckles Quigley,Nikola Kalinic,Atlanta Falcons,TE,2045000.0,2,2045000.0,2.0,CORRECT,0.0
Tysyn Harden,Rex Sunahara,Cleveland Browns,LS,795000.0,1,795000.0,1.0,CORRECT,0.0
Taye Southard,N/A,Los Angeles A Chargers,TE,3.97,3,N/A,N/A,NO_TEST_MATCH,N/A
Arnold Voytek,N/A,New Orleans,C,1.99,3,N/A,N/A,NO_TEST_MATCH,N/A
Diamond Flynn,Tyson Bagent,Chicago Bears,QB,2720000.0,3,2720000.0,3.0,CORRECT,0.0
Muhsin Figures,Vi Jones,Arizona Cardinals,ROLB,915000.0,1,915000.0,1.0,CORRECT,0.0
Fili Trejo,William Kwenkeu,Baltimore Ravens,ROLB,960000.0,1,960000.0,1.0,CORRECT,0.0
Ma'Ake Zyntell,N/A,New York A Jets,LG,1.1,1,N/A,N/A,NO_TEST_MATCH,N/A
Ligarius Avinger,Zeke Correll,Minnesota Vikings,C,2975000.0,3,2975000.0,3.0,CORRECT,0.0
Robert Giaquinto,Ben Wooldridge,New England Patriots,QB,2971000.0,3,2971000.0,3.0,CORRECT,0.0
Bub Biddle,Brett Rypien,Minnesota Vikings,QB,1195000.0,1,1195000.0,1.0,CORRECT,0.0
Timmie Dokes,Curtis Robinson,San Francisco 49ers,MLB,1170000.0,1,1170000.0,1.0,CORRECT,0.0
Keyaron Parkin,Ezekiel Turner,Detroit Lions,ROLB,1255000.0,1,1255000.0,1.0,CORRECT,0.0
Jajuan Hufnagel,Jackson Barton,Cleveland Browns,RT,1170000.0,1,1170000.0,1.0,CORRECT,0.0
Reynaud Vandersea,Patrick O'Connell,Seattle Seahawks,MLB,750000.0,1,750000.0,1.0,CORRECT,0.0
Manch Mecham,Sam Hartman,Washington Commanders,QB,960000.0,1,960000.0,1.0,CORRECT,0.0
Dequin Kendrick,Scott Daly,Chicago Bears,LS,1337500.0,1,1337500.0,1.0,CORRECT,0.0
Grassy Wortham,Sean Clifford,Green Bay Packers,QB,960000.0,1,960000.0,1.0,CORRECT,0.0
Keary Pickel,Trent Scott,Washington Commanders,LT,3.4225,1,N/A,N/A,NO_CONTRACT_FOUND,N/A
Bev Younce,Sam Ehlinger,Denver Broncos,QB,1337500.0,1,1337500.0,1.0,CORRECT,0.0
Tom Mcshane,Tim Boyle,Tennessee Titans,QB,1170000.0,1,N/A,N/A,NO_CONTRACT_FOUND,N/A
Rocco Mcgaw,Tyree Jackson,Washington Commanders,TE,1100000.0,1,1100000.0,1.0,CORRECT,0.0
Tyoka Dreessen,Will Grier,Dallas Cowboys,QB,1170000.0,1,1170000.0,1.0,CORRECT,0.0
Terrence Tindale,Chris Oladokun,Kansas City Chiefs,QB,840000.0,1,840000.0,1.0,CORRECT,0.0
Nijrell Depler,Foster Sarell,Washington Commanders,LT,1100000.0,1,1100000.0,1.0,CORRECT,0.0
Elvis Bancroft,Joshua Miles,Chicago Bears,LT,1170000.0,1,1170000.0,1.0,CORRECT,0.0
Jamaine Sendejo,Brandon Allen,Tennessee Titans,QB,1422500.0,1,1422500.0,1.0,CORRECT,0.0
Keilen Skow,Feleipe Franks,Atlanta Falcons,TE,1440000.0,1,1440000.0,1.0,CORRECT,0.0
Marvcus Winburn,Matt Nelson,Minnesota Vikings,RT,1170000.0,1,1170000.0,1.0,CORRECT,0.0
Trindon Gant,Brett Toth,Philadelphia Eagles,LT,1170000.0,1,1170000.0,1.0,CORRECT,0.0
Basilio Flannery,Ryan McCollum,Pittsburgh Steelers,C,1030000.0,1,1030000.0,1.0,CORRECT,0.0
Colin Treadwell,Tanner Conner,Miami Dolphins,TE,2085000.0,2,2085000.0,2.0,CORRECT,0.0
Cody Ferragamo,Shane Buechele,Buffalo Bills,QB,1030000.0,1,1030000.0,1.0,CORRECT,0.0
Fabray Songy,Emory Jones,Atlanta Falcons,QB,840000.0,1,840000.0,1.0,CORRECT,0.0
