"RK","Player","Pos","Team                     Currently With","Age                     At Signing","Start                     Year","End                     Year","Yrs","Value","Average                     Salary","Guarantee                     at Sign","Practical                     Guarantee"
"1","Patrick Mahomes","QB","KC                  KC","24","2020","2031","10","$450,000,000","$45,000,000","$63,081,905","$141,481,905"
"2","Josh Allen","QB","BUF                  BUF","28","2025","2030","6","$330,000,000","$55,000,000","$147,000,000","$250,000,000"
"T3","Joe Burrow","QB","CIN                  CIN","26","2023","2029","5","$275,000,000","$55,000,000","$146,510,000","$219,010,000"
"T3","Trevor Lawrence","QB","JAX                  JAX","24","2024","2030","5","$275,000,000","$55,000,000","$142,000,000","$200,000,000"
"5","Brock Purdy","QB","SF                  SF","25","2025","2030","5","$265,000,000","$53,000,000","$100,000,000","$182,550,000"
"6","Justin Herbert","QB","LAC                  LAC","25","2023","2029","5","$262,500,000","$52,500,000","$133,738,376","$218,738,376"
"7","Lamar Jackson","QB","BAL                  BAL","26","2023","2027","5","$260,000,000","$52,000,000","$135,000,000","$185,000,000"
"8","Jalen Hurts","QB","PHI                  PHI","24","2023","2028","5","$255,000,000","$51,000,000","$110,000,000","$179,399,000"
"9","Dak Prescott","QB","DAL                  DAL","31","2024","2028","4","$240,000,000","$60,000,000","$129,000,000","$231,000,000"
"10","Kyler Murray","QB","ARI                  ARI","24","2022","2028","5","$230,500,000","$46,100,000","$103,300,000","$159,797,000"
"11","Deshaun Watson","QB","CLE                  CLE","26","2022","2026","5","$230,000,000","$46,000,000","$230,000,000","$230,000,000"
"12","Jordan Love","QB","GB                  GB","25","2024","2028","4","$220,000,000","$55,000,000","$100,800,000","$160,300,000"
"13","Tua Tagovailoa","QB","MIA                  MIA","26","2024","2028","4","$212,400,000","$53,100,000","$93,171,000","$167,171,000"
"14","Jared Goff","QB","DET                  DET","29","2024","2028","4","$212,000,000","$53,000,000","$113,611,000","$170,611,000"
"15","Kirk Cousins","QB","ATL                  ATL","35","2024","2027","4","$180,000,000","$45,000,000","$90,000,000","$100,000,000"
"16","Nick Bosa","DE","SF                  SF","25","2023","2028","5","$170,000,000","$34,000,000","$88,000,000","$122,500,000"
"17","Ja'Marr Chase","WR","CIN                  CIN","25","2025","2029","4","$161,000,000","$40,250,000","$73,900,000","$112,000,000"
"18","Myles Garrett","DE","CLE                  CLE","29","2025","2030","4","$160,000,000","$40,000,000","$59,296,125","$123,596,125"
"19","Chris Jones","DT","KC                  KC","29","2024","2028","5","$158,750,000","$31,750,000","$60,000,000","$95,000,000"
"20","Joshua Hines-Allen","OLB","JAX                  JAX","26","2024","2028","5","$141,250,000","$28,250,000","$76,500,000","$88,000,000"
"21","Brian Burns","OLB","NYG                  NYG","25","2024","2028","5","$141,000,000","$28,200,000","$76,000,000","$87,500,000"
"22","Tristan Wirfs","LT","TB                  TB","25","2024","2029","5","$140,600,000","$28,120,000","$52,244,000","$88,240,000"
"23","Justin Jefferson","WR","MIN                  MIN","25","2024","2028","4","$140,000,000","$35,000,000","$88,743,000","$110,000,000"
"24","CeeDee Lamb","WR","DAL                  DAL","25","2024","2029","4","$136,000,000","$34,000,000","$67,000,000","$100,000,000"
"25","D.K. Metcalf","WR","PIT                  PIT","27","2025","2029","4","$132,000,000","$33,000,000","$60,000,000","$60,000,000"
"26","Garrett Wilson","WR","NYJ                  NYJ","24","2025","2030","4","$130,000,000","$32,500,000","$40,732,638","$90,000,000"
"27","T.J. Watt","OLB","PIT                  PIT","30","2025","2028","3","$123,000,000","$41,000,000","$108,000,000","$108,000,000"
"28","Ahmad Gardner","CB","NYJ                  NYJ","23","2025","2030","4","$120,400,000","$30,100,000","$40,500,000","$85,403,473"
"29","Amon-Ra St. Brown","WR","DET                  DET","24","2024","2028","4","$120,010,000","$30,002,500","$34,666,000","$77,000,000"
"30","Brandon Aiyuk","WR","SF                  SF","26","2024","2028","4","$120,000,000","$30,000,000","$45,000,000","$76,000,000"
"31","Andrew Thomas","LT","NYG                  NYG","24","2023","2029","5","$117,500,000","$23,500,000","$67,000,000","$67,000,000"
"32","Tee Higgins","WR","CIN                  CIN","26","2025","2028","4","$115,000,000","$28,750,000","$30,000,000","$40,900,000"
"33","Rashawn Slater","LT","LAC                  LAC","26","2025","2029","4","$114,000,000","$28,500,000","$56,000,000","$92,000,000"
"34","Penei Sewell","RT","DET                  DET","23","2024","2029","4","$112,000,000","$28,000,000","$42,986,000","$85,000,000"
"35","D.J. Moore","WR","CHI                  CHI","27","2024","2029","4","$110,000,000","$27,500,000","$43,650,000","$81,525,000"
"36","Maxx Crosby","DE","LV                  LV","27","2025","2029","3","$106,500,000","$35,500,000","$62,500,000","$91,500,000"
"T37","Milton Williams","DE","NE                  NE","26","2025","2028","4","$104,000,000","$26,000,000","$51,000,000","$63,000,000"
"T37","Christian Darrisaw","LT","MIN                  MIN","25","2024","2029","4","$104,000,000","$26,000,000","$43,725,000","$67,141,000"
"39","Chris Lindstrom","G","ATL                  ATL","26","2023","2028","5","$102,500,000","$20,500,000","$48,202,000","$48,202,000"
"40","Zach Allen","DE","DEN                  DEN","27","2025","2029","4","$102,000,000","$25,500,000","$44,250,000","$69,500,000"
"T41","Denzel Ward","CB","CLE                  CLE","24","2022","2027","5","$100,500,000","$20,100,000","$44,500,000","$71,250,000"
"T41","Sam Darnold","QB","SEA                  SEA","27","2025","2027","3","$100,500,000","$33,500,000","$37,500,000","$55,000,000"
"T43","Robert Hunt","G","CAR                  CAR","27","2024","2028","5","$100,000,000","$20,000,000","$44,000,000","$63,000,000"
"T43","Baker Mayfield","QB","TB                  TB","28","2024","2026","3","$100,000,000","$33,333,333","$40,000,000","$50,000,000"
"T43","Jaycee Horn","CB","CAR                  CAR","25","2025","2029","4","$100,000,000","$25,000,000","$46,707,000","$72,000,000"
"T43","Bernhard Raimann","LT","IND                  IND","27","2025","2029","4","$100,000,000","$25,000,000","$36,656,000","$60,000,000"
"T43","Roquan Smith","ILB","BAL                  BAL","25","2023","2027","5","$100,000,000","$20,000,000","$45,000,000","$60,000,000"
"T48","Montez Sweat","DE","CHI                  CHI","27","2023","2027","4","$98,000,000","$24,500,000","$41,964,888","$62,864,888"
"T48","Nnamdi Madubuike","DT","BAL                  BAL","26","2024","2027","4","$98,000,000","$24,500,000","$53,500,000","$75,500,000"
"50","Marshon Lattimore","CB","WAS                  WAS","24","2021","2026","5","$97,603,000","$19,520,600","$34,103,000","$58,103,000"
"51","Marlon Humphrey","CB","BAL                  BAL","23","2020","2026","5","$97,500,000","$19,500,000","$40,324,566","$67,324,566"
"T52","Alim McNeill","DT","DET                  DET","24","2024","2028","4","$97,000,000","$24,250,000","$28,060,667","$55,060,667"
"T52","Trevon Diggs","CB","DAL                  DAL","25","2023","2028","5","$97,000,000","$19,400,000","$33,304,000","$42,304,000"
"T54","Rashan Gary","DE","GB                  GB","25","2023","2027","4","$96,000,000","$24,000,000","$34,646,928","$34,646,928"
"T54","Quinnen Williams","DT","NYJ                  NYJ","25","2023","2027","4","$96,000,000","$24,000,000","$47,835,000","$66,000,000"
"T54","A.J. Brown","WR","PHI                  PHI","26","2024","2029","3","$96,000,000","$32,000,000","$51,000,000","$84,000,000"
"T54","Derrick Brown","DT","CAR                  CAR","25","2024","2028","4","$96,000,000","$24,000,000","$41,165,000","$59,315,000"
"T54","Patrick Surtain II","CB","DEN                  DEN","24","2024","2029","4","$96,000,000","$24,000,000","$40,688,565","$77,500,000"
"T59","Trey Smith","G","KC                  KC","26","2025","2028","4","$94,000,000","$23,500,000","$46,750,000","$70,000,000"
"T59","Jeffery Simmons","DT","TEN                  TEN","25","2023","2027","4","$94,000,000","$23,500,000","$47,830,000","$59,330,000"
"61","Brian O'Neill","RT","MIN                  MIN","25","2021","2026","5","$92,500,000","$18,500,000","$22,626,000","$53,526,000"
"T62","Calvin Ridley","WR","TEN                  TEN","29","2024","2027","4","$92,000,000","$23,000,000","$46,980,000","$50,000,000"
"T62","Courtland Sutton","WR","DEN                  DEN","29","2025","2029","4","$92,000,000","$23,000,000","$40,000,000","$41,000,000"
"T64","Derek Stingley Jr.","CB","HOU                  HOU","23","2025","2029","3","$90,000,000","$30,000,000","$48,026,000","$89,026,000"
"T64","Daron Payne","DT","WAS                  WAS","25","2023","2026","4","$90,000,000","$22,500,000","$55,010,000","$59,010,000"
"T64","Tyreek Hill","WR","MIA                  MIA","30","2024","2026","3","$90,000,000","$30,000,000","$54,000,000","$59,000,000"
"67","Deommodore Lenoir","CB","SF                  SF","25","2024","2029","5","$88,884,000","$17,776,800","$15,858,889","$38,358,889"
"T68","Zach Tom","RT","GB                  GB","26","2025","2029","4","$88,000,000","$22,000,000","$30,200,000","$30,200,000"
"T68","George Karlaftis","DE","KC                  KC","24","2025","2030","4","$88,000,000","$22,000,000","$32,000,000","$61,778,566"
"70","Will Fries","G","MIN                  MIN","26","2025","2029","5","$87,720,000","$17,544,000","$34,000,000","$44,000,000"
"T71","Dexter Lawrence","DT","NYG                  NYG","25","2023","2027","4","$87,500,000","$21,875,000","$46,500,000","$60,000,000"
"T71","Mike McGlinchey","RT","DEN                  DEN","28","2023","2027","5","$87,500,000","$17,500,000","$35,000,000","$52,500,000"
"73","Kerby Joseph","S","DET                  DET","24","2025","2029","4","$86,000,000","$21,500,000","$24,381,000","$36,121,000"
"74","Jaylen Waddle","WR","MIA                  MIA","25","2024","2028","3","$84,750,000","$28,250,000","$35,978,000","$76,000,000"
"75","Jalen Ramsey","CB","PIT                  PIT","30","2025","2028","4","$84,700,000","$21,175,000","$19,500,000","$19,500,000"
"76","Antoine Winfield Jr.","S","TB                  TB","25","2024","2027","4","$84,100,000","$21,025,000","$45,000,000","$45,000,000"
"T77","Matthew Stafford","QB","LAR                  LAR","37","2025","2026","2","$84,000,000","$42,000,000","$40,000,000","$80,000,000"
"T77","Landon Dickerson","G","PHI                  PHI","25","2024","2028","4","$84,000,000","$21,000,000","$29,640,000","$50,000,000"
"79","Christian Barmore","DT","NE                  NE","24","2024","2028","4","$83,000,000","$20,750,000","$31,822,124","$41,822,124"
"80","Trent Williams","LT","SF                  SF","36","2024","2026","3","$82,660,000","$27,553,333","$48,000,000","$48,000,000"
"81","Terence Steele","RT","DAL                  DAL","26","2023","2028","5","$82,500,000","$16,500,000","$23,554,000","$50,000,000"
"T82","Dan Moore","LT","TEN                  TEN","26","2025","2028","4","$82,000,000","$20,500,000","$42,510,000","$50,000,000"
"T82","Garett Bolles","LT","DEN                  DEN","32","2024","2028","4","$82,000,000","$20,500,000","$23,735,000","$41,970,000"
"84","A.J. Terrell","CB","ATL                  ATL","25","2024","2028","4","$81,000,000","$20,250,000","$42,344,000","$65,800,000"
"T85","Jawaan Taylor","RT","KC                  KC","25","2023","2026","4","$80,000,000","$20,000,000","$40,000,000","$60,000,000"
"T85","Quenton Nelson","G","IND                  IND","25","2022","2026","4","$80,000,000","$20,000,000","$41,000,000","$60,000,000"
"T85","Greg Rousseau","DE","BUF                  BUF","24","2025","2029","4","$80,000,000","$20,000,000","$38,797,000","$54,000,000"
"T85","Osa Odighizuwa","DT","DAL                  DAL","26","2025","2028","4","$80,000,000","$20,000,000","$39,000,000","$52,000,000"
"89","Aaron Banks","G","GB                  GB","27","2025","2028","4","$77,000,000","$19,250,000","$27,000,000","$27,000,000"
"90","Derwin James","S","LAC                  LAC","25","2022","2026","4","$76,532,000","$19,133,000","$38,584,000","$42,000,000"
"91","Tyson Campbell","CB","JAX                  JAX","24","2024","2028","4","$76,500,000","$19,125,000","$31,400,000","$53,400,000"
"T92","George Kittle","TE","SF                  SF","31","2025","2029","4","$76,400,000","$19,100,000","$33,000,000","$35,000,000"
"T92","Josh Sweat","OLB","ARI                  ARI","27","2025","2028","4","$76,400,000","$19,100,000","$38,000,000","$38,000,000"
"T92","L'Jarius Sneed","CB","TEN                  TEN","27","2024","2028","4","$76,400,000","$19,100,000","$44,000,000","$51,500,000"
"T95","Jonathan Greenard","OLB","MIN                  MIN","26","2024","2027","4","$76,000,000","$19,000,000","$38,000,000","$38,000,000"
"T95","Jaylon Johnson","CB","CHI                  CHI","24","2024","2027","4","$76,000,000","$19,000,000","$43,800,000","$51,400,000"
"T95","Trey McBride","TE","ARI                  ARI","25","2025","2029","4","$76,000,000","$19,000,000","$32,500,000","$43,000,000"
"T98","Laremy Tunsil","LT","WAS                  WAS","28","2023","2026","3","$75,000,000","$25,000,000","$50,000,000","$60,000,000"
"T98","Geno Smith","QB","LV                  LV","34","2025","2027","2","$75,000,000","$37,500,000","$58,500,000","$66,500,000"
"T98","DeVonta Smith","WR","PHI                  PHI","25","2024","2028","3","$75,000,000","$25,000,000","$33,997,554","$51,000,000"
"101","Samuel Cosmi","G","WAS                  WAS","25","2024","2028","4","$74,000,000","$18,500,000","$26,616,000","$42,116,000"
"102","Minkah Fitzpatrick","S","MIA                  MIA","25","2022","2026","4","$73,612,235","$18,403,059","$36,000,000","$36,000,000"
"103","Nico Collins","WR","HOU                  HOU","25","2024","2027","3","$72,750,000","$24,250,000","$32,116,000","$52,116,000"
"T104","Spencer Brown","RT","BUF                  BUF","26","2024","2028","4","$72,000,000","$18,000,000","$19,855,000","$19,855,000"
"T104","Creed Humphrey","C","KC                  KC","25","2024","2028","4","$72,000,000","$18,000,000","$35,000,000","$50,315,000"
"T104","Tremaine Edmunds","ILB","CHI                  CHI","24","2023","2026","4","$72,000,000","$18,000,000","$36,800,000","$50,000,000"
"T104","Christian Kirk","WR","HOU                  HOU","25","2022","2025","4","$72,000,000","$18,000,000","$37,000,000","$37,000,000"
"T104","Quinn Meinerz","G","DEN                  DEN","25","2024","2028","4","$72,000,000","$18,000,000","$24,000,000","$45,000,000"
"109","Vita Vea","DT","TB                  TB","25","2021","2026","4","$71,000,000","$17,750,000","$14,734,439","$33,915,439"
"T110","Michael Pittman Jr.","WR","IND                  IND","26","2024","2026","3","$70,000,000","$23,333,333","$41,000,000","$46,000,000"
"T110","Braden Smith","RT","IND                  IND","24","2021","2025","4","$70,000,000","$17,500,000","$32,000,000","$42,000,000"
"112","Christian Benford","CB","BUF                  BUF","24","2025","2029","4","$69,000,000","$17,250,000","$18,850,000","$37,636,000"
"113","Terry McLaurin","WR","WAS                  WAS","26","2022","2025","3","$68,364,000","$22,788,000","$34,654,000","$53,154,000"
"T114","Cam Jurgens","C","PHI                  PHI","25","2025","2029","4","$68,000,000","$17,000,000","$24,606,000","$43,346,000"
"T114","Alex Highsmith","OLB","PIT                  PIT","25","2023","2027","4","$68,000,000","$17,000,000","$17,010,000","$27,743,000"
"T114","Ed Oliver","DT","BUF                  BUF","25","2023","2027","4","$68,000,000","$17,000,000","$24,528,000","$45,278,000"
"T114","Elgton Jenkins","G","GB                  GB","26","2022","2026","4","$68,000,000","$17,000,000","$24,000,000","$24,000,000"
"118","Zach Sieler","DE","MIA                  MIA","29","2025","2029","3","$67,750,000","$22,583,333","","$44,000,000"
"119","Xavier McKinney","S","GB                  GB","24","2024","2027","4","$67,000,000","$16,750,000","$23,000,000","$23,000,000"
"T120","Chris Godwin","WR","TB                  TB","29","2025","2027","3","$66,000,000","$22,000,000","$44,000,000","$44,000,000"
"T120","Kolton Miller","LT","LV                  LV","29","2025","2028","3","$66,000,000","$22,000,000","$25,000,000","$42,500,000"
"T120","T.J. Hockenson","TE","MIN                  MIN","26","2023","2027","4","$66,000,000","$16,500,000","$29,292,000","$40,192,000"
"T120","Jordan Mailata","LT","PHI                  PHI","27","2024","2028","3","$66,000,000","$22,000,000","$22,840,000","$48,000,000"
"124","Leonard Williams","DE","SEA                  SEA","29","2024","2026","3","$64,500,000","$21,500,000","$26,150,000","$43,850,000"
"125","Orlando Brown Jr.","LT","CIN                  CIN","26","2023","2026","4","$64,092,000","$16,023,000","$31,100,000","$31,100,000"
"126","Jessie Bates III","S","ATL                  ATL","26","2023","2026","4","$64,020,000","$16,005,000","$36,000,000","$36,000,000"
"127","Kenny Clark","DT","GB                  GB","28","2024","2027","3","$64,000,000","$21,333,333","$17,500,000","$17,500,000"
"128","Stefon Diggs","WR","NE                  NE","31","2025","2027","3","$63,500,000","$21,166,667","$16,600,000","$22,600,000"
"129","Fred Warner","ILB","SF                  SF","28","2025","2029","3","$63,000,000","$21,000,000","$40,800,000","$56,700,000"
"130","Dion Dawkins","LT","BUF                  BUF","29","2024","2027","3","$60,060,000","$20,020,000","$30,205,000","$37,455,000"
"T131","Erik McCoy","C","NO                  NO","24","2022","2027","5","$60,000,000","$12,000,000","$20,090,000","$20,090,000"
"T131","Ronnie Stanley","LT","BAL                  BAL","30","2025","2027","3","$60,000,000","$20,000,000","$44,000,000","$44,000,000"
"T131","Jonathon Cooper","OLB","DEN                  DEN","26","2024","2028","4","$60,000,000","$15,000,000","$17,606,000","$32,096,000"
"T131","Camryn Bynum","FS","IND                  IND","26","2025","2028","4","$60,000,000","$15,000,000","$26,000,000","$30,000,000"
"T131","Taylor Decker","LT","DET                  DET","30","2024","2027","3","$60,000,000","$20,000,000","$31,830,000","$31,830,000"
"136","Kyle Dugger","S","NE                  NE","28","2024","2027","4","$58,000,000","$14,500,000","$29,750,000","$32,500,000"
"137","Mike Onwenu","RT","NE                  NE","26","2024","2026","3","$57,000,000","$19,000,000","$36,500,000","$36,500,000"
"138","Wyatt Teller","G","CLE                  CLE","26","2021","2025","4","$56,800,000","$14,200,000","$16,591,000","$29,091,000"
"139","Alaric Jackson","LT","LAR                  LAR","26","2025","2027","3","$56,300,000","$18,766,667","$30,000,000","$35,425,000"
"T140","Tytus Howard","RT","HOU                  HOU","27","2023","2026","3","$56,000,000","$18,666,667","$36,002,000","$36,002,000"
"T140","Mark Andrews","TE","BAL                  BAL","24","2021","2025","4","$56,000,000","$14,000,000","$30,083,055","$37,583,055"
"142","David Njoku","TE","CLE                  CLE","25","2022","2025","4","$54,750,000","$13,687,500","$17,000,000","$28,000,000"
"143","Bradley Chubb","OLB","MIA                  MIA","28","2025","2027","3","$54,490,000","$18,163,333","$8,700,000","$33,462,444"
"T144","Byron Murphy","CB","MIN                  MIN","27","2025","2027","3","$54,000,000","$18,000,000","$34,780,000","$34,780,000"
"T144","Charvarius Ward","CB","IND                  IND","29","2025","2027","3","$54,000,000","$18,000,000","$27,000,000","$34,980,000"
"T144","Carlton Davis","CB","NE                  NE","28","2025","2027","3","$54,000,000","$18,000,000","$34,500,000","$34,500,000"
"T144","Paulson Adebo","CB","NYG                  NYG","25","2025","2027","3","$54,000,000","$18,000,000","$34,750,000","$38,500,000"
"T144","Budda Baker","S","ARI                  ARI","28","2024","2027","3","$54,000,000","$18,000,000","$17,441,667","$29,366,666"
"149","Khalil Shakir","WR","BUF                  BUF","25","2025","2029","4","$53,058,000","$13,264,500","$18,100,000","$29,952,000"
"150","Damien Lewis","G","CAR                  CAR","26","2024","2027","4","$53,000,000","$13,250,000","$26,215,000","$26,215,000"
"T151","Jonah Jackson","G","CHI                  CHI","28","2025","2027","3","$52,500,000","$17,500,000","$24,500,000","$29,750,000"
"T151","Jerry Jeudy","WR","CLE                  CLE","24","2024","2027","3","$52,500,000","$17,500,000","$41,000,000","$41,000,000"
"T153","Carl Granderson","DE","NO                  NO","26","2023","2027","4","$52,000,000","$13,000,000","$22,550,000","$35,720,000"
"T153","Jamel Dean","CB","TB                  TB","26","2023","2026","4","$52,000,000","$13,000,000","$21,500,000","$24,500,000"
"155","Ben Powers","G","DEN                  DEN","26","2023","2026","4","$51,500,000","$12,875,000","$27,000,000","$28,500,000"
"156","Bryce Huff","OLB","SF                  SF","25","2024","2026","3","$51,100,000","$17,033,333","$34,000,000","$34,000,000"
"T157","Jonathan Allen","DT","MIN                  MIN","30","2025","2027","3","$51,000,000","$17,000,000","$23,255,000","$31,255,000"
"T157","Chase Young","DE","NO                  NO","25","2025","2027","3","$51,000,000","$17,000,000","$27,170,000","$33,000,000"
"T157","Trevon Moehrig","S","CAR                  CAR","25","2025","2027","3","$51,000,000","$17,000,000","$34,500,000","$34,500,000"
"T157","Zack Baun","ILB","PHI                  PHI","28","2025","2027","3","$51,000,000","$17,000,000","$34,000,000","$34,000,000"
"T161","Jake Ferguson","TE","DAL                  DAL","26","2025","2029","4","$50,000,000","$12,500,000","$21,406,000","$28,406,000"
"T161","Cole Kmet","TE","CHI                  CHI","24","2023","2027","4","$50,000,000","$12,500,000","$22,893,000","$32,793,000"
"T161","Lloyd Cushenberry","C","TEN                  TEN","26","2024","2027","4","$50,000,000","$12,500,000","$26,000,000","$30,000,000"
"164","Cameron Ward","QB","TEN                  TEN","22","2025","2029","4","$48,839,618","$12,209,905","$48,839,618","$48,839,618"
"165","Pat Freiermuth","TE","PIT                  PIT","25","2024","2028","4","$48,400,000","$12,100,000","$11,600,000","$11,600,000"
"T166","Nate Hobbs","CB","GB                  GB","25","2025","2028","4","$48,000,000","$12,000,000","$16,000,000","$16,000,000"
"T166","Dayo Odeyingbo","DE","CHI                  CHI","25","2025","2027","3","$48,000,000","$16,000,000","$29,500,000","$32,000,000"
"T166","D.J. Reed","CB","DET                  DET","28","2025","2027","3","$48,000,000","$16,000,000","$30,980,000","$30,980,000"
"T166","Josh Jacobs","RB","GB                  GB","26","2024","2027","4","$48,000,000","$12,000,000","$12,500,000","$12,500,000"
"T166","Kevin Dotson","G","LAR                  LAR","27","2024","2026","3","$48,000,000","$16,000,000","$11,250,000","$15,500,000"
"171","Travis Hunter","WR","JAX                  JAX","22","2025","2028","4","$46,649,126","$11,662,282","$46,649,126","$46,649,126"
"T172","James Cook","RB","BUF                  BUF","25","2025","2029","4","$46,000,000","$11,500,000","$15,280,000","$28,820,000"
"T172","DeForest Buckner","DT","IND                  IND","30","2024","2026","2","$46,000,000","$23,000,000","$43,250,000","$53,250,000"
"174","Jevon Holland","S","NYG                  NYG","25","2025","2027","3","$45,300,000","$15,100,000","$27,400,000","$30,300,000"
"175","Abdul Carter","DE","NYG                  NYG","21","2025","2029","4","$45,255,180","$11,313,795","$45,255,180","$45,255,180"
"176","Tershawn Wharton","DT","CAR                  CAR","26","2025","2027","3","$45,050,000","$15,016,667","$30,250,000","$30,250,000"
"T177","Uchenna Nwosu","OLB","SEA                  SEA","26","2023","2026","3","$45,000,000","$15,000,000","$32,000,000","$32,000,000"
"T177","Javon Kinlaw","DT","WAS                  WAS","27","2025","2027","3","$45,000,000","$15,000,000","$30,000,000","$30,000,000"
"T177","Jake Matthews","LT","ATL                  ATL","33","2025","2028","2","$45,000,000","$22,500,000","$38,000,000","$38,000,000"
"T177","Jamien Sherwood","ILB","NYJ                  NYJ","25","2025","2027","3","$45,000,000","$15,000,000","$30,000,000","$30,000,000"
"T177","Nick Bolton","ILB","KC                  KC","24","2025","2027","3","$45,000,000","$15,000,000","$30,000,000","$30,000,000"
"T177","Jack Conklin","RT","CLE                  CLE","30","2025","2027","3","$45,000,000","$15,000,000","$15,318,333","$15,318,333"
"T177","Cooper Kupp","WR","SEA                  SEA","31","2025","2027","3","$45,000,000","$15,000,000","$17,500,000","$17,500,000"
"T184","Davante Adams","WR","LAR                  LAR","32","2025","2026","2","$44,000,000","$22,000,000","$26,000,000","$26,000,000"
"T184","Cesar Ruiz","G","NO                  NO","24","2023","2027","4","$44,000,000","$11,000,000","$18,188,983","$27,338,983"
"T184","Allen Lazard","WR","NYJ                  NYJ","27","2023","2025","4","$44,000,000","$11,000,000","$22,000,000","$22,000,000"
"187","Will Campbell","T","NE                  NE","21","2025","2029","4","$43,662,103","$10,915,526","$43,662,103","$43,662,103"
"T188","Arik Armstead","DE","JAX                  JAX","30","2024","2026","3","$43,500,000","$14,500,000","$28,000,000","$28,000,000"
"T188","Harold Landry","OLB","NE                  NE","28","2025","2027","3","$43,500,000","$14,500,000","$26,000,000","$26,000,000"
"190","Grady Jarrett","DT","CHI                  CHI","31","2025","2027","3","$42,750,000","$14,250,000","$27,250,000","$28,500,000"
"191","Terrel Bernard","ILB","BUF                  BUF","25","2025","2029","4","$42,143,000","$10,535,750","$14,100,000","$23,852,000"
"T192","Jonathan Taylor","RB","IND                  IND","24","2023","2026","3","$42,000,000","$14,000,000","$19,347,555","$26,500,000"
"T192","Drew Dalman","C","CHI                  CHI","26","2025","2027","3","$42,000,000","$14,000,000","$26,500,000","$28,000,000"
"194","Saquon Barkley","RB","PHI                  PHI","28","2025","2028","2","$41,200,000","$20,600,000","$36,000,000","$36,000,000"
"T195","Patrick Queen","ILB","PIT                  PIT","24","2024","2026","3","$41,000,000","$13,666,667","$13,840,000","$13,840,000"
"T195","Mike Evans","WR","TB                  TB","30","2024","2025","2","$41,000,000","$20,500,000","$29,000,000","$35,000,000"
"197","Mason Graham","DT","CLE                  CLE","21","2025","2029","4","$40,874,192","$10,218,548","$40,874,192","$40,874,192"
"198","Walker Little","LT","JAX                  JAX","25","2024","2027","3","$40,500,000","$13,500,000","$25,944,256","$25,944,256"
"T199","Bobby Okereke","ILB","NYG                  NYG","26","2023","2026","4","$40,000,000","$10,000,000","$21,800,000","$21,800,000"
"T199","Taysom Hill","TE","NO                  NO","30","2021","2025","4","$40,000,000","$10,000,000","$10,100,000","$21,500,000"
"T199","Kyler Gordon","CB","CHI                  CHI","25","2025","2028","3","$40,000,000","$13,333,333","$21,256,000","$31,256,000"
"T199","Justin Fields","QB","NYJ                  NYJ","26","2025","2026","2","$40,000,000","$20,000,000","$30,000,000","$30,000,000"
"203","Caleb Williams","QB","CHI                  CHI","22","2024","2028","4","$39,486,058","$9,871,515","$39,486,058","$39,486,058"
"T204","Jalen Pitre","S","HOU                  HOU","25","2025","2028","3","$39,000,000","$13,000,000","$20,656,000","$29,156,000"
"T204","Talanoa Hufanga","S","DEN                  DEN","26","2025","2027","3","$39,000,000","$13,000,000","$20,000,000","$20,000,000"
"T204","D.J. Jones","DT","DEN                  DEN","30","2025","2027","3","$39,000,000","$13,000,000","$26,000,000","$26,000,000"
"T204","Darnell Mooney","WR","ATL                  ATL","26","2024","2026","3","$39,000,000","$13,000,000","$26,000,000","$26,000,000"
"T204","Grover Stewart","DT","IND                  IND","30","2024","2026","3","$39,000,000","$13,000,000","$17,990,000","$25,730,000"
"209","Christian McCaffrey","RB","SF                  SF","27","2024","2027","2","$38,000,000","$19,000,000","$24,000,000","$24,000,000"
"210","Bryce Young","QB","CAR                  CAR","21","2023","2027","4","$37,955,071","$9,488,768","$37,955,071","$37,955,071"
"211","Jayden Daniels","QB","WAS                  WAS","23","2024","2028","4","$37,746,650","$9,436,663","$37,746,650","$37,746,650"
"T212","Patrick Mekari","G","JAX                  JAX","27","2025","2027","3","$37,500,000","$12,500,000","$20,000,000","$22,500,000"
"T212","Jeremiah Owusu-Koramoah","OLB","CLE                  CLE","24","2024","2027","3","$37,500,000","$12,500,000","$20,000,000","$20,000,000"
"214","Travon Walker","OLB","JAX                  JAX","21","2022","2026","4","$37,372,621","$9,343,155","$37,372,621","$37,372,621"
"215","Rashod Bateman","WR","BAL                  BAL","25","2025","2029","3","$36,750,000","$12,250,000","$16,500,000","$20,000,000"
"216","Drake Maye","QB","NE                  NE","21","2024","2028","4","$36,639,764","$9,159,941","$36,639,764","$36,639,764"
"217","C.J. Stroud","QB","HOU                  HOU","21","2023","2027","4","$36,279,243","$9,069,811","$36,279,243","$36,279,243"
"T218","Josh Metellus","S","MIN                  MIN","27","2025","2028","3","$36,000,000","$12,000,000","$14,605,000","$25,000,000"
"T218","Darius Slayton","WR","NYG                  NYG","28","2025","2027","3","$36,000,000","$12,000,000","$22,000,005","$22,000,005"
"T218","Brandon Stephens","CB","NYJ                  NYJ","27","2025","2027","3","$36,000,000","$12,000,000","$22,980,000","$22,980,000"
"T218","Rhamondre Stevenson","RB","NE                  NE","26","2024","2028","4","$36,000,000","$9,000,000","$17,116,000","$17,116,000"
"T218","Dalton Schultz","TE","HOU                  HOU","27","2024","2026","3","$36,000,000","$12,000,000","$23,500,000","$23,500,000"
"T218","Grant Delpit","S","CLE                  CLE","25","2023","2026","3","$36,000,000","$12,000,000","$14,909,558","$23,609,558"
"T218","Austin Jackson","RT","MIA                  MIA","24","2023","2026","3","$36,000,000","$12,000,000","$13,066,124","$13,066,124"
"T218","Logan Wilson","OLB","CIN                  CIN","27","2023","2027","4","$36,000,000","$9,000,000","$10,000,000","$14,000,000"
"T218","Jalen Thompson","S","ARI                  ARI","24","2022","2025","3","$36,000,000","$12,000,000","$20,170,000","$20,170,000"
"227","Ashton Jeanty","RB","LV                  LV","21","2025","2029","4","$35,895,812","$8,973,953","$35,895,812","$35,895,812"
"228","Aidan Hutchinson","DE","DET                  DET","21","2022","2026","4","$35,713,386","$8,928,347","$35,713,386","$35,713,386"
"229","Danielle Hunter","DE","HOU                  HOU","30","2025","2026","1","$35,600,000","$35,600,000","$48,000,000","$48,000,000"
"230","Marvin Harrison Jr.","WR","ARI                  ARI","21","2024","2028","4","$35,374,742","$8,843,686","$35,374,742","$35,374,742"
"231","Will Anderson","DE","HOU                  HOU","21","2023","2027","4","$35,212,827","$8,803,207","$35,212,827","$35,212,827"
"T232","Taylor Moton","RT","CAR                  CAR","30","2024","2025","2","$35,000,000","$17,500,000","$8,000,000","$8,000,000"
"T232","Joe Thuney","G","CHI                  CHI","32","2025","2027","2","$35,000,000","$17,500,000","$33,500,000","$33,500,000"
"T232","David Onyemata","DT","ATL                  ATL","30","2023","2025","3","$35,000,000","$11,666,667","$24,500,000","$24,500,000"
"T235","DaVon Hamilton","DT","JAX                  JAX","26","2023","2026","3","$34,500,000","$11,500,000","$20,000,000","$20,000,000"
"T235","Rob Havenstein","RT","LAR                  LAR","29","2022","2025","3","$34,500,000","$11,500,000","$19,176,470","$24,176,470"
"237","Travis Kelce","TE","KC                  KC","34","2024","2025","2","$34,250,000","$17,125,000","$17,000,000","$17,000,000"
"238","Azeez Al-Shaair","ILB","HOU                  HOU","26","2024","2026","3","$34,000,000","$11,333,333","$21,500,000","$21,500,000"
"239","Anthony Richardson","QB","IND                  IND","21","2023","2027","4","$33,994,031","$8,498,508","$33,994,031","$33,994,031"
"240","Chuba Hubbard","RB","CAR                  CAR","25","2024","2028","4","$33,200,000","$8,300,000","$11,958,000","$16,458,000"
"241","Joe Alt","RT","LAC                  LAC","21","2024","2028","4","$33,160,944","$8,290,236","$33,160,944","$33,160,944"
"T242","Robert Spillane","OLB","NE                  NE","29","2025","2027","3","$33,000,000","$11,000,000","$20,600,000","$20,600,000"
"T242","B.J. Hill","DT","CIN                  CIN","29","2025","2027","3","$33,000,000","$11,000,000","$11,000,000","$11,000,000"
"T242","Kyren Williams","RB","LAR                  LAR","24","2025","2028","3","$33,000,000","$11,000,000","$15,145,000","$23,000,000"
"T242","Jakobi Meyers","WR","LV                  LV","26","2023","2025","3","$33,000,000","$11,000,000","$10,500,000","$21,000,000"
"T242","Julian Love","FS","SEA                  SEA","26","2024","2027","3","$33,000,000","$11,000,000","$13,165,000","$13,165,000"
"T242","Dorance Armstrong","DE","WAS                  WAS","26","2024","2026","3","$33,000,000","$11,000,000","$16,125,000","$22,125,000"
"248","Kyle Pitts","TE","ATL                  ATL","20","2021","2025","4","$32,910,495","$8,227,624","$32,910,495","$32,910,495"
"249","DeMarcus Lawrence","DE","SEA                  SEA","32","2025","2027","3","$32,500,000","$10,833,333","$13,000,000","$18,000,000"
"250","Armand Membou","T","NYJ                  NYJ","21","2025","2029","4","$31,913,104","$7,978,276","$31,913,104","$31,913,104"
"251","Devon Witherspoon","CB","SEA                  SEA","22","2023","2027","4","$31,861,153","$7,965,288","$31,861,153","$31,861,153"
"T252","Justin Reid","S","NO                  NO","28","2025","2027","3","$31,500,000","$10,500,000","$22,250,000","$22,250,000"
"T252","Dre Greenlaw","ILB","DEN                  DEN","27","2025","2027","3","$31,500,000","$10,500,000","$11,500,000","$13,500,000"
"254","Kayvon Thibodeaux","OLB","NYG                  NYG","21","2022","2026","4","$31,339,038","$7,834,760","$31,339,038","$31,339,038"
"255","Zaire Franklin","ILB","IND                  IND","27","2024","2027","3","$31,260,000","$10,420,000","$17,620,000","$17,620,000"
"256","Justin Jones","DT","ARI                  ARI","27","2024","2026","3","$31,165,000","$10,388,333","$17,750,000","$19,750,000"
"257","Frankie Luvu","OLB","WAS                  WAS","27","2024","2026","3","$31,000,000","$10,333,333","$14,625,000","$19,125,000"
"T258","Juwan Johnson","TE","NO                  NO","28","2025","2027","3","$30,750,000","$10,250,000","$21,250,000","$21,250,000"
"T258","Michael Carter II","CB","NYJ                  NYJ","25","2024","2027","3","$30,750,000","$10,250,000","$13,616,000","$13,616,000"
"T258","Taron Johnson","CB","BUF                  BUF","27","2024","2027","3","$30,750,000","$10,250,000","$17,825,000","$17,825,000"
"T261","Kaleb McGary","RT","ATL                  ATL","30","2025","2027","2","$30,000,000","$15,000,000","",""
"T261","Jourdan Lewis","CB","JAX                  JAX","29","2025","2027","3","$30,000,000","$10,000,000","$20,000,000","$20,000,000"
"T261","Jaylon Moore","LT","KC                  KC","27","2025","2026","2","$30,000,000","$15,000,000","$21,240,000","$21,240,000"
"T261","Derrick Henry","RB","BAL                  BAL","31","2025","2027","2","$30,000,000","$15,000,000","$24,000,000","$24,000,000"
"T261","Amani Hooker","S","TEN                  TEN","23","2022","2025","3","$30,000,000","$10,000,000","$17,150,000","$17,150,000"
"T261","Foyesade Oluokun","ILB","JAX                  JAX","28","2024","2027","3","$30,000,000","$10,000,000","$21,500,000","$21,500,000"
"T261","Jonah Williams","RT","ARI                  ARI","26","2024","2025","2","$30,000,000","$15,000,000","$19,000,000","$21,500,000"
"T261","Kenny Moore","CB","IND                  IND","28","2024","2026","3","$30,000,000","$10,000,000","$16,000,000","$16,000,000"
"T261","Jon Runyan","G","NYG                  NYG","26","2024","2026","3","$30,000,000","$10,000,000","$17,000,000","$17,000,000"
"T261","Javon Hargrave","DT","MIN                  MIN","32","2025","2026","2","$30,000,000","$15,000,000","$19,000,000","$19,000,000"
"271","Dawson Knox","TE","BUF                  BUF","27","2024","2026","3","$29,500,000","$9,833,333","$12,750,000","$17,000,000"
"272","Tyler Biadasz","C","WAS                  WAS","26","2024","2026","3","$29,250,000","$9,750,000","$17,700,000","$20,700,000"
"273","Malik Nabers","WR","NYG                  NYG","20","2024","2028","4","$29,207,750","$7,301,938","$29,207,750","$29,207,750"
"T274","Cameron Heyward","DE","PIT                  PIT","35","2024","2026","2","$29,000,000","$14,500,000","$16,000,000","$16,000,000"
"T274","Dalvin Tomlinson","DT","ARI                  ARI","31","2025","2026","2","$29,000,000","$14,500,000","$13,500,000","$15,500,000"
"T274","Josh Palmer","WR","BUF                  BUF","25","2025","2027","3","$29,000,000","$9,666,667","$15,000,000","$18,000,000"
"277","Ernest Jones","ILB","SEA                  SEA","25","2025","2027","3","$28,500,000","$9,500,000","$10,000,000","$15,000,000"
"278","Paris Johnson","LT","ARI                  ARI","21","2023","2027","4","$28,052,454","$7,013,114","$28,052,454","$28,052,454"
"279","Tet McMillan","WR","CAR                  CAR","22","2025","2028","4","$27,930,390","$6,982,598","$27,930,390","$27,930,390"
"280","Kelvin Banks Jr.","T","NO                  NO","21","2025","2029","4","$27,731,246","$6,932,812","$27,731,246","$27,731,246"
"281","Poona Ford","DE","LAR                  LAR","29","2025","2027","3","$27,600,000","$9,200,000","$15,600,000","$15,600,000"
"282","Ikem Ekwonu","LT","CAR                  CAR","21","2022","2026","4","$27,568,052","$6,892,013","$27,568,052","$27,568,052"
"T283","Chauncey Gardner-Johnson","S","PHI                  PHI","26","2024","2026","3","$27,000,000","$9,000,000","$10,000,000","$10,000,000"
"T283","Hunter Henry","TE","NE                  NE","29","2024","2026","3","$27,000,000","$9,000,000","$15,800,000","$15,800,000"
"285","Colston Loveland","TE","CHI                  CHI","21","2025","2029","4","$26,636,008","$6,659,002","$26,636,008","$26,636,008"
"286","Jordyn Brooks","ILB","MIA                  MIA","26","2024","2026","3","$26,250,000","$8,750,000","$9,500,000","$16,000,000"
"287","JC Latham","LT","TEN                  TEN","21","2024","2028","4","$26,045,188","$6,511,297","$26,045,188","$26,045,188"
"288","Harrison Butker","K","KC                  KC","29","2024","2028","4","$25,600,000","$6,400,000","$17,750,000","$17,750,000"
"T289","Mike Gesicki","TE","CIN                  CIN","29","2025","2027","3","$25,500,000","$8,500,000","$6,500,000","$6,500,000"
"T289","Joe Mixon","RB","HOU                  HOU","27","2024","2026","3","$25,500,000","$8,500,000","$16,000,000","$16,000,000"
"291","Tyree Wilson","DE","LV                  LV","22","2023","2027","4","$25,005,497","$6,251,374","$25,005,497","$25,005,497"
"292","Lane Johnson","RT","PHI                  PHI","34","2025","2027","1","$25,000,000","$25,000,000","$25,000,000","$25,000,000"
"293","Mykel Williams","DE","SF                  SF","20","2025","2029","4","$24,943,354","$6,235,839","$24,943,354","$24,943,354"
"294","Evan Neal","RT","NYG                  NYG","21","2022","2025","4","$24,551,258","$6,137,815","$24,551,258","$24,551,258"
"295","Alvin Kamara","RB","NO                  NO","29","2024","2026","2","$24,500,000","$12,250,000","$19,233,333","$19,233,333"
"296","Younghoe Koo","K","ATL                  ATL","27","2022","2026","5","$24,250,000","$4,850,000","$8,000,000","$11,500,000"
"T297","James Daniels","G","MIA                  MIA","27","2025","2027","3","$24,000,000","$8,000,000","$7,255,000","$10,735,000"
"T297","Jabrill Peppers","S","NE                  NE","28","2024","2027","3","$24,000,000","$8,000,000","$11,680,000","$11,680,000"
"T297","Michael Danna","DE","KC                  KC","26","2024","2026","3","$24,000,000","$8,000,000","$13,000,000","$13,000,000"
"T297","Jake Elliott","K","PHI                  PHI","29","2024","2028","4","$24,000,000","$6,000,000","$9,700,000","$9,700,000"
"T297","Curtis Samuel","WR","BUF                  BUF","27","2024","2026","3","$24,000,000","$8,000,000","$14,020,000","$15,020,000"
"T297","D'Andre Swift","RB","CHI                  CHI","25","2024","2026","3","$24,000,000","$8,000,000","$14,000,000","$15,300,000"
"T297","Ezra Cleveland","G","JAX                  JAX","25","2024","2026","3","$24,000,000","$8,000,000","$14,250,000","$14,250,000"
"T297","Morgan Moses","RT","NE                  NE","34","2025","2027","3","$24,000,000","$8,000,000","$11,000,000","$11,000,000"
"T297","Derrick Barnes","OLB","DET                  DET","25","2025","2027","3","$24,000,000","$8,000,000","$16,000,000","$16,000,000"
"T297","Isaac Seumalo","G","PIT                  PIT","29","2023","2025","3","$24,000,000","$8,000,000","$6,950,000","$6,950,000"
"T297","Samson Ebukam","DE","IND                  IND","27","2023","2025","3","$24,000,000","$8,000,000","$10,755,000","$10,755,000"
"308","Josh Oliver","TE","MIN                  MIN","28","2025","2028","3","$23,250,000","$7,750,000","$15,645,000","$19,745,000"
"T309","Evan Engram","TE","DEN                  DEN","30","2025","2026","2","$23,000,000","$11,500,000","$16,500,000","$16,500,000"
"T309","Andrew Van Ginkel","OLB","MIN                  MIN","29","2025","2026","1","$23,000,000","$23,000,000","$22,440,000","$22,440,000"
"311","Michael Penix Jr.","QB","ATL                  ATL","23","2024","2028","4","$22,882,636","$5,720,659","$22,882,636","$22,882,636"
"312","Rome Odunze","WR","CHI                  CHI","21","2024","2028","4","$22,724,500","$5,681,125","$22,724,500","$22,724,500"
"313","Tyler Booker","G","DAL                  DAL","21","2025","2029","4","$22,553,718","$5,638,430","$22,553,718","$22,553,718"
"T314","Pete Werner","OLB","NO                  NO","25","2024","2027","3","$22,500,000","$7,500,000","$11,185,000","$17,435,000"
"T314","A'Shawn Robinson","DE","CAR                  CAR","28","2024","2026","3","$22,500,000","$7,500,000","$7,290,000","$10,290,000"
"T314","Darious Williams","CB","LAR                  LAR","30","2024","2026","3","$22,500,000","$7,500,000","$7,000,000","$7,000,000"
"T314","Blake Cashman","ILB","MIN                  MIN","27","2024","2026","3","$22,500,000","$7,500,000","$9,475,000","$15,000,000"
"T314","Colby Parkinson","TE","LAR                  LAR","25","2024","2026","3","$22,500,000","$7,500,000","$10,250,000","$15,500,000"
"319","Connor McGovern","C","BUF                  BUF","25","2023","2025","3","$22,350,000","$7,450,000","$9,900,000","$11,000,000"
"320","Cameron Dicker","K","LAC                  LAC","24","2024","2028","4","$22,004,000","$5,501,000","$8,735,000","$8,735,000"
"T321","D.J. Reader","DT","DET                  DET","29","2024","2025","2","$22,000,000","$11,000,000","$7,425,000","$7,425,000"
"T321","Jason Sanders","K","MIA                  MIA","25","2021","2026","5","$22,000,000","$4,400,000","$7,520,000","$7,520,000"
"T321","Ben Bredeson","G","TB                  TB","26","2025","2027","3","$22,000,000","$7,333,333","$12,500,000","$12,500,000"
"T321","Jarran Reed","DT","SEA                  SEA","32","2025","2027","3","$22,000,000","$7,333,333","$8,000,000","$10,000,000"
"325","Bijan Robinson","RB","ATL                  ATL","21","2023","2027","4","$21,958,535","$5,489,634","$21,958,535","$21,958,535"
"326","Kenneth Grant","DT","MIA                  MIA","21","2025","2028","4","$21,956,312","$5,489,078","$21,956,312","$21,956,312"
"327","J.J. McCarthy","QB","MIN                  MIN","21","2024","2028","4","$21,854,796","$5,463,699","$21,854,796","$21,854,796"
"328","Jalen Carter","DT","PHI                  PHI","22","2023","2027","4","$21,806,014","$5,451,504","$21,806,014","$21,806,014"
"T329","Darnell Savage","S","JAX                  JAX","26","2024","2026","3","$21,750,000","$7,250,000","$12,500,000","$12,500,000"
"T329","Tony Pollard","RB","TEN                  TEN","26","2024","2026","3","$21,750,000","$7,250,000","$10,490,000","$10,490,000"
"T329","Trey Pipkins","G","LAC                  LAC","26","2023","2025","3","$21,750,000","$7,250,000","$13,250,000","$13,250,000"
"332","Drake London","WR","ATL                  ATL","20","2022","2026","4","$21,534,468","$5,383,617","$21,534,469","$21,534,469"
"333","Kaden Elliss","ILB","ATL                  ATL","27","2023","2025","3","$21,500,000","$7,166,667","$10,160,000","$10,160,000"
"334","Charles Cross","LT","SEA                  SEA","21","2022","2026","4","$21,383,626","$5,345,907","$21,383,626","$21,383,626"
"335","Jason Myers","K","SEA                  SEA","31","2023","2026","4","$21,100,000","$5,275,000","$8,665,000","$12,300,000"
"T336","Cody Barton","ILB","TEN                  TEN","28","2025","2027","3","$21,000,000","$7,000,000","$9,000,000","$9,000,000"
"T336","Bobby Brown","DT","CAR                  CAR","24","2025","2027","3","$21,000,000","$7,000,000","$9,575,000","$9,575,000"
"T336","Michael Hoecht","OLB","BUF                  BUF","27","2025","2027","3","$21,000,000","$7,000,000","$13,430,000","$13,430,000"
"T336","Robert Hainsey","C","JAX                  JAX","26","2025","2027","3","$21,000,000","$7,000,000","$10,000,000","$13,000,000"
"T336","Aaron Brewer","C","MIA                  MIA","26","2024","2026","3","$21,000,000","$7,000,000","$10,215,000","$10,215,000"
"T336","Bilal Nichols","DT","ARI                  ARI","27","2024","2026","3","$21,000,000","$7,000,000","$12,000,000","$14,390,000"
"T336","John Bates","TE","WAS                  WAS","27","2025","2027","3","$21,000,000","$7,000,000","$11,520,000","$11,520,000"
"T336","Malik Hooker","S","DAL                  DAL","27","2023","2026","3","$21,000,000","$7,000,000","$11,000,000","$16,500,000"
"T336","Trey Hendrickson","DE","CIN                  CIN","28","2023","2025","1","$21,000,000","$21,000,000","$8,000,000","$8,000,000"
"T336","Arden Key","OLB","TEN                  TEN","26","2023","2025","3","$21,000,000","$7,000,000","$11,580,000","$13,000,000"
"T336","Donovan Wilson","S","DAL                  DAL","26","2023","2025","3","$21,000,000","$7,000,000","$13,500,000","$13,500,000"
"347","Darnell Wright","RT","CHI                  CHI","21","2023","2027","4","$20,968,267","$5,242,067","$20,968,267","$20,968,267"
"348","Tyler Warren","TE","IND                  IND","22","2025","2029","4","$20,960,650","$5,240,163","$20,960,650","$20,960,650"
"349","Jalon Walker","OLB","ATL                  ATL","21","2025","2029","4","$20,562,370","$5,140,593","$20,562,370","$20,562,370"
"350","Olu Fashanu","LT","NYJ                  NYJ","21","2024","2028","4","$20,510,710","$5,127,678","$20,510,710","$20,510,710"
"351","Tyler Bass","K","BUF                  BUF","26","2023","2027","4","$20,400,000","$5,100,000","$9,410,000","$9,410,000"
"T352","Aaron Jones","RB","MIN                  MIN","30","2025","2026","2","$20,000,000","$10,000,000","$11,500,000","$13,500,000"
"T352","T.J. Edwards","OLB","CHI                  CHI","28","2025","2027","2","$20,000,000","$10,000,000","$16,650,000","$16,650,000"
"T352","Mekhi Becton","G","LAC                  LAC","25","2025","2026","2","$20,000,000","$10,000,000","$6,940,000","$6,940,000"
"T352","Maliek Collins","DT","CLE                  CLE","29","2025","2026","2","$20,000,000","$10,000,000","$10,000,000","$13,000,000"
"T352","Kristian Fulton","CB","KC                  KC","26","2025","2026","2","$20,000,000","$10,000,000","$15,000,000","$15,000,000"
"T352","Denico Autry","DT","HOU                  HOU","33","2024","2025","2","$20,000,000","$10,000,000","$10,500,000","$10,500,000"
"T352","Brandon Jones","S","DEN                  DEN","25","2024","2026","3","$20,000,000","$6,666,667","$11,000,000","$11,000,000"
"T352","Graham Glasgow","G","DET                  DET","31","2024","2026","3","$20,000,000","$6,666,667","$8,000,000","$8,000,000"
"T352","Chris Boswell","K","PIT                  PIT","31","2022","2026","4","$20,000,000","$5,000,000","$9,760,000","$12,500,000"
"361","Peter Skoronski","G","TEN                  TEN","21","2023","2027","4","$19,673,318","$4,918,330","$19,673,318","$19,673,318"
"T362","Eric Murray","S","JAX                  JAX","31","2025","2027","3","$19,500,000","$6,500,000","$10,000,000","$12,000,000"
"T362","Kendrick Bourne","WR","NE                  NE","28","2024","2026","3","$19,500,000","$6,500,000","$5,500,000","$5,500,000"
"T362","Shy Tuttle","DT","CAR                  CAR","27","2023","2025","3","$19,500,000","$6,500,000","$13,000,000","$13,000,000"
"365","Walter Nolen","DT","ARI                  ARI","21","2025","2029","4","$19,367,550","$4,841,888","$19,367,550","$19,367,550"
"366","Chris Olave","WR","NO                  NO","21","2022","2026","4","$19,271,874","$4,817,969","$19,271,874","$19,271,874"
"T367","Drue Tranquill","OLB","KC                  KC","28","2024","2026","3","$19,000,000","$6,333,333","$12,500,000","$12,500,000"
"T367","James Conner","RB","ARI                  ARI","29","2024","2026","2","$19,000,000","$9,500,000","$8,250,000","$8,250,000"
"369","Shemar Stewart","DE","CIN                  CIN","21","2025","2029","4","$18,969,280","$4,742,320","$18,969,280","$18,969,280"
"370","Bo Nix","QB","DEN                  DEN","24","2024","2028","4","$18,613,166","$4,653,292","$18,613,166","$18,613,166"
"371","Elijah Molden","CB","LAC                  LAC","26","2025","2027","3","$18,500,000","$6,166,667","$13,500,000","$13,500,000"
"372","Grey Zabel","G","SEA                  SEA","23","2025","2029","4","$18,471,460","$4,617,865","$18,471,460","$18,471,460"
"373","Daniel Carlson","K","LV                  LV","25","2021","2025","4","$18,400,000","$4,600,000","$6,699,556","$10,134,001"
"374","Alex Anzalone","ILB","DET                  DET","28","2023","2025","3","$18,300,000","$6,100,000","$9,000,000","$9,000,000"
"375","David Montgomery","RB","DET                  DET","27","2024","2027","2","$18,250,000","$9,125,000","$9,000,000","$10,490,000"
"376","Emeka Egbuka","WR","TB                  TB","22","2025","2029","4","$18,172,730","$4,543,183","$18,172,730","$18,172,730"
"377","Brock Bowers","TE","LV                  LV","21","2024","2028","4","$18,138,784","$4,534,696","$18,138,784","$18,138,784"
"378","Jahdae Barron","CB","DEN                  DEN","23","2025","2028","4","$18,073,176","$4,518,294","$18,073,176","$18,073,176"
"T379","Mike Hughes","CB","ATL                  ATL","28","2025","2027","3","$18,000,000","$6,000,000","$9,640,000","$9,640,000"
"T379","Chauncey Golston","DE","NYG                  NYG","27","2025","2027","3","$18,000,000","$6,000,000","$12,000,000","$12,000,000"
"T379","Ryan Kelly","C","MIN                  MIN","31","2025","2026","2","$18,000,000","$9,000,000","$9,250,000","$9,250,000"
"T379","Khalil Mack","OLB","LAC                  LAC","34","2025","2025","1","$18,000,000","$18,000,000","$18,000,000","$18,000,000"
"T379","Noah Gray","TE","KC                  KC","25","2024","2027","3","$18,000,000","$6,000,000","$10,016,000","$10,016,000"
"T379","Cole Holcomb","ILB","PIT                  PIT","26","2023","2025","3","$18,000,000","$6,000,000","$4,920,000","$4,920,000"
"T379","Alex Singleton","ILB","DEN                  DEN","29","2023","2025","3","$18,000,000","$6,000,000","$9,000,000","$9,000,000"
"T379","Ethan Pocic","C","CLE                  CLE","27","2023","2025","3","$18,000,000","$6,000,000","$6,000,000","$10,000,000"
"T379","Quincy Williams","OLB","NYJ                  NYJ","26","2023","2025","3","$18,000,000","$6,000,000","$9,000,000","$9,000,000"
"T379","Keisean Nixon","CB","GB                  GB","26","2024","2026","3","$18,000,000","$6,000,000","$6,500,000","$6,500,000"
"T379","Yetur Gross-Matos","DE","SF                  SF","26","2024","2025","2","$18,000,000","$9,000,000","$9,390,000","$12,390,000"
"390","Derrick Harmon","DT","PIT                  PIT","21","2025","2029","4","$17,973,604","$4,493,401","$17,973,604","$17,973,604"
"391","Jahmyr Gibbs","RB","DET                  DET","21","2023","2027","4","$17,845,130","$4,461,283","$17,845,130","$17,845,130"
"392","Omarion Hampton","RB","LAC                  LAC","22","2025","2029","4","$17,774,464","$4,443,616","$17,774,464","$17,774,464"
"393","Matthew Golden","WR","GB                  GB","21","2025","2029","4","$17,575,338","$4,393,835","$17,575,338","$17,575,338"
"394","Deebo Samuel","WR","WAS                  WAS","29","2025","2025","1","$17,545,529","$17,545,529","$15,430,529","$15,430,529"
"395","Jameson Williams","WR","DET                  DET","20","2022","2026","4","$17,461,790","$4,365,448","$17,461,790","$17,461,790"
"396","Lukas Van Ness","DE","GB                  GB","21","2023","2027","4","$17,388,091","$4,347,023","$17,388,091","$17,388,091"
"397","Taliese Fuaga","LT","NO                  NO","22","2024","2028","4","$17,348,158","$4,337,040","$17,348,158","$17,348,158"
"398","Demario Davis","ILB","NO                  NO","35","2024","2025","2","$17,250,000","$8,625,000","$11,500,000","$13,250,000"
"399","Donovan Jackson","G","MIN                  MIN","22","2025","2029","4","$17,177,054","$4,294,264","$17,177,054","$17,177,054"
"400","Micah Parsons","DE","DAL                  DAL","21","2021","2025","4","$17,079,793","$4,269,948","$17,079,793","$17,079,793"
"401","Laiatu Latu","DE","IND                  IND","23","2024","2028","4","$17,031,894","$4,257,974","$17,031,894","$17,031,894"
"402","Jordan Davis","DT","PHI                  PHI","21","2022","2026","4","$17,009,278","$4,252,320","$17,009,278","$17,009,278"
"T403","Tyler Higbee","TE","LAR                  LAR","30","2023","2025","2","$17,000,000","$8,500,000","$11,075,977","$16,075,977"
"T403","Ryan Bates","C","CHI                  CHI","24","2022","2025","4","$17,000,000","$4,250,000","$8,850,000","$8,850,000"
"405","Jaxson Dart","QB","NYG                  NYG","22","2025","2028","4","$16,977,927","$4,244,482","$16,977,927","$16,977,927"
"406","James Pearce Jr.","DE","ATL                  ATL","21","2025","2029","4","$16,778,784","$4,194,696","$16,778,784","$16,778,784"
"407","Broderick Jones","RT","PIT                  PIT","22","2023","2027","4","$16,626,352","$4,156,588","$16,626,352","$16,626,352"
"408","Malaki Starks","S","BAL                  BAL","21","2025","2029","4","$16,579,658","$4,144,915","$16,579,658","$16,579,658"
"T409","Adam Butler","DT","LV                  LV","30","2025","2027","3","$16,500,000","$5,500,000","$8,000,000","$11,000,000"
"T409","Devin Singletary","RB","NYG                  NYG","26","2024","2026","3","$16,500,000","$5,500,000","$9,500,000","$9,500,000"
"T409","Graham Gano","K","NYG                  NYG","36","2023","2026","3","$16,500,000","$5,500,000","$11,335,000","$11,335,000"
"T409","Jake Brendel","C","SF                  SF","30","2023","2026","4","$16,500,000","$4,125,000","$4,490,000","$7,490,000"
"413","Tyliek Williams","DT","DET                  DET","22","2025","2029","4","$16,480,090","$4,120,023","$16,480,090","$16,480,090"
"414","Will McDonald","DE","NYJ                  NYJ","23","2023","2027","4","$16,321,674","$4,080,419","$16,321,674","$16,321,674"
"415","Jeremy Chinn","S","LV                  LV","27","2025","2026","2","$16,258,000","$8,129,000","$12,250,000","$12,250,000"
"416","Kyle Hamilton","S","BAL                  BAL","20","2022","2026","4","$16,255,085","$4,063,771","$16,255,085","$16,255,085"
"417","Michael Dickson","P","SEA                  SEA","29","2025","2029","4","$16,200,000","$4,050,000","$7,500,000","$7,500,000"
"418","Byron Murphy","DE","SEA                  SEA","21","2024","2028","4","$16,083,122","$4,020,781","$16,083,122","$16,083,122"
"T419","Logan Cooke","P","JAX                  JAX","29","2025","2029","4","$16,000,000","$4,000,000","$9,500,000","$9,500,000"
"T419","Jahlani Tavai","OLB","NE                  NE","27","2024","2027","3","$16,000,000","$5,333,333","$9,000,000","$9,000,000"
"T419","DaQuan Jones","DT","BUF                  BUF","32","2024","2025","2","$16,000,000","$8,000,000","$10,500,000","$10,500,000"
"T419","Nick Allegretti","G","WAS                  WAS","27","2024","2026","3","$16,000,000","$5,333,333","$9,020,000","$9,020,000"
"423","Kenyon Green","G","PHI                  PHI","20","2022","2025","4","$15,953,405","$3,988,351","$15,953,405","$15,953,405"
"T424","Dustin Hopkins","K","CLE                  CLE","33","2024","2027","3","$15,900,000","$5,300,000","$8,362,500","$8,362,500"
"T424","Ka'imi Fairbairn","K","HOU                  HOU","30","2024","2026","3","$15,900,000","$5,300,000","$11,060,000","$11,060,000"
"426","Alijah Vera-Tucker","G","NYJ                  NYJ","21","2021","2025","4","$15,885,028","$3,971,257","$15,885,028","$15,885,028"
"427","A.J. Cole","P","LV                  LV","29","2025","2029","4","$15,800,000","$3,950,000","$6,500,000","$10,000,000"
"428","Dallas Turner","OLB","MIN                  MIN","21","2024","2028","4","$15,766,864","$3,941,716","$15,766,864","$15,766,864"
"T429","Broderick Washington","DT","BAL                  BAL","26","2023","2026","3","$15,750,000","$5,250,000","$10,000,000","$10,000,000"
"T429","Luke Farrell","TE","SF                  SF","26","2025","2027","3","$15,750,000","$5,250,000","$6,000,000","$11,000,000"
"431","Josh Conerly Jr.","T","WAS                  WAS","21","2025","2029","4","$15,681,094","$3,920,274","$15,681,094","$15,681,094"
"432","Cairo Santos","K","CHI                  CHI","32","2023","2027","4","$15,600,000","$3,900,000","$3,383,333","$9,583,333"
"433","Kenneth Murray","ILB","DAL                  DAL","25","2024","2025","2","$15,500,000","$7,750,000","$7,490,000","$7,490,000"
"434","Emmanuel Forbes","CB","LAR                  LAR","22","2023","2027","4","$15,407,567","$3,851,892","$15,407,567","$15,407,567"
"435","Amarius Mims","RT","CIN                  CIN","21","2024","2028","4","$15,371,558","$3,842,890","$15,371,558","$15,371,558"
"436","Brandon McManus","K","GB                  GB","33","2025","2027","3","$15,300,000","$5,100,000","$5,000,000","$5,000,000"
"437","Maxwell Hairston","CB","BUF                  BUF","21","2025","2029","4","$15,257,982","$3,814,496","$15,257,982","$15,257,982"
"438","Jared Verse","OLB","LAR                  LAR","23","2024","2028","4","$15,134,346","$3,783,587","$15,134,346","$15,134,346"
"439","Christian Gonzalez","CB","NE                  NE","20","2023","2027","4","$15,102,868","$3,775,717","$15,102,868","$15,102,868"
"440","Troy Fautanu","LT","PIT                  PIT","23","2024","2028","4","$15,055,296","$3,763,824","$15,055,296","$15,055,296"
"T441","Joel Bitonio","G","CLE                  CLE","33","2025","2025","1","$15,000,000","$15,000,000","$14,602,942","$14,602,942"
"T441","Patrick Jones","OLB","CAR                  CAR","26","2025","2026","2","$15,000,000","$7,500,000","$10,250,000","$10,250,000"
"T441","Baron Browning","OLB","ARI                  ARI","26","2025","2026","2","$15,000,000","$7,500,000","$10,000,000","$10,000,000"
"T441","Harrison Phillips","DT","MIN                  MIN","28","2024","2026","2","$15,000,000","$7,500,000","$13,091,667","$13,091,667"
"T441","Nathan Shepherd","DT","NO                  NO","29","2023","2026","3","$15,000,000","$5,000,000","$10,180,000","$10,180,000"
"T441","John Franklin-Myers","DE","DEN                  DEN","27","2024","2025","2","$15,000,000","$7,500,000","$8,000,000","$10,000,000"
"T441","Kevin Byard","S","CHI                  CHI","30","2024","2025","2","$15,000,000","$7,500,000","$7,390,000","$7,390,000"
"448","Chop Robinson","OLB","MIA                  MIA","21","2024","2028","4","$14,976,228","$3,744,057","$14,976,228","$14,976,228"
"449","Jihaad Campbell","LB","PHI                  PHI","21","2025","2029","4","$14,903,574","$3,725,894","$14,903,574","$14,903,574"
"450","Quinyon Mitchell","CB","PHI                  PHI","22","2024","2028","4","$14,818,096","$3,704,524","$14,818,096","$14,818,096"
"451","Zion Johnson","G","LAC                  LAC","22","2022","2025","4","$14,746,678","$3,686,670","$14,746,678","$14,746,678"
"452","Jack Campbell","OLB","DET                  DET","22","2023","2027","4","$14,722,004","$3,680,501","$14,722,004","$14,722,004"
"453","Josh Simmons","T","KC                  KC","22","2025","2029","4","$14,675,356","$3,668,839","$14,675,356","$14,675,356"
"454","Brian Thomas Jr.","WR","JAX                  JAX","21","2024","2028","4","$14,659,978","$3,664,995","$14,659,978","$14,659,978"
"455","Calijah Kancey","DE","TB                  TB","22","2023","2027","4","$14,493,474","$3,623,369","$14,493,474","$14,493,474"
"456","Jaxon Smith-Njigba","WR","SEA                  SEA","21","2023","2027","4","$14,417,307","$3,604,327","$14,417,307","$14,417,307"
"457","Treylon Burks","WR","TEN                  TEN","21","2022","2025","4","$14,369,592","$3,592,398","$14,369,592","$14,369,592"
"458","Terrion Arnold","CB","DET                  DET","21","2024","2028","4","$14,343,710","$3,585,928","$14,343,710","$14,343,710"
"459","Quentin Johnston","WR","LAC                  LAC","21","2023","2027","4","$14,188,778","$3,547,195","$14,188,778","$14,188,778"
"460","Jordan Morgan","G","GB                  GB","22","2024","2028","4","$14,185,596","$3,546,399","$14,185,596","$14,185,596"
"461","Trevor Penning","RT","NO                  NO","22","2022","2025","4","$14,143,316","$3,535,829","$14,143,316","$14,143,316"
"462","Tedarrell Slaton","DT","CIN                  CIN","27","2025","2026","2","$14,100,000","$7,050,000","$5,000,000","$5,000,000"
"463","Kenny Pickett","QB","CLE                  CLE","23","2022","2025","4","$14,067,905","$3,516,976","$14,067,905","$14,067,905"
"464","Jack Fox","P","DET                  DET","26","2022","2026","4","$14,065,000","$3,516,250","$5,561,667","$5,561,667"
"465","Zay Flowers","WR","BAL                  BAL","22","2023","2027","4","$14,036,434","$3,509,109","$14,036,434","$14,036,434"
"466","Graham Barton","C","TB                  TB","21","2024","2028","4","$14,027,456","$3,506,864","$14,027,456","$14,027,456"
"467","Jaelan Phillips","OLB","MIA                  MIA","21","2021","2025","4","$14,018,202","$3,504,551","$14,018,202","$14,018,202"
"T468","Haason Reddick","OLB","TB                  TB","30","2025","2025","1","$14,000,000","$14,000,000","$12,000,000","$12,000,000"
"T468","Daniel Jones","QB","IND                  IND","27","2025","2025","1","$14,000,000","$14,000,000","$13,150,000","$13,150,000"
"T468","Divine Deablo","ILB","ATL                  ATL","26","2025","2026","2","$14,000,000","$7,000,000","$6,660,000","$7,660,000"
"T468","Evan McPherson","K","CIN                  CIN","25","2024","2027","3","$14,000,000","$4,666,667","$5,000,000","$5,000,000"
"T468","Zaven Collins","DE","ARI                  ARI","25","2024","2026","2","$14,000,000","$7,000,000","$11,250,000","$11,250,000"
"T468","Jermaine Eluemunor","G","NYG                  NYG","29","2024","2025","2","$14,000,000","$7,000,000","$6,750,000","$6,750,000"
"T468","Will Dissly","TE","LAC                  LAC","27","2024","2026","3","$14,000,000","$4,666,667","$10,000,000","$10,000,000"
"475","Trent McDuffie","CB","KC                  KC","21","2022","2026","4","$13,992,484","$3,498,121","$13,992,484","$13,992,484"
"476","Darius Robinson","DE","ARI                  ARI","22","2024","2028","4","$13,869,328","$3,467,332","$13,869,328","$13,869,328"
"477","Quay Walker","OLB","GB                  GB","21","2022","2025","4","$13,841,641","$3,460,410","$13,841,641","$13,841,641"
"478","Xavier Worthy","WR","KC                  KC","20","2024","2028","4","$13,790,264","$3,447,566","$13,790,264","$13,790,264"
"479","Jordan Addison","WR","MIN                  MIN","21","2023","2026","4","$13,731,739","$3,432,935","$13,731,739","$13,731,739"
"480","Kaiir Elam","CB","DAL                  DAL","20","2022","2025","4","$13,690,809","$3,422,702","$13,690,809","$13,690,809"
"481","Aaron Rodgers","QB","PIT                  PIT","41","2025","2025","1","$13,650,000","$13,650,000","$10,000,000","$10,000,000"
"482","Kwity Paye","DE","IND                  IND","22","2021","2025","4","$13,644,833","$3,411,208","$13,644,833","$13,644,833"
"483","Deonte Banks","CB","NYG                  NYG","22","2023","2027","4","$13,579,395","$3,394,849","$13,579,395","$13,579,395"
"484","Christian Elliss","OLB","NE                  NE","26","2025","2026","2","$13,508,000","$6,754,000","$7,750,000","$7,750,000"
"485","Kavontae Turpin","WR","DAL                  DAL","28","2025","2027","3","$13,500,000","$4,500,000","$5,000,000","$5,000,000"
"486","Dalton Kincaid","TE","BUF                  BUF","23","2023","2027","4","$13,427,023","$3,356,756","$13,427,023","$13,427,023"
"487","Tyler Smith","G","DAL                  DAL","20","2022","2026","4","$13,389,123","$3,347,281","$13,389,123","$13,389,123"
"488","Mazi Smith","DT","DAL                  DAL","21","2023","2027","4","$13,274,696","$3,318,674","$13,274,696","$13,274,696"
"489","Tyler Linderbaum","C","BAL                  BAL","21","2022","2025","4","$13,238,286","$3,309,572","$13,238,286","$13,238,286"
"490","Anton Harrison","RT","JAX                  JAX","21","2023","2027","4","$13,198,521","$3,299,630","$13,198,521","$13,198,521"
"491","Tyler Guyton","LT","DAL                  DAL","22","2024","2028","4","$13,155,806","$3,288,952","$13,155,806","$13,155,806"
"492","Jermaine Johnson","DE","NYJ                  NYJ","22","2022","2026","4","$13,087,443","$3,271,861","$13,087,443","$13,087,443"
"T493","Brandin Cooks","WR","NO                  NO","31","2025","2026","2","$13,000,000","$6,500,000","$7,750,000","$7,750,000"
"T493","Donte Jackson","CB","LAC                  LAC","29","2025","2026","2","$13,000,000","$6,500,000","$7,000,000","$7,000,000"
"495","Devin Lloyd","ILB","JAX                  JAX","23","2022","2025","4","$12,936,605","$3,234,151","$12,936,605","$12,936,605"
"496","Travis Etienne","RB","JAX                  JAX","21","2021","2025","4","$12,898,105","$3,224,526","$12,898,105","$12,898,105"
"497","Devonte Wyatt","DT","GB                  GB","23","2022","2026","4","$12,861,184","$3,215,296","$12,861,184","$12,861,184"
"498","Nate Wiggins","CB","BAL                  BAL","20","2024","2028","4","$12,819,822","$3,204,956","$12,819,822","$12,819,822"
"499","Mack Wilson","OLB","ARI                  ARI","26","2024","2026","3","$12,750,000","$4,250,000","$6,445,000","$6,445,000"
"500","Greg Newsome","CB","CLE                  CLE","20","2021","2025","4","$12,748,736","$3,187,184","$12,748,736","$12,748,736"
"501","Joey Bosa","OLB","BUF                  BUF","29","2025","2025","1","$12,610,000","$12,610,000","$12,000,000","$12,000,000"
"502","Myles Murphy","DE","CIN                  CIN","21","2023","2027","4","$12,587,262","$3,146,816","$12,587,262","$12,587,262"
"503","Ricky Pearsall","WR","SF                  SF","23","2024","2028","4","$12,538,398","$3,134,600","$12,538,398","$12,538,398"
"T504","Deshon Elliott","S","PIT                  PIT","28","2025","2027","2","$12,500,000","$6,250,000","$7,170,000","$7,170,000"
"T504","Jacoby Brissett","QB","ARI                  ARI","32","2025","2026","2","$12,500,000","$6,250,000","$6,500,000","$8,000,000"
"T504","D.J. Wonnum","OLB","CAR                  CAR","26","2024","2025","2","$12,500,000","$6,250,000","$1,250,000","$1,250,000"
"507","Xavier Legette","WR","CAR                  CAR","23","2024","2028","4","$12,357,176","$3,089,294","$12,357,176","$12,357,176"
"T508","Khalen Saunders","DT","NO                  NO","26","2023","2025","3","$12,300,000","$4,100,000","$4,600,000","$6,600,000"
"T508","Chase McLaughlin","K","TB                  TB","27","2024","2026","3","$12,300,000","$4,100,000","$5,000,000","$6,500,000"
"510","Bryan Bresee","DT","NO                  NO","21","2023","2027","4","$12,263,560","$3,065,890","$12,263,560","$12,263,560"
"511","Cole Strange","C","NE                  NE","23","2022","2025","4","$12,255,969","$3,063,992","$12,255,969","$12,255,969"
"512","Foster Moreau","TE","NO                  NO","26","2023","2025","3","$12,234,000","$4,078,000","$8,020,000","$8,020,000"
"513","Alec Ingold","FB","MIA                  MIA","27","2023","2026","3","$12,200,000","$4,066,667","$4,080,000","$4,080,000"
"514","Jonnu Smith","TE","PIT                  PIT","29","2025","2026","1","$12,010,000","$12,010,000","$7,745,000","$7,745,000"
"T515","Jarrett Stidham","QB","DEN                  DEN","28","2025","2026","2","$12,000,000","$6,000,000","$6,990,000","$6,990,000"
"T515","Cam Robinson","LT","HOU                  HOU","29","2025","2025","1","$12,000,000","$12,000,000","$10,750,000","$10,750,000"
"T515","Coleman Shelton","C","LAR                  LAR","29","2025","2026","2","$12,000,000","$6,000,000","$9,000,000","$9,000,000"
"T515","James Hudson","RT","NYG                  NYG","25","2025","2026","2","$12,000,000","$6,000,000","$6,010,000","$6,010,000"
"T515","Hjalte Froholdt","C","ARI                  ARI","28","2024","2026","2","$12,000,000","$6,000,000","$7,250,000","$8,000,000"
"T515","Brock Wright","TE","DET                  DET","25","2024","2026","3","$12,000,000","$4,000,000","$4,600,000","$4,600,000"
"T515","Anfernee Jennings","OLB","NE                  NE","26","2024","2026","3","$12,000,000","$4,000,000","$5,500,000","$5,500,000"
"T515","Tyrod Taylor","QB","NYJ                  NYJ","34","2024","2025","2","$12,000,000","$6,000,000","$8,500,000","$8,500,000"
"T515","John Simpson","G","NYJ                  NYJ","26","2024","2025","2","$12,000,000","$6,000,000","$6,000,000","$6,000,000"
"T515","A.J. Epenesa","DE","BUF                  BUF","25","2024","2025","2","$12,000,000","$6,000,000","$6,560,000","$10,060,000"
"T515","Charlie Woerner","TE","ATL                  ATL","26","2024","2026","3","$12,000,000","$4,000,000","$4,160,000","$6,570,000"
"T515","Tyquan Lewis","DE","IND                  IND","29","2024","2025","2","$12,000,000","$6,000,000","$6,700,000","$7,700,000"
"T515","Rakeem Nunez-Roches","DT","NYG                  NYG","29","2023","2025","3","$12,000,000","$4,000,000","$5,465,000","$7,465,000"
"528","Nolan Smith","OLB","PHI                  PHI","22","2023","2027","4","$11,992,409","$2,998,102","$11,992,409","$11,992,409"
"529","Jauan Jennings","WR","SF                  SF","26","2024","2025","2","$11,890,000","$5,945,000","$8,435,000","$8,435,000"
"530","Felix Anudike-Uzomah","DE","KC                  KC","21","2023","2027","4","$11,817,817","$2,954,454","$11,817,817","$11,817,817"
"531","Carson Schwesinger","LB","CLE                  CLE","22","2025","2028","4","$11,800,400","$2,950,100","$11,800,400","$11,800,400"
"532","Jayden Higgins","WR","HOU                  HOU","22","2025","2028","4","$11,700,824","$2,925,206","$11,700,824","$11,700,824"
"533","Daxton Hill","S","CIN                  CIN","21","2022","2026","4","$11,667,013","$2,916,753","$11,667,013","$11,667,013"
"534","Nick Emmanwori","S","SEA                  SEA","21","2025","2028","4","$11,601,260","$2,900,315","$11,601,260","$11,601,260"
"535","Evan Brown","G","ARI                  ARI","28","2025","2026","2","$11,500,000","$5,750,000","$6,000,000","$6,000,000"
"536","Odafe Oweh","OLB","BAL                  BAL","22","2021","2025","4","$11,342,391","$2,835,598","$8,916,701","$8,916,701"
"537","Jonah Savaiinaea","G","MIA                  MIA","21","2025","2028","4","$11,322,475","$2,830,619","$11,322,475","$11,322,475"
"538","Antonio Gibson","RB","NE                  NE","25","2024","2026","3","$11,250,000","$3,750,000","$5,300,000","$5,300,000"
"539","TreVeyon Henderson","RB","NE                  NE","22","2025","2028","4","$11,143,234","$2,785,809","$11,143,234","$11,143,234"
"540","Isaiah Rodgers","CB","MIN                  MIN","27","2025","2026","2","$11,045,000","$5,522,500","$7,995,000","$7,995,000"
"541","Malcolm Koonce","DE","LV                  LV","26","2025","2025","1","$11,040,000","$11,040,000","$10,020,000","$10,020,000"
"542","Alex Cappa","G","LV                  LV","30","2025","2026","2","$11,020,000","$5,510,000","$5,500,000","$5,500,000"
"543","Davon Godchaux","DT","NO                  NO","30","2025","2026","2","$11,000,000","$5,500,000","$7,450,000","$7,450,000"
"544","Luther Burden III","WR","CHI                  CHI","21","2025","2028","4","$10,964,030","$2,741,008","$10,964,030","$10,964,030"
"545","Tyler Shough","QB","NO                  NO","25","2025","2028","4","$10,804,721","$2,701,180","$10,804,721","$10,804,721"
"546","T.J. Sanders","DT","BUF                  BUF","21","2025","2028","4","$10,720,408","$2,680,102","$10,072,496","$10,072,496"
"547","Taylor Rapp","S","BUF                  BUF","26","2024","2026","3","$10,625,000","$3,541,667","$3,675,000","$4,850,000"
"548","Jimmie Ward","S","HOU                  HOU","33","2024","2025","1","$10,508,000","$10,508,000","$8,758,000","$8,758,000"
"T549","Tommy Tremble","TE","CAR                  CAR","24","2025","2026","2","$10,500,000","$5,250,000","$6,000,000","$8,000,000"
"T549","Kalif Raymond","WR","DET                  DET","29","2023","2025","2","$10,500,000","$5,250,000","$8,150,000","$8,150,000"
"T549","Russell Wilson","QB","NYG                  NYG","36","2025","2025","1","$10,500,000","$10,500,000","$10,500,000","$10,500,000"
"T549","Jordan Mason","RB","MIN                  MIN","25","2025","2026","2","$10,500,000","$5,250,000","$7,230,000","$7,230,000"
"T549","Michael Jackson","CB","CAR                  CAR","28","2025","2026","2","$10,500,000","$5,250,000","$5,700,000","$7,700,000"
"T549","Drew Sample","TE","CIN                  CIN","27","2024","2026","3","$10,500,000","$3,500,000","$2,350,000","$2,350,000"
"555","Mason Taylor","TE","NYJ                  NYJ","21","2025","2028","4","$10,466,187","$2,616,547","$9,600,000","$9,600,000"
"556","Alfred Collins","DT","SF                  SF","23","2025","2028","4","$10,306,886","$2,576,722","$8,330,859","$8,330,859"
"557","Harrison Smith","S","MIN                  MIN","35","2024","2025","2","$10,250,000","$5,125,000","$7,000,000","$7,000,000"
"558","Donovan Ezeiruaku","DE","DAL                  DAL","21","2025","2028","4","$10,155,086","$2,538,772","$8,775,719","$8,775,719"
"559","Alohi Gilman","S","LAC                  LAC","26","2024","2025","2","$10,125,000","$5,062,500","$5,625,000","$5,625,000"
"560","J.T. Gray","S","NO                  NO","27","2023","2025","3","$10,100,000","$3,366,667","$3,500,000","$3,500,000"
"561","Keon Coleman","WR","BUF                  BUF","20","2024","2027","4","$10,074,258","$2,518,565","$9,640,505","$9,640,505"
"T562","TuTu Atwell","WR","LAR                  LAR","25","2025","2025","1","$10,000,000","$10,000,000","$10,000,000","$10,000,000"
"T562","Darius Slay","CB","PIT                  PIT","34","2025","2025","1","$10,000,000","$10,000,000","$8,745,000","$8,745,000"
"T562","Leonard Floyd","DE","ATL                  ATL","32","2025","2025","1","$10,000,000","$10,000,000","$10,000,000","$10,000,000"
"T562","Anthony Nelson","OLB","TB                  TB","28","2025","2026","2","$10,000,000","$5,000,000","$5,500,000","$5,500,000"
"T562","Malik Harrison","ILB","PIT                  PIT","27","2025","2026","2","$10,000,000","$5,000,000","$4,080,000","$4,080,000"
"T562","Akeem Davis-Gaither","OLB","ARI                  ARI","27","2025","2026","2","$10,000,000","$5,000,000","$5,000,000","$5,000,000"
"T562","Dyami Brown","WR","JAX                  JAX","25","2025","2025","1","$10,000,000","$10,000,000","$9,500,000","$9,500,000"
"T562","Dallas Goedert","TE","PHI                  PHI","30","2025","2025","1","$10,000,000","$10,000,000","$10,000,000","$10,000,000"
"570","Ladd McConkey","WR","LAC                  LAC","22","2024","2027","4","$9,995,186","$2,498,797","$9,185,943","$9,185,943"
"571","JT Tuimoloau","DE","IND                  IND","22","2025","2028","4","$9,942,466","$2,485,617","$8,751,358","$8,751,358"
"572","Ruke Orhorhoro","DE","ATL                  ATL","22","2024","2027","4","$9,916,126","$2,479,032","$8,735,167","$8,735,167"
"573","Johnny Newton","DT","WAS                  WAS","21","2024","2027","4","$9,757,990","$2,439,498","$8,432,355","$8,432,355"
"574","Terrence Ferguson","TE","LAR                  LAR","22","2025","2028","4","$9,713,466","$2,428,367","$8,046,753","$8,046,753"
"575","Ja'Lynn Polk","WR","NE                  NE","22","2024","2027","4","$9,694,744","$2,423,686","$8,214,275","$8,214,275"
"576","Joey Porter Jr.","CB","PIT                  PIT","22","2023","2026","4","$9,618,345","$2,404,586","$8,999,868","$8,999,868"
"577","Andrew Wingard","S","JAX                  JAX","26","2023","2025","3","$9,600,000","$3,200,000","$4,080,000","$6,000,000"
"578","T'Vondre Sweat","DT","TEN                  TEN","22","2024","2027","4","$9,552,440","$2,388,110","$7,926,795","$7,926,795"
"579","Will Levis","QB","TEN                  TEN","23","2023","2026","4","$9,542,165","$2,385,541","$8,730,961","$8,730,961"
"T580","Garrett Bradbury","C","NE                  NE","29","2025","2026","2","$9,500,000","$4,750,000","$3,800,000","$3,800,000"
"T580","Mario Edwards","DT","HOU                  HOU","31","2025","2026","2","$9,500,000","$4,750,000","$4,500,000","$4,500,000"
"T580","Blake Brandel","G","MIN                  MIN","27","2024","2026","3","$9,500,000","$3,166,667","$4,750,000","$4,750,000"
"T580","Ryan Neuzil","C","ATL                  ATL","27","2025","2026","2","$9,500,000","$4,750,000","$6,250,000","$6,250,000"
"584","Sam LaPorta","TE","DET                  DET","22","2023","2026","4","$9,465,990","$2,366,498","$7,833,173","$7,833,173"
"585","Will Johnson","CB","ARI                  ARI","22","2025","2028","4","$9,410,768","$2,352,692","$7,660,119","$7,660,119"
"586","Braden Fiske","DE","LAR                  LAR","24","2024","2027","4","$9,410,122","$2,352,531","$7,643,653","$7,643,653"
"587","Logan Hall","DE","TB                  TB","21","2022","2025","4","$9,316,455","$2,329,114","$6,861,029","$6,861,029"
"588","Theo Jackson","S","MIN                  MIN","26","2025","2027","3","$9,315,000","$3,105,000","$5,380,000","$5,380,000"
"589","Michael Mayer","TE","LV                  LV","21","2023","2026","4","$9,313,645","$2,328,411","$7,596,703","$7,596,703"
"590","Cooper DeJean","CB","PHI                  PHI","21","2024","2027","4","$9,283,622","$2,320,906","$7,469,987","$7,469,987"
"591","Steve Avila","C","LAR                  LAR","23","2023","2026","4","$9,252,710","$2,313,178","$7,442,150","$7,442,150"
"592","Amik Robertson","CB","DET                  DET","25","2024","2025","2","$9,250,000","$4,625,000","$4,500,000","$4,500,000"
"593","Christian Watson","WR","GB                  GB","22","2022","2025","4","$9,241,033","$2,310,258","$7,425,893","$7,425,893"
"594","Aireontae Ersery","T","HOU                  HOU","23","2025","2028","4","$9,211,638","$2,302,910","$7,369,310","$7,369,310"
"595","Roger McCreary","CB","TEN                  TEN","21","2022","2025","4","$9,165,609","$2,291,402","$7,245,752","$7,245,752"
"596","Kool-Aid McKinstry","CB","NO                  NO","21","2024","2027","4","$9,157,108","$2,289,277","$7,282,112","$7,282,112"
"597","Derick Hall","OLB","SEA                  SEA","22","2023","2026","4","$9,115,578","$2,278,895","$7,222,545","$7,222,545"
"598","Kamari Lassiter","CB","HOU                  HOU","21","2024","2027","4","$9,014,800","$2,253,700","$7,090,508","$7,090,508"
"599","Breece Hall","RB","NYJ                  NYJ","20","2022","2025","4","$9,014,774","$2,253,694","$7,080,487","$7,080,487"
"600","Demetrius Knight Jr.","LB","CIN                  CIN","25","2025","2028","4","$9,012,482","$2,253,121","$7,114,208","$7,114,208"
"T601","Isaac Yiadom","CB","NO                  NO","29","2025","2027","3","$9,000,000","$3,000,000","$4,860,000","$4,860,000"
"T601","Kevin Zeitler","G","TEN                  TEN","35","2025","2025","1","$9,000,000","$9,000,000","$8,745,000","$8,745,000"
"T601","Roy Robertson-Harris","DT","NYG                  NYG","31","2025","2026","2","$9,000,000","$4,500,000","$5,300,000","$5,300,000"
"T601","Markquese Bell","S","DAL                  DAL","26","2025","2027","3","$9,000,000","$3,000,000","$6,200,000","$6,200,000"
"T601","Jamie Gillan","P","NYG                  NYG","27","2025","2027","3","$9,000,000","$3,000,000","$4,000,000","$4,000,000"
"T601","Lavonte David","ILB","TB                  TB","35","2025","2025","1","$9,000,000","$9,000,000","$9,000,000","$9,000,000"
"T601","Bobby Wagner","ILB","WAS                  WAS","34","2025","2025","1","$9,000,000","$9,000,000","$8,000,000","$8,000,000"
"T601","Brenden Schooler","S","NE                  NE","27","2024","2027","3","$9,000,000","$3,000,000","$3,600,000","$3,600,000"
"T601","Kyle Van Noy","OLB","BAL                  BAL","33","2024","2025","2","$9,000,000","$4,500,000","$5,250,000","$5,250,000"
"T601","Kamren Curl","S","LAR                  LAR","24","2024","2025","2","$9,000,000","$4,500,000","$6,000,000","$6,000,000"
"T601","Shelby Harris","DT","CLE                  CLE","32","2024","2025","2","$9,000,000","$4,500,000","$3,990,000","$3,990,000"
"T601","Cameron Johnston","P","PIT                  PIT","32","2024","2026","3","$9,000,000","$3,000,000","$2,875,000","$2,875,000"
"613","Matthew Bergeron","G","ATL                  ATL","23","2023","2026","4","$8,978,480","$2,244,620","$7,014,143","$7,014,143"
"614","Sean Bunting","CB","ARI                  ARI","28","2025","2026","2","$8,975,000","$4,487,500","$1,170,000","$1,170,000"
"615","Max Melton","CB","ARI                  ARI","22","2024","2027","4","$8,888,308","$2,222,077","$6,931,266","$6,931,266"
"616","Jonathan Mingo","WR","DAL                  DAL","22","2023","2026","4","$8,856,595","$2,214,149","$6,898,887","$6,898,887"
"617","Arnold Ebiketie","OLB","ATL                  ATL","22","2022","2025","4","$8,818,689","$2,204,672","$6,764,389","$6,764,389"
"618","Elijah Arroyo","TE","SEA                  SEA","22","2025","2028","4","$8,813,367","$2,203,342","$6,872,000","$6,872,000"
"619","Jackson Powers-Johnson","G","LV                  LV","21","2024","2027","4","$8,767,762","$2,191,941","$6,777,157","$6,777,157"
"620","Isaiah Foskey","DE","NO                  NO","22","2023","2026","4","$8,734,721","$2,183,680","$6,731,557","$6,731,557"
"T621","C.J. Ham","FB","MIN                  MIN","29","2023","2025","2","$8,650,000","$4,325,000","$4,400,000","$4,400,000"
"T621","Bradley Pinion","P","ATL                  ATL","28","2023","2025","3","$8,650,000","$2,883,333","$4,325,000","$4,325,000"
"623","Nic Scourton","DE","CAR                  CAR","20","2025","2028","4","$8,614,236","$2,153,559","$6,660,008","$6,660,008"
"624","Edgerrin Cooper","ILB","GB                  GB","22","2024","2027","4","$8,598,920","$2,149,730","$6,568,275","$6,568,275"
"625","B.J. Ojulari","DE","ARI                  ARI","21","2023","2026","4","$8,597,606","$2,149,402","$6,532,844","$6,532,844"
"626","Boye Mafe","OLB","SEA                  SEA","23","2022","2025","4","$8,562,251","$2,140,563","$6,319,285","$6,319,285"
"T627","Adam Thielen","WR","CAR                  CAR","34","2025","2025","1","$8,500,000","$8,500,000","$3,500,000","$3,500,000"
"T627","Dre'Mont Jones","DE","TEN                  TEN","28","2025","2025","1","$8,500,000","$8,500,000","$7,990,000","$7,990,000"
"T627","Andre Cisco","S","NYJ                  NYJ","24","2025","2025","1","$8,500,000","$8,500,000","$7,500,000","$7,500,000"
"T627","John Cominsky","DE","DET                  DET","27","2023","2024","2","$8,500,000","$4,250,000","$4,000,000","$4,000,000"
"631","Luke Musgrave","TE","GB                  GB","22","2023","2026","4","$8,475,731","$2,118,933","$6,348,429","$6,348,429"
"632","Kenneth Walker","RB","SEA                  SEA","21","2022","2025","4","$8,441,581","$2,110,395","$6,144,040","$6,144,040"
"633","Austin Ekeler","RB","WAS                  WAS","28","2024","2025","2","$8,430,000","$4,215,000","$4,210,000","$4,210,000"
"634","Jonathon Brooks","RB","CAR                  CAR","20","2024","2027","4","$8,417,082","$2,104,271","$6,240,268","$6,240,268"
"635","Oluwafemi Oladejo","DE","TEN                  TEN","21","2025","2028","4","$8,415,100","$2,103,775","$6,427,588","$6,427,588"
"636","Mac Jones","QB","SF                  SF","26","2025","2026","2","$8,410,000","$4,205,000","$4,750,000","$4,750,000"
"T637","Wil Lutz","K","DEN                  DEN","29","2024","2025","2","$8,400,000","$4,200,000","$4,510,000","$4,510,000"
"T637","Mack Hollins","WR","NE                  NE","31","2025","2026","2","$8,400,000","$4,200,000","$3,500,000","$3,500,000"
"639","Joe Tippmann","C","NYJ                  NYJ","22","2023","2026","4","$8,359,598","$2,089,900","$6,167,661","$6,167,661"
"640","DeeJay Dallas","RB","ARI                  ARI","25","2024","2026","3","$8,250,000","$2,750,000","$2,395,000","$2,395,000"
"641","Benjamin Morrison","CB","TB                  TB","21","2025","2028","4","$8,215,968","$2,053,992","$3,576,882","$3,576,882"
"642","Julius Brents","CB","IND                  IND","23","2023","2026","4","$8,196,937","$2,049,234","$5,975,996","$5,975,996"
"643","Wan'dale Robinson","WR","NYG                  NYG","20","2022","2025","4","$8,185,166","$2,046,292","$5,791,409","$5,791,409"
"644","Tyler Nubin","S","NYG                  NYG","22","2024","2027","4","$8,176,718","$2,044,180","$5,935,964","$5,935,964"
"645","John Metchie","WR","HOU                  HOU","21","2022","2025","4","$8,070,172","$2,017,543","$4,921,042","$4,921,042"
"646","Brian Branch","S","DET                  DET","21","2023","2026","4","$8,021,730","$2,005,433","$5,623,608","$5,623,608"
"647","Maason Smith","DE","JAX                  JAX","21","2024","2027","4","$8,018,600","$2,004,650","$5,703,444","$5,703,444"
"648","Anthony Belton","T","GB                  GB","24","2025","2028","4","$8,016,822","$2,004,206","$5,848,297","$5,848,297"
"T649","Andrew Billings","DT","CHI                  CHI","28","2023","2025","2","$8,000,000","$4,000,000","$5,060,000","$5,060,000"
"T649","Yosh Nijman","RT","CAR                  CAR","28","2024","2025","2","$8,000,000","$4,000,000","$3,960,000","$5,000,000"
"T649","Isaiah McDuffie","OLB","GB                  GB","25","2025","2026","2","$8,000,000","$4,000,000","$2,550,000","$2,550,000"
"T649","Andy Dalton","QB","CAR                  CAR","37","2025","2026","2","$8,000,000","$4,000,000","$5,900,000","$5,900,000"
"T649","Jameis Winston","QB","NYG                  NYG","31","2025","2026","2","$8,000,000","$4,000,000","$5,250,000","$5,250,000"
"T649","Marcus Mariota","QB","WAS                  WAS","31","2025","2025","1","$8,000,000","$8,000,000","$7,390,000","$7,390,000"
"T649","Will Harris","S","WAS                  WAS","29","2025","2026","2","$8,000,000","$4,000,000","$3,390,000","$3,390,000"
"T649","Demarcus Robinson","WR","SF                  SF","30","2025","2026","2","$8,000,000","$4,000,000","$6,000,000","$6,000,000"
"T649","Xavier Woods","S","TEN                  TEN","29","2025","2026","2","$8,000,000","$4,000,000","$3,490,000","$3,490,000"
"T649","Joshua Dobbs","QB","NE                  NE","30","2025","2026","2","$8,000,000","$4,000,000","$3,800,000","$3,800,000"
"659","David Ojabo","DE","BAL                  BAL","21","2022","2025","4","$7,909,121","$1,977,280","$4,696,593","$4,696,593"
"660","Kris Jenkins","DT","CIN                  CIN","22","2024","2027","4","$7,860,464","$1,965,116","$5,480,322","$5,480,322"
"661","Tre Harris","WR","LAC                  LAC","23","2025","2028","4","$7,817,694","$1,954,424","$5,578,246","$5,578,246"
"662","Keion White","DE","NE                  NE","24","2023","2026","4","$7,790,161","$1,947,540","$5,321,678","$5,321,678"
"663","Josh Paschal","DE","DET                  DET","22","2022","2025","4","$7,735,650","$1,933,913","$4,137,548","$4,137,548"
"664","Ozzy Trapilo","T","CHI                  CHI","23","2025","2028","4","$7,718,124","$1,929,531","$5,394,004","$5,394,004"
"665","Mike Sainristil","CB","WAS                  WAS","23","2024","2027","4","$7,702,336","$1,925,584","$5,258,934","$5,258,934"
"666","Tate Ratledge","G","DET                  DET","24","2025","2028","4","$7,658,377","$1,914,594","$5,251,738","$5,251,738"
"667","Jartavius Martin","CB","WAS                  WAS","23","2023","2026","4","$7,637,818","$1,909,455","$5,111,991","$5,111,991"
"668","Jack Bech","WR","LV                  LV","22","2025","2028","4","$7,558,817","$1,889,704","$5,077,203","$5,077,203"
"669","Zach Frazier","C","PIT                  PIT","22","2024","2027","4","$7,544,214","$1,886,054","$5,039,272","$5,039,272"
"670","Phidarian Mathis","DT","NYJ                  NYJ","23","2022","2025","4","$7,506,373","$1,876,593","$3,796,370","$3,796,370"
"T671","Adam Trautman","TE","DEN                  DEN","27","2024","2025","2","$7,500,000","$3,750,000","$5,000,000","$5,000,000"
"T671","Rigoberto Sanchez","P","IND                  IND","29","2024","2026","3","$7,500,000","$2,500,000","$2,500,000","$2,500,000"
"T671","Kyle Juszczyk","FB","SF                  SF","33","2025","2026","2","$7,500,000","$3,750,000","$3,450,000","$7,000,000"
"T671","Mason Rudolph","QB","PIT                  PIT","29","2025","2026","2","$7,500,000","$3,750,000","$3,000,000","$3,000,000"
"675","Cody Mauch","G","TB                  TB","24","2023","2026","4","$7,485,456","$1,871,364","$4,613,231","$4,613,231"
"676","Isaiah Pola-Mao","S","LV                  LV","25","2025","2026","2","$7,450,000","$3,725,000","$3,500,000","$3,500,000"
"677","Mike Green","DE","BAL                  BAL","21","2025","2028","4","$7,419,415","$1,854,854","$4,871,004","$4,871,004"
"678","Adonai Mitchell","WR","IND                  IND","21","2024","2027","4","$7,386,086","$1,846,522","$4,817,431","$4,817,431"
"679","RJ Harvey","RB","DEN                  DEN","24","2025","2028","4","$7,359,680","$1,839,920","$4,727,298","$4,727,298"
"680","Jaquan Brisker","S","CHI                  CHI","22","2022","2025","4","$7,355,540","$1,838,885","$3,568,827","$3,568,827"
"681","Keeanu Benton","DT","PIT                  PIT","21","2023","2026","4","$7,333,122","$1,833,281","$4,279,836","$4,279,836"
"682","Trey Amos","CB","WAS                  WAS","23","2025","2028","4","$7,280,020","$1,820,005","$4,568,725","$4,568,725"
"683","Ben Sinnott","TE","WAS                  WAS","21","2024","2027","4","$7,227,950","$1,806,988","$4,597,851","$4,597,851"
"684","Asante Samuel Jr.","CB","LAC                  LAC","21","2021","2024","4","$7,222,946","$1,805,737","$3,601,368","$3,601,368"
"685","Shemar Turner","DT","CHI                  CHI","22","2025","2028","4","$7,220,286","$1,805,072","$4,423,048","$4,423,048"
"686","Alontae Taylor","CB","NO                  NO","23","2022","2025","4","$7,204,698","$1,801,175","$3,452,266","$3,452,266"
"687","Omarr Norman-Lott","DT","KC                  KC","23","2025","2028","4","$7,200,372","$1,800,093","$4,317,355","$4,317,355"
"688","Jayden Reed","WR","GB                  GB","23","2023","2026","4","$7,180,778","$1,795,195","$4,048,783","$4,048,783"
"689","Andrew Mukuba","S","PHI                  PHI","22","2025","2028","4","$7,160,542","$1,790,136","$4,196,147","$4,196,147"
"690","Michael Hall","DT","CLE                  CLE","20","2024","2027","4","$7,069,828","$1,767,457","$4,379,410","$4,379,410"
"691","Cam Smith","CB","MIA                  MIA","22","2023","2026","4","$7,028,423","$1,757,106","$3,931,054","$3,931,054"
"T692","Chuma Edoga","LT","JAX                  JAX","27","2025","2026","2","$7,000,000","$3,500,000","$3,200,000","$3,200,000"
"T692","Matt Peart","LT","DEN                  DEN","27","2025","2026","2","$7,000,000","$3,500,000","$3,245,000","$4,000,000"
"T692","Marquise Brown","WR","KC                  KC","27","2025","2025","1","$7,000,000","$7,000,000","$6,500,000","$6,500,000"
"T692","Jordan Elliott","DT","SF                  SF","26","2024","2025","2","$7,000,000","$3,500,000","$2,325,000","$2,325,000"
"T692","Malcolm Roach","DE","DEN                  DEN","25","2024","2025","2","$7,000,000","$3,500,000","$3,000,000","$3,000,000"
"T692","P.J. Locke","S","DEN                  DEN","27","2024","2025","2","$7,000,000","$3,500,000","$3,245,000","$3,245,000"
"698","Patrick Paul","LT","MIA                  MIA","23","2024","2027","4","$6,911,696","$1,727,924","$4,163,624","$4,163,624"
"699","Zach Charbonnet","RB","SEA                  SEA","22","2023","2026","4","$6,876,079","$1,719,020","$3,813,333","$3,813,333"
"700","Marshawn Kneeland","DE","DAL                  DAL","22","2024","2027","4","$6,832,646","$1,708,162","$4,011,379","$4,011,379"
"701","Chris Braswell","OLB","TB                  TB","22","2024","2027","4","$6,785,196","$1,696,299","$3,885,353","$3,885,353"
"702","Darius Alexander","DT","NYG                  NYG","24","2025","2028","4","$6,762,070","$1,690,518","$1,557,868","$1,557,868"
"703","George Pickens","WR","DAL                  DAL","20","2022","2025","4","$6,752,179","$1,688,045","$3,102,593","$3,102,593"
"704","Ashton Gillotte","DE","KC                  KC","22","2025","2028","4","$6,744,624","$1,686,156","$1,545,180","$1,545,180"
"705","Harold Fannin Jr.","TE","CLE                  CLE","20","2025","2028","4","$6,742,886","$1,685,722","$1,543,916","$1,543,916"
"706","Darien Porter","CB","LV                  LV","24","2025","2028","4","$6,724,094","$1,681,024","$1,530,248","$1,530,248"
"707","Gervon Dexter","DT","CHI                  CHI","21","2023","2026","4","$6,723,728","$1,680,932","$3,695,608","$3,695,608"
"708","Javon Bullard","S","GB                  GB","21","2024","2027","4","$6,706,132","$1,676,533","$3,735,287","$3,735,287"
"709","Kyle Williams","WR","NE                  NE","22","2025","2028","4","$6,703,572","$1,675,893","$1,515,324","$1,515,324"
"710","Larry Ogunjobi","DE","BUF                  BUF","30","2025","2025","1","$6,696,735","$6,696,735","$5,426,735","$5,426,735"
"711","Isaac TeSlaa","WR","DET                  DET","23","2025","2028","4","$6,664,452","$1,666,113","$1,486,872","$1,486,872"
"712","Vernon Broughton","DT","NO                  NO","23","2025","2028","4","$6,637,796","$1,659,449","$1,467,488","$1,467,488"
"713","Landon Jackson","DE","BUF                  BUF","22","2025","2028","4","$6,618,982","$1,654,746","$1,453,804","$1,453,804"
"714","Alec Pierce","WR","IND                  IND","21","2022","2025","4","$6,601,342","$1,650,336","$2,986,037","$2,986,037"
"715","Blake Fisher","LT","HOU                  HOU","21","2024","2027","4","$6,595,428","$1,648,857","$3,562,252","$3,562,252"
"716","Azareye'h Thomas","CB","NYJ                  NYJ","20","2025","2028","4","$6,593,646","$1,648,412","$1,435,380","$1,435,380"
"717","Pat Bryant","WR","DEN                  DEN","22","2025","2028","4","$6,581,080","$1,645,270","$1,426,240","$1,426,240"
"718","Tuli Tuipulotu","OLB","LAC                  LAC","20","2023","2026","4","$6,571,383","$1,642,846","$3,577,887","$3,577,887"
"719","Nick Martin","LB","SF                  SF","22","2025","2028","4","$6,561,668","$1,640,417","$1,412,120","$1,412,120"
"720","Cole Bishop","S","BUF                  BUF","21","2024","2027","4","$6,547,996","$1,636,999","$3,469,816","$3,469,816"
"721","Sam Williams","DE","DAL                  DAL","22","2022","2025","4","$6,526,744","$1,631,686","$2,997,141","$2,997,141"
"722","Shavon Revel Jr.","CB","DAL                  DAL","24","2025","2028","4","$6,506,742","$1,626,686","$1,372,176","$1,372,176"
"T723","Tremon Smith","CB","HOU                  HOU","28","2025","2026","2","$6,500,000","$3,250,000","$4,500,000","$4,500,000"
"T723","Reid Ferguson","LS","BUF                  BUF","30","2025","2028","4","$6,500,000","$1,625,000","$2,365,000","$2,365,000"
"T723","Miles Killebrew","S","PIT                  PIT","30","2024","2025","2","$6,500,000","$3,250,000","$2,090,000","$2,090,000"
"T723","Cornelius Lucas","LT","CLE                  CLE","33","2025","2026","2","$6,500,000","$3,250,000","$3,255,000","$3,255,000"
"T723","Joseph Ossai","DE","CIN                  CIN","24","2025","2025","1","$6,500,000","$6,500,000","$3,000,000","$3,000,000"
"T723","Bradley Bozeman","C","LAC                  LAC","30","2025","2026","2","$6,500,000","$3,250,000","$3,375,000","$3,375,000"
"T723","Ashton Dulin","WR","IND                  IND","27","2025","2026","2","$6,500,000","$3,250,000","$2,940,000","$2,940,000"
"T723","Sebastian Joseph","DT","TEN                  TEN","29","2025","2025","1","$6,500,000","$6,500,000","$4,980,000","$4,980,000"
"731","Rashee Rice","WR","KC                  KC","23","2023","2026","4","$6,495,208","$1,623,802","$3,519,025","$3,519,025"
"732","Jordan Burch","DE","ARI                  ARI","23","2025","2028","4","$6,489,476","$1,622,369","$1,359,620","$1,359,620"
"733","Ennis Rakestraw","CB","DET                  DET","21","2024","2027","4","$6,484,746","$1,621,187","$3,420,941","$3,420,941"
"734","Jaylin Noel","WR","HOU                  HOU","22","2025","2028","4","$6,466,856","$1,616,714","$1,343,168","$1,343,168"
"735","Luke Rhodes","LS","IND                  IND","30","2023","2027","4","$6,465,000","$1,616,250","$2,500,000","$2,500,000"
"736","Skyy Moore","WR","KC                  KC","21","2022","2025","4","$6,450,498","$1,612,625","$2,869,476","$2,869,476"
"737","Tyrique Stevenson","CB","CHI                  CHI","22","2023","2026","4","$6,449,498","$1,612,375","$3,483,703","$3,483,703"
"738","Justin Walley","CB","IND                  IND","22","2025","2028","4","$6,444,016","$1,611,004","$1,326,556","$1,326,556"
"739","Roger Rosengarten","RT","BAL                  BAL","21","2024","2027","4","$6,437,314","$1,609,329","$3,384,289","$3,384,289"
"740","Kingsley Suamataia","LT","KC                  KC","21","2024","2027","4","$6,421,506","$1,605,377","$3,372,071","$3,372,071"
"741","Dylan Fairchild","G","CIN                  CIN","22","2025","2028","4","$6,421,180","$1,605,295","$1,309,948","$1,309,948"
"742","Kevin Winston Jr.","S","TEN                  TEN","21","2025","2028","4","$6,404,992","$1,601,248","$1,298,176","$1,298,176"
"743","Bryan Anger","P","DAL                  DAL","36","2025","2026","2","$6,400,000","$3,200,000","$3,300,000","$3,300,000"
"744","Renardo Green","CB","SF                  SF","23","2024","2027","4","$6,389,874","$1,597,469","$3,347,629","$3,347,629"
"745","John Michael Schmitz","C","NYG                  NYG","24","2023","2026","4","$6,373,334","$1,593,334","$3,424,849","$3,424,849"
"746","Kaleb Johnson","RB","PIT                  PIT","21","2025","2028","4","$6,372,062","$1,593,016","$1,274,228","$1,274,228"
"747","Princely Umanmielen","DE","CAR                  CAR","23","2025","2028","4","$6,350,542","$1,587,636","$1,367,668","$1,367,668"
"748","Jacob Parrish","CB","TB                  TB","21","2025","2028","4","$6,348,646","$1,587,162","$1,257,196","$1,257,196"
"749","Nohl Williams","CB","KC                  KC","22","2025","2028","4","$6,335,516","$1,583,879","$1,247,648","$1,247,648"
"750","Jamarree Caldwell","DT","LAC                  LAC","24","2025","2028","4","$6,313,266","$1,578,317","$1,231,464","$1,231,464"
"751","Zach Wood","LS","NO                  NO","30","2023","2027","4","$6,310,000","$1,577,500","$2,300,000","$2,300,000"
"752","Matt Milano","OLB","BUF                  BUF","30","2025","2025","1","$6,306,500","$6,306,500","$5,631,000","$5,631,000"
"753","Savion Williams","WR","GB                  GB","23","2025","2028","4","$6,292,454","$1,573,114","$1,216,328","$1,216,328"
"754","Caleb Ransaw","CB","JAX                  JAX","22","2025","2028","4","$6,281,080","$1,570,270","$1,208,056","$1,208,056"
"755","Wyatt Milum","G","JAX                  JAX","23","2025","2028","4","$6,277,304","$1,569,326","$1,205,312","$1,205,312"
"756","Josaiah Stewart","DE","LAR                  LAR","22","2025","2028","4","$6,275,412","$1,568,853","$1,203,936","$1,203,936"
"757","Emery Jones Jr.","G","BAL                  BAL","21","2025","2028","4","$6,273,520","$1,568,380","$1,202,560","$1,202,560"
"758","Luke Schoonmaker","TE","DAL                  DAL","24","2023","2026","4","$6,266,688","$1,566,672","$3,342,441","$3,342,441"
"759","Jalen Milroe","QB","SEA                  SEA","22","2025","2028","4","$6,264,086","$1,566,022","$1,195,700","$1,195,700"
"T760","Zach Ertz","TE","WAS                  WAS","34","2025","2025","1","$6,250,000","$6,250,000","$5,590,000","$5,590,000"
"T760","Tyrel Dodson","ILB","MIA                  MIA","26","2025","2027","2","$6,250,000","$3,125,000","$2,605,000","$2,605,000"
"762","Jonas Sanker","S","NO                  NO","22","2025","2028","4","$6,245,202","$1,561,301","$1,181,964","$1,181,964"
"763","Dillon Gabriel","QB","CLE                  CLE","24","2025","2028","4","$6,226,322","$1,556,581","$1,168,232","$1,168,232"
"764","O'Cyrus Torrence","G","BUF                  BUF","23","2023","2026","4","$6,220,978","$1,555,245","$3,307,120","$3,307,120"
"765","Jared Wilson","C","NE                  NE","21","2025","2028","4","$6,207,432","$1,551,858","$1,154,496","$1,154,496"
"766","Cooper Rush","QB","BAL                  BAL","31","2025","2026","2","$6,200,000","$3,100,000","$4,000,000","$4,000,000"
"767","Xavier Watts","S","ATL                  ATL","23","2025","2028","4","$6,188,556","$1,547,139","$1,140,768","$1,140,768"
"768","Luke Goedeke","RT","TB                  TB","23","2022","2025","4","$6,178,985","$1,544,746","$2,659,671","$2,659,671"
"T769","Upton Stout","CB","SF                  SF","23","2025","2028","4","$6,161,184","$1,540,296","$1,120,860","$1,120,860"
"T769","Tai Felton","WR","MIN                  MIN","22","2025","2028","4","$6,161,184","$1,540,296","$1,120,860","$1,120,860"
"T769","Jaylin Smith","CB","HOU                  HOU","21","2025","2028","4","$6,161,184","$1,540,296","$1,120,860","$1,120,860"
"T769","Sai'vion Jones","DE","DEN                  DEN","21","2025","2028","4","$6,161,184","$1,540,296","$1,120,860","$1,120,860"
"T769","Charles Grant","T","LV                  LV","23","2025","2028","4","$6,161,184","$1,540,296","$1,120,860","$1,120,860"
"T769","Caleb Rogers","G","LV                  LV","23","2025","2028","4","$6,161,184","$1,540,296","$1,120,860","$1,120,860"
"775","D.J. Turner","CB","CIN                  CIN","22","2023","2026","4","$6,160,043","$1,540,011","$3,260,034","$3,260,034"
"776","Brenton Strange","TE","JAX                  JAX","22","2023","2026","4","$6,114,333","$1,528,583","$3,224,712","$3,224,712"
"777","Troy Andersen","ILB","ATL                  ATL","22","2022","2025","4","$6,103,570","$1,525,893","$2,601,395","$2,601,395"
"778","Von Miller","OLB","WAS                  WAS","36","2025","2025","1","$6,100,000","$6,100,000","$4,995,000","$4,995,000"
"779","Juice Scruggs","C","HOU                  HOU","23","2023","2026","4","$6,099,103","$1,524,776","$3,212,944","$3,212,944"
"780","Malachi Corley","WR","NYJ                  NYJ","22","2024","2027","4","$6,073,456","$1,518,364","$1,237,060","$1,237,060"
"781","Marvin Mims","WR","DEN                  DEN","21","2023","2026","4","$6,068,635","$1,517,159","$3,189,399","$3,189,399"
"782","Trey Benson","RB","ARI                  ARI","21","2024","2027","4","$6,059,606","$1,514,902","$1,226,984","$1,226,984"
"783","Brandon Coleman","LT","WAS                  WAS","23","2024","2027","4","$6,058,224","$1,514,556","$1,225,980","$1,225,980"
"784","Cameron Jordan","DE","NO                  NO","35","2025","2025","1","$6,050,000","$6,050,000","$6,050,000","$6,050,000"
"785","Caedan Wallace","RT","NE                  NE","24","2024","2027","4","$6,043,304","$1,510,826","$1,215,128","$1,215,128"
"786","Junior Colson","ILB","LAC                  LAC","21","2024","2027","4","$6,027,006","$1,506,752","$1,203,276","$1,203,276"
"T787","Bud Dupree","OLB","LAC                  LAC","32","2025","2026","1","$6,000,000","$6,000,000","$2,495,000","$2,495,000"
"T787","JK Scott","P","LAC                  LAC","28","2025","2026","2","$6,000,000","$3,000,000","$3,150,000","$3,150,000"
"T787","Cody Ford","G","CIN                  CIN","28","2025","2026","2","$6,000,000","$3,000,000","$1,000,000","$1,000,000"
"T787","Justice Hill","RB","BAL                  BAL","26","2024","2026","2","$6,000,000","$3,000,000","$4,218,954","$4,218,954"
"T787","Dante Fowler Jr.","DE","DAL                  DAL","30","2025","2025","1","$6,000,000","$6,000,000","$5,000,000","$5,000,000"
"T787","Brandin Echols","CB","PIT                  PIT","27","2025","2026","2","$6,000,000","$3,000,000","$1,830,000","$1,830,000"
"T787","Trent Sherfield","WR","DEN                  DEN","29","2025","2026","2","$6,000,000","$3,000,000","$1,500,000","$1,500,000"
"T787","Nick Niemann","ILB","HOU                  HOU","27","2025","2026","2","$6,000,000","$3,000,000","$4,000,000","$4,000,000"
"T787","Riley Dixon","P","TB                  TB","31","2025","2026","2","$6,000,000","$3,000,000","$3,000,000","$3,000,000"
"T787","Solomon Thomas","DT","DAL                  DAL","29","2025","2026","2","$6,000,000","$3,000,000","$3,000,000","$3,000,000"
"T787","Zach Wilson","QB","MIA                  MIA","25","2025","2025","1","$6,000,000","$6,000,000","$6,000,000","$6,000,000"
"T787","Ted Karras","C","CIN                  CIN","31","2024","2025","1","$6,000,000","$6,000,000","$3,000,000","$3,000,000"
"T787","Tim Settle","DT","HOU                  HOU","26","2024","2025","2","$6,000,000","$3,000,000","$3,250,000","$3,250,000"
"T787","Tommy Townsend","P","HOU                  HOU","27","2024","2025","2","$6,000,000","$3,000,000","$2,000,000","$2,000,000"
"T787","David Edwards","G","BUF                  BUF","26","2024","2025","2","$6,000,000","$3,000,000","$2,950,000","$2,950,000"
"802","Ed Ingram","G","HOU                  HOU","22","2022","2025","4","$5,997,982","$1,499,496","$2,519,804","$2,519,804"
"803","Andru Phillips","CB","NYG                  NYG","22","2024","2027","4","$5,995,942","$1,498,986","$1,180,684","$1,180,684"
"804","Jeremy Reaves","S","WAS                  WAS","28","2025","2026","1","$5,995,000","$5,995,000","$4,000,000","$4,000,000"
"805","Nick Westbrook","WR","MIA                  MIA","27","2025","2026","2","$5,990,000","$2,995,000","$3,200,000","$3,200,000"
"806","Isaiah Adams","G","ARI                  ARI","23","2024","2027","4","$5,974,778","$1,493,695","$1,165,292","$1,165,292"
"807","Thomas Hennessy","LS","NYJ                  NYJ","28","2023","2027","4","$5,970,000","$1,492,500","$3,165,000","$1,955,000"
"808","Trevin Wallace","ILB","CAR                  CAR","21","2024","2027","4","$5,959,836","$1,489,959","$1,154,424","$1,154,424"
"809","Cam Taylor-Britt","CB","CIN                  CIN","22","2022","2025","4","$5,952,727","$1,488,182","$1,509,256","$1,509,256"
"810","Cooper Beebe","C","DAL                  DAL","22","2024","2027","4","$5,939,718","$1,484,930","$1,139,796","$1,139,796"
"811","Bralen Trice","OLB","ATL                  ATL","23","2024","2027","4","$5,929,740","$1,482,435","$1,132,536","$1,132,536"
"812","Kiran Amegadjie","LT","CHI                  CHI","22","2024","2027","4","$5,914,322","$1,478,581","$1,121,324","$1,121,324"
"813","Jonah Elliss","OLB","DEN                  DEN","21","2024","2027","4","$5,870,714","$1,467,679","$1,089,608","$1,089,608"
"814","Delmar Glaze","LT","LV                  LV","21","2024","2027","4","$5,865,790","$1,466,448","$1,086,028","$1,086,028"
"815","Calen Bullock","S","HOU                  HOU","20","2024","2027","4","$5,856,998","$1,464,250","$1,079,636","$1,079,636"
"816","Bryan Cook","S","KC                  KC","22","2022","2025","4","$5,847,138","$1,461,785","$2,403,243","$2,403,243"
"817","Marshawn Lloyd","RB","GB                  GB","23","2024","2027","4","$5,840,698","$1,460,175","$959,284","$959,284"
"818","Matt Goncalves","LT","IND                  IND","23","2024","2027","4","$5,839,038","$1,459,760","$1,066,572","$1,066,572"
"819","Jermaine Burton","WR","CIN                  CIN","22","2024","2027","4","$5,820,896","$1,455,224","$1,053,380","$1,053,380"
"820","Christian Haynes","G","SEA                  SEA","24","2024","2027","4","$5,802,764","$1,450,691","$1,040,192","$1,040,192"
"821","Nik Bonitto","OLB","DEN                  DEN","22","2022","2025","4","$5,801,890","$1,450,473","$1,399,556","$1,399,556"
"822","Tip Reiman","TE","ARI                  ARI","22","2024","2027","4","$5,789,912","$1,447,478","$1,030,844","$1,030,844"
"823","Liam McCullough","LS","ATL                  ATL","27","2025","2028","4","$5,780,000","$1,445,000","$2,000,000","$2,000,000"
"824","Zacch Pickens","DT","CHI                  CHI","23","2023","2026","4","$5,763,791","$1,440,948","$1,191,848","$1,191,848"
"825","Blake Corum","RB","LAR                  LAR","23","2024","2027","4","$5,763,762","$1,440,941","$1,011,828","$1,011,828"
"826","Tyler Steen","G","PHI                  PHI","22","2023","2026","4","$5,750,443","$1,437,611","$1,182,140","$1,182,140"
"T827","Cedrick Wilson","WR","NO                  NO","28","2024","2025","2","$5,750,000","$2,875,000","$2,850,000","$2,850,000"
"T827","Kyle Hinton","G","ATL                  ATL","27","2025","2026","2","$5,750,000","$2,875,000","$2,575,000","$2,575,000"
"829","Roman Wilson","WR","PIT                  PIT","22","2024","2027","4","$5,745,168","$1,436,292","$998,304","$998,304"
"830","Sydney Brown","S","PHI                  PHI","23","2023","2026","4","$5,744,441","$1,436,110","$1,177,776","$1,177,776"
"831","Zak Zinter","G","CLE                  CLE","23","2024","2027","4","$5,734,740","$1,433,685","$990,720","$990,720"
"832","Drew Sanders","ILB","DEN                  DEN","21","2023","2026","4","$5,734,728","$1,433,682","$1,170,712","$1,170,712"
"833","Hendon Hooker","QB","DET                  DET","25","2023","2026","4","$5,719,021","$1,429,755","$1,159,288","$1,159,288"
"834","Dominick Puni","G","SF                  SF","24","2024","2027","4","$5,700,548","$1,425,137","$965,852","$965,852"
"835","Chris Board","ILB","NYG                  NYG","29","2025","2026","2","$5,700,000","$2,850,000","$3,550,000","$3,550,000"
"836","Marist Liufau","OLB","DAL                  DAL","23","2024","2027","4","$5,691,514","$1,422,879","$959,284","$959,284"
"837","Tank Dell","WR","HOU                  HOU","23","2023","2026","4","$5,689,104","$1,422,276","$1,137,528","$1,137,528"
"838","Tykee Smith","S","TB                  TB","23","2024","2027","4","$5,687,018","$1,421,755","$956,012","$956,012"
"839","Elijah Jones","CB","ARI                  ARI","24","2024","2027","4","$5,685,518","$1,421,380","$954,920","$954,920"
"840","Ty'Ron Hopper","OLB","GB                  GB","23","2024","2027","4","$5,678,024","$1,419,506","$949,472","$949,472"
"841","Byron Young","DT","PHI                  PHI","22","2023","2026","4","$5,668,712","$1,417,178","$2,130,369","$2,130,369"
"842","Jalen McMillan","WR","TB                  TB","22","2024","2027","4","$5,663,024","$1,415,756","$938,564","$938,564"
"843","Kendre Miller","RB","NO                  NO","20","2023","2026","4","$5,654,319","$1,413,580","$1,112,232","$1,112,232"
"844","Adisa Isaac","OLB","BAL                  BAL","22","2024","2027","4","$5,648,034","$1,412,009","$927,660","$927,660"
"845","Garrett Williams","CB","ARI                  ARI","21","2023","2026","4","$5,634,930","$1,408,733","$1,098,132","$1,098,132"
"846","Jalyx Hunt","OLB","PHI                  PHI","23","2024","2027","4","$5,633,034","$1,408,259","$916,752","$916,752"
"847","Jalin Hyatt","WR","NYG                  NYG","21","2023","2026","4","$5,625,313","$1,406,328","$1,091,136","$1,091,136"
"848","DeWayne Carter","DT","BUF                  BUF","23","2024","2027","4","$5,618,048","$1,404,512","$905,852","$905,852"
"849","Cedric Tillman","WR","CLE                  CLE","23","2023","2026","4","$5,614,512","$1,403,628","$1,080,336","$1,080,336"
"850","Josh Harris","LS","LAC                  LAC","32","2022","2025","4","$5,600,000","$1,400,000","$1,920,000","$1,920,000"
"T851","Luke McCaffrey","WR","WAS                  WAS","23","2024","2027","4","$5,596,312","$1,399,078","$890,044","$890,044"
"T851","Kamren Kinchens","S","LAR                  LAR","21","2024","2027","4","$5,596,312","$1,399,078","$890,044","$890,044"
"T851","Payton Wilson","ILB","PIT                  PIT","24","2024","2027","4","$5,596,312","$1,399,078","$890,044","$890,044"
"T851","McKinnley Jackson","DT","CIN                  CIN","22","2024","2027","4","$5,596,312","$1,399,078","$890,044","$890,044"
"T851","Jarrian Jones","CB","JAX                  JAX","22","2024","2027","4","$5,596,312","$1,399,078","$890,044","$890,044"
"856","Zach Harrison","DE","ATL                  ATL","21","2023","2026","4","$5,568,448","$1,392,112","$1,049,780","$1,049,780"
"857","Marte Mapu","S","NE                  NE","23","2023","2026","4","$5,563,706","$1,390,927","$1,046,332","$1,046,332"
"858","Byron Young","OLB","LAR                  LAR","25","2023","2026","4","$5,556,667","$1,389,167","$1,041,212","$1,041,212"
"859","Percy Butler","S","WAS                  WAS","25","2025","2026","1","$5,556,000","$5,556,000","$3,406,000","$3,406,000"
"860","Tucker Kraft","TE","GB                  GB","22","2023","2026","4","$5,537,934","$1,384,484","$1,027,588","$1,027,588"
"861","Josh Downs","WR","IND                  IND","21","2023","2026","4","$5,520,459","$1,380,115","$1,014,880","$1,014,880"
"862","D.J. Johnson","OLB","CAR                  CAR","24","2023","2026","4","$5,502,986","$1,375,747","$1,002,172","$1,002,172"
"T863","Calais Campbell","DE","ARI                  ARI","38","2025","2025","1","$5,500,000","$5,500,000","$4,250,000","$4,250,000"
"T863","Morgan Fox","DE","ATL                  ATL","30","2025","2026","2","$5,500,000","$2,750,000","$3,000,000","$3,000,000"
"T863","Jonathan Jones","CB","WAS                  WAS","31","2025","2025","1","$5,500,000","$5,500,000","$4,500,000","$4,500,000"
"T863","Khadarel Hodge","WR","ATL                  ATL","30","2025","2026","2","$5,500,000","$2,750,000","$2,505,000","$2,505,000"
"T863","Troy Dye","ILB","LAC                  LAC","28","2025","2026","2","$5,500,000","$2,750,000","$1,500,000","$3,000,000"
"T863","Johnny Mundt","TE","JAX                  JAX","30","2025","2026","2","$5,500,000","$2,750,000","$2,250,000","$2,250,000"
"869","Tyjae Spears","RB","TEN                  TEN","21","2023","2026","4","$5,490,616","$1,372,654","$993,176","$993,176"
"870","Brian Asamoah","ILB","TEN                  TEN","21","2022","2025","4","$5,486,849","$1,371,712","$1,170,436","$1,170,436"
"871","Joshua Ezeudu","LT","NYG                  NYG","22","2022","2025","4","$5,485,524","$1,371,381","$1,169,472","$1,169,472"
"872","Dorian Williams","OLB","BUF                  BUF","21","2023","2026","4","$5,472,806","$1,368,202","$914,768","$914,768"
"873","Martin Emerson","CB","CLE                  CLE","21","2022","2025","4","$5,471,289","$1,367,822","$1,159,120","$1,159,120"
"874","YaYa Diaby","OLB","TB                  TB","23","2023","2026","4","$5,465,412","$1,366,353","$974,844","$974,844"
"875","Jake Moody","K","SF                  SF","23","2023","2026","4","$5,454,080","$1,363,520","$857,512","$857,512"
"876","Riley Moss","CB","DEN                  DEN","23","2023","2026","4","$5,447,487","$1,361,872","$961,808","$961,808"
"877","Devon Achane","RB","MIA                  MIA","21","2023","2026","4","$5,437,449","$1,359,362","$954,508","$954,508"
"878","Chad Muma","ILB","JAX                  JAX","22","2022","2025","4","$5,426,108","$1,356,527","$1,126,260","$1,126,260"
"879","Daiyan Henley","ILB","LAC                  LAC","23","2023","2026","4","$5,420,421","$1,355,105","$942,124","$942,124"
"880","Trenton Simpson","ILB","BAL                  BAL","21","2023","2026","4","$5,408,845","$1,352,211","$930,548","$930,548"
"881","Chimere Dike","WR","TEN                  TEN","22","2025","2028","4","$5,400,952","$1,350,238","$1,100,952","$1,100,952"
"882","Ji'Ayir Brown","S","SF                  SF","23","2023","2026","4","$5,395,807","$1,348,952","$924,224","$924,224"
"883","Tank Bigsby","RB","JAX                  JAX","21","2023","2026","4","$5,392,915","$1,348,229","$922,120","$922,120"
"884","Abraham Lucas","RT","SEA                  SEA","23","2022","2025","4","$5,391,678","$1,347,920","$1,101,220","$1,101,220"
"885","Kobie Turner","DT","LAR                  LAR","24","2023","2026","4","$5,391,474","$1,347,869","$921,072","$921,072"
"886","DeMarvion Overshown","OLB","DAL                  DAL","22","2023","2026","4","$5,390,028","$1,347,507","$920,020","$920,020"
"887","Jelani Woods","TE","IND                  IND","23","2022","2025","4","$5,372,473","$1,343,118","$1,087,252","$1,087,252"
"888","Wanya Morris","LT","KC                  KC","22","2023","2026","4","$5,368,357","$1,342,089","$904,260","$904,260"
"889","Darnell Washington","TE","PIT                  PIT","21","2023","2026","4","$5,353,909","$1,338,477","$893,752","$893,752"
"890","Christian Harris","OLB","HOU                  HOU","20","2022","2025","4","$5,348,249","$1,337,062","$1,069,636","$1,069,636"
"891","Jaylen Warren","RB","PIT                  PIT","26","2025","2025","1","$5,346,000","$5,346,000","",""
"892","Michael Wilson","WR","ARI                  ARI","23","2023","2026","4","$5,339,461","$1,334,865","$883,244","$883,244"
"893","Jordan Battle","S","CIN                  CIN","22","2023","2026","4","$5,325,017","$1,331,254","$872,740","$872,740"
"894","Brodric Martin","DT","DET                  DET","23","2023","2026","4","$5,304,086","$1,326,022","$857,516","$857,516"
"T895","Mekhi Blackmon","CB","MIN                  MIN","24","2023","2026","4","$5,304,084","$1,326,021","$857,516","$857,516"
"T895","Tre Tucker","WR","LV                  LV","22","2023","2026","4","$5,304,084","$1,326,021","$857,516","$857,516"
"897","Travis Jones","DT","BAL                  BAL","22","2022","2025","4","$5,301,962","$1,325,491","$1,035,972","$1,035,972"
"898","Alex Wright","DE","CLE                  CLE","21","2022","2025","4","$5,293,574","$1,323,394","$1,029,872","$1,029,872"
"899","Bhayshul Tuten","RB","JAX                  JAX","22","2025","2028","4","$5,276,528","$1,319,132","$1,076,528","$1,076,528"
"900","Cam Skattebo","RB","NYG                  NYG","23","2025","2028","4","$5,273,040","$1,318,260","$1,073,040","$1,073,040"
"901","Craig Woodson","S","NE                  NE","24","2025","2028","4","$5,266,444","$1,316,611","$1,066,444","$1,066,444"
"902","Greg Dulcich","TE","NYG                  NYG","21","2022","2025","4","$5,259,139","$1,314,785","$1,004,828","$1,004,828"
"903","Jack Kiser","LB","JAX                  JAX","24","2025","2028","4","$5,256,592","$1,314,148","$1,056,592","$1,056,592"
"904","Dont'e Thornton Jr.","WR","LV                  LV","22","2025","2028","4","$5,250,900","$1,312,725","$1,050,900","$1,050,900"
"T905","Najee Harris","RB","LAC                  LAC","27","2025","2025","1","$5,250,000","$5,250,000","$5,250,000","$5,250,000"
"T905","Sheldon Rankins","DT","HOU                  HOU","30","2025","2025","1","$5,250,000","$5,250,000","$4,500,000","$4,500,000"
"T905","Mitchell Trubisky","QB","BUF                  BUF","29","2024","2025","2","$5,250,000","$2,625,000","$2,710,000","$3,710,000"
"908","Deone Walker","DT","BUF                  BUF","21","2025","2028","4","$5,247,040","$1,311,760","$1,047,040","$1,047,040"
"909","Cordale Flott","CB","NYG                  NYG","20","2022","2025","4","$5,241,841","$1,310,460","$992,248","$992,248"
"910","Arian Smith","WR","NYJ                  NYJ","23","2025","2028","4","$5,241,652","$1,310,413","$1,041,652","$1,041,652"
"911","Ty Robinson","DT","PHI                  PHI","24","2025","2028","4","$5,235,668","$1,308,917","$1,035,668","$1,035,668"
"912","DeAngelo Malone","OLB","ATL                  ATL","22","2022","2025","4","$5,229,582","$1,307,396","$983,332","$983,332"
"913","Danny Stutsman","LB","NO                  NO","22","2025","2028","4","$5,228,364","$1,307,091","$1,028,364","$1,028,364"
"914","CJ West","DT","SF                  SF","23","2025","2028","4","$5,211,088","$1,302,772","$1,011,088","$1,011,088"
"915","Trevor Etienne","RB","CAR                  CAR","20","2025","2028","4","$5,208,744","$1,302,186","$1,008,744","$1,008,744"
"916","Cody Simon","LB","ARI                  ARI","23","2025","2028","4","$5,204,760","$1,301,190","$1,004,760","$1,004,760"
"917","Nakobe Dean","ILB","PHI                  PHI","21","2022","2025","4","$5,204,639","$1,301,160","$965,192","$965,192"
"918","Woody Marks","RB","HOU                  HOU","24","2025","2028","4","$5,203,768","$1,300,942","$1,003,768","$1,003,768"
"919","Rashid Shaheed","WR","NO                  NO","25","2024","2025","1","$5,200,000","$5,200,000","$1,000,000","$1,000,000"
"920","Jarquez Hunter","RB","LAR                  LAR","22","2025","2028","4","$5,198,780","$1,299,695","$998,780","$998,780"
"921","DeMarvin Leal","DE","PIT                  PIT","21","2022","2025","4","$5,186,896","$1,296,724","$952,288","$952,288"
"922","Billy Bowman Jr.","S","ATL                  ATL","22","2025","2028","4","$5,186,152","$1,296,538","$986,152","$986,152"
"923","Barrett Carter","LB","CIN                  CIN","22","2025","2028","4","$5,182,116","$1,295,529","$982,116","$982,116"
"924","Marcus Jones","CB","NE                  NE","23","2022","2025","4","$5,176,952","$1,294,238","$945,056","$945,056"
"925","Gunnar Helm","TE","TEN                  TEN","22","2025","2028","4","$5,172,908","$1,293,227","$972,908","$972,908"
"926","David Walker","DE","TB                  TB","24","2025","2028","4","$5,163,260","$1,290,815","$963,260","$963,260"
"927","Malik Willis","QB","GB                  GB","22","2022","2025","4","$5,160,100","$1,290,025","$932,800","$932,800"
"928","Lathan Ransom","S","CAR                  CAR","22","2025","2028","4","$5,157,116","$1,289,279","$957,116","$957,116"
"929","Jack Sawyer","DE","PIT                  PIT","23","2025","2028","4","$5,150,932","$1,287,733","$950,932","$950,932"
"930","Cam Thomas","DE","CLE                  CLE","21","2022","2025","4","$5,144,337","$1,286,084","$921,336","$921,336"
"931","Barryn Sorrell","DE","GB                  GB","22","2025","2028","4","$5,141,852","$1,285,463","$941,852","$941,852"
"932","Jalen Tolbert","WR","DAL                  DAL","22","2022","2025","4","$5,135,719","$1,283,930","$915,068","$915,068"
"933","Dylan Parham","G","LV                  LV","22","2022","2025","4","$5,131,429","$1,282,857","$911,948","$911,948"
"T934","Dylan Sampson","RB","CLE                  CLE","20","2025","2028","4","$5,130,564","$1,282,641","$930,564","$930,564"
"T934","Kyle Kennard","DE","LAC                  LAC","23","2025","2028","4","$5,130,564","$1,282,641","$930,564","$930,564"
"936","Rachaad White","RB","TB                  TB","22","2022","2025","4","$5,129,999","$1,282,500","$910,908","$910,908"
"937","Sean Rhyan","G","GB                  GB","21","2022","2025","4","$5,122,854","$1,280,714","$905,712","$905,712"
"938","Jaylin Lane","WR","WAS                  WAS","23","2025","2028","4","$5,113,852","$1,278,463","$913,852","$913,852"
"939","Teddye Buchanan","LB","BAL                  BAL","22","2025","2028","4","$5,102,896","$1,275,724","$902,896","$902,896"
"940","Malachi Moore","S","NYJ                  NYJ","23","2025","2028","4","$5,098,140","$1,274,535","$898,140","$898,140"
"941","Quincy Riley","CB","NO                  NO","23","2025","2028","4","$5,087,236","$1,271,809","$887,236","$887,236"
"942","Ruben Hyppolite II","LB","CHI                  CHI","23","2025","2028","4","$5,079,588","$1,269,897","$879,588","$879,588"
"943","Ross Matiscik","LS","JAX                  JAX","26","2022","2026","4","$5,070,000","$1,267,500","$800,000","$800,000"
"944","Jalen Royals","WR","KC                  KC","22","2025","2028","4","$5,067,200","$1,266,800","$867,200","$867,200"
"945","Nick Cross","S","IND                  IND","20","2022","2025","4","$5,065,638","$1,266,410","$864,100","$864,100"
"946","Que Robinson","OLB","DEN                  DEN","23","2025","2028","4","$5,054,256","$1,263,564","$854,256","$854,256"
"T947","Leo Chenal","OLB","KC                  KC","21","2022","2025","4","$5,044,908","$1,261,227","$849,024","$849,024"
"T947","Channing Tindall","ILB","MIA                  MIA","21","2022","2025","4","$5,044,908","$1,261,227","$849,024","$849,024"
"T947","Jeremy Ruckert","TE","NYJ                  NYJ","21","2022","2025","4","$5,044,908","$1,261,227","$849,024","$849,024"
"T947","Brian Robinson","RB","WAS                  WAS","22","2022","2025","4","$5,044,908","$1,261,227","$849,024","$849,024"
"T951","Austin Hooper","TE","NE                  NE","30","2025","2025","1","$5,000,000","$5,000,000","$4,000,000","$4,000,000"
"T951","Josh Blackwell","CB","CHI                  CHI","25","2025","2026","2","$5,000,000","$2,500,000","$2,450,000","$2,450,000"
"T951","Amen Ogbongbemiga","OLB","CHI                  CHI","26","2025","2026","2","$5,000,000","$2,500,000","$2,450,000","$2,450,000"
"T951","Davis Mills","QB","HOU                  HOU","25","2024","2025","1","$5,000,000","$5,000,000","$6,316,000","$6,316,000"
"T951","Dean Lowry","DE","PIT                  PIT","29","2024","2025","2","$5,000,000","$2,500,000","$1,250,000","$1,250,000"
"T951","Ray-Ray McCloud","WR","ATL                  ATL","27","2024","2025","2","$5,000,000","$2,500,000","$2,125,000","$2,125,000"
"T951","Drew Lock","QB","SEA                  SEA","28","2025","2026","2","$5,000,000","$2,500,000","$2,250,000","$2,250,000"
"T951","Ty Johnson","RB","BUF                  BUF","27","2025","2026","2","$5,000,000","$2,500,000","$1,490,000","$1,490,000"
"T951","DeAndre Hopkins","WR","BAL                  BAL","32","2025","2025","1","$5,000,000","$5,000,000","$5,000,000","$5,000,000"
"T951","Justin Watson","WR","HOU                  HOU","29","2025","2026","2","$5,000,000","$2,500,000","$3,000,000","$3,000,000"
"T951","Oren Burks","ILB","CIN                  CIN","29","2025","2026","2","$5,000,000","$2,500,000","$750,000","$750,000"
"T951","Hunter Long","TE","JAX                  JAX","26","2025","2026","2","$5,000,000","$2,500,000","$3,000,000","$3,000,000"
"963","Geno Stone","S","CIN                  CIN","26","2025","2025","1","$4,900,000","$4,900,000","$1,500,000","$1,500,000"
"964","Ja'Tavion Sanders","TE","CAR                  CAR","21","2024","2027","4","$4,894,236","$1,223,559","$874,236","$874,236"
"965","Troy Franklin","WR","DEN                  DEN","21","2024","2027","4","$4,874,836","$1,218,709","$854,836","$854,836"
"966","Layden Robinson","G","NE                  NE","22","2024","2027","4","$4,872,072","$1,218,018","$852,072","$852,072"
"967","Dadrion Taylor-Demerson","S","ARI                  ARI","23","2024","2027","4","$4,866,844","$1,216,711","$846,844","$846,844"
"T968","Elic Ayomanor","WR","TEN                  TEN","21","2025","2028","4","$4,865,816","$1,216,454","$665,816","$665,816"
"T968","Jordan Watkins","WR","SF                  SF","23","2025","2028","4","$4,865,816","$1,216,454","$665,816","$665,816"
"T968","Joshua Farmer","DT","NE                  NE","22","2025","2028","4","$4,865,816","$1,216,454","$665,816","$665,816"
"T968","Tonka Hemingway","DT","LV                  LV","23","2025","2028","4","$4,865,816","$1,216,454","$665,816","$665,816"
"972","Justin Eboigbe","DE","LAC                  LAC","23","2024","2027","4","$4,859,012","$1,214,753","$839,012","$839,012"
"973","Cedric Gray","ILB","TEN                  TEN","21","2024","2027","4","$4,854,492","$1,213,623","$834,492","$834,492"
"974","Theo Johnson","TE","NYG                  NYG","23","2024","2027","4","$4,851,436","$1,212,859","$831,436","$831,436"
"975","Brandon Dorlus","DE","ATL                  ATL","23","2024","2027","4","$4,842,396","$1,210,599","$822,396","$822,396"
"976","Javon Baker","WR","NE                  NE","22","2024","2027","4","$4,836,596","$1,209,149","$816,956","$816,956"
"977","Evan Williams","S","GB                  GB","22","2024","2027","4","$4,822,880","$1,205,720","$802,880","$802,880"
"978","Decamerion Richardson","CB","LV                  LV","23","2024","2027","4","$4,821,016","$1,205,254","$801,016","$801,016"
"979","Devontez Walker","WR","BAL                  BAL","22","2024","2027","4","$4,817,852","$1,204,463","$797,852","$797,852"
"980","Javon Foster","RT","JAX                  JAX","24","2024","2027","4","$4,817,064","$1,204,266","$797,064","$797,064"
"981","Erick All","TE","CIN                  CIN","23","2024","2027","4","$4,813,104","$1,203,276","$793,104","$793,104"
"982","Jordan Jefferson","DT","JAX                  JAX","22","2024","2027","4","$4,803,076","$1,200,769","$783,076","$783,076"
"983","Tanor Bortolini","G","IND                  IND","21","2024","2027","4","$4,799,872","$1,199,968","$779,872","$779,872"
"984","Tyrice Knight","ILB","SEA                  SEA","23","2024","2027","4","$4,792,560","$1,198,140","$772,560","$772,560"
"985","Mason McCormick","G","PIT                  PIT","23","2024","2027","4","$4,784,896","$1,196,224","$764,896","$764,896"
"986","Jaylen Wright","RB","MIA                  MIA","21","2024","2027","4","$4,780,020","$1,195,005","$760,020","$760,020"
"987","A.J. Barner","TE","SEA                  SEA","21","2024","2027","4","$4,775,108","$1,193,777","$755,108","$755,108"
"988","Tory Taylor","P","CHI                  CHI","26","2024","2027","4","$4,767,900","$1,191,975","$747,900","$747,900"
"T989","Malik Mustapha","S","SF                  SF","21","2024","2027","4","$4,758,936","$1,189,734","$738,936","$738,936"
"T989","Cade Stover","TE","HOU                  HOU","23","2024","2027","4","$4,758,936","$1,189,734","$738,936","$738,936"
"991","Joe Tryon","OLB","CLE                  CLE","25","2025","2025","1","$4,755,000","$4,755,000","$3,475,000","$3,475,000"
"992","Bucky Irving","RB","TB                  TB","21","2024","2027","4","$4,751,552","$1,187,888","$731,552","$731,552"
"T993","Darrell Taylor","OLB","HOU                  HOU","27","2025","2025","1","$4,750,000","$4,750,000","$2,000,000","$2,000,000"
"T993","Jonathan Owens","S","CHI                  CHI","28","2024","2025","2","$4,750,000","$2,375,000","$1,500,000","$1,500,000"
"995","Giovanni Manu","LT","DET                  DET","23","2024","2027","4","$4,745,656","$1,186,414","$725,656","$725,656"
"996","Will Shipley","RB","PHI                  PHI","21","2024","2027","4","$4,736,964","$1,184,241","$716,964","$716,964"
"997","Ray Davis","RB","BUF                  BUF","24","2024","2027","4","$4,733,188","$1,183,297","$713,188","$713,188"
"998","Isaac Guerendo","RB","SF                  SF","23","2024","2027","4","$4,724,528","$1,181,132","$704,528","$704,528"
"999","T.J. Tampa","CB","BAL                  BAL","22","2024","2027","4","$4,718,456","$1,179,614","$698,456","$698,456"
"1000","Jared Wiley","TE","KC                  KC","23","2024","2027","4","$4,708,620","$1,177,155","$688,620","$688,620"
"1001","Nick Saldiveri","G","NO                  NO","22","2023","2026","4","$4,682,284","$1,170,571","$842,284","$842,284"
"1002","Tyrion Ingram-Dawkins","DT","MIN                  MIN","21","2025","2028","4","$4,677,376","$1,169,344","$477,376","$477,376"
"1003","Sione Vaki","RB","DET                  DET","22","2024","2027","4","$4,673,544","$1,168,386","$528,708","$528,708"
"1004","Cam Jackson","DT","CAR                  CAR","22","2025","2028","4","$4,673,156","$1,168,289","$473,156","$473,156"
"1005","Carson Vinson","T","BAL                  BAL","23","2025","2028","4","$4,669,596","$1,167,399","$469,596","$469,596"
"1006","Rylie Mills","DT","SEA                  SEA","23","2025","2028","4","$4,667,500","$1,166,875","$467,500","$467,500"
"1007","Jakorian Bennett","CB","PHI                  PHI","22","2023","2026","4","$4,663,596","$1,165,899","$823,596","$823,596"
"1008","Kelee Ringo","CB","PHI                  PHI","20","2023","2026","4","$4,660,924","$1,165,231","$820,924","$820,924"
"1009","Jordan Phillips","DT","MIA                  MIA","20","2025","2028","4","$4,658,304","$1,164,576","$458,304","$458,304"
"1010","Blake Freeland","RT","IND                  IND","23","2023","2026","4","$4,655,880","$1,163,970","$815,880","$815,880"
"1011","Jake Andrews","C","HOU                  HOU","25","2023","2026","4","$4,648,344","$1,162,086","$808,344","$808,344"
"1012","Shedeur Sanders","QB","CLE                  CLE","23","2025","2028","4","$4,647,380","$1,161,845","$447,380","$447,380"
"1013","Mac McWilliams","CB","PHI                  PHI","23","2025","2028","4","$4,644,120","$1,161,030","$444,120","$444,120"
"1014","Anthony Bradford","G","SEA                  SEA","24","2023","2026","4","$4,643,984","$1,160,996","$803,984","$803,984"
"1015","Dylan Horton","DE","HOU                  HOU","22","2023","2026","4","$4,641,036","$1,160,259","$801,036","$801,036"
"1016","Bradyn Swinson","DE","NE                  NE","22","2025","2028","4","$4,640,796","$1,160,199","$440,796","$440,796"
"1017","Jordan James","RB","SF                  SF","21","2025","2028","4","$4,639,684","$1,159,921","$439,684","$439,684"
"1018","Ty Hamilton","DT","LAR                  LAR","23","2025","2028","4","$4,638,588","$1,159,647","$438,588","$438,588"
"1019","Adetomiwa Adebawore","DT","IND                  IND","22","2023","2026","4","$4,636,908","$1,159,227","$796,908","$796,908"
"1020","Dawand Jones","RT","CLE                  CLE","21","2023","2026","4","$4,632,332","$1,158,083","$792,332","$792,332"
"1021","Jaydon Blue","RB","DAL                  DAL","21","2025","2028","4","$4,627,068","$1,156,767","$427,068","$427,068"
"1022","Jason Marshall Jr.","CB","MIA                  MIA","22","2025","2028","4","$4,625,292","$1,156,323","$425,292","$425,292"
"1023","DJ Giddens","RB","IND                  IND","21","2025","2028","4","$4,624,744","$1,156,186","$424,744","$424,744"
"1024","Shemar James","LB","DAL                  DAL","20","2025","2028","4","$4,623,436","$1,155,859","$423,436","$423,436"
"1025","Jalen Rivers","G","CIN                  CIN","22","2025","2028","4","$4,620,980","$1,155,245","$420,980","$420,980"
"1026","Marcus Mbow","G","NYG                  NYG","22","2025","2028","4","$4,618,384","$1,154,596","$418,384","$418,384"
"1027","Dante Trader Jr.","S","MIA                  MIA","22","2025","2028","4","$4,614,784","$1,153,696","$414,784","$414,784"
"1028","Jeffrey Bassa","LB","KC                  KC","22","2025","2028","4","$4,613,652","$1,153,413","$413,652","$413,652"
"1029","Clark Phillips III","CB","ATL                  ATL","21","2023","2026","4","$4,613,528","$1,153,382","$773,528","$773,528"
"1030","Chandler Zavala","G","CAR                  CAR","24","2023","2026","4","$4,611,736","$1,152,934","$771,736","$771,736"
"1031","Colton McKivitz","RT","SF                  SF","26","2023","2025","2","$4,610,000","$2,305,000","$1,870,000","$1,870,000"
"1032","Elijah Roberts","DE","TB                  TB","23","2025","2028","4","$4,609,792","$1,152,448","$409,792","$409,792"
"1033","Roschon Johnson","RB","CHI                  CHI","22","2023","2026","4","$4,608,688","$1,152,172","$768,688","$768,688"
"1034","KeAndre Lambert-Smith","WR","LAC                  LAC","22","2025","2028","4","$4,608,004","$1,152,001","$408,004","$408,004"
"1035","Colby Wooden","DE","GB                  GB","22","2023","2026","4","$4,607,928","$1,151,982","$767,928","$767,928"
"1036","Sidy Sow","G","NE                  NE","24","2023","2026","4","$4,604,112","$1,151,028","$764,112","$764,112"
"1037","Collin Oliver","DE","GB                  GB","22","2025","2028","4","$4,604,084","$1,151,021","$404,084","$404,084"
"1038","Marques Sigle","S","SF                  SF","22","2025","2028","4","$4,602,376","$1,150,594","$402,376","$402,376"
"1039","Smael Mondon Jr.","LB","PHI                  PHI","22","2025","2028","4","$4,595,460","$1,148,865","$395,460","$395,460"
"1040","Francisco Mauigoa","LB","NYJ                  NYJ","22","2025","2028","4","$4,594,528","$1,148,632","$394,528","$394,528"
"1041","Chamarri Conner","CB","KC                  KC","22","2023","2026","4","$4,591,368","$1,147,842","$751,368","$751,368"
"1042","Mitchell Evans","TE","CAR                  CAR","22","2025","2028","4","$4,590,968","$1,147,742","$390,968","$390,968"
"1043","Carter Warren","RT","NYJ                  NYJ","24","2023","2026","4","$4,584,320","$1,146,080","$744,320","$744,320"
"1044","Yahya Black","DT","PIT                  PIT","23","2025","2028","4","$4,579,836","$1,144,959","$379,836","$379,836"
"1045","Ventrell Miller","ILB","JAX                  JAX","24","2023","2026","4","$4,576,936","$1,144,234","$736,936","$736,936"
"1046","Oronde Gadsden II","TE","LAC                  LAC","21","2025","2028","4","$4,574,036","$1,143,509","$374,036","$374,036"
"1047","Jon Gaines II","C","ARI                  ARI","23","2023","2026","4","$4,572,240","$1,143,060","$732,240","$732,240"
"1048","Tory Horton","WR","SEA                  SEA","22","2025","2028","4","$4,565,040","$1,141,260","$365,040","$365,040"
"1049","Jackson Slater","G","TEN                  TEN","21","2025","2028","4","$4,560,612","$1,140,153","$360,612","$360,612"
"1050","Tavius Robinson","OLB","BAL                  BAL","24","2023","2026","4","$4,560,564","$1,140,141","$720,564","$720,564"
"1051","Drew Kendall","C","PHI                  PHI","23","2025","2028","4","$4,555,076","$1,138,769","$355,076","$355,076"
"T1052","Derius Davis","WR","LAC                  LAC","22","2023","2026","4","$4,551,932","$1,137,983","$711,932","$711,932"
"T1052","Isaiah McGuire","DE","CLE                  CLE","21","2023","2026","4","$4,551,932","$1,137,983","$711,932","$711,932"
"T1054","Jacob Cowing","WR","SF                  SF","23","2024","2027","4","$4,548,708","$1,137,177","$528,708","$528,708"
"T1054","Braelon Allen","RB","NYJ                  NYJ","20","2024","2027","4","$4,548,708","$1,137,177","$528,708","$528,708"
"T1054","Jaden Hicks","S","KC                  KC","21","2024","2027","4","$4,548,708","$1,137,177","$528,708","$528,708"
"1057","Jake Haener","QB","NO                  NO","24","2023","2026","4","$4,544,816","$1,136,204","$704,816","$704,816"
"1058","Stetson Bennett","QB","LAR                  LAR","25","2023","2026","4","$4,539,140","$1,134,785","$699,140","$699,140"
"1059","Tyler Lacy","DE","JAX                  JAX","23","2023","2026","4","$4,527,124","$1,131,781","$687,124","$687,124"
"T1060","Robbie Ouzts","TE","SEA                  SEA","22","2025","2028","4","$4,520,216","$1,130,054","$320,216","$320,216"
"T1060","Chris Paul Jr.","LB","LAR                  LAR","22","2025","2028","4","$4,520,216","$1,130,054","$320,216","$320,216"
"T1060","Jackson Hawes","TE","BUF                  BUF","24","2025","2028","4","$4,520,216","$1,130,054","$320,216","$320,216"
"T1060","Jordan Hancock","CB","BUF                  BUF","21","2025","2028","4","$4,520,216","$1,130,054","$320,216","$320,216"
"T1060","Denzel Burke","CB","ARI                  ARI","22","2025","2028","4","$4,520,216","$1,130,054","$320,216","$320,216"
"T1060","Miles Frazier","G","DET                  DET","23","2025","2028","4","$4,520,216","$1,130,054","$320,216","$320,216"
"T1060","Tyler Baron","DE","NYJ                  NYJ","23","2025","2028","4","$4,520,216","$1,130,054","$320,216","$320,216"
"T1060","Zah Frazier","CB","CHI                  CHI","24","2025","2028","4","$4,520,216","$1,130,054","$320,216","$320,216"
"1068","Charlie Jones","WR","CIN                  CIN","24","2023","2026","4","$4,518,776","$1,129,694","$678,776","$678,776"
"1069","Nick Herbig","OLB","PIT                  PIT","21","2023","2026","4","$4,512,920","$1,128,230","$672,920","$672,920"
"1070","Tyler Scott","WR","CHI                  CHI","21","2023","2026","4","$4,503,452","$1,125,863","$663,452","$663,452"
"T1071","Teair Tart","DT","LAC                  LAC","28","2025","2025","1","$4,500,000","$4,500,000","$3,500,000","$3,500,000"
"T1071","Nick Mullens","QB","JAX                  JAX","29","2025","2026","2","$4,500,000","$2,250,000","$3,000,000","$3,000,000"
"1073","Cade Otton","TE","TB                  TB","22","2022","2025","4","$4,493,944","$1,123,486","$833,944","$833,944"
"1074","Jay Ward","CB","MIN                  MIN","22","2023","2026","4","$4,493,544","$1,123,386","$653,544","$653,544"
"1075","Dorian Strong","CB","BUF                  BUF","22","2025","2028","4","$4,485,356","$1,121,339","$285,356","$285,356"
"1076","Bilhal Kone","CB","BAL                  BAL","23","2025","2028","4","$4,477,144","$1,119,286","$277,144","$277,144"
"1077","Dameon Pierce","RB","HOU                  HOU","21","2022","2025","4","$4,475,432","$1,118,858","$815,432","$815,432"
"1078","Ben Skowronek","WR","PIT                  PIT","27","2025","2026","2","$4,475,000","$2,237,500","$1,080,000","$1,080,000"
"1079","Ollie Gordon II","RB","MIA                  MIA","21","2025","2028","4","$4,472,664","$1,118,166","$272,664","$272,664"
"1080","Coby Bryant","CB","SEA                  SEA","22","2022","2025","4","$4,467,804","$1,116,951","$807,804","$807,804"
"1081","JJ Pegues","DT","LV                  LV","23","2025","2028","4","$4,467,140","$1,116,785","$267,140","$267,140"
"1082","Kyle McCord","QB","PHI                  PHI","22","2025","2028","4","$4,461,232","$1,115,308","$261,232","$261,232"
"1083","Daniel Faalele","RT","BAL                  BAL","22","2022","2025","4","$4,460,339","$1,115,085","$800,340","$800,340"
"1084","Andres Borregales","K","NE                  NE","23","2025","2028","4","$4,456,484","$1,114,121","$256,484","$256,484"
"1085","Max Mitchell","G","NYJ                  NYJ","22","2022","2025","4","$4,456,024","$1,114,006","$796,024","$796,024"
"1086","Daniel Bellinger","TE","NYG                  NYG","21","2022","2025","4","$4,453,104","$1,113,276","$793,104","$793,104"
"1087","Marcus Harris","CB","TEN                  TEN","24","2025","2028","4","$4,453,016","$1,113,254","$253,016","$253,016"
"1088","Devin Neal","RB","NO                  NO","21","2025","2028","4","$4,451,312","$1,112,828","$251,312","$251,312"
"1089","Trent Sieg","LS","DAL                  DAL","29","2025","2027","3","$4,450,000","$1,483,333","$1,805,000","$3,105,000"
"1090","Will Howard","QB","PIT                  PIT","23","2025","2028","4","$4,448,100","$1,112,025","$248,100","$248,100"
"1091","Tyler Loop","K","BAL                  BAL","23","2025","2028","4","$4,444,772","$1,111,193","$244,772","$244,772"
"1092","Dane Belton","S","NYG                  NYG","21","2022","2025","4","$4,444,488","$1,111,122","$784,488","$784,488"
"1093","Jaylen Reed","S","HOU                  HOU","22","2025","2028","4","$4,443,800","$1,110,950","$243,800","$243,800"
"1094","Damarri Mathis","CB","DEN                  DEN","22","2022","2025","4","$4,438,964","$1,109,741","$778,964","$778,964"
"1095","Kalel Mullings","RB","TEN                  TEN","22","2025","2028","4","$4,438,508","$1,109,627","$238,508","$238,508"
"1096","Riley Leonard","QB","IND                  IND","22","2025","2028","4","$4,435,244","$1,108,811","$235,244","$235,244"
"1097","Tim Smith","DT","IND                  IND","22","2025","2028","4","$4,434,360","$1,108,590","$234,360","$234,360"
"1098","Myles Hinton","T","PHI                  PHI","23","2025","2028","4","$4,433,264","$1,108,316","$233,264","$233,264"
"1099","Bryce Cabeldue","G","SEA                  SEA","23","2025","2028","4","$4,432,260","$1,108,065","$232,260","$232,260"
"1100","Tahj Brooks","RB","CIN                  CIN","22","2025","2028","4","$4,430,856","$1,107,714","$230,856","$230,856"
"1101","Jalen McLeod","LB","JAX                  JAX","22","2025","2028","4","$4,430,528","$1,107,632","$230,528","$230,528"
"1102","Luke Newman","G","CHI                  CHI","23","2025","2028","4","$4,430,060","$1,107,515","$230,060","$230,060"
"1103","Ahmed Hassanein","DE","DET                  DET","22","2025","2028","4","$4,429,892","$1,107,473","$229,892","$229,892"
"1104","Graham Mertz","QB","HOU                  HOU","24","2025","2028","4","$4,428,484","$1,107,121","$228,484","$228,484"
"1105","Warren Brinson","DT","GB                  GB","23","2025","2028","4","$4,426,384","$1,106,596","$226,384","$226,384"
"1106","Eyioma Uwazurike","DE","DEN                  DEN","23","2022","2026","4","$4,425,868","$1,106,467","$765,868","$765,868"
"1107","Branson Taylor","T","LAC                  LAC","23","2025","2028","4","$4,425,212","$1,106,303","$225,212","$225,212"
"1108","Micheal Clemons","DE","NYJ                  NYJ","24","2022","2025","4","$4,424,096","$1,106,024","$764,096","$764,096"
"1109","Rayuan Lane III","S","JAX                  JAX","21","2025","2028","4","$4,422,176","$1,105,544","$222,176","$222,176"
"1110","Akayleb Evans","CB","CAR                  CAR","22","2022","2025","4","$4,421,076","$1,105,269","$761,076","$761,076"
"1111","Jalyn Armour-Davis","CB","BAL                  BAL","22","2022","2025","4","$4,420,328","$1,105,082","$760,328","$760,328"
"1112","Kobe King","LB","MIN                  MIN","25","2025","2028","4","$4,419,068","$1,104,767","$219,068","$219,068"
"1113","Gavin Bartholomew","TE","MIN                  MIN","22","2025","2028","4","$4,415,824","$1,103,956","$215,824","$215,824"
"1114","LaJohntay Wester","WR","BAL                  BAL","23","2025","2028","4","$4,414,868","$1,103,717","$214,868","$214,868"
"1115","Ajani Cornelius","T","DAL                  DAL","22","2025","2028","4","$4,413,976","$1,103,494","$213,976","$213,976"
"1116","Kain Medrano","LB","WAS                  WAS","24","2025","2028","4","$4,408,344","$1,102,086","$208,344","$208,344"
"1117","Chase Lundt","T","BUF                  BUF","24","2025","2028","4","$4,404,924","$1,101,231","$204,924","$204,924"
"1118","Zamir White","RB","LV                  LV","22","2022","2025","4","$4,403,932","$1,100,983","$743,932","$743,932"
"1119","Cameron Williams","T","PHI                  PHI","21","2025","2028","4","$4,401,572","$1,100,393","$676,572","$676,572"
"1120","Nehemiah Pritchett","CB","SEA                  SEA","23","2024","2027","4","$4,399,072","$1,099,768","$379,072","$379,072"
"1121","Tarheeb Still","CB","LAC                  LAC","21","2024","2027","4","$4,395,720","$1,098,930","$375,720","$375,720"
"1122","Jimmy Horn Jr.","WR","CAR                  CAR","22","2025","2028","4","$4,395,440","$1,098,860","$195,440","$195,440"
"1123","Jordan Magee","ILB","WAS                  WAS","23","2024","2027","4","$4,391,228","$1,097,807","$371,228","$371,228"
"1124","Tyler Ott","LS","WAS                  WAS","32","2024","2026","3","$4,390,000","$1,463,333","$1,610,000","$2,865,000"
"1125","Cam Hart","CB","LAC                  LAC","23","2024","2027","4","$4,383,928","$1,095,982","$363,928","$363,928"
"1126","Sedrick Van Pran-Granger","C","BUF                  BUF","22","2024","2027","4","$4,375,252","$1,093,813","$355,252","$355,252"
"T1127","R.J. Mickens","S","LAC                  LAC","23","2025","2028","4","$4,374,280","$1,093,570","$174,280","$174,280"
"T1127","Hayden Conner","G","ARI                  ARI","23","2025","2028","4","$4,374,280","$1,093,570","$174,280","$174,280"
"T1127","Jeremy Crawshaw","P","DEN                  DEN","23","2025","2028","4","$4,374,280","$1,093,570","$174,280","$174,280"
"T1127","Cam Miller","QB","LV                  LV","23","2025","2028","4","$4,374,280","$1,093,570","$174,280","$174,280"
"T1127","Tommy Mellott","WR","LV                  LV","24","2025","2028","4","$4,374,280","$1,093,570","$174,280","$174,280"
"T1127","Robert Longerbeam","CB","BAL                  BAL","24","2025","2028","4","$4,374,280","$1,093,570","$174,280","$174,280"
"T1127","Aeneas Peebles","DT","BAL                  BAL","23","2025","2028","4","$4,374,280","$1,093,570","$174,280","$174,280"
"T1127","Antwaun Powell-Ryland","DE","PHI                  PHI","23","2025","2028","4","$4,374,280","$1,093,570","$174,280","$174,280"
"1135","Pierre Strong","RB","CLE                  CLE","23","2022","2025","4","$4,373,432","$1,093,358","$713,432","$713,432"
"1136","Anthony Gould","WR","IND                  IND","23","2024","2027","4","$4,372,664","$1,093,166","$352,664","$352,664"
"1137","Xavier Thomas","DE","ARI                  ARI","24","2024","2027","4","$4,370,624","$1,092,656","$350,624","$350,624"
"1138","JD Bertrand","ILB","ATL                  ATL","23","2024","2027","4","$4,370,024","$1,092,506","$350,024","$350,024"
"1139","Austin Booker","DE","CHI                  CHI","21","2024","2027","4","$4,369,140","$1,092,285","$349,140","$349,140"
"1140","Kris Abrams-Draine","CB","DEN                  DEN","22","2024","2027","4","$4,368,272","$1,092,068","$348,272","$348,272"
"1141","Charlie Kolar","TE","BAL                  BAL","22","2022","2025","4","$4,364,884","$1,091,221","$704,884","$704,884"
"1142","Jarvis Brownlee Jr.","CB","TEN                  TEN","22","2024","2027","4","$4,362,036","$1,090,509","$342,036","$342,036"
"1143","Audric Estimé","RB","DEN                  DEN","20","2024","2027","4","$4,359,124","$1,089,781","$339,124","$339,124"
"1144","Jordan Stout","P","BAL                  BAL","23","2022","2025","4","$4,357,836","$1,089,459","$697,836","$697,836"
"1145","Tommy Eichenberg","ILB","LV                  LV","23","2024","2027","4","$4,357,712","$1,089,428","$337,712","$337,712"
"1146","Josh Newton","CB","CIN                  CIN","23","2024","2027","4","$4,357,276","$1,089,319","$337,276","$337,276"
"1147","Spencer Rattler","QB","NO                  NO","23","2024","2027","4","$4,356,480","$1,089,120","$336,480","$336,480"
"1148","Jaylon Carlies","S","IND                  IND","22","2024","2027","4","$4,356,240","$1,089,060","$336,240","$336,240"
"1149","Ainias Smith","WR","PHI                  PHI","22","2024","2027","4","$4,354,296","$1,088,574","$334,296","$334,296"
"1150","Jay Toia","DT","DAL                  DAL","21","2025","2028","4","$4,353,116","$1,088,279","$153,116","$153,116"
"1151","Jack Nelson","T","ATL                  ATL","23","2025","2028","4","$4,352,616","$1,088,154","$152,616","$152,616"
"1152","Deantre Prince","CB","JAX                  JAX","23","2024","2027","4","$4,352,228","$1,088,057","$332,228","$332,228"
"1153","Hassan Haskins","RB","LAC                  LAC","22","2022","2025","4","$4,352,220","$1,088,055","$692,220","$692,220"
"1154","Thomas Fidone II","TE","NYG                  NYG","22","2025","2028","4","$4,349,516","$1,087,379","$149,516","$149,516"
"1155","Aidan O'Connell","QB","LV                  LV","24","2023","2026","4","$4,349,380","$1,087,345","$509,380","$509,380"
"1156","Brennan Jackson","OLB","LAR                  LAR","23","2024","2027","4","$4,349,368","$1,087,342","$329,368","$329,368"
"1157","Jeremiah Trotter Jr.","ILB","PHI                  PHI","21","2024","2027","4","$4,348,468","$1,087,117","$328,468","$328,468"
"1158","Marcus Bryant","T","NE                  NE","22","2025","2028","4","$4,348,328","$1,087,082","$148,328","$148,328"
"1159","Jamari Thrash","WR","CLE                  CLE","23","2024","2027","4","$4,345,408","$1,086,352","$325,408","$325,408"
"1160","Jonah Monheim","C","JAX                  JAX","22","2025","2028","4","$4,344,308","$1,086,077","$144,308","$144,308"
"1161","Chau Smith-Wade","CB","CAR                  CAR","21","2024","2027","4","$4,343,984","$1,085,996","$323,984","$323,984"
"1162","Romeo Doubs","WR","GB                  GB","21","2022","2025","4","$4,343,916","$1,085,979","$683,916","$683,916"
"1163","Cody Lindenberg","LB","LV                  LV","23","2025","2028","4","$4,341,168","$1,085,292","$141,168","$141,168"
"1164","Mohamed Kamara","OLB","MIA                  MIA","24","2024","2027","4","$4,340,872","$1,085,218","$320,872","$320,872"
"1165","Damien Martinez","RB","SEA                  SEA","21","2025","2028","4","$4,338,944","$1,084,736","$138,944","$138,944"
"1166","Kyonte Hamilton","DT","HOU                  HOU","22","2025","2028","4","$4,338,328","$1,084,582","$138,328","$138,328"
"1167","Kitan Crawford","S","ARI                  ARI","23","2025","2028","4","$4,337,892","$1,084,473","$137,892","$137,892"
"1168","Carson Bruener","LB","PIT                  PIT","23","2025","2028","4","$4,336,940","$1,084,235","$136,940","$136,940"
"1169","Kurtis Rourke","QB","SF                  SF","24","2025","2028","4","$4,334,236","$1,083,559","$134,236","$134,236"
"1170","Edefuan Ulofoshio","OLB","BUF                  BUF","24","2024","2027","4","$4,334,024","$1,083,506","$314,024","$314,024"
"1171","Brashard Smith","RB","KC                  KC","22","2025","2028","4","$4,333,476","$1,083,369","$133,476","$133,476"
"1172","Donte Kent","CB","PIT                  PIT","23","2025","2028","4","$4,333,452","$1,083,363","$133,452","$133,452"
"1173","Spencer Burford","G","SF                  SF","21","2022","2025","4","$4,332,056","$1,083,014","$672,056","$672,056"
"1174","Dan Jackson","S","DET                  DET","24","2025","2028","4","$4,331,624","$1,082,906","$131,624","$131,624"
"1175","Quinn Ewers","QB","MIA                  MIA","22","2025","2028","4","$4,331,576","$1,082,894","$131,576","$131,576"
"1176","Hunter Wohler","S","IND                  IND","22","2025","2028","4","$4,331,068","$1,082,767","$131,068","$131,068"
"1177","Christian Jones","RT","ARI                  ARI","23","2024","2027","4","$4,330,456","$1,082,614","$310,456","$310,456"
"1178","Kyle Monangai","RB","CHI                  CHI","22","2025","2028","4","$4,328,140","$1,082,035","$128,140","$128,140"
"1179","Joshua Williams","CB","KC                  KC","22","2022","2025","4","$4,326,260","$1,081,565","$666,260","$666,260"
"1180","Mason Richman","T","SEA                  SEA","23","2025","2028","4","$4,325,924","$1,081,481","$125,924","$125,924"
"1181","Matt Gay","K","WAS                  WAS","31","2025","2025","1","$4,325,000","$4,325,000","$3,985,000","$3,985,000"
"1182","Tez Johnson","WR","TB                  TB","22","2025","2028","4","$4,323,940","$1,080,985","$123,940","$123,940"
"1183","Hunter Nourzad","C","KC                  KC","23","2024","2027","4","$4,321,832","$1,080,458","$319,516","$319,516"
"1184","Jacob Monk","C","GB                  GB","22","2024","2027","4","$4,321,616","$1,080,404","$301,616","$301,616"
"1185","LeQuint Allen","RB","JAX                  JAX","20","2025","2028","4","$4,318,756","$1,079,689","$118,756","$118,756"
"1186","Micah Robinson","S","GB                  GB","23","2025","2028","4","$4,313,840","$1,078,460","$113,840","$113,840"
"1187","Ricky White III","WR","SEA                  SEA","23","2025","2028","4","$4,312,700","$1,078,175","$112,700","$112,700"
"1188","Phil Mafah","RB","DAL                  DAL","22","2025","2028","4","$4,311,532","$1,077,883","$111,532","$111,532"
"1189","Kaden Prather","WR","BUF                  BUF","22","2025","2028","4","$4,310,368","$1,077,592","$110,368","$110,368"
"1190","Rasheen Ali","RB","BAL                  BAL","23","2024","2027","4","$4,309,868","$1,077,467","$289,868","$289,868"
"1191","Caleb Lohner","TE","DEN                  DEN","24","2025","2028","4","$4,309,488","$1,077,372","$109,488","$109,488"
"1192","Konata Mumpfield","WR","LAR                  LAR","22","2025","2028","4","$4,308,536","$1,077,134","$108,536","$108,536"
"1193","Garrett Dellinger","G","BAL                  BAL","23","2025","2028","4","$4,307,648","$1,076,912","$107,648","$107,648"
"1194","Dominic Lovett","WR","DET                  DET","22","2025","2028","4","$4,306,772","$1,076,693","$106,772","$106,772"
"1195","Tyrone Tracy","RB","NYG                  NYG","24","2024","2027","4","$4,306,352","$1,076,588","$286,352","$286,352"
"1196","Jacory Croskey-Merritt","RB","WAS                  WAS","24","2025","2028","4","$4,305,428","$1,076,357","$105,428","$105,428"
"1197","Korie Black","CB","NYG                  NYG","22","2025","2028","4","$4,304,440","$1,076,110","$104,440","$104,440"
"1198","Tommy Akingbesote","DT","DAL                  DAL","22","2025","2028","4","$4,303,024","$1,075,756","$103,024","$103,024"
"1199","Keilan Robinson","RB","PHI                  PHI","24","2024","2027","4","$4,301,956","$1,075,489","$281,956","$281,956"
"T1200","Luke Lachey","TE","HOU                  HOU","23","2025","2028","4","$4,301,672","$1,075,418","$101,672","$101,672"
"T1200","Fadil Diggs","DE","NO                  NO","23","2025","2028","4","$4,301,672","$1,075,418","$101,672","$101,672"
"T1200","Moliki Matavao","TE","NO                  NO","22","2025","2028","4","$4,301,672","$1,075,418","$101,672","$101,672"
"T1200","Trikweze Bridges","CB","LAC                  LAC","24","2025","2028","4","$4,301,672","$1,075,418","$101,672","$101,672"
"T1200","Junior Bergen","WR","SF                  SF","","2025","2028","4","$4,301,672","$1,075,418","$101,672","$101,672"
"T1200","Connor Colby","G","SF                  SF","22","2025","2028","4","$4,301,672","$1,075,418","$101,672","$101,672"
"T1200","Kobee Minor","S","NE                  NE","","2025","2028","4","$4,301,672","$1,075,418","$101,672","$101,672"
"T1200","Julian Ashby","LS","NE                  NE","22","2025","2028","4","$4,301,672","$1,075,418","$101,672","$101,672"
"T1200","Zeek Biggers","DT","MIA                  MIA","21","2025","2028","4","$4,301,672","$1,075,418","$101,672","$101,672"
"T1200","John Williams","G","GB                  GB","23","2025","2028","4","$4,301,672","$1,075,418","$101,672","$101,672"
"T1210","Qwan'tez Stiggers","CB","NYJ                  NYJ","22","2024","2027","4","$4,274,276","$1,068,569","$254,276","$254,276"
"T1210","Jaylan Ford","ILB","NO                  NO","22","2024","2027","4","$4,274,276","$1,068,569","$254,276","$254,276"
"T1210","Caelen Carson","CB","DAL                  DAL","22","2024","2027","4","$4,274,276","$1,068,569","$254,276","$254,276"
"T1210","Isaiah Davis","RB","NYJ                  NYJ","22","2024","2027","4","$4,274,276","$1,068,569","$254,276","$254,276"
"T1210","Trevor Keegan","G","PHI                  PHI","23","2024","2027","4","$4,274,276","$1,068,569","$254,276","$254,276"
"T1210","Bub Means","WR","NO                  NO","23","2024","2027","4","$4,274,276","$1,068,569","$254,276","$254,276"
"T1210","Kitan Oladapo","S","GB                  GB","23","2024","2027","4","$4,274,276","$1,068,569","$254,276","$254,276"
"T1210","Javon Solomon","DE","BUF                  BUF","23","2024","2027","4","$4,274,276","$1,068,569","$254,276","$254,276"
"1218","Germaine Pratt","ILB","LV                  LV","29","2025","2025","1","$4,260,000","$4,260,000","$3,750,000","$3,750,000"
"T1219","Joe Flacco","QB","CLE                  CLE","40","2025","2025","1","$4,250,000","$4,250,000","$3,000,000","$3,000,000"
"T1219","Laken Tomlinson","G","HOU                  HOU","33","2025","2025","1","$4,250,000","$4,250,000","$2,500,000","$2,500,000"
"1221","Walter Rouse","LT","MIN                  MIN","23","2024","2027","4","$4,246,592","$1,061,648","$226,592","$226,592"
"1222","Logan Lee","DE","PIT                  PIT","23","2024","2027","4","$4,240,072","$1,060,018","$220,072","$220,072"
"1223","Sataoa Laumea","G","SEA                  SEA","23","2024","2027","4","$4,236,516","$1,059,129","$216,516","$216,516"
"1224","Marcellas Dial","CB","NE                  NE","23","2024","2027","4","$4,232,128","$1,058,032","$212,128","$212,128"
"1225","Kimani Vidal","RB","LAC                  LAC","22","2024","2027","4","$4,227,436","$1,056,859","$207,436","$207,436"
"1226","Jha'Quan Jackson","WR","TEN                  TEN","23","2024","2027","4","$4,223,668","$1,055,917","$203,668","$203,668"
"1227","Darius Muasau","ILB","NYG                  NYG","23","2024","2027","4","$4,220,912","$1,055,228","$200,912","$200,912"
"1228","Malik Washington","WR","MIA                  MIA","23","2024","2027","4","$4,219,560","$1,054,890","$199,560","$199,560"
"1229","Johnny Wilson","WR","PHI                  PHI","23","2024","2027","4","$4,217,008","$1,054,252","$197,008","$197,008"
"1230","Casey Washington","WR","ATL                  ATL","23","2024","2027","4","$4,213,596","$1,053,399","$193,596","$193,596"
"1231","Jamal Hill","OLB","HOU                  HOU","23","2024","2027","4","$4,209,392","$1,052,348","$189,392","$189,392"
"1232","Mekhi Wingo","DT","DET                  DET","21","2024","2027","4","$4,206,800","$1,051,700","$186,800","$186,800"
"1233","Yasir Abdullah","OLB","JAX                  JAX","23","2023","2026","4","$4,205,216","$1,051,304","$365,216","$365,216"
"1234","Joe Milton III","QB","DAL                  DAL","24","2024","2027","4","$4,203,316","$1,050,829","$183,316","$183,316"
"1235","Tanner McLachlan","TE","CIN                  CIN","25","2024","2027","4","$4,203,056","$1,050,764","$183,056","$183,056"
"1236","Tyler Davis","DT","LAR                  LAR","23","2024","2027","4","$4,202,552","$1,050,638","$182,552","$182,552"
"T1237","Nick Bellore","FB","WAS                  WAS","35","2025","2026","2","$4,200,000","$2,100,000","$1,750,000","$1,750,000"
"T1237","Braden Mann","P","PHI                  PHI","26","2024","2025","2","$4,200,000","$2,100,000","$2,775,000","$2,775,000"
"T1237","Jake Bailey","P","MIA                  MIA","26","2024","2025","2","$4,200,000","$2,100,000","$2,225,000","$2,225,000"
"1240","Patrick McMorris","S","MIA                  MIA","22","2024","2027","4","$4,199,764","$1,049,941","$179,764","$179,764"
"1241","Khristian Boyd","DT","NO                  NO","24","2024","2027","4","$4,198,828","$1,049,707","$178,828","$178,828"
"1242","Jaden Crumedy","DT","CAR                  CAR","23","2024","2027","4","$4,196,424","$1,049,106","$176,424","$176,424"
"1243","Travis Glover","LT","GB                  GB","23","2024","2027","4","$4,191,380","$1,047,845","$171,380","$171,380"
"1244","Clayton Tune","QB","ARI                  ARI","24","2023","2026","4","$4,190,624","$1,047,656","$350,624","$350,624"
"1245","Will Reichard","K","MIN                  MIN","23","2024","2027","4","$4,190,620","$1,047,655","$170,620","$170,620"
"1246","Tylan Grable","LT","BUF                  BUF","24","2024","2027","4","$4,189,912","$1,047,478","$169,912","$169,912"
"1247","Dorian Thompson-Robinson","QB","PHI                  PHI","23","2023","2026","4","$4,182,272","$1,045,568","$342,272","$342,272"
"1248","Michael Jerrell","RT","SEA                  SEA","24","2024","2027","4","$4,180,060","$1,045,015","$160,060","$160,060"
"1249","Israel Abanikanda","RB","GB                  GB","20","2023","2026","4","$4,179,776","$1,044,944","$339,776","$339,776"
"1250","Cameron Mitchell","CB","CLE                  CLE","21","2023","2026","4","$4,177,232","$1,044,308","$337,232","$337,232"
"1251","Dylan Laube","RB","LV                  LV","24","2024","2027","4","$4,175,192","$1,043,798","$155,192","$155,192"
"1252","Mitchell Fraboni","LS","DEN                  DEN","28","2025","2027","3","$4,175,000","$1,391,667","$1,700,000","$1,700,000"
"1253","Mike Morris","DE","SEA                  SEA","22","2023","2026","4","$4,172,076","$1,043,019","$332,076","$332,076"
"1254","Jammie Robinson","S","ARI                  ARI","22","2023","2026","4","$4,169,532","$1,042,383","$329,532","$329,532"
"1255","Jordan Howden","S","NO                  NO","22","2023","2026","4","$4,166,728","$1,041,682","$326,728","$326,728"
"1256","Josh Whyle","TE","TEN                  TEN","23","2023","2026","4","$4,165,372","$1,041,343","$325,372","$325,372"
"1257","Noah Sewell","OLB","CHI                  CHI","21","2023","2026","4","$4,164,948","$1,041,237","$324,928","$324,928"
"T1258","Chig Okonkwo","TE","TEN                  TEN","22","2022","2025","4","$4,164,340","$1,041,085","$504,340","$504,340"
"T1258","Decobie Durant","CB","LAR                  LAR","22","2022","2025","4","$4,164,340","$1,041,085","$504,340","$504,340"
"T1258","Isaiah Likely","TE","BAL                  BAL","21","2022","2025","4","$4,164,340","$1,041,085","$504,340","$504,340"
"T1258","Calvin Austin","WR","PIT                  PIT","22","2022","2025","4","$4,164,340","$1,041,085","$504,340","$504,340"
"1262","Colby Sorsdal","RT","DET                  DET","23","2023","2026","4","$4,160,084","$1,040,021","$320,084","$320,084"
"T1263","Elijah Klein","G","TB                  TB","24","2024","2027","4","$4,158,388","$1,039,597","$138,388","$138,388"
"T1263","Beaux Limmer","C","LAR                  LAR","22","2024","2027","4","$4,158,388","$1,039,597","$138,388","$138,388"
"T1263","Ryan Flournoy","WR","DAL                  DAL","24","2024","2027","4","$4,158,388","$1,039,597","$138,388","$138,388"
"T1263","Jarrett Kingston","G","CAR                  CAR","24","2024","2027","4","$4,158,388","$1,039,597","$138,388","$138,388"
"T1263","Cedric Johnson","DE","CIN                  CIN","21","2024","2027","4","$4,158,388","$1,039,597","$138,388","$138,388"
"T1263","Jordan Whittington","WR","LAR                  LAR","23","2024","2027","4","$4,158,388","$1,039,597","$138,388","$138,388"
"T1263","Cam Little","K","JAX                  JAX","20","2024","2027","4","$4,158,388","$1,039,597","$138,388","$138,388"
"T1263","Christian Mahogany","G","DET                  DET","23","2024","2027","4","$4,158,388","$1,039,597","$138,388","$138,388"
"T1263","Joshua Karty","K","LAR                  LAR","22","2024","2027","4","$4,158,388","$1,039,597","$138,388","$138,388"
"1272","SirVocea Dennis","ILB","TB                  TB","23","2023","2026","4","$4,157,324","$1,039,331","$317,324","$317,324"
"1273","Olu Oluwatimi","C","SEA                  SEA","23","2023","2026","4","$4,156,456","$1,039,114","$316,456","$316,456"
"1274","Darrell Luter Jr.","CB","SF                  SF","23","2023","2026","4","$4,153,512","$1,038,378","$313,512","$313,512"
"1275","Jordan McFadden","G","CHI                  CHI","23","2023","2026","4","$4,152,140","$1,038,035","$312,140","$312,140"
"1276","Daniel Scott","S","IND                  IND","24","2023","2026","4","$4,147,836","$1,036,959","$307,836","$307,836"
"1277","Dontayvion Wicks","WR","GB                  GB","21","2023","2026","4","$4,142,548","$1,035,637","$302,548","$302,548"
"1278","Antonio Johnson","S","JAX                  JAX","21","2023","2026","4","$4,141,832","$1,035,458","$301,832","$301,832"
"1279","Travis Clayton","T","BUF                  BUF","23","2024","2027","4","$4,141,584","$1,035,396","$121,584","$121,584"
"1280","Javontae Jean-Baptiste","DE","WAS                  WAS","23","2024","2027","4","$4,141,188","$1,035,297","$121,188","$121,188"
"1281","Nick Hampton","OLB","LAR                  LAR","23","2023","2026","4","$4,139,104","$1,034,776","$299,104","$299,104"
"1282","Trey Taylor","S","LV                  LV","23","2024","2027","4","$4,138,728","$1,034,682","$118,728","$118,728"
"1283","Daijahn Anthony","S","CIN                  CIN","23","2024","2027","4","$4,137,784","$1,034,446","$117,784","$117,784"
"1284","Brenden Rice","WR","LAC                  LAC","22","2024","2027","4","$4,134,592","$1,033,648","$114,592","$114,592"
"1285","Will Mallory","TE","IND                  IND","23","2023","2026","4","$4,130,592","$1,032,648","$290,592","$290,592"
"1286","Myles Harden","CB","CLE                  CLE","22","2024","2027","4","$4,130,332","$1,032,583","$110,332","$110,332"
"1287","Nick Samac","C","BAL                  BAL","22","2024","2027","4","$4,129,844","$1,032,461","$109,844","$109,844"
"1288","Michael Jurgens","C","MIN                  MIN","24","2024","2027","4","$4,128,740","$1,032,185","$108,740","$108,740"
"1289","Jaheim Bell","TE","NE                  NE","22","2024","2027","4","$4,126,592","$1,031,648","$106,592","$106,592"
"1290","Chase Brown","RB","CIN                  CIN","22","2023","2026","4","$4,126,156","$1,031,539","$286,156","$286,156"
"1291","Levi Drake Rodriguez","DT","MIN                  MIN","23","2024","2027","4","$4,125,988","$1,031,497","$105,988","$105,988"
"1292","Nathan Thomas","G","DAL                  DAL","22","2024","2027","4","$4,125,972","$1,031,493","$105,972","$105,972"
"1293","Jonah Laulu","DT","LV                  LV","23","2024","2027","4","$4,124,520","$1,031,130","$104,520","$104,520"
"1294","Devaughn Vele","WR","DEN                  DEN","26","2024","2027","4","$4,124,480","$1,031,120","$104,480","$104,480"
"1295","Myles Cole","DE","JAX                  JAX","23","2024","2027","4","$4,124,076","$1,031,019","$104,076","$104,076"
"1296","Matt Lee","C","CIN                  CIN","22","2024","2027","4","$4,121,752","$1,030,438","$101,752","$101,752"
"1297","Jalen Travis","T","IND                  IND","23","2025","2028","4","$4,117,273","$1,029,318","$921,268","$921,268"
"1298","Terell Smith","CB","CHI                  CHI","23","2023","2026","4","$4,115,884","$1,028,971","$275,884","$275,884"
"1299","B.J. Thompson","DE","KC                  KC","24","2023","2026","4","$4,111,652","$1,027,913","$271,652","$271,652"
"1300","James Williams","S","TEN                  TEN","21","2024","2027","4","$4,109,492","$1,027,373","$89,492","$89,492"
"1301","Devin Culp","TE","TB                  TB","24","2024","2027","4","$4,106,184","$1,026,546","$86,184","$86,184"
"1302","C.J. Hanson","G","KC                  KC","23","2024","2027","4","$4,104,784","$1,026,196","$84,784","$84,784"
"1303","Tahj Washington","WR","MIA                  MIA","22","2024","2027","4","$4,104,436","$1,026,109","$84,436","$84,436"
"1304","LaDarius Henderson","G","HOU                  HOU","22","2024","2027","4","$4,103,716","$1,025,929","$83,716","$83,716"
"1305","Sanoussi Kane","S","BAL                  BAL","22","2024","2027","4","$4,102,932","$1,025,733","$82,932","$82,932"
"1306","Tatum Bethune","OLB","SF                  SF","23","2024","2027","4","$4,101,808","$1,025,452","$81,808","$81,808"
"T1307","KT Leveston","G","LAR                  LAR","24","2024","2027","4","$4,100,736","$1,025,184","$80,736","$80,736"
"T1307","Jaylen Harrell","OLB","TEN                  TEN","21","2024","2027","4","$4,100,736","$1,025,184","$80,736","$80,736"
"1309","Eddy Pineiro","K","CAR                  CAR","27","2023","2024","2","$4,100,000","$2,050,000","$2,250,000","$2,250,000"
"1310","Puka Nacua","WR","LAR                  LAR","22","2023","2026","4","$4,084,977","$1,021,244","$244,976","$244,976"
"T1311","Warren McClendon Jr.","RT","LAR                  LAR","22","2023","2026","4","$4,084,976","$1,021,244","$244,976","$244,976"
"T1311","Davis Allen","TE","LAR                  LAR","22","2023","2026","4","$4,084,976","$1,021,244","$244,976","$244,976"
"T1311","Payne Durham","TE","TB                  TB","22","2023","2026","4","$4,084,976","$1,021,244","$244,976","$244,976"
"T1311","Henry To'oTo'o","OLB","HOU                  HOU","22","2023","2026","4","$4,084,976","$1,021,244","$244,976","$244,976"
"T1311","Asim Richards","G","DAL                  DAL","22","2023","2026","4","$4,084,976","$1,021,244","$244,976","$244,976"
"T1311","Owen Pappoe","OLB","ARI                  ARI","22","2023","2026","4","$4,084,976","$1,021,244","$244,976","$244,976"
"T1311","Christopher Smith II","S","LV                  LV","23","2023","2026","4","$4,084,976","$1,021,244","$244,976","$244,976"
"T1311","Eric Gray","RB","NYG                  NYG","23","2023","2026","4","$4,084,976","$1,021,244","$244,976","$244,976"
"T1311","Robert Beal Jr.","DE","SF                  SF","23","2023","2026","4","$4,084,976","$1,021,244","$244,976","$244,976"
"1320","Karl Brooks","DT","GB                  GB","22","2023","2026","4","$4,052,028","$1,013,007","$212,028","$212,028"
"1321","Kei'Trel Clark","CB","ARI                  ARI","22","2023","2026","4","$4,048,612","$1,012,153","$208,612","$208,612"
"1322","Josh Hayes","S","TB                  TB","24","2023","2026","4","$4,044,372","$1,011,093","$204,372","$204,372"
"1323","Tre Tomlinson","CB","SF                  SF","23","2023","2026","4","$4,039,852","$1,009,963","$199,852","$199,852"
"T1324","JL Skinner","S","DEN                  DEN","22","2023","2026","4","$4,036,220","$1,009,055","$196,220","$196,220"
"T1324","Zaire Barnes","OLB","NYJ                  NYJ","23","2023","2026","4","$4,036,220","$1,009,055","$196,220","$196,220"
"1326","Parker Washington","WR","JAX                  JAX","21","2023","2026","4","$4,032,264","$1,008,066","$192,264","$192,264"
"1327","Jaelyn Duncan","RT","TEN                  TEN","22","2023","2026","4","$4,029,800","$1,007,450","$189,800","$189,800"
"1328","Kayshon Boutte","WR","NE                  NE","20","2023","2026","4","$4,027,272","$1,006,818","$187,272","$187,272"
"1329","Tanner McKee","QB","PHI                  PHI","23","2023","2026","4","$4,026,520","$1,006,630","$186,520","$186,520"
"1330","Andrew DePaola","LS","MIN                  MIN","35","2023","2025","3","$4,025,000","$1,341,667","$1,515,000","$2,265,000"
"1331","Sam Howell","QB","MIN                  MIN","21","2022","2025","4","$4,021,600","$1,005,400","$361,600","$361,600"
"1332","Luke Wypler","C","CLE                  CLE","22","2023","2026","4","$4,019,972","$1,004,993","$179,972","$179,972"
"1333","Trey Palmer","WR","TB                  TB","22","2023","2026","4","$4,019,292","$1,004,823","$179,292","$179,292"
"1334","Bryce Baringer","P","NE                  NE","24","2023","2026","4","$4,018,456","$1,004,614","$178,456","$178,456"
"1335","Elijah Higgins","WR","ARI                  ARI","22","2023","2026","4","$4,015,884","$1,003,971","$175,884","$175,884"
"1336","Micah McFadden","ILB","NYG                  NYG","21","2022","2025","4","$4,015,708","$1,003,927","$355,708","$355,708"
"1337","Jerrick Reed II","S","SEA                  SEA","22","2023","2026","4","$4,014,804","$1,003,701","$174,804","$174,804"
"1338","D.J. Davidson","DE","NYG                  NYG","22","2022","2025","4","$4,014,116","$1,003,529","$354,116","$354,116"
"1339","Scott Matlock","FB","LAC                  LAC","22","2023","2026","4","$4,012,296","$1,003,074","$172,296","$172,296"
"1340","Jarrett Patterson","C","HOU                  HOU","23","2023","2026","4","$4,009,972","$1,002,493","$169,972","$169,972"
"1341","Jarrick Bernard-Converse","CB","NYJ                  NYJ","23","2023","2026","4","$4,005,112","$1,001,278","$165,112","$165,112"
"1342","Xavier Hutchinson","WR","HOU                  HOU","22","2023","2026","4","$4,003,704","$1,000,926","$163,704","$163,704"
"T1343","Corey Bojorquez","P","CLE                  CLE","27","2024","2025","2","$4,000,000","$2,000,000","$2,750,000","$2,750,000"
"T1343","Daniel Thomas","S","JAX                  JAX","25","2024","2025","2","$4,000,000","$2,000,000","$2,000,000","$2,000,000"
"T1343","Tyler Lockett","WR","TEN                  TEN","32","2025","2025","1","$4,000,000","$4,000,000","$3,490,000","$3,490,000"
"T1343","Calvin Anderson","LT","PIT                  PIT","29","2025","2026","2","$4,000,000","$2,000,000","$830,000","$830,000"
"T1343","Charles Omenihu","DE","KC                  KC","27","2025","2025","1","$4,000,000","$4,000,000","$3,450,000","$3,450,000"
"T1343","Andrew Wylie","RT","WAS                  WAS","30","2025","2025","1","$4,000,000","$4,000,000","$3,495,000","$3,495,000"
"T1343","Siran Neal","S","SF                  SF","30","2025","2026","2","$4,000,000","$2,000,000","$2,255,000","$2,255,000"
"T1343","Kelvin Beachum","RT","ARI                  ARI","35","2025","2025","1","$4,000,000","$4,000,000","$3,490,000","$3,490,000"
"T1343","Levi Onwuzurike","DT","DET                  DET","27","2025","2025","1","$4,000,000","$4,000,000","$3,500,000","$3,500,000"
"T1343","Marquez Valdes-Scantling","WR","SEA                  SEA","30","2025","2025","1","$4,000,000","$4,000,000","$3,000,000","$3,000,000"
"T1343","Michael Ford","CB","ATL                  ATL","29","2025","2026","2","$4,000,000","$2,000,000","$1,140,000","$1,140,000"
"T1343","Josh Jones","G","SEA                  SEA","27","2025","2025","1","$4,000,000","$4,000,000","$3,000,000","$3,000,000"
"T1343","Derek Barnett","DE","HOU                  HOU","28","2025","2025","1","$4,000,000","$4,000,000","$1,500,000","$1,500,000"
"T1343","Jaire Alexander","CB","BAL                  BAL","28","2025","2025","1","$4,000,000","$4,000,000","$4,000,000","$4,000,000"
"1357","Andrei Iosivas","WR","CIN                  CIN","23","2023","2026","4","$3,999,384","$999,846","$159,384","$159,384"
"1358","Tyler Allgeier","RB","ATL                  ATL","21","2022","2025","4","$3,993,896","$998,474","$333,896","$333,896"
"1359","Delarrin Turner-Yell","S","DEN                  DEN","22","2022","2025","4","$3,993,056","$998,264","$333,056","$333,056"
"1360","Tariq Woolen","CB","SEA                  SEA","22","2022","2025","4","$3,992,216","$998,054","$332,216","$332,216"
"1361","Tre Hawkins III","CB","NYG                  NYG","23","2023","2026","4","$3,989,520","$997,380","$149,520","$149,520"
"1362","Zyon McCollum","CB","TB                  TB","22","2022","2025","4","$3,981,732","$995,433","$321,732","$321,732"
"1363","Eric Johnson","DT","IND                  IND","23","2022","2025","4","$3,980,740","$995,185","$320,740","$320,740"
"1364","D'ante Smith","LT","CIN                  CIN","22","2021","2024","4","$3,979,344","$994,836","$499,344","$499,344"
"1365","Otito Ogbonnia","DT","LAC                  LAC","21","2022","2025","4","$3,978,880","$994,720","$318,880","$318,880"
"1366","D'Marco Jackson","ILB","NO                  NO","23","2022","2025","4","$3,976,916","$994,229","$316,916","$316,916"
"T1367","Dante Stills","DE","ARI                  ARI","23","2023","2026","4","$3,973,336","$993,334","$133,336","$133,336"
"T1367","Dee Winters","OLB","SF                  SF","22","2023","2026","4","$3,973,336","$993,334","$133,336","$133,336"
"T1367","Deuce Vaughn","RB","DAL                  DAL","21","2023","2026","4","$3,973,336","$993,334","$133,336","$133,336"
"1370","Demario Douglas","WR","NE                  NE","22","2023","2026","4","$3,973,332","$993,333","$133,332","$133,332"
"1371","Tycen Anderson","S","CIN                  CIN","22","2022","2025","4","$3,966,084","$991,521","$306,084","$306,084"
"1372","DaRon Bland","CB","DAL                  DAL","22","2022","2025","4","$3,964,788","$991,197","$304,788","$304,788"
"1373","Braxton Jones","LT","CHI                  CHI","22","2022","2025","4","$3,959,552","$989,888","$299,552","$299,552"
"1374","Ty Chandler","RB","MIN                  MIN","23","2022","2025","4","$3,958,840","$989,710","$298,840","$298,840"
"1375","Jaylon Jones","CB","IND                  IND","21","2023","2026","4","$3,953,480","$988,370","$113,480","$113,480"
"1376","Ethan Evans","P","LAR                  LAR","21","2023","2026","4","$3,948,004","$987,001","$108,004","$108,004"
"1377","Luke Wattenberg","C","DEN                  DEN","24","2022","2025","4","$3,947,720","$986,930","$287,720","$287,720"
"1378","DeMarcco Hellams","S","ATL                  ATL","22","2023","2026","4","$3,946,300","$986,575","$106,300","$106,300"
"1379","Cooper Hodges","G","JAX                  JAX","22","2023","2026","4","$3,945,488","$986,372","$105,488","$105,488"
"1380","Samuel Womack","CB","IND                  IND","22","2022","2025","4","$3,943,324","$985,831","$283,324","$283,324"
"1381","Andrew Vorhees","G","BAL                  BAL","24","2023","2026","4","$3,942,112","$985,528","$102,112","$102,112"
"1382","Carrington Valentine","CB","GB                  GB","21","2023","2026","4","$3,940,704","$985,176","$100,704","$100,704"
"1383","Dominique Robinson","DE","CHI                  CHI","23","2022","2025","4","$3,933,156","$983,289","$273,156","$273,156"
"1384","Kenny McIntosh","RB","SEA                  SEA","23","2023","2026","4","$3,930,852","$982,713","$90,852","$90,852"
"1385","Cory Trice Jr.","CB","PIT                  PIT","22","2023","2026","4","$3,924,436","$981,109","$84,436","$84,436"
"1386","Jordon Riley","DT","NYG                  NYG","24","2023","2026","4","$3,923,768","$980,942","$83,768","$83,768"
"1387","Anthony Johnson Jr.","CB","NYG                  NYG","23","2023","2026","4","$3,923,764","$980,941","$83,764","$83,764"
"1388","Jalen Brooks","WR","DAL                  DAL","23","2023","2026","4","$3,922,360","$980,590","$82,360","$82,360"
"1389","D.J. Ivey","CB","CIN                  CIN","23","2023","2026","4","$3,920,652","$980,163","$80,652","$80,652"
"1390","Moro Ojomo","DE","PHI                  PHI","21","2023","2026","4","$3,917,784","$979,446","$77,784","$77,784"
"T1391","Desjuan Johnson","DE","LAR                  LAR","23","2023","2026","4","$3,917,776","$979,444","$77,776","$77,776"
"T1391","Alex Forsyth","C","DEN                  DEN","24","2023","2026","4","$3,917,776","$979,444","$77,776","$77,776"
"T1391","Spencer Anderson","G","PIT                  PIT","22","2023","2026","4","$3,917,776","$979,444","$77,776","$77,776"
"T1394","Kingsley Enagbare","DE","GB                  GB","21","2022","2025","4","$3,902,552","$975,638","$242,552","$242,552"
"T1394","John Ridgeway","DT","NO                  NO","22","2022","2025","4","$3,902,552","$975,638","$242,552","$242,552"
"T1394","Damone Clark","OLB","DAL                  DAL","21","2022","2025","4","$3,902,552","$975,638","$242,552","$242,552"
"1397","Jordan Akins","TE","CLE                  CLE","30","2023","2024","2","$3,900,000","$1,950,000","$1,730,000","$1,730,000"
"1398","Vederian Lowe","LT","NE                  NE","22","2022","2025","4","$3,857,872","$964,468","$197,872","$197,872"
"1399","Nick Zakelj","G","SF                  SF","22","2022","2025","4","$3,850,356","$962,589","$190,356","$190,356"
"1400","Malcolm Rodríguez","ILB","DET                  DET","22","2022","2025","4","$3,847,920","$961,980","$187,920","$187,920"
"1401","Jalen Nailor","WR","MIN                  MIN","22","2022","2025","4","$3,840,660","$960,165","$180,660","$180,660"
"1402","Andrew Ogletree","TE","IND                  IND","23","2022","2025","4","$3,838,188","$959,547","$178,188","$178,188"
"1403","Jamaree Salyer","RT","LAC                  LAC","21","2022","2025","4","$3,835,928","$958,982","$175,928","$175,928"
"1404","Grant Calcaterra","TE","PHI                  PHI","23","2022","2025","4","$3,834,144","$958,536","$174,144","$174,144"
"1405","Connor Heyward","TE","PIT                  PIT","22","2022","2025","4","$3,815,224","$953,806","$155,224","$155,224"
"1406","Jacob Bobenmoyer","LS","LV                  LV","25","2023","2025","3","$3,815,000","$1,271,667","$1,000,000","$1,000,000"
"1407","Brenden Jaimes","OL","LAC                  LAC","21","2021","2024","4","$3,797,780","$949,445","$317,780","$317,780"
"T1408","Kalia Davis","DT","SF                  SF","23","2022","2025","4","$3,792,016","$948,004","$132,016","$132,016"
"T1408","Ko Kieft","TE","TB                  TB","23","2022","2025","4","$3,792,016","$948,004","$132,016","$132,016"
"T1408","Quentin Lake","S","LAR                  LAR","22","2022","2025","4","$3,792,016","$948,004","$132,016","$132,016"
"1411","Ja'Sir Taylor","CB","LAC                  LAC","22","2022","2025","4","$3,792,012","$948,003","$132,012","$132,012"
"1412","Montaric Brown","CB","JAX                  JAX","22","2022","2025","4","$3,775,980","$943,995","$115,980","$115,980"
"1413","Mark Robinson","ILB","PIT                  PIT","22","2022","2025","4","$3,772,356","$943,089","$112,356","$112,356"
"1414","Christian Kuntz","LS","PIT                  PIT","29","2024","2026","3","$3,765,000","$1,255,000","$325,000","$325,000"
"1415","Chris Paul","G","WAS                  WAS","23","2022","2025","4","$3,764,444","$941,111","$104,444","$104,444"
"1416","Dareke Young","WR","SEA                  SEA","22","2022","2025","4","$3,761,100","$940,275","$101,100","$101,100"
"1417","Deane Leonard","CB","LAC                  LAC","22","2022","2025","4","$3,759,664","$939,916","$99,664","$99,664"
"1418","Thayer Munford Jr.","RT","LV                  LV","22","2022","2025","4","$3,757,060","$939,265","$97,060","$97,060"
"1419","Rodney Thomas","S","IND                  IND","23","2022","2025","4","$3,755,384","$938,846","$95,384","$95,384"
"T1420","Robert Jones","G","DAL                  DAL","26","2025","2025","1","$3,750,000","$3,750,000","$3,000,000","$3,000,000"
"T1420","Joey Blount","S","ARI                  ARI","26","2025","2026","2","$3,750,000","$1,875,000","$400,000","$400,000"
"1422","Jaylen Watson","CB","KC                  KC","23","2022","2025","4","$3,745,372","$936,343","$85,372","$85,372"
"1423","Rasheed Walker","LT","GB                  GB","21","2022","2025","4","$3,740,872","$935,218","$80,872","$80,872"
"1424","Isiah Pacheco","RB","KC                  KC","22","2022","2025","4","$3,739,108","$934,777","$79,108","$79,108"
"1425","Elijah Hicks","CB","CHI                  CHI","22","2022","2025","4","$3,737,008","$934,252","$77,008","$77,008"
"1426","Blake Gillikin","P","ARI                  ARI","26","2024","2025","2","$3,700,000","$1,850,000","$1,200,000","$1,200,000"
"1427","Chris Evans","RB","CIN                  CIN","23","2021","2024","4","$3,652,888","$913,222","$172,888","$172,888"
"1428","Samaje Perine","RB","CIN                  CIN","29","2025","2026","2","$3,600,000","$1,800,000","$40,000","$40,000"
"1429","Reed Blankenship","S","PHI                  PHI","25","2024","2025","1","$3,575,000","$3,575,000","$3,935,000","$3,935,000"
"T1430","E.J. Speed","OLB","HOU                  HOU","29","2025","2025","1","$3,500,000","$3,500,000","$3,250,000","$3,250,000"
"T1430","Greg Gaines","DT","TB                  TB","27","2025","2025","1","$3,500,000","$3,500,000","$2,245,000","$2,245,000"
"T1430","Roy Lopez","DT","DET                  DET","27","2025","2025","1","$3,500,000","$3,500,000","$3,330,000","$3,330,000"
"T1430","Eric Stokes","CB","LV                  LV","26","2025","2025","1","$3,500,000","$3,500,000","$2,990,000","$2,990,000"
"T1434","Cade Mays","G","CAR                  CAR","25","2025","2025","1","$3,406,000","$3,406,000","",""
"T1434","Cole Van Lanen","RT","JAX                  JAX","26","2025","2025","1","$3,406,000","$3,406,000","",""
"1436","Carson Wentz","QB","KC                  KC","31","2024","2024","1","$3,325,000","$3,325,000","$2,200,000","$2,200,000"
"1437","Khalil Dorsey","CB","DET                  DET","26","2025","2026","2","$3,300,000","$1,650,000","$300,000","$300,000"
"T1438","Kader Kohou","CB","MIA                  MIA","26","2025","2025","1","$3,263,000","$3,263,000","",""
"T1438","Chris Williams","DT","CHI                  CHI","26","2025","2025","1","$3,263,000","$3,263,000","",""
"T1438","Greg Dortch","WR","ARI                  ARI","26","2025","2025","1","$3,263,000","$3,263,000","",""
"T1438","Tony Adams","S","NYJ                  NYJ","26","2025","2025","1","$3,263,000","$3,263,000","",""
"T1438","Ar'Darius Washington","S","BAL                  BAL","25","2025","2025","1","$3,263,000","$3,263,000","",""
"T1443","Emmanuel Ogbah","DE","JAX                  JAX","31","2025","2025","1","$3,250,000","$3,250,000","$2,000,000","$2,000,000"
"T1443","Noah Brown","WR","WAS                  WAS","29","2025","2025","1","$3,250,000","$3,250,000","$2,470,000","$2,470,000"
"T1443","Greg Van Roten","G","NYG                  NYG","35","2025","2025","1","$3,250,000","$3,250,000","$2,450,000","$2,450,000"
"T1443","Deatrich Wise","DE","WAS                  WAS","30","2025","2025","1","$3,250,000","$3,250,000","$2,350,000","$2,350,000"
"T1443","Devin Bush","OLB","CLE                  CLE","26","2025","2025","1","$3,250,000","$3,250,000","$2,970,000","$2,970,000"
"1448","Julian Blackmon","S","NO                  NO","26","2025","2025","1","$3,170,000","$3,170,000","$3,170,000","$3,170,000"
"1449","Cam Lewis","CB","BUF                  BUF","26","2024","2025","2","$3,100,000","$1,550,000","$1,550,000","$1,550,000"
"1450","Teven Jenkins","G","CLE                  CLE","27","2025","2025","1","$3,050,000","$3,050,000","$2,670,000","$2,670,000"
"T1451","Benjamin Chukwuma","T","TB                  TB","23","2025","2027","3","$3,020,000","$1,006,667","$300,000","$300,000"
"T1451","Lenny Krieg","K","ATL                  ATL","22","2025","2027","3","$3,020,000","$1,006,667","$10,000","$10,000"
"T1453","Ifeatu Melifonwu","CB","MIA                  MIA","25","2025","2025","1","$3,010,000","$3,010,000","$2,450,000","$2,450,000"
"T1453","Elandon Roberts","ILB","LV                  LV","30","2025","2025","1","$3,010,000","$3,010,000","$2,500,000","$2,500,000"
"T1455","Valentin Senn","G","ARI                  ARI","25","2025","2027","3","$3,005,000","$1,001,667","$274,000","$274,000"
"T1455","Jeremiah Byers","T","ARI                  ARI","24","2025","2027","3","$3,005,000","$1,001,667","$274,000","$274,000"
"T1455","Cobee Bryant","CB","ATL                  ATL","23","2025","2027","3","$3,005,000","$1,001,667","$274,000","$274,000"
"T1455","Jimmy Garoppolo","QB","LAR                  LAR","33","2025","2025","1","$3,005,000","$3,005,000","$3,005,000","$3,005,000"
"1459","Beaux Collins","WR","NYG                  NYG","22","2025","2027","3","$3,001,000","$1,000,333","$270,000","$270,000"
"T1460","Shaquill Griffin","CB","SEA                  SEA","29","2025","2025","1","$3,000,000","$3,000,000","$1,750,000","$1,750,000"
"T1460","Austin Corbett","C","CAR                  CAR","29","2025","2025","1","$3,000,000","$3,000,000","$2,000,000","$2,000,000"
"T1460","Eric Kendricks","ILB","DAL                  DAL","32","2024","2024","1","$3,000,000","$3,000,000","$1,500,000","$2,500,000"
"T1460","Josh Fryar","T","ARI                  ARI","23","2025","2027","3","$3,000,000","$1,000,000","$269,000","$269,000"
"T1460","Tre'Davious White","CB","BUF                  BUF","30","2025","2025","1","$3,000,000","$3,000,000","$2,200,000","$2,200,000"
"T1460","Tyler Conklin","TE","LAC                  LAC","29","2025","2025","1","$3,000,000","$3,000,000","$2,830,000","$2,830,000"
"T1460","Azeez Ojulari","OLB","PHI                  PHI","24","2025","2025","1","$3,000,000","$3,000,000","$3,000,000","$3,000,000"
"T1460","Juan Thornhill","S","PIT                  PIT","29","2025","2025","1","$3,000,000","$3,000,000","$1,830,000","$1,830,000"
"T1460","Storm Norton","RT","ATL                  ATL","30","2025","2026","2","$3,000,000","$1,500,000","$500,000","$500,000"
"T1460","K’Lavon Chaisson","OLB","NE                  NE","25","2025","2025","1","$3,000,000","$3,000,000","$1,500,000","$1,500,000"
"T1460","L.J. Collier","DE","ARI                  ARI","29","2025","2025","1","$3,000,000","$3,000,000","$1,500,000","$1,500,000"
"T1460","Javonte Williams","RB","DAL                  DAL","24","2025","2025","1","$3,000,000","$3,000,000","$1,000,000","$1,000,000"
"T1460","Foley Fatukasi","DT","HOU                  HOU","30","2025","2025","1","$3,000,000","$3,000,000","$1,500,000","$1,500,000"
"T1460","Elijah Simmons","DT","ARI                  ARI","23","2025","2027","3","$3,000,000","$1,000,000","$269,000","$269,000"
"T1474","Shaquan Loyal","S","CIN                  CIN","23","2025","2027","3","$2,995,000","$998,333","$30,000","$30,000"
"T1474","Johnathan Edwards","S","IND                  IND","23","2025","2027","3","$2,995,000","$998,333","$280,000","$280,000"
"T1474","C.J. Dippre","TE","NE                  NE","23","2025","2027","3","$2,995,000","$998,333","$264,000","$264,000"
"T1474","J.J. Roberts","S","TB                  TB","23","2025","2027","3","$2,995,000","$998,333","$300,000","$300,000"
"T1474","Maxen Hook","S","PHI                  PHI","23","2025","2027","3","$2,995,000","$998,333","$200,000","$200,000"
"T1474","Willie Lampkin","G","LAR                  LAR","23","2025","2027","3","$2,995,000","$998,333","$30,000","$30,000"
"T1474","Simeon Barrow","DT","ATL                  ATL","22","2025","2027","3","$2,995,000","$998,333","$264,000","$264,000"
"T1474","Rob McDaniel","CB","WAS                  WAS","24","2025","2027","3","$2,995,000","$998,333","$180,000","$180,000"
"T1474","Da'Quan Felton","WR","NYG                  NYG","24","2025","2027","3","$2,995,000","$998,333","$264,000","$264,000"
"T1474","Aiden Williams","G","PIT                  PIT","24","2025","2027","3","$2,995,000","$998,333","$30,000","$30,000"
"T1474","Roc Taylor","WR","PIT                  PIT","22","2025","2027","3","$2,995,000","$998,333","$30,000","$30,000"
"T1474","Connor O'Toole","DE","SEA                  SEA","22","2025","2027","3","$2,995,000","$998,333","$264,000","$264,000"
"T1474","Hollin Pierce","T","PHI                  PHI","24","2025","2027","3","$2,995,000","$998,333","$180,000","$180,000"
"T1474","Jake Briningstool","TE","KC                  KC","22","2025","2027","3","$2,995,000","$998,333","$264,000","$264,000"
"T1474","Eric Gregory","DT","CIN                  CIN","24","2025","2027","3","$2,995,000","$998,333","$30,000","$30,000"
"T1474","Gerad Christian-Lichtenham","T","BAL                  BAL","23","2025","2027","3","$2,995,000","$998,333","$55,000","$55,000"
"T1474","Bryson Green","WR","ARI                  ARI","22","2025","2027","3","$2,995,000","$998,333","$264,000","$264,000"
"T1491","Alijah Clark","S","DAL                  DAL","21","2025","2027","3","$2,990,000","$996,667","$259,000","$259,000"
"T1491","Paris Shand","DE","BUF                  BUF","23","2025","2027","3","$2,990,000","$996,667","$25,000","$25,000"
"T1491","Wande Owens","S","BUF                  BUF","24","2025","2027","3","$2,990,000","$996,667","$60,000","$60,000"
"T1491","Keonta Jenkins","LB","BUF                  BUF","23","2025","2027","3","$2,990,000","$996,667","$55,000","$55,000"
"T1491","Shaun Dolac","LB","LAR                  LAR","23","2025","2027","3","$2,990,000","$996,667","$25,000","$25,000"
"T1491","Treven Ma’ae","DT","LV                  LV","24","2025","2027","3","$2,990,000","$996,667","$80,000","$80,000"
"T1491","Efton Chism III","WR","NE                  NE","23","2025","2027","3","$2,990,000","$996,667","$259,000","$259,000"
"T1491","Antwane Wells Jr.","WR","NYG                  NYG","24","2025","2027","3","$2,990,000","$996,667","$259,000","$259,000"
"T1491","Junior Tafuna","DT","HOU                  HOU","24","2025","2027","3","$2,990,000","$996,667","$200,000","$200,000"
"T1491","Eli Cox","C","HOU                  HOU","24","2025","2027","3","$2,990,000","$996,667","$250,000","$250,000"
"T1491","Montrell Johnson","RB","PHI                  PHI","22","2025","2027","3","$2,990,000","$996,667","$200,000","$200,000"
"T1491","Nick Kallerup","TE","SEA                  SEA","24","2025","2027","3","$2,990,000","$996,667","$259,000","$259,000"
"T1491","Corey Kiner","RB","SF                  SF","23","2025","2027","3","$2,990,000","$996,667","$255,000","$255,000"
"T1491","Torriccelli Simpkins III","G","NO                  NO","22","2025","2027","3","$2,990,000","$996,667","$259,000","$259,000"
"T1491","Tyler Batty","OLB","MIN                  MIN","25","2025","2027","3","$2,990,000","$996,667","$259,000","$259,000"
"T1491","Car'lin Vigers","CB","WAS                  WAS","24","2025","2027","3","$2,990,000","$996,667","$259,000","$259,000"
"T1491","Tim McKay","G","WAS                  WAS","23","2025","2027","3","$2,990,000","$996,667","$275,000","$275,000"
"T1491","Sebastian Castro","S","PIT                  PIT","24","2025","2027","3","$2,990,000","$996,667","$25,000","$25,000"
"T1491","Lan Larison","RB","NE                  NE","23","2025","2027","3","$2,990,000","$996,667","$175,000","$175,000"
"T1491","Parker Clements","T","LV                  LV","23","2025","2027","3","$2,990,000","$996,667","$75,000","$75,000"
"T1491","Coziah Izzard","DT","KC                  KC","23","2025","2027","3","$2,990,000","$996,667","$225,000","$225,000"
"T1491","Dalton Cooper","T","KC                  KC","24","2025","2027","3","$2,990,000","$996,667","$259,000","$259,000"
"T1513","Ralph Holley","DT","CLE                  CLE","25","2025","2027","3","$2,985,000","$995,000","$20,000","$20,000"
"T1513","Xavier Restrepo","WR","TEN                  TEN","23","2025","2027","3","$2,985,000","$995,000","$254,000","$254,000"
"T1513","Seth Henigan","QB","JAX                  JAX","22","2025","2027","3","$2,985,000","$995,000","$254,000","$254,000"
"T1513","Johnny Walker","DE","DEN                  DEN","23","2025","2027","3","$2,985,000","$995,000","$254,000","$254,000"
"T1513","Xavier Truss","G","DEN                  DEN","23","2025","2027","3","$2,985,000","$995,000","$170,000","$170,000"
"T1513","Gee Scott Jr.","TE","NE                  NE","24","2025","2027","3","$2,985,000","$995,000","$95,000","$95,000"
"T1513","Andrew Armstrong","WR","MIA                  MIA","24","2025","2027","3","$2,985,000","$995,000","$254,000","$254,000"
"T1513","John Saunders Jr","S","MIA                  MIA","23","2025","2027","3","$2,985,000","$995,000","$120,000","$120,000"
"T1513","B.J. Adams","CB","MIA                  MIA","21","2025","2027","3","$2,985,000","$995,000","$170,000","$170,000"
"T1513","Alijah Huzzie","CB","HOU                  HOU","24","2025","2027","3","$2,985,000","$995,000","$20,000","$20,000"
"T1513","Howard Cross","DT","CIN                  CIN","23","2025","2027","3","$2,985,000","$995,000","$20,000","$20,000"
"T1513","Adin Huntington","DT","CLE                  CLE","23","2025","2027","3","$2,985,000","$995,000","$180,000","$180,000"
"T1513","Jackson Meeks","WR","DET                  DET","22","2025","2027","3","$2,985,000","$995,000","$220,000","$220,000"
"T1513","Kobe Hudson","WR","CAR                  CAR","23","2025","2027","3","$2,985,000","$995,000","$254,000","$254,000"
"T1513","Jahdae Walker","WR","CHI                  CHI","22","2025","2027","3","$2,985,000","$995,000","$170,000","$170,000"
"T1513","John Richardson","WR","CHI                  CHI","23","2025","2027","3","$2,985,000","$995,000","$170,000","$170,000"
"T1513","Xavier Carlton","DE","CHI                  CHI","23","2025","2027","3","$2,985,000","$995,000","$70,000","$70,000"
"T1513","Glendon Miller","S","KC                  KC","23","2025","2027","3","$2,985,000","$995,000","$220,000","$220,000"
"T1513","Chandler Martin","LB","BAL                  BAL","22","2025","2027","3","$2,985,000","$995,000","$30,000","$30,000"
"T1513","Esa Pole","T","KC                  KC","23","2025","2027","3","$2,985,000","$995,000","$254,000","$254,000"
"T1513","Jakobie Keeney-James","WR","DET                  DET","24","2025","2027","3","$2,985,000","$995,000","$254,000","$254,000"
"T1513","Justin Barron","WR","DAL                  DAL","23","2025","2027","3","$2,985,000","$995,000","$234,000","$234,000"
"T1513","Mark Redman","TE","LAR                  LAR","23","2025","2027","3","$2,985,000","$995,000","$20,000","$20,000"
"T1513","Joshua Simon","TE","ATL                  ATL","24","2025","2027","3","$2,985,000","$995,000","$254,000","$254,000"
"T1513","Desmond Watson","DT","TB                  TB","22","2025","2027","3","$2,985,000","$995,000","$70,000","$70,000"
"T1513","Ben Yurosek","TE","MIN                  MIN","23","2025","2027","3","$2,985,000","$995,000","$254,000","$254,000"
"T1513","Joshua Gray","G","ATL                  ATL","25","2025","2027","3","$2,985,000","$995,000","$254,000","$254,000"
"T1513","Nick Nash","WR","ATL                  ATL","24","2025","2027","3","$2,985,000","$995,000","$150,000","$150,000"
"T1513","Drew Moss","G","SF                  SF","21","2025","2027","3","$2,985,000","$995,000","$145,000","$145,000"
"T1513","Jakob Robinson","CB","SF                  SF","24","2025","2027","3","$2,985,000","$995,000","$120,000","$120,000"
"T1513","Marcus Yarns","RB","NO                  NO","23","2025","2027","3","$2,985,000","$995,000","$120,000","$120,000"
"T1513","Ben Sauls","K","PIT                  PIT","23","2025","2027","3","$2,985,000","$995,000","$20,000","$20,000"
"T1513","J.J. Galbreath","TE","PIT                  PIT","23","2025","2027","3","$2,985,000","$995,000","$20,000","$20,000"
"T1513","Chaz Chambliss","OLB","MIN                  MIN","22","2025","2027","3","$2,985,000","$995,000","$220,000","$220,000"
"T1513","Garmon Randolph","OLB","LAC                  LAC","24","2025","2027","3","$2,985,000","$995,000","$20,000","$20,000"
"T1513","Brandon Crenshaw-Dickson","T","TEN                  TEN","24","2025","2027","3","$2,985,000","$995,000","$255,000","$255,000"
"T1513","Brandon Johnson","CB","PHI                  PHI","22","2025","2027","3","$2,985,000","$995,000","$170,000","$170,000"
"T1513","Jordan Clark","CB","NYJ                  NYJ","24","2025","2027","3","$2,985,000","$995,000","$170,000","$170,000"
"T1513","Donovan Edwards","RB","NYJ                  NYJ","22","2025","2027","3","$2,985,000","$995,000","$170,000","$170,000"
"T1513","Dean Clark","S","NYJ                  NYJ","23","2025","2027","3","$2,985,000","$995,000","$160,000","$160,000"
"T1513","Trey Wedig","T","LAR                  LAR","23","2025","2027","3","$2,985,000","$995,000","$20,000","$20,000"
"T1513","Danny Striggow","DE","JAX                  JAX","22","2025","2027","3","$2,985,000","$995,000","$254,000","$254,000"
"T1513","Keith Cooper Jr.","DE","DET                  DET","","2025","2027","3","$2,985,000","$995,000","$145,000","$145,000"
"T1513","Jordan Moore","WR","CIN                  CIN","23","2025","2027","3","$2,985,000","$995,000","$20,000","$20,000"
"T1513","Lamareon James","CB","CLE                  CLE","24","2025","2027","3","$2,985,000","$995,000","$195,000","$195,000"
"T1513","Power Echols","LB","CHI                  CHI","22","2025","2027","3","$2,985,000","$995,000","$130,000","$130,000"
"T1513","Jay Higgins","LB","BAL                  BAL","23","2025","2027","3","$2,985,000","$995,000","$30,000","$30,000"
"T1560","Maddux Trujillo","K","IND                  IND","22","2025","2027","3","$2,982,500","$994,167","$67,500","$67,500"
"T1560","Ulysses Bentley","RB","IND                  IND","24","2025","2027","3","$2,982,500","$994,167","$72,500","$72,500"
"T1560","Reid Holskey","G","BAL                  BAL","23","2025","2027","3","$2,982,500","$994,167","$27,500","$27,500"
"T1560","Lance Dixon","LB","PHI                  PHI","23","2025","2027","3","$2,982,500","$994,167","$17,500","$17,500"
"T1560","John Bullock","LB","TB                  TB","24","2025","2027","3","$2,982,500","$994,167","$17,500","$17,500"
"T1565","Eli Pancol","WR","JAX                  JAX","24","2025","2027","3","$2,981,000","$993,667","$250,000","$250,000"
"T1565","Federico Maranges","C","SEA                  SEA","23","2025","2027","3","$2,981,000","$993,667","$250,000","$250,000"
"T1567","Clay Webb","C","DEN                  DEN","25","2025","2027","3","$2,980,000","$993,333","$225,000","$225,000"
"T1567","Caleb Etienne","T","CIN                  CIN","23","2025","2027","3","$2,980,000","$993,333","$15,000","$15,000"
"T1567","Brent Matiscik","LS","CLE                  CLE","25","2025","2027","3","$2,980,000","$993,333","$50,000","$50,000"
"T1567","Luke Elkin","LS","CHI                  CHI","22","2025","2027","3","$2,980,000","$993,333","$40,000","$40,000"
"T1567","Jacob Bayer","C","BUF                  BUF","22","2025","2027","3","$2,980,000","$993,333","$15,000","$15,000"
"T1567","Nate Carter","RB","ATL                  ATL","22","2025","2027","3","$2,980,000","$993,333","$171,000","$171,000"
"T1567","Jalen Kimber","S","TEN                  TEN","24","2025","2027","3","$2,980,000","$993,333","$215,000","$215,000"
"T1567","Cam Horsley","DT","TEN                  TEN","23","2025","2027","3","$2,980,000","$993,333","$190,000","$190,000"
"T1567","Jabbar Muhammad","S","JAX                  JAX","23","2025","2027","3","$2,980,000","$993,333","$190,000","$190,000"
"T1567","Branson Combs","LB","JAX                  JAX","24","2025","2027","3","$2,980,000","$993,333","$115,000","$115,000"
"T1567","Chandler Brayboy","WR","JAX                  JAX","23","2025","2027","3","$2,980,000","$993,333","$115,000","$115,000"
"T1567","Marshall Foerner","T","IND                  IND","24","2025","2027","3","$2,980,000","$993,333","$55,000","$55,000"
"T1567","Karene Reid","LB","DEN                  DEN","25","2025","2027","3","$2,980,000","$993,333","$249,000","$249,000"
"T1567","Keleki Latu","TE","BUF                  BUF","22","2025","2027","3","$2,980,000","$993,333","$35,000","$35,000"
"T1567","Anthony Booker Jr.","DT","LV                  LV","23","2025","2027","3","$2,980,000","$993,333","$115,000","$115,000"
"T1567","Elijah Ponder","LB","NE                  NE","22","2025","2027","3","$2,980,000","$993,333","$115,000","$115,000"
"T1567","Brock Lampe","FB","NE                  NE","22","2025","2027","3","$2,980,000","$993,333","$55,000","$55,000"
"T1567","Jaison Williams","T","NYG                  NYG","24","2025","2027","3","$2,980,000","$993,333","$165,000","$165,000"
"T1567","O’Donnell Fortune","CB","NYG                  NYG","23","2025","2027","3","$2,980,000","$993,333","$165,000","$165,000"
"T1567","Addison West","G","MIA                  MIA","24","2025","2027","3","$2,980,000","$993,333","$65,000","$65,000"
"T1567","Theo Wease Jr.","WR","MIA                  MIA","23","2025","2027","3","$2,980,000","$993,333","$249,000","$249,000"
"T1567","Josh Priebe","G","MIA                  MIA","23","2025","2027","3","$2,980,000","$993,333","$135,000","$135,000"
"T1567","Ethan Robinson","CB","MIA                  MIA","22","2025","2027","3","$2,980,000","$993,333","$190,000","$190,000"
"T1567","K.C. Ossai","LB","HOU                  HOU","22","2025","2027","3","$2,980,000","$993,333","$175,000","$175,000"
"T1567","Daniel Jackson","WR","HOU                  HOU","23","2025","2027","3","$2,980,000","$993,333","$165,000","$165,000"
"T1567","Ja’Markis Weston","LB","NYJ                  NYJ","24","2025","2027","3","$2,980,000","$993,333","$200,000","$200,000"
"T1567","Leander Wiegand","G","NYJ                  NYJ","25","2025","2027","3","$2,980,000","$993,333","$249,000","$249,000"
"T1567","Josh Williams","RB","TB                  TB","24","2025","2027","3","$2,980,000","$993,333","$35,000","$35,000"
"T1567","Rashod Owens","WR","CIN                  CIN","23","2025","2027","3","$2,980,000","$993,333","$15,000","$15,000"
"T1567","Seth McLaughlin","C","CIN                  CIN","23","2025","2027","3","$2,980,000","$993,333","$15,000","$15,000"
"T1567","Justin Osborne","C","CLE                  CLE","24","2025","2027","3","$2,980,000","$993,333","$50,000","$50,000"
"T1567","Zach Horton","TE","DET                  DET","22","2025","2027","3","$2,980,000","$993,333","$100,000","$100,000"
"T1567","Bam Martin-Scott","LB","CAR                  CAR","24","2025","2027","3","$2,980,000","$993,333","$300,000","$300,000"
"T1567","Jack Henderson","S","CAR                  CAR","23","2025","2027","3","$2,980,000","$993,333","$300,000","$300,000"
"T1567","Jared Harrison-Hunte","DE","CAR                  CAR","24","2025","2027","3","$2,980,000","$993,333","$300,000","$300,000"
"T1567","Ryan Fitzgerald","K","CAR                  CAR","24","2025","2027","3","$2,980,000","$993,333","$145,000","$145,000"
"T1567","Tysheem Johnson","S","CHI                  CHI","22","2025","2027","3","$2,980,000","$993,333","$105,000","$105,000"
"T1567","Tre Watson","TE","KC                  KC","22","2025","2027","3","$2,980,000","$993,333","$249,000","$249,000"
"T1567","Melvin Smith Jr.","CB","KC                  KC","23","2025","2027","3","$2,980,000","$993,333","$249,000","$249,000"
"T1567","Brandon George","LB","KC                  KC","24","2025","2027","3","$2,980,000","$993,333","$249,000","$249,000"
"T1567","Ben Scott","C","TB                  TB","24","2025","2027","3","$2,980,000","$993,333","$265,000","$265,000"
"T1567","Jermaine Terry","TE","NYG                  NYG","21","2025","2027","3","$2,980,000","$993,333","$65,000","$65,000"
"T1567","Isas Waxter","CB","SEA                  SEA","23","2025","2027","3","$2,980,000","$993,333","$115,000","$115,000"
"T1567","Jared Ivey","DE","SEA                  SEA","23","2025","2027","3","$2,980,000","$993,333","$95,000","$95,000"
"T1567","Tyrone Broden","WR","SEA                  SEA","24","2025","2027","3","$2,980,000","$993,333","$95,000","$95,000"
"T1567","Nazir Stackhouse","DT","GB                  GB","23","2025","2027","3","$2,980,000","$993,333","$165,000","$165,000"
"T1567","Jamon Johnson","LB","GB                  GB","24","2025","2027","3","$2,980,000","$993,333","$115,000","$115,000"
"T1567","Amar Johnson","RB","GB                  GB","22","2025","2027","3","$2,980,000","$993,333","$15,000","$15,000"
"T1567","Tyler Cooper","G","GB                  GB","24","2025","2027","3","$2,980,000","$993,333","$115,000","$115,000"
"T1567","Mike Smith Jr.","CB","DAL                  DAL","23","2025","2027","3","$2,980,000","$993,333","$175,000","$175,000"
"T1567","Rivaldo Fairweather","TE","DAL                  DAL","22","2025","2027","3","$2,980,000","$993,333","$150,000","$150,000"
"T1567","Nate Valcarcel","S","LAR                  LAR","22","2025","2027","3","$2,980,000","$993,333","$15,000","$15,000"
"T1567","Nick Kubitz","LB","ATL                  ATL","24","2025","2027","3","$2,980,000","$993,333","$15,000","$15,000"
"T1567","Clarence Lewis","CB","TEN                  TEN","24","2025","2027","3","$2,980,000","$993,333","$70,000","$70,000"
"T1567","Darius Cooper","WR","PHI                  PHI","23","2025","2027","3","$2,980,000","$993,333","$90,000","$90,000"
"T1567","Jalen White","RB","GB                  GB","22","2025","2027","3","$2,980,000","$993,333","$15,000","$15,000"
"T1567","Johnathan Baldwin","S","GB                  GB","22","2025","2027","3","$2,980,000","$993,333","$115,000","$115,000"
"T1567","Stephen Gosnell","WR","BUF                  BUF","23","2025","2027","3","$2,980,000","$993,333","$40,000","$40,000"
"T1567","Sebastian Valdez","DT","SF                  SF","22","2025","2027","3","$2,980,000","$993,333","$185,000","$185,000"
"T1567","Omari Thomas","DE","NO                  NO","23","2025","2027","3","$2,980,000","$993,333","$75,000","$75,000"
"T1567","Dalys Beanum","CB","NO                  NO","22","2025","2027","3","$2,980,000","$993,333","$25,000","$25,000"
"T1567","Zemaiah Vaughn","CB","MIN                  MIN","23","2025","2027","3","$2,980,000","$993,333","$249,000","$249,000"
"T1567","Austin Keys","LB","MIN                  MIN","23","2025","2027","3","$2,980,000","$993,333","$249,000","$249,000"
"T1567","Silas Bolden","WR","MIN                  MIN","23","2025","2027","3","$2,980,000","$993,333","$205,000","$205,000"
"T1567","Savion Washington","T","LAC                  LAC","","2025","2027","3","$2,980,000","$993,333","$15,000","$15,000"
"T1567","Corey Stewart","T","LAC                  LAC","22","2025","2027","3","$2,980,000","$993,333","$15,000","$15,000"
"T1567","Nash Jones","G","LAC                  LAC","23","2025","2027","3","$2,980,000","$993,333","$15,000","$15,000"
"T1567","Ricky Barber","DT","WAS                  WAS","23","2025","2027","3","$2,980,000","$993,333","$45,000","$45,000"
"T1567","Makari Paige","CB","NYG                  NYG","23","2025","2027","3","$2,980,000","$993,333","$165,000","$165,000"
"T1567","Jalin Conyers","TE","MIA                  MIA","23","2025","2027","3","$2,980,000","$993,333","$115,000","$115,000"
"T1567","Jah Joyner","DE","LV                  LV","23","2025","2027","3","$2,980,000","$993,333","$150,000","$150,000"
"T1567","Nikko Reed","CB","LAC                  LAC","22","2025","2027","3","$2,980,000","$993,333","$40,000","$40,000"
"T1567","Doneiko Slaughter","S","JAX                  JAX","23","2025","2027","3","$2,980,000","$993,333","$125,000","$125,000"
"1640","ShunDerrick Powell","RB","PHI                  PHI","22","2025","2027","3","$2,978,500","$992,833","$76,500","$76,500"
"T1641","Blayne Taylor","WR","IND                  IND","23","2025","2027","3","$2,977,500","$992,500","$62,500","$62,500"
"T1641","Warren Peeples","DE","TB                  TB","23","2025","2027","3","$2,977,500","$992,500","$12,500","$12,500"
"T1643","John Humphrey","CB","LV                  LV","22","2025","2027","3","$2,977,000","$992,333","$97,000","$97,000"
"T1643","Stone Blanton","LB","SF                  SF","22","2025","2027","3","$2,977,000","$992,333","$92,000","$92,000"
"1645","Payton Page","DT","NYJ                  NYJ","22","2025","2027","3","$2,976,500","$992,167","$201,500","$201,500"
"T1646","Desmond Little","DE","IND                  IND","20","2025","2027","3","$2,975,000","$991,667","$10,000","$10,000"
"T1646","Mason Miller","T","DET                  DET","23","2025","2027","3","$2,975,000","$991,667","$30,000","$30,000"
"T1646","Zion Childress","S","DAL                  DAL","23","2025","2027","3","$2,975,000","$991,667","$135,000","$135,000"
"T1646","Tyler Neville","TE","DAL                  DAL","24","2025","2027","3","$2,975,000","$991,667","$100,000","$100,000"
"T1646","JB Brown","LB","DEN                  DEN","23","2025","2027","3","$2,975,000","$991,667","$160,000","$160,000"
"T1646","Jatravis Broughton","CB","CAR                  CAR","24","2025","2027","3","$2,975,000","$991,667","$40,000","$40,000"
"T1646","Corey Thornton","CB","CAR                  CAR","24","2025","2027","3","$2,975,000","$991,667","$150,000","$150,000"
"T1646","Michael Tarquin","T","CAR                  CAR","","2025","2027","3","$2,975,000","$991,667","$150,000","$150,000"
"T1646","Trevian Thomas","S","CAR                  CAR","23","2025","2027","3","$2,975,000","$991,667","$85,000","$85,000"
"T1646","William Wagner","LS","CIN                  CIN","24","2025","2027","3","$2,975,000","$991,667","$10,000","$10,000"
"T1646","Payton Thorne","QB","CIN                  CIN","23","2025","2027","3","$2,975,000","$991,667","$10,000","$10,000"
"T1646","Gage Larvadain","WR","CLE                  CLE","22","2025","2027","3","$2,975,000","$991,667","$55,000","$55,000"
"T1646","Dom Jones","CB","CLE                  CLE","24","2025","2027","3","$2,975,000","$991,667","$50,000","$50,000"
"T1646","Major Burns","S","CHI                  CHI","23","2025","2027","3","$2,975,000","$991,667","$10,000","$10,000"
"T1646","Dontae Manning","CB","ATL                  ATL","23","2025","2027","3","$2,975,000","$991,667","$110,000","$110,000"
"T1646","Oscar Cardenas","TE","ARI                  ARI","23","2025","2027","3","$2,975,000","$991,667","$60,000","$60,000"
"T1646","Desmond Evans","DE","TEN                  TEN","22","2025","2027","3","$2,975,000","$991,667","$40,000","$40,000"
"T1646","Sal Wormley","G","JAX                  JAX","23","2025","2027","3","$2,975,000","$991,667","$110,000","$110,000"
"T1646","John Copenhaver","TE","JAX                  JAX","23","2025","2027","3","$2,975,000","$991,667","$110,000","$110,000"
"T1646","Ladarius Tennison","S","IND                  IND","24","2025","2027","3","$2,975,000","$991,667","$10,000","$10,000"
"T1646","Kristian Williams","DT","DEN                  DEN","24","2025","2027","3","$2,975,000","$991,667","$50,000","$50,000"
"T1646","Jarrod Hufford","C","LV                  LV","24","2025","2027","3","$2,975,000","$991,667","$110,000","$110,000"
"T1646","Jahvaree Ritzie","DT","NE                  NE","22","2025","2027","3","$2,975,000","$991,667","$210,000","$210,000"
"T1646","Jack Conley","G","NE                  NE","23","2025","2027","3","$2,975,000","$991,667","$110,000","$110,000"
"T1646","Trace Ford","LB","NYG                  NYG","24","2025","2027","3","$2,975,000","$991,667","$10,000","$10,000"
"T1646","Alex Huntley","DT","MIA                  MIA","23","2025","2027","3","$2,975,000","$991,667","$60,000","$60,000"
"T1646","Eugene Asante","LB","MIA                  MIA","24","2025","2027","3","$2,975,000","$991,667","$140,000","$140,000"
"T1646","Austin Brinkman","LS","HOU                  HOU","22","2025","2027","3","$2,975,000","$991,667","$110,000","$110,000"
"T1646","Gus Hartwig","C","NYJ                  NYJ","23","2025","2027","3","$2,975,000","$991,667","$190,000","$190,000"
"T1646","Bralyn Lux","CB","CIN                  CIN","24","2025","2027","3","$2,975,000","$991,667","$10,000","$10,000"
"T1646","Donovan McMillon","S","CLE                  CLE","22","2025","2027","3","$2,975,000","$991,667","$210,000","$210,000"
"T1646","Easton Mascarenas-Arnold","LB","CLE                  CLE","22","2025","2027","3","$2,975,000","$991,667","$110,000","$110,000"
"T1646","Michael Reid","CB","CAR                  CAR","22","2025","2027","3","$2,975,000","$991,667","$160,000","$160,000"
"T1646","Bryce Pierre","TE","CAR                  CAR","24","2025","2027","3","$2,975,000","$991,667","$10,000","$10,000"
"T1646","Kay'ron Lynch-Adams","RB","CAR                  CAR","24","2025","2027","3","$2,975,000","$991,667","$10,000","$10,000"
"T1646","Luke Kandra","T","CAR                  CAR","23","2025","2027","3","$2,975,000","$991,667","$60,000","$60,000"
"T1646","Isaac Gifford","S","CAR                  CAR","24","2025","2027","3","$2,975,000","$991,667","$244,000","$244,000"
"T1646","Jacoby Jones","WR","WAS                  WAS","23","2025","2027","3","$2,975,000","$991,667","$50,000","$50,000"
"T1646","Ja’Corey Brooks","WR","WAS                  WAS","23","2025","2027","3","$2,975,000","$991,667","$244,000","$244,000"
"T1646","Mac Dalena","WR","KC                  KC","23","2025","2027","3","$2,975,000","$991,667","$210,000","$210,000"
"T1646","Ale Kaho","LB","WAS                  WAS","25","2025","2027","3","$2,975,000","$991,667","$75,000","$75,000"
"T1646","Ethan Downs","DE","JAX                  JAX","22","2025","2027","3","$2,975,000","$991,667","$100,000","$100,000"
"T1646","Ian Kennelly","S","DET                  DET","24","2025","2027","3","$2,975,000","$991,667","$40,000","$40,000"
"T1646","Joshua Pickett","CB","DEN                  DEN","22","2025","2027","3","$2,975,000","$991,667","$40,000","$40,000"
"T1646","J.J. Lippe","G","GB                  GB","23","2025","2027","3","$2,975,000","$991,667","$10,000","$10,000"
"T1646","Anthony Torres","TE","LAR                  LAR","25","2025","2027","3","$2,975,000","$991,667","$10,000","$10,000"
"T1646","Josh Pearcy","LB","LAR                  LAR","23","2025","2027","3","$2,975,000","$991,667","$10,000","$10,000"
"T1646","Malik Dixon-Williams","S","LAR                  LAR","24","2025","2027","3","$2,975,000","$991,667","$10,000","$10,000"
"T1646","Malik Verdon","LB","ATL                  ATL","22","2025","2027","3","$2,975,000","$991,667","$244,000","$244,000"
"T1646","Jordan Williams","T","ATL                  ATL","23","2025","2027","3","$2,975,000","$991,667","$160,000","$160,000"
"T1646","Kam Arnold","LB","WAS                  WAS","23","2025","2027","3","$2,975,000","$991,667","$65,000","$65,000"
"T1646","Davion Ross","CB","TEN                  TEN","24","2025","2027","3","$2,975,000","$991,667","$70,000","$70,000"
"T1646","Cam Riley","LB","NE                  NE","23","2025","2027","3","$2,975,000","$991,667","$60,000","$60,000"
"T1646","Patrick Herbert","TE","JAX                  JAX","24","2025","2027","3","$2,975,000","$991,667","$110,000","$110,000"
"T1646","Julian Fleming","WR","GB                  GB","24","2025","2027","3","$2,975,000","$991,667","$40,000","$40,000"
"T1646","Jaden Robinson","CB","DEN                  DEN","24","2025","2027","3","$2,975,000","$991,667","$70,000","$70,000"
"T1646","Easton Kilty","T","NO                  NO","22","2025","2027","3","$2,975,000","$991,667","$240,000","$240,000"
"T1646","Moochie Dixon","WR","NO                  NO","23","2025","2027","3","$2,975,000","$991,667","$60,000","$60,000"
"T1646","Ke’Shawn Williams","WR","PIT                  PIT","23","2025","2027","3","$2,975,000","$991,667","$10,000","$10,000"
"T1646","Zeke Correll","C","MIN                  MIN","24","2025","2027","3","$2,975,000","$991,667","$65,000","$65,000"
"T1646","Logan Brown","T","MIN                  MIN","24","2025","2027","3","$2,975,000","$991,667","$244,000","$244,000"
"T1646","Jordan Oladokun","CB","LAC                  LAC","22","2025","2027","3","$2,975,000","$991,667","$10,000","$10,000"
"T1646","Josh Fuga","DT","LAC                  LAC","24","2025","2027","3","$2,975,000","$991,667","$10,000","$10,000"
"T1646","TeRah Edwards","DT","LAC                  LAC","23","2025","2027","3","$2,975,000","$991,667","$10,000","$10,000"
"T1646","Jermari Harris","CB","TEN                  TEN","24","2025","2027","3","$2,975,000","$991,667","$244,000","$244,000"
"T1646","Isaiah Raikes","DT","TEN                  TEN","23","2025","2027","3","$2,975,000","$991,667","$85,000","$85,000"
"T1646","Connor Bazelak","QB","TB                  TB","24","2025","2027","3","$2,975,000","$991,667","$10,000","$10,000"
"T1646","Jake Majors","C","TB                  TB","23","2025","2027","3","$2,975,000","$991,667","$260,000","$260,000"
"T1646","Quentin Skinner","WR","NYJ                  NYJ","23","2025","2027","3","$2,975,000","$991,667","$185,000","$185,000"
"T1646","James Burnip","P","NO                  NO","24","2025","2027","3","$2,975,000","$991,667","$35,000","$35,000"
"T1646","Tyreem Powell","LB","NO                  NO","23","2025","2027","3","$2,975,000","$991,667","$30,000","$30,000"
"T1646","Jasheen Davis","DE","NO                  NO","23","2025","2027","3","$2,975,000","$991,667","$30,000","$30,000"
"T1646","Jordan Polk","S","NE                  NE","24","2025","2027","3","$2,975,000","$991,667","$45,000","$45,000"
"T1646","Dontae Fleming","WR","MIN                  MIN","23","2025","2027","3","$2,975,000","$991,667","$135,000","$135,000"
"T1646","Tre Stewart","RB","MIN                  MIN","22","2025","2027","3","$2,975,000","$991,667","$160,000","$160,000"
"T1646","Max Brosmer","QB","MIN                  MIN","24","2025","2027","3","$2,975,000","$991,667","$246,000","$246,000"
"T1646","Joe Huber","G","MIN                  MIN","22","2025","2027","3","$2,975,000","$991,667","$210,000","$210,000"
"T1646","AJ Henning","WR","MIA                  MIA","23","2025","2027","3","$2,975,000","$991,667","$135,000","$135,000"
"T1646","Matt Jones","LB","LV                  LV","24","2025","2027","3","$2,975,000","$991,667","$10,000","$10,000"
"T1646","Myles Purchase","CB","LAC                  LAC","22","2025","2027","3","$2,975,000","$991,667","$10,000","$10,000"
"T1646","Solomon Deshields","LB","IND                  IND","23","2025","2027","3","$2,975,000","$991,667","$25,000","$25,000"
"T1727","Coleman Owen","WR","IND                  IND","24","2025","2027","3","$2,973,000","$991,000","$8,000","$8,000"
"T1727","Da’Jon Terry","DT","LAR                  LAR","24","2025","2027","3","$2,973,000","$991,000","$8,000","$8,000"
"T1727","Mario Williams","WR","LAR                  LAR","22","2025","2027","3","$2,973,000","$991,000","$8,000","$8,000"
"T1730","Joe Michalski","C","DEN                  DEN","24","2025","2027","3","$2,972,500","$990,833","$47,500","$47,500"
"T1730","Keivie Rose","DT","JAX                  JAX","24","2025","2027","3","$2,972,500","$990,833","$107,500","$107,500"
"T1730","Garrett Greene","WR","TB                  TB","23","2025","2027","3","$2,972,500","$990,833","$7,500","$7,500"
"T1730","Jacolby George","WR","CAR                  CAR","22","2025","2027","3","$2,972,500","$990,833","$257,500","$257,500"
"T1730","Keondre Jackson","S","BAL                  BAL","23","2025","2027","3","$2,972,500","$990,833","$7,500","$7,500"
"T1730","Jamaal Pritchett","WR","NYJ                  NYJ","21","2025","2027","3","$2,972,500","$990,833","$107,500","$107,500"
"T1730","Josh Kelly","WR","DAL                  DAL","23","2025","2027","3","$2,972,500","$990,833","$67,500","$67,500"
"T1730","Keenan Garber","CB","MIN                  MIN","24","2025","2027","3","$2,972,500","$990,833","$107,500","$107,500"
"T1730","Jacardia Wright","RB","SEA                  SEA","24","2025","2027","3","$2,972,500","$990,833","$7,500","$7,500"
"T1730","Fatorma Mulbah","DT","NYJ                  NYJ","22","2025","2027","3","$2,972,500","$990,833","$100,000","$100,000"
"T1740","Trey Washington","S","IND                  IND","22","2025","2027","3","$2,972,000","$990,667","$7,000","$7,000"
"T1740","Jahmal Banks","WR","BAL                  BAL","23","2025","2027","3","$2,972,000","$990,667","$7,000","$7,000"
"T1740","Jordan Waters","RB","LAR                  LAR","24","2025","2027","3","$2,972,000","$990,667","$7,000","$7,000"
"1743","J.R. Singleton","DT","SEA                  SEA","23","2025","2027","3","$2,971,500","$990,500","$6,500","$6,500"
"T1744","Ben Wooldridge","QB","NE                  NE","25","2025","2027","3","$2,971,000","$990,333","$15,000","$15,000"
"T1744","Ben Dooley","G","LAR                  LAR","24","2025","2027","3","$2,971,000","$990,333","$6,000","$6,000"
"T1744","Wyatt Bowles","G","LAR                  LAR","25","2025","2027","3","$2,971,000","$990,333","$6,000","$6,000"
"T1744","Quincy Skinner Jr.","WR","ATL                  ATL","22","2025","2027","3","$2,971,000","$990,333","$181,000","$181,000"
"T1748","Landon Parker","WR","IND                  IND","25","2025","2027","3","$2,970,000","$990,000","$5,000","$5,000"
"T1748","Kye Robichaux","RB","DET                  DET","22","2025","2027","3","$2,970,000","$990,000","$50,000","$50,000"
"T1748","Courtney Jackson","WR","DEN                  DEN","24","2025","2027","3","$2,970,000","$990,000","$50,000","$50,000"
"T1748","Jayson Jones","DT","BAL                  BAL","23","2025","2027","3","$2,970,000","$990,000","$5,000","$5,000"
"T1748","Darius Lassiter","WR","JAX                  JAX","24","2025","2027","3","$2,970,000","$990,000","$5,000","$5,000"
"T1748","Cam Camper","WR","JAX                  JAX","23","2025","2027","3","$2,970,000","$990,000","$45,000","$45,000"
"T1748","Max Mang","TE","IND                  IND","25","2025","2027","3","$2,970,000","$990,000","$5,000","$5,000"
"T1748","Joaquin Davis","WR","DEN                  DEN","22","2025","2027","3","$2,970,000","$990,000","$15,000","$15,000"
"T1748","Marques Cox","T","DEN                  DEN","25","2025","2027","3","$2,970,000","$990,000","$10,000","$10,000"
"T1748","Hudson Clark","S","LV                  LV","24","2025","2027","3","$2,970,000","$990,000","$25,000","$25,000"
"T1748","Brady Cook","QB","NYJ                  NYJ","23","2025","2027","3","$2,970,000","$990,000","$30,000","$30,000"
"T1748","Jason Ivey","T","CLE                  CLE","23","2025","2027","3","$2,970,000","$990,000","$5,000","$5,000"
"T1748","Marquise Robinson","CB","BAL                  BAL","22","2025","2027","3","$2,970,000","$990,000","$5,000","$5,000"
"T1748","Xavier Guillory","WR","BAL                  BAL","23","2025","2027","3","$2,970,000","$990,000","$5,000","$5,000"
"T1748","Dartanyan Tinsley","G","CLE                  CLE","24","2025","2027","3","$2,970,000","$990,000","$20,000","$20,000"
"T1748","Taylor Morin","WR","PHI                  PHI","24","2025","2027","3","$2,970,000","$990,000","$12,500","$12,500"
"T1748","Bruce Harmon","S","DAL                  DAL","24","2025","2027","3","$2,970,000","$990,000","$40,000","$40,000"
"T1748","Mapalo Mwansa","DE","CAR                  CAR","21","2025","2027","3","$2,970,000","$990,000","$45,000","$45,000"
"T1748","Tru Edwards","WR","LAR                  LAR","23","2025","2027","3","$2,970,000","$990,000","$5,000","$5,000"
"T1748","Alex Williams","DE","MIN                  MIN","","2025","2027","3","$2,970,000","$990,000","$100,000","$100,000"
"T1748","Bryson Nesbit","TE","MIN                  MIN","22","2025","2027","3","$2,970,000","$990,000","$80,000","$80,000"
"T1748","Dorian Mausi","LB","MIN                  MIN","22","2025","2027","3","$2,970,000","$990,000","$50,000","$50,000"
"T1748","Raheim Sanders","RB","LAC                  LAC","22","2025","2027","3","$2,970,000","$990,000","$5,000","$5,000"
"T1748","Jaylen Jones","S","LAC                  LAC","22","2025","2027","3","$2,970,000","$990,000","$5,000","$5,000"
"T1748","Kylan Guidry","OLB","LAC                  LAC","23","2025","2027","3","$2,970,000","$990,000","$5,000","$5,000"
"T1748","Philip Blidi","DT","TEN                  TEN","22","2025","2027","3","$2,970,000","$990,000","$90,000","$90,000"
"T1748","Marshall Lang","TE","SEA                  SEA","23","2025","2027","3","$2,970,000","$990,000","$5,000","$5,000"
"T1748","Jordan Bly","WR","NYG                  NYG","22","2025","2027","3","$2,970,000","$990,000","$5,000","$5,000"
"T1748","Mishael Powell","S","MIN                  MIN","23","2025","2027","3","$2,970,000","$990,000","$55,000","$55,000"
"T1748","Greedy Vance Jr.","CB","LV                  LV","23","2025","2027","3","$2,970,000","$990,000","$65,000","$65,000"
"T1748","Stevo Klotz","TE","LAC                  LAC","23","2025","2027","3","$2,970,000","$990,000","$5,000","$5,000"
"T1748","Luke Grimm","WR","LAC                  LAC","23","2025","2027","3","$2,970,000","$990,000","$5,000","$5,000"
"T1748","Jamil Muhammad","DE","LAR                  LAR","24","2025","2027","3","$2,970,000","$990,000","$5,000","$5,000"
"1781","Brennan Presley","WR","LAR                  LAR","23","2025","2027","3","$2,969,000","$989,667","$4,000","$4,000"
"T1782","Devonta Davis","DT","IND                  IND","24","2025","2027","3","$2,968,000","$989,333","$3,000","$3,000"
"T1782","Jamoi Mayes","WR","CIN                  CIN","22","2025","2027","3","$2,968,000","$989,333","$3,000","$3,000"
"T1782","Taylor Elgersma","QB","GB                  GB","23","2025","2027","3","$2,968,000","$989,333","$3,000","$3,000"
"T1782","Ja'Quinden Jackson","RB","JAX                  JAX","23","2025","2027","3","$2,968,000","$989,333","$63,000","$63,000"
"T1782","Roman Parodie","CB","TB                  TB","23","2025","2027","3","$2,968,000","$989,333","$3,000","$3,000"
"T1782","Elijah Young","RB","KC                  KC","22","2025","2027","3","$2,968,000","$989,333","$28,000","$28,000"
"T1782","Traeshon Holden","WR","DAL                  DAL","23","2025","2027","3","$2,968,000","$989,333","$3,000","$3,000"
"T1782","Bill Norton","DT","LAR                  LAR","24","2025","2027","3","$2,968,000","$989,333","$3,000","$3,000"
"T1782","Marlowe Wax","LB","LAC                  LAC","22","2025","2027","3","$2,968,000","$989,333","$3,000","$3,000"
"T1782","Josh Kaltenberger","C","LAC                  LAC","23","2025","2027","3","$2,968,000","$989,333","$3,000","$3,000"
"T1782","DJ Uiagalelei","QB","LAC                  LAC","24","2025","2027","3","$2,968,000","$989,333","$3,000","$3,000"
"T1793","Dorian Singer","WR","JAX                  JAX","22","2025","2027","3","$2,967,500","$989,167","$2,500","$2,500"
"T1793","Eli Mostaert","DT","JAX                  JAX","24","2025","2027","3","$2,967,500","$989,167","$2,500","$2,500"
"T1793","B.J. Green","DE","JAX                  JAX","22","2025","2027","3","$2,967,500","$989,167","$82,500","$82,500"
"T1793","James Carpenter","DT","JAX                  JAX","23","2025","2027","3","$2,967,500","$989,167","$27,500","$27,500"
"T1793","Aaron Smith","LB","NYJ                  NYJ","22","2025","2027","3","$2,967,500","$989,167","$75,000","$75,000"
"T1793","Jared Penning","G","BAL                  BAL","24","2025","2027","3","$2,967,500","$989,167","$2,500","$2,500"
"T1793","Steven Losoya","G","CAR                  CAR","23","2025","2027","3","$2,967,500","$989,167","$2,500","$2,500"
"T1793","Oscar Chapman","P","MIN                  MIN","26","2025","2027","3","$2,967,500","$989,167","$72,500","$72,500"
"T1801","Gareth Warren","T","PIT                  PIT","21","2025","2027","3","$2,967,000","$989,000","$2,000","$2,000"
"T1801","Max Hurleman","S","PIT                  PIT","23","2025","2027","3","$2,967,000","$989,000","$2,000","$2,000"
"T1801","Dalevon Campbell","WR","LAC                  LAC","23","2025","2027","3","$2,967,000","$989,000","$2,000","$2,000"
"T1801","Tyler Kahmann","WR","IND                  IND","24","2025","2027","3","$2,967,000","$989,000","$2,000","$2,000"
"T1801","Jeremiah Webb","WR","NE                  NE","23","2025","2027","3","$2,967,000","$989,000","$2,000","$2,000"
"T1806","Nash Hutmacher","DT","TB                  TB","23","2025","2027","3","$2,966,572","$988,857","$1,572","$1,572"
"T1806","Shilo Sanders","S","TB                  TB","25","2025","2027","3","$2,966,572","$988,857","$1,572","$1,572"
"T1808","Cam'Ron Silmon-Craig","S","JAX                  JAX","22","2025","2027","3","$2,966,500","$988,833","$1,500","$1,500"
"T1808","Wy'Kevious Thomas","DT","SEA                  SEA","24","2025","2027","3","$2,966,500","$988,833","$1,500","$1,500"
"T1808","Amari Kight","T","SEA                  SEA","24","2025","2027","3","$2,966,500","$988,833","$1,500","$1,500"
"T1808","Jalan Gaines","OLB","SEA                  SEA","","2025","2027","3","$2,966,500","$988,833","$1,500","$1,500"
"T1812","Desmond Igbinosun","CB","BAL                  BAL","22","2025","2027","3","$2,966,000","$988,667","$1,000","$1,000"
"T1812","T.J. Moore","S","NYG                  NYG","23","2025","2027","3","$2,966,000","$988,667","$1,000","$1,000"
"T1812","Brandon Crossley","CB","NE                  NE","24","2025","2027","3","$2,966,000","$988,667","$1,000","$1,000"
"T1812","Quali Conley","RB","CIN                  CIN","22","2025","2027","3","$2,966,000","$988,667","$1,000","$1,000"
"T1812","Brant Banks","G","GB                  GB","25","2025","2027","3","$2,966,000","$988,667","$1,000","$1,000"
"T1817","JayVian Farr","S","TB                  TB","","2025","2027","3","$2,965,000","$988,333","",""
"T1817","Alphonzo Tuputala","LB","SEA                  SEA","","2025","2027","3","$2,965,000","$988,333","",""
"T1817","Roderick Daniels","WR","NO                  NO","","2025","2027","3","$2,965,000","$988,333","",""
"T1817","Shane Watts","RB","NE                  NE","","2025","2027","3","$2,965,000","$988,333","",""
"T1817","Nate Matlack","DE","KC                  KC","","2025","2027","3","$2,965,000","$988,333","",""
"T1817","Gunnar Oakes","TE","DET                  DET","","2025","2027","3","$2,965,000","$988,333","",""
"T1817","Nay'Quan Wright","RB","IND                  IND","","2025","2027","3","$2,965,000","$988,333","",""
"T1817","Thomas Gordon","TE","CHI                  CHI","","2025","2027","3","$2,965,000","$988,333","",""
"T1817","D.J. Miller","S","DET                  DET","","2025","2027","3","$2,965,000","$988,333","",""
"T1817","Ajani Carter","CB","KC                  KC","","2025","2027","3","$2,965,000","$988,333","",""
"T1817","Jaden Smith","WR","TB                  TB","","2025","2027","3","$2,965,000","$988,333","",""
"T1817","Jonathan Mendoza","T","NO                  NO","","2025","2027","3","$2,965,000","$988,333","",""
"T1817","Lawrance Toafili","RB","NYJ                  NYJ","","2025","2027","3","$2,965,000","$988,333","",""
"T1817","R.J. Moten","S","NE                  NE","","2025","2027","3","$2,965,000","$988,333","",""
"T1817","Toa Taua","RB","CLE                  CLE","25","2025","2027","3","$2,965,000","$988,333","",""
"T1817","Mark McNamee","K","GB                  GB","","2025","2027","3","$2,965,000","$988,333","",""
"T1817","Will Sheppard","WR","GB                  GB","","2025","2027","3","$2,965,000","$988,333","",""
"T1817","Kyon Byars","DT","ARI                  ARI","","2025","2027","3","$2,965,000","$988,333","",""
"T1817","Tyson Russell","CB","DET                  DET","","2025","2027","3","$2,965,000","$988,333","",""
"T1817","Ryan Nelson","T","LAC                  LAC","","2025","2027","3","$2,965,000","$988,333","",""
"T1817","Luke Felix-Fualalo","T","SEA                  SEA","","2025","2027","3","$2,965,000","$988,333","",""
"T1817","Vershon Lee","G","MIN                  MIN","","2025","2027","3","$2,965,000","$988,333","",""
"T1817","Decarius Hawthorne","DT","LAR                  LAR","","2025","2027","3","$2,965,000","$988,333","",""
"T1817","Anthony Campbell","DT","SEA                  SEA","","2025","2027","3","$2,965,000","$988,333","",""
"T1817","Patrick Jenkins","DE","ARI                  ARI","","2025","2027","3","$2,965,000","$988,333","",""
"T1817","Michael Fletcher","DE","NYJ                  NYJ","24","2025","2027","3","$2,965,000","$988,333","",""
"T1817","Michael Gonzalez","G","MIN                  MIN","21","2025","2027","3","$2,965,000","$988,333","",""
"T1817","Derrick Canteen","S","SF                  SF","24","2025","2027","3","$2,965,000","$988,333","",""
"T1817","Kaimon Rucker","DE","BAL                  BAL","23","2025","2027","3","$2,965,000","$988,333","",""
"T1817","T.J. Sheffield","WR","TEN                  TEN","24","2025","2027","3","$2,965,000","$988,333","",""
"T1817","Drake Dabney","TE","TEN                  TEN","22","2025","2027","3","$2,965,000","$988,333","",""
"T1817","Dvon J-Thomas","DT","TB                  TB","","2025","2027","3","$2,965,000","$988,333","",""
"T1817","D'Eryk Jackson","LB","SEA                  SEA","23","2025","2027","3","$2,965,000","$988,333","",""
"T1817","Elijah Williams","DE","MIN                  MIN","22","2025","2027","3","$2,965,000","$988,333","",""
"T1817","Ketron Jackson","WR","LV                  LV","22","2025","2027","3","$2,965,000","$988,333","",""
"T1817","Jahfari Harvey","DE","LV                  LV","24","2025","2027","3","$2,965,000","$988,333","",""
"T1817","Mose Vavao","C","IND                  IND","24","2025","2027","3","$2,965,000","$988,333","",""
"T1817","Kyrese Rowan","WR","DEN                  DEN","24","2025","2027","3","$2,965,000","$988,333","",""
"T1817","Jordan Turner","LB","DEN                  DEN","23","2025","2027","3","$2,965,000","$988,333","",""
"T1817","Cade McDonald","WR","CLE                  CLE","","2025","2027","3","$2,965,000","$988,333","",""
"T1817","Kisean Johnson","WR","CLE                  CLE","23","2025","2027","3","$2,965,000","$988,333","",""
"T1817","Jeremiah Walker","S","CHI                  CHI","23","2025","2027","3","$2,965,000","$988,333","",""
"T1817","Lucas Scott","T","BAL                  BAL","21","2025","2027","3","$2,965,000","$988,333","",""
"T1817","Keyon Martin","S","BAL                  BAL","20","2025","2027","3","$2,965,000","$988,333","",""
"T1817","Mehki Butler","G","NE                  NE","24","2025","2027","3","$2,965,000","$988,333","",""
"T1817","Nick Jackson","LB","TB                  TB","24","2025","2027","3","$2,965,000","$988,333","",""
"T1817","Jerjuan Newton","WR","DEN                  DEN","23","2025","2027","3","$2,965,000","$988,333","$10,000","$10,000"
"T1817","Dalen Cambre","WR","NYG                  NYG","24","2025","2027","3","$2,965,000","$988,333","",""
"T1817","Dymere Miller","WR","NYJ                  NYJ","23","2025","2027","3","$2,965,000","$988,333","$75,000","$75,000"
"T1817","Ahmani Marshall","RB","CLE                  CLE","23","2025","2027","3","$2,965,000","$988,333","",""
"T1817","Deion Hankins","RB","CHI                  CHI","24","2025","2027","3","$2,965,000","$988,333","",""
"T1817","Jackson Woodard","LB","HOU                  HOU","22","2025","2027","3","$2,965,000","$988,333","",""
"T1817","Major Williams","S","KC                  KC","23","2025","2027","3","$2,965,000","$988,333","",""
"T1817","Cooper McDonald","LB","KC                  KC","23","2025","2027","3","$2,965,000","$988,333","",""
"T1817","Jimmy Holiday","WR","KC                  KC","23","2025","2027","3","$2,965,000","$988,333","",""
"T1817","Jacobe Covington","S","KC                  KC","23","2025","2027","3","$2,965,000","$988,333","$50,000","$50,000"
"T1817","Giles Jackson","WR","PHI                  PHI","23","2025","2027","3","$2,965,000","$988,333","",""
"T1817","Tyron Herring","S","GB                  GB","24","2025","2027","3","$2,965,000","$988,333","$10,000","$10,000"
"T1817","Laki Tasi","DT","LV                  LV","21","2025","2027","3","$2,965,000","$988,333","",""
"T1817","Reuben Lowery III","CB","BAL                  BAL","22","2025","2027","3","$2,965,000","$988,333","",""
"T1817","Robert Lewis","WR","MIN                  MIN","23","2025","2027","3","$2,965,000","$988,333","$20,000","$20,000"
"T1817","Kevin Knowles","CB","KC                  KC","22","2025","2027","3","$2,965,000","$988,333","$220,000","$220,000"
"T1817","Elijhah Badger","WR","KC                  KC","23","2025","2027","3","$2,965,000","$988,333","$25,000","$25,000"
"T1817","T.J. Maguranyanga","DE","WAS                  WAS","22","2025","2027","3","$2,965,000","$988,333","",""
"1881","Jon Rhattigan","ILB","CAR                  CAR","25","2024","2025","2","$2,900,000","$1,450,000","$1,500,000","$1,750,000"
"1882","Josh Wallace","CB","LAR                  LAR","23","2024","2026","3","$2,890,000","$963,333","$60,000","$60,000"
"1883","Curtis Jacobs","ILB","TEN                  TEN","22","2024","2026","3","$2,880,000","$960,000","$275,000","$275,000"
"T1884","Nick Folk","K","NYJ                  NYJ","40","2025","2025","1","$2,875,000","$2,875,000","$1,375,000","$1,375,000"
"T1884","Emmanuel Moseley","CB","DET                  DET","27","2024","2024","1","$2,875,000","$2,875,000","$1,000,000","$1,000,000"
"T1886","Tress Way","P","WAS                  WAS","34","2025","2025","1","$2,872,500","$2,872,500","$2,000,000","$2,000,000"
"T1886","Patrick Ricard","FB","BAL                  BAL","30","2025","2025","1","$2,872,500","$2,872,500","$167,500","$167,500"
"T1888","Dalton Tucker","G","IND                  IND","24","2024","2026","3","$2,870,000","$956,667","$240,000","$240,000"
"T1888","Ethan Driskell","RT","KC                  KC","23","2024","2026","3","$2,870,000","$956,667","$265,000","$265,000"
"T1890","Jake Kubas","G","NYG                  NYG","23","2024","2026","3","$2,860,000","$953,333","$270,000","$270,000"
"T1890","Xavier Weaver","WR","ARI                  ARI","23","2024","2026","3","$2,860,000","$953,333","$255,000","$255,000"
"T1892","Beanie Bishop","CB","PIT                  PIT","24","2024","2026","3","$2,855,000","$951,667","$25,000","$25,000"
"T1892","Frank Crum","RT","DEN                  DEN","23","2024","2026","3","$2,855,000","$951,667","$275,000","$275,000"
"T1892","Dee Williams","WR","NYG                  NYG","24","2024","2026","3","$2,855,000","$951,667","$125,000","$125,000"
"T1892","Beau Brade","S","BAL                  BAL","22","2024","2026","3","$2,855,000","$951,667","$45,000","$45,000"
"T1896","Tyrek Funderburk","CB","TB                  TB","23","2024","2026","3","$2,850,000","$950,000","$100,000","$100,000"
"T1896","Storm Duck","CB","MIA                  MIA","23","2024","2026","3","$2,850,000","$950,000","$170,000","$170,000"
"T1896","Brevyn Spann-Ford","TE","DAL                  DAL","24","2024","2026","3","$2,850,000","$950,000","$245,000","$245,000"
"T1896","Amari Gainer","OLB","LV                  LV","23","2024","2026","3","$2,850,000","$950,000","$120,000","$120,000"
"T1896","Eric Watts","DE","NYJ                  NYJ","23","2024","2026","3","$2,850,000","$950,000","$245,000","$245,000"
"T1896","Braiden McGregor","DE","NYJ                  NYJ","22","2024","2026","3","$2,850,000","$950,000","$220,000","$220,000"
"T1902","Rico Payton","CB","NO                  NO","24","2024","2026","3","$2,845,000","$948,333","$45,000","$45,000"
"T1902","Andrew Meyer","C","MIA                  MIA","24","2024","2026","3","$2,845,000","$948,333","$90,000","$90,000"
"T1902","Isaiah Williams","WR","CIN                  CIN","23","2024","2026","3","$2,845,000","$948,333","$240,000","$240,000"
"T1902","Nate Lynn","DE","DET                  DET","21","2024","2026","3","$2,845,000","$948,333","$15,000","$15,000"
"T1902","Maema Njongmeta","OLB","CIN                  CIN","23","2024","2026","3","$2,845,000","$948,333","$15,000","$15,000"
"T1902","Popo Aumavae","DE","CAR                  CAR","25","2024","2026","3","$2,845,000","$948,333","$55,000","$55,000"
"T1902","British Brooks","RB","HOU                  HOU","24","2024","2026","3","$2,845,000","$948,333","$240,000","$240,000"
"T1902","Julius Wood","S","TEN                  TEN","23","2024","2026","3","$2,845,000","$948,333","$190,000","$190,000"
"T1902","Jaylen McCollough","S","LAR                  LAR","23","2024","2026","3","$2,845,000","$948,333","$15,000","$15,000"
"1911","Cody Schrader","RB","LAR                  LAR","24","2024","2026","3","$2,842,000","$947,333","$232,000","$232,000"
"T1912","Kameron Johnson","WR","TB                  TB","22","2024","2026","3","$2,840,000","$946,667","$10,000","$10,000"
"T1912","Mason Tipton","WR","NO                  NO","23","2024","2026","3","$2,840,000","$946,667","$110,000","$110,000"
"T1912","Grayson Murphy","OLB","MIA                  MIA","23","2024","2026","3","$2,840,000","$946,667","$70,000","$70,000"
"T1912","Leonard Taylor","DT","NYJ                  NYJ","21","2024","2026","3","$2,840,000","$946,667","$110,000","$110,000"
"T1912","Shemar Bartholomew","CB","CAR                  CAR","23","2024","2026","3","$2,840,000","$946,667","$105,000","$105,000"
"T1912","Thomas Harper","S","LV                  LV","23","2024","2026","3","$2,840,000","$946,667","$30,000","$30,000"
"T1912","Dwight McGlothern","CB","MIN                  MIN","22","2024","2026","3","$2,840,000","$946,667","$30,000","$30,000"
"T1912","Colson Yankoff","TE","WAS                  WAS","24","2024","2026","3","$2,840,000","$946,667","$50,000","$50,000"
"T1920","Dell Pettus","S","NE                  NE","22","2024","2026","3","$2,839,000","$946,333","$9,000","$9,000"
"T1920","Omar Speights","ILB","LAR                  LAR","23","2024","2026","3","$2,839,000","$946,333","$9,000","$9,000"
"T1922","David Martin-Robinson","TE","TEN                  TEN","24","2024","2026","3","$2,837,500","$945,833","$17,500","$17,500"
"T1922","Ian Wheeler","RB","CHI                  CHI","22","2024","2026","3","$2,837,500","$945,833","$7,500","$7,500"
"1924","Lance Robinson","CB","CIN                  CIN","24","2024","2026","3","$2,837,000","$945,667","$7,000","$7,000"
"T1925","Christian Roland-Wallace","CB","KC                  KC","22","2024","2026","3","$2,835,000","$945,000","$155,000","$155,000"
"T1925","Taki Taimani","DT","MIN                  MIN","24","2024","2026","3","$2,835,000","$945,000","$100,000","$100,000"
"T1925","Norell Pollard","DT","WAS                  WAS","24","2024","2026","3","$2,835,000","$945,000","$25,000","$25,000"
"1928","Joe Andreessen","ILB","BUF                  BUF","24","2024","2026","3","$2,832,500","$944,167","$2,500","$2,500"
"T1929","Elijah Chatman","DT","NYG                  NYG","23","2024","2026","3","$2,831,000","$943,667","$1,000","$1,000"
"T1929","Hogan Hatten","LS","DET                  DET","23","2024","2026","3","$2,831,000","$943,667","$1,000","$1,000"
"T1931","Brandon Codrington","CB","BUF                  BUF","23","2024","2026","3","$2,830,000","$943,333","",""
"T1931","Carson Steele","RB","KC                  KC","21","2024","2026","3","$2,830,000","$943,333","",""
"T1931","Tyler Owens","S","WAS                  WAS","22","2024","2026","3","$2,830,000","$943,333","$245,000","$245,000"
"1934","Daniel Ekuale","DT","PIT                  PIT","31","2025","2025","1","$2,800,000","$2,800,000","$1,630,000","$1,630,000"
"1935","Austin Schlottmann","C","NYG                  NYG","28","2024","2025","2","$2,795,000","$1,397,500","$500,000","$500,000"
"T1936","Kyle Trask","QB","TB                  TB","27","2025","2025","1","$2,787,500","$2,787,500","$1,337,500","$1,337,500"
"T1936","Ta'Quon Graham","DE","ATL                  ATL","26","2025","2025","1","$2,787,500","$2,787,500","$167,500","$167,500"
"T1936","Justin Strnad","ILB","DEN                  DEN","28","2025","2025","1","$2,787,500","$2,787,500","$2,787,500","$2,787,500"
"T1936","Brady Christensen","C","CAR                  CAR","28","2025","2025","1","$2,787,500","$2,787,500","$2,787,500","$2,787,500"
"1940","Jahan Dotson","WR","PHI                  PHI","25","2025","2025","1","$2,757,048","$2,757,048","",""
"T1941","Josh Reynolds","WR","NYJ                  NYJ","30","2025","2025","1","$2,750,000","$2,750,000","$2,750,000","$2,750,000"
"T1941","Rico Dowdle","RB","CAR                  CAR","27","2025","2025","1","$2,750,000","$2,750,000","$2,750,000","$2,750,000"
"1943","JK Dobbins","RB","DEN                  DEN","26","2025","2025","1","$2,745,000","$2,745,000","$2,065,000","$2,065,000"
"T1944","Rakim Jarrett","WR","TB                  TB","22","2023","2025","3","$2,720,000","$906,667","$225,000","$225,000"
"T1944","Mohamoud Diabate","OLB","CLE                  CLE","21","2023","2025","3","$2,720,000","$906,667","$250,000","$250,000"
"T1944","Tyson Bagent","QB","CHI                  CHI","22","2023","2025","3","$2,720,000","$906,667","$25,000","$25,000"
"T1947","Hunter Luepke","FB","DAL                  DAL","23","2023","2025","3","$2,715,000","$905,000","$200,000","$200,000"
"T1947","Alex Palczewski","RT","DEN                  DEN","23","2023","2025","3","$2,715,000","$905,000","$80,000","$80,000"
"T1947","Starling Thomas V","CB","ARI                  ARI","23","2023","2025","3","$2,715,000","$905,000","$20,000","$20,000"
"T1947","Ronnie Hickman","S","CLE                  CLE","21","2023","2025","3","$2,715,000","$905,000","$220,000","$220,000"
"T1947","Bryce Ford-Wheaton","WR","NYG                  NYG","23","2023","2025","3","$2,715,000","$905,000","$236,000","$236,000"
"T1947","Ivan Pace","ILB","MIN                  MIN","22","2023","2025","3","$2,715,000","$905,000","$236,000","$236,000"
"1953","Keaton Mitchell","RB","BAL                  BAL","21","2023","2025","3","$2,713,000","$904,333","$73,000","$73,000"
"T1954","Drake Thomas","ILB","SEA                  SEA","23","2023","2025","3","$2,710,000","$903,333","$100,000","$100,000"
"T1954","Jaleel McLaughlin","RB","DEN                  DEN","22","2023","2025","3","$2,710,000","$903,333","$55,000","$55,000"
"T1954","Cam Jones","OLB","KC                  KC","23","2023","2025","3","$2,710,000","$903,333","$150,000","$150,000"
"T1954","Xavier Gipson","WR","NYJ                  NYJ","22","2023","2025","3","$2,710,000","$903,333","$165,000","$165,000"
"T1954","Emari Demercado","RB","ARI                  ARI","24","2023","2025","3","$2,710,000","$903,333","$70,000","$70,000"
"1959","Julian Hill","TE","MIA                  MIA","22","2023","2025","3","$2,707,500","$902,500","$42,500","$42,500"
"T1960","T.J. Bass","G","DAL                  DAL","24","2023","2025","3","$2,705,000","$901,667","$150,000","$150,000"
"T1960","Christian Izien","S","TB                  TB","22","2023","2025","3","$2,705,000","$901,667","$165,000","$165,000"
"T1960","Jake Bobo","WR","SEA                  SEA","24","2023","2025","3","$2,705,000","$901,667","$10,000","$10,000"
"T1960","Nate Adkins","TE","DEN                  DEN","23","2023","2025","3","$2,705,000","$901,667","$75,000","$75,000"
"T1960","Eli Ricks","CB","PHI                  PHI","21","2023","2025","3","$2,705,000","$901,667","$40,000","$40,000"
"T1960","Ben Sims","TE","GB                  GB","22","2023","2025","3","$2,705,000","$901,667","$110,000","$110,000"
"T1966","Malik Heath","WR","GB                  GB","23","2023","2025","3","$2,704,000","$901,333","$9,000","$9,000"
"T1966","Brenton Cox Jr.","DE","GB                  GB","23","2023","2025","3","$2,704,000","$901,333","$9,000","$9,000"
"1968","Chris Stoll","LS","SEA                  SEA","24","2023","2025","3","$2,701,500","$900,500","$6,500","$6,500"
"T1969","Isaiah Land","DE","IND                  IND","23","2023","2025","3","$2,700,000","$900,000","$95,000","$95,000"
"T1969","Claudin Cherelus","ILB","CAR                  CAR","24","2023","2025","3","$2,700,000","$900,000","$20,000","$20,000"
"T1969","Alex Ward","LS","LAR                  LAR","24","2023","2025","3","$2,700,000","$900,000","$5,000","$5,000"
"1972","John Stephens","TE","DAL                  DAL","23","2023","2025","3","$2,698,000","$899,333","$3,000","$3,000"
"1973","Blake Grupe","K","NO                  NO","24","2023","2025","3","$2,697,500","$899,167","$2,500","$2,500"
"1974","Malik Hamm","OLB","BAL                  BAL","22","2023","2025","3","$2,697,000","$899,000","$20,000","$20,000"
"T1975","Brandon Aubrey","K","DAL                  DAL","28","2023","2025","3","$2,695,000","$898,333","",""
"T1975","Sean Tucker","RB","TB                  TB","21","2023","2025","3","$2,695,000","$898,333","",""
"T1975","Markees Watts","OLB","TB                  TB","23","2023","2025","3","$2,695,000","$898,333","",""
"T1975","Trevor Nowaske","ILB","DET                  DET","24","2023","2025","3","$2,695,000","$898,333","",""
"1979","Denzel Perryman","ILB","LAC                  LAC","32","2025","2025","1","$2,655,000","$2,655,000","$300,000","$300,000"
"T1980","Jerry Hughes","DE","HOU                  HOU","35","2024","2024","1","$2,600,000","$2,600,000","$1,300,000","$1,300,000"
"T1980","Cordell Volson","G","CIN                  CIN","26","2025","2025","1","$2,600,000","$2,600,000","$500,000","$500,000"
"T1980","Eric Wilson","ILB","MIN                  MIN","30","2025","2025","1","$2,600,000","$2,600,000","$2,000,000","$2,000,000"
"1983","Jake Martin","DE","WAS                  WAS","29","2025","2025","1","$2,585,000","$2,585,000","$1,050,000","$1,050,000"
"1984","Luke Masterson","OLB","LV                  LV","23","2022","2024","3","$2,570,000","$856,667","$70,000","$70,000"
"1985","Spencer Shrader","K","IND                  IND","25","2025","2026","2","$2,510,000","$1,255,000","$750,000","$750,000"
"T1986","Elijah Mitchell","RB","KC                  KC","26","2025","2025","1","$2,500,000","$2,500,000","$1,350,000","$1,350,000"
"T1986","Marcus Davenport","DE","DET                  DET","28","2025","2025","1","$2,500,000","$2,500,000","$1,650,000","$1,650,000"
"T1986","Durham Smythe","TE","CHI                  CHI","29","2025","2025","1","$2,500,000","$2,500,000","$1,500,000","$1,500,000"
"T1986","Linval Joseph","DT","DAL                  DAL","35","2024","2024","1","$2,500,000","$2,500,000","$2,000,000","$2,000,000"
"T1986","D.J. Humphries","LT","LAR                  LAR","31","2025","2025","1","$2,500,000","$2,500,000","$2,340,000","$2,340,000"
"T1986","Nick Chubb","RB","HOU                  HOU","29","2025","2025","1","$2,500,000","$2,500,000","$1,500,000","$1,500,000"
"T1986","Elijah Moore","WR","BUF                  BUF","25","2025","2025","1","$2,500,000","$2,500,000","$2,500,000","$2,500,000"
"T1986","Cody Whitehair","G","LV                  LV","31","2024","2024","1","$2,500,000","$2,500,000","$1,350,000","$1,350,000"
"T1986","Jamal Agnew","WR","ATL                  ATL","29","2025","2025","1","$2,500,000","$2,500,000","$400,000","$400,000"
"T1986","Tim Patrick","WR","DET                  DET","31","2025","2025","1","$2,500,000","$2,500,000","$2,500,000","$2,500,000"
"T1986","Taylor Heinicke","QB","LAC                  LAC","31","2025","2025","1","$2,500,000","$2,500,000","$2,000,000","$2,000,000"
"T1986","Benjamin St-Juste","CB","LAC                  LAC","27","2025","2025","1","$2,500,000","$2,500,000","$1,000,000","$1,000,000"
"T1986","Isaiah Oliver","CB","NYJ                  NYJ","28","2025","2025","1","$2,500,000","$2,500,000","$2,255,000","$2,255,000"
"T1986","Christian Rozeboom","ILB","CAR                  CAR","28","2025","2025","1","$2,500,000","$2,500,000","$1,970,000","$1,970,000"
"T1986","Ashtyn Davis","S","MIA                  MIA","28","2025","2025","1","$2,500,000","$2,500,000","$1,230,000","$1,230,000"
"T1986","Payton Turner","DE","DAL                  DAL","26","2025","2025","1","$2,500,000","$2,500,000","$2,000,000","$2,000,000"
"T1986","M.J. Stewart","S","HOU                  HOU","29","2025","2025","1","$2,500,000","$2,500,000","$500,000","$500,000"
"T1986","Larry Borom","RT","MIA                  MIA","25","2025","2025","1","$2,500,000","$2,500,000","$2,500,000","$2,500,000"
"2004","Nick Moore","LS","BAL                  BAL","30","2023","2025","2","$2,495,000","$1,247,500","$500,000","$500,000"
"2005","Jeremiah Pharms","DT","NE                  NE","28","2025","2026","2","$2,475,000","$1,237,500","$350,000","$350,000"
"2006","David Bell","WR","CLE                  CLE","23","2024","2025","2","$2,444,000","$1,222,000","",""
"2007","Dalton Risner","G","MIN                  MIN","28","2024","2024","1","$2,410,000","$2,410,000","$1,100,000","$1,100,000"
"2008","Zay Jones","WR","ARI                  ARI","29","2025","2025","1","$2,400,000","$2,400,000","$1,300,000","$1,300,000"
"2009","Nick Harris","C","CLE                  CLE","25","2024","2024","1","$2,395,000","$2,395,000","$1,000,000","$1,000,000"
"2010","Mike White","QB","BUF                  BUF","29","2024","2025","2","$2,380,000","$1,190,000","",""
"2011","Michael Carter","RB","ARI                  ARI","25","2024","2025","2","$2,375,000","$1,187,500","",""
"2012","Matt Hennessy","G","SF                  SF","26","2024","2025","2","$2,370,000","$1,185,000","$75,000","$75,000"
"T2013","Trenton Brown","RT","HOU                  HOU","31","2025","2025","1","$2,350,000","$2,350,000","$550,000","$550,000"
"T2013","Jeff Okudah","CB","MIN                  MIN","26","2025","2025","1","$2,350,000","$2,350,000","$2,350,000","$2,350,000"
"T2013","Da'shawn Hand","DE","LAC                  LAC","29","2025","2025","1","$2,350,000","$2,350,000","$725,000","$725,000"
"2016","Landon Young","LT","NO                  NO","27","2025","2025","1","$2,327,500","$2,327,500","$509,500","$509,500"
"2017","Neville Hewitt","ILB","HOU                  HOU","30","2024","2024","1","$2,300,000","$2,300,000","$1,950,000","$1,950,000"
"2018","Michael Pratt","QB","TB                  TB","23","2025","2026","2","$2,285,000","$1,142,500","$250,000","$250,000"
"T2019","Case Keenum","QB","CHI                  CHI","37","2025","2025","1","$2,250,000","$2,250,000","$2,155,000","$2,155,000"
"T2019","Dillon Radunz","C","NO                  NO","26","2025","2025","1","$2,250,000","$2,250,000","$2,250,000","$2,250,000"
"T2021","Nick Leverett","G","ARI                  ARI","27","2024","2025","2","$2,225,000","$1,112,500","",""
"T2021","Liam Eichenberg","G","MIA                  MIA","27","2025","2025","1","$2,225,000","$2,225,000","$2,225,000","$2,225,000"
"T2023","Mo Alie-Cox","TE","IND                  IND","31","2025","2025","1","$2,200,000","$2,200,000","$1,167,500","$1,167,500"
"T2023","Jason Pinnock","CB","SF                  SF","25","2025","2025","1","$2,200,000","$2,200,000","$2,200,000","$2,200,000"
"2025","Christian Matthew","CB","DAL                  DAL","28","2025","2026","2","$2,175,000","$1,087,500","",""
"2026","Johnathan Hankins","DT","SEA                  SEA","33","2025","2025","1","$2,115,000","$2,115,000","$350,000","$350,000"
"T2027","Brevin Jordan","TE","HOU                  HOU","24","2024","2025","1","$2,100,000","$2,100,000","$850,000","$850,000"
"T2027","Lucas Patrick","G","CIN                  CIN","31","2025","2025","1","$2,100,000","$2,100,000","$200,000","$200,000"
"T2027","Tylan Wallace","WR","BAL                  BAL","25","2025","2025","1","$2,100,000","$2,100,000","$1,350,000","$1,350,000"
"T2027","Jack Cochrane","OLB","KC                  KC","26","2025","2025","1","$2,100,000","$2,100,000","$1,200,000","$1,200,000"
"T2027","Khyiris Tonga","DT","NE                  NE","28","2025","2025","1","$2,100,000","$2,100,000","$1,000,000","$1,000,000"
"2032","Nick Gargiulo","G","DEN                  DEN","24","2025","2026","2","$2,093,000","$1,046,500","$58,000","$58,000"
"T2033","Earnest Brown","DE","DAL                  DAL","25","2024","2025","2","$2,085,000","$1,042,500","",""
"T2033","Kemon Hall","CB","DAL                  DAL","26","2024","2025","2","$2,085,000","$1,042,500","",""
"T2033","Tristin McCollum","CB","PHI                  PHI","24","2024","2025","2","$2,085,000","$1,042,500","",""
"T2033","Tanner Conner","WR","MIA                  MIA","25","2024","2025","2","$2,085,000","$1,042,500","",""
"T2033","Erik Ezukanma","WR","MIA                  MIA","24","2024","2025","2","$2,085,000","$1,042,500","",""
"T2033","Andrew Booth Jr.","CB","DAL                  DAL","24","2024","2025","2","$2,085,000","$1,042,500","",""
"T2033","Sam Roberts","DT","CAR                  CAR","26","2024","2025","2","$2,085,000","$1,042,500","",""
"T2033","Tre Avery","S","NE                  NE","27","2024","2025","2","$2,085,000","$1,042,500","",""
"2041","Austin Deculus","RT","HOU                  HOU","25","2024","2025","2","$2,070,000","$1,035,000","",""
"2042","Kevin Givens","DT","SF                  SF","28","2025","2025","1","$2,050,000","$2,050,000","$2,050,000","$2,050,000"
"T2043","Nikola Kalinic","TE","ATL                  ATL","28","2025","2026","2","$2,045,000","$1,022,500","$10,000","$10,000"
"T2043","Darian Kinnard","G","PHI                  PHI","24","2024","2025","2","$2,045,000","$1,022,500","$300,000","$300,000"
"T2045","Zach Davidson","TE","BUF                  BUF","26","2025","2026","2","$2,042,000","$1,021,000","$7,000","$7,000"
"T2045","Tyrell Shavers","WR","BUF                  BUF","25","2025","2026","2","$2,042,000","$1,021,000","$7,000","$7,000"
"2047","Zion Logue","DT","BUF                  BUF","23","2025","2026","2","$2,039,000","$1,019,500","$4,000","$4,000"
"T2048","Jordan Mims","RB","TEN                  TEN","26","2025","2026","2","$2,035,000","$1,017,500","",""
"T2048","Perrion Winfrey","DT","DAL                  DAL","24","2025","2026","2","$2,035,000","$1,017,500","",""
"T2048","Ryan Rehkow","P","CIN                  CIN","26","2025","2026","2","$2,035,000","$1,017,500","",""
"2051","Marcus Epps","S","NE                  NE","29","2025","2025","1","$2,025,000","$2,025,000","$500,000","$500,000"
"T2052","Marcedes Lewis","TE","CHI                  CHI","40","2024","2024","1","$2,000,000","$2,000,000","$1,000,000","$1,000,000"
"T2052","Olisaemeka Udoh","G","NO                  NO","27","2024","2024","1","$2,000,000","$2,000,000","$2,000,000","$2,000,000"
"T2052","Jordan Poyer","S","MIA                  MIA","32","2024","2024","1","$2,000,000","$2,000,000","$1,000,000","$1,000,000"
"T2052","Brandon Powell","WR","MIN                  MIN","27","2024","2024","1","$2,000,000","$2,000,000","$625,000","$625,000"
"T2052","Dennis Gardeck","OLB","JAX                  JAX","30","2025","2025","1","$2,000,000","$2,000,000","$1,500,000","$1,500,000"
"T2052","Joseph Noteboom","LT","BAL                  BAL","29","2025","2025","1","$2,000,000","$2,000,000","$2,000,000","$2,000,000"
"T2052","Robert Woods","WR","PIT                  PIT","33","2025","2025","1","$2,000,000","$2,000,000","$745,000","$745,000"
"T2052","Josh Jobe","CB","SEA                  SEA","26","2025","2025","1","$2,000,000","$2,000,000","$300,000","$300,000"
"T2052","Darren Waller","TE","MIA                  MIA","32","2025","2025","1","$2,000,000","$2,000,000","",""
"T2052","Trey Lance","QB","LAC                  LAC","24","2025","2025","1","$2,000,000","$2,000,000","$1,500,000","$1,500,000"
"T2052","Benito Jones","DT","MIA                  MIA","27","2025","2025","1","$2,000,000","$2,000,000","$1,900,000","$1,900,000"
"T2052","Rondale Moore","WR","MIN                  MIN","24","2025","2025","1","$2,000,000","$2,000,000","$250,000","$250,000"
"T2052","Clelin Ferrell","DE","WAS                  WAS","27","2025","2025","1","$2,000,000","$2,000,000","$100,000","$100,000"
"T2052","Del'Shawn Phillips","OLB","LAC                  LAC","28","2025","2025","1","$2,000,000","$2,000,000","$700,000","$700,000"
"T2052","Justin Skule","LT","MIN                  MIN","28","2025","2025","1","$2,000,000","$2,000,000","$750,000","$750,000"
"T2052","Josh Myers","C","NYJ                  NYJ","26","2025","2025","1","$2,000,000","$2,000,000","$2,000,000","$2,000,000"
"T2052","Tavierre Thomas","CB","MIN                  MIN","29","2025","2025","1","$2,000,000","$2,000,000","$1,000,000","$1,000,000"
"T2052","Damar Hamlin","S","BUF                  BUF","26","2025","2025","1","$2,000,000","$2,000,000","$2,000,000","$2,000,000"
"T2052","Reggie Gilliam","FB","BUF                  BUF","27","2025","2025","1","$2,000,000","$2,000,000","$2,000,000","$2,000,000"
"2071","Jake Bates","K","DET                  DET","24","2024","2025","2","$1,980,000","$990,000","$150,000","$150,000"
"2072","Ja'Marcus Ingram","CB","BUF                  BUF","26","2024","2025","2","$1,952,500","$976,250","$7,500","$7,500"
"T2073","Kyu Blu Kelly","CB","LV                  LV","23","2024","2025","2","$1,945,000","$972,500","",""
"T2073","Andre Carter II","OLB","LV                  LV","24","2024","2025","2","$1,945,000","$972,500","",""
"T2073","Isaiah Thomas","DE","CIN                  CIN","25","2024","2025","2","$1,945,000","$972,500","",""
"T2073","Jake Browning","QB","CIN                  CIN","27","2024","2025","2","$1,945,000","$972,500","",""
"T2073","Ethan Bonner","CB","MIA                  MIA","24","2024","2025","2","$1,945,000","$972,500","",""
"T2073","Buddy Johnson","OLB","DAL                  DAL","24","2024","2025","2","$1,945,000","$972,500","",""
"2079","Joshua Uche","OLB","PHI                  PHI","26","2025","2025","1","$1,920,000","$1,920,000","$1,250,000","$1,250,000"
"T2080","Nazeeh Johnson","CB","KC                  KC","26","2025","2025","1","$1,900,000","$1,900,000","$1,200,000","$1,200,000"
"T2080","Elijah Campbell","S","MIA                  MIA","29","2025","2025","1","$1,900,000","$1,900,000","$500,000","$500,000"
"2082","Benton Whitley","OLB","ARI                  ARI","25","2024","2025","2","$1,895,000","$947,500","",""
"2083","Isaiah Wynn","G","MIA                  MIA","27","2024","2024","1","$1,885,000","$1,885,000","$1,000,000","$1,000,000"
"T2084","Braeden Daniels","LT","MIA                  MIA","24","2024","2025","2","$1,875,000","$937,500","",""
"T2084","Devin Cochran","RT","CIN                  CIN","26","2024","2025","2","$1,875,000","$937,500","",""
"2086","Tim Jones","WR","MIN                  MIN","27","2025","2025","1","$1,870,000","$1,870,000","$500,000","$500,000"
"T2087","Chandler Wooten","ILB","CAR                  CAR","25","2023","2024","2","$1,855,000","$927,500","",""
"T2087","Kion Smith","RT","MIA                  MIA","24","2023","2025","2","$1,855,000","$927,500","",""
"T2087","D.J. Turner","WR","LV                  LV","25","2023","2024","2","$1,855,000","$927,500","",""
"T2090","Daequan Hardy","CB","BUF                  BUF","23","2025","2026","2","$1,853,500","$926,750","$8,500","$8,500"
"T2090","Mike Edwards","G","BUF                  BUF","26","2025","2026","2","$1,853,500","$926,750","$8,500","$8,500"
"T2090","Te'Cory Couch","CB","BUF                  BUF","25","2025","2026","2","$1,853,500","$926,750","$8,500","$8,500"
"T2093","Richard Gouraige","RT","BUF                  BUF","26","2025","2026","2","$1,853,000","$926,500","$8,000","$8,000"
"T2093","Frank Gore Jr.","RB","BUF                  BUF","22","2025","2026","2","$1,853,000","$926,500","$8,000","$8,000"
"T2095","Matt Landers","WR","TEN                  TEN","26","2025","2026","2","$1,845,000","$922,500","",""
"T2095","Drake Stoops","WR","LAR                  LAR","25","2025","2026","2","$1,845,000","$922,500","",""
"T2095","Tanner Ingle","S","LAR                  LAR","25","2025","2026","2","$1,845,000","$922,500","",""
"2098","Naquan Jones","DT","LAC                  LAC","27","2025","2025","1","$1,835,000","$1,835,000","$250,000","$250,000"
"T2099","Maurice Hurst","DT","CLE                  CLE","28","2024","2024","1","$1,800,000","$1,800,000","$1,000,000","$1,000,000"
"T2099","Braxton Berrios","WR","HOU                  HOU","29","2025","2025","1","$1,800,000","$1,800,000","$300,000","$300,000"
"T2099","Kurt Hinish","DT","HOU                  HOU","25","2025","2025","1","$1,800,000","$1,800,000","$375,000","$375,000"
"T2099","Dare Ogunbowale","RB","HOU                  HOU","30","2025","2025","1","$1,800,000","$1,800,000","$750,000","$750,000"
"T2099","Jaylinn Hawkins","S","NE                  NE","27","2025","2025","1","$1,800,000","$1,800,000","$650,000","$650,000"
"T2099","Luke Gifford","ILB","SF                  SF","29","2025","2025","1","$1,800,000","$1,800,000","$600,000","$600,000"
"T2105","Jerry Tillery","DT","KC                  KC","28","2025","2025","1","$1,790,000","$1,790,000","$1,790,000","$1,790,000"
"T2105","Mykal Walker","OLB","ARI                  ARI","27","2025","2025","1","$1,790,000","$1,790,000","$500,000","$500,000"
"T2105","Kenneth Gainwell","RB","PIT                  PIT","25","2025","2025","1","$1,790,000","$1,790,000","$620,000","$620,000"
"2108","Jeremiah Ledbetter","DE","NYG                  NYG","30","2025","2025","1","$1,775,000","$1,775,000","$500,000","$500,000"
"T2109","A.J. Finley","S","SEA                  SEA","22","2023","2025","2","$1,765,000","$882,500","",""
"T2109","Quinn Bailey","RT","DEN                  DEN","27","2022","2024","2","$1,765,000","$882,500","",""
"T2111","Isaiah Stalbird","OLB","NO                  NO","24","2024","2025","2","$1,755,000","$877,500","",""
"T2111","Jack Plummer","QB","CAR                  CAR","25","2024","2025","2","$1,755,000","$877,500","",""
"T2111","George Holani","RB","SEA                  SEA","24","2024","2025","2","$1,755,000","$877,500","",""
"T2111","Jarius Monroe","CB","NYJ                  NYJ","24","2024","2025","2","$1,755,000","$877,500","",""
"T2111","Blake Watson","RB","DEN                  DEN","25","2024","2025","2","$1,755,000","$877,500","",""
"T2111","Terrell Jennings","RB","NE                  NE","23","2024","2025","2","$1,755,000","$877,500","",""
"T2111","Chris Blair","WR","ATL                  ATL","26","2024","2025","2","$1,755,000","$877,500","",""
"T2111","Brenden Bates","TE","CLE                  CLE","25","2024","2025","2","$1,755,000","$877,500","",""
"T2111","E.J. Jenkins","TE","PHI                  PHI","26","2024","2025","2","$1,755,000","$877,500","",""
"T2111","Kendall Milton","RB","CIN                  CIN","22","2024","2025","2","$1,755,000","$877,500","",""
"T2111","Chris Collier","RB","LV                  LV","24","2024","2025","2","$1,755,000","$877,500","",""
"T2111","Jacoby Windmon","OLB","CAR                  CAR","23","2024","2025","2","$1,755,000","$877,500","",""
"T2111","Kyle Hergel","G","NO                  NO","25","2024","2025","2","$1,755,000","$877,500","",""
"T2111","Rezjohn Wright","CB","NO                  NO","23","2024","2025","2","$1,755,000","$877,500","",""
"T2111","Xavier Smith","WR","LAR                  LAR","26","2024","2025","2","$1,755,000","$877,500","",""
"T2111","Dresser Winn","QB","LAR                  LAR","25","2024","2025","2","$1,755,000","$877,500","",""
"T2111","Adoree' Jackson","CB","PHI                  PHI","29","2025","2025","1","$1,755,000","$1,755,000","$1,000,000","$1,000,000"
"T2111","Princeton Fant","TE","DAL                  DAL","24","2024","2025","2","$1,755,000","$877,500","",""
"T2111","Josh Butler","S","DAL                  DAL","27","2024","2025","2","$1,755,000","$877,500","",""
"T2111","Anfernee Orji","OLB","TEN                  TEN","23","2024","2025","2","$1,755,000","$877,500","",""
"T2111","Carlos Washington Jr.","RB","ATL                  ATL","25","2024","2025","2","$1,755,000","$877,500","",""
"T2132","John Jenkins","DT","BAL                  BAL","35","2025","2025","1","$1,750,000","$1,750,000","$325,000","$325,000"
"T2132","Jerome Ford","RB","CLE                  CLE","25","2025","2025","1","$1,750,000","$1,750,000","$1,750,000","$1,750,000"
"T2132","Travis Homer","RB","CHI                  CHI","26","2025","2025","1","$1,750,000","$1,750,000","$1,000,000","$1,000,000"
"T2132","Simi Fehoko","WR","ARI                  ARI","27","2025","2025","1","$1,750,000","$1,750,000","$1,250,000","$1,250,000"
"T2132","Kylen Granson","TE","PHI                  PHI","26","2025","2025","1","$1,750,000","$1,750,000","$1,000,000","$1,000,000"
"T2132","Sterling Shepard","WR","TB                  TB","32","2025","2025","1","$1,750,000","$1,750,000","$500,000","$500,000"
"T2132","Israel Mukuamu","CB","DAL                  DAL","25","2025","2025","1","$1,750,000","$1,750,000","$500,000","$500,000"
"T2132","Ryan Wright","P","MIN                  MIN","24","2025","2025","1","$1,750,000","$1,750,000","$650,000","$650,000"
"2140","Ryan Stonehouse","P","MIA                  MIA","25","2025","2025","1","$1,725,000","$1,725,000","$75,000","$75,000"
"T2141","Malik Herring","DE","KC                  KC","27","2025","2025","1","$1,700,000","$1,700,000","$800,000","$800,000"
"T2141","Grant Stuard","OLB","DET                  DET","26","2025","2025","1","$1,700,000","$1,700,000","$1,700,000","$1,700,000"
"T2141","Tre Brown","CB","SF                  SF","27","2025","2025","1","$1,700,000","$1,700,000","$500,000","$500,000"
"T2141","Jake Hansen","OLB","HOU                  HOU","26","2025","2025","1","$1,700,000","$1,700,000","$800,000","$800,000"
"2145","Lonnie Johnson","CB","LV                  LV","27","2025","2025","1","$1,685,000","$1,685,000","$175,000","$175,000"
"2146","Van Jefferson","WR","TEN                  TEN","28","2025","2025","1","$1,670,000","$1,670,000","$1,170,000","$1,170,000"
"2147","Danny Pinter","C","IND                  IND","28","2025","2025","1","$1,667,500","$1,667,500","$750,000","$750,000"
"T2148","John Ojukwu","LT","TEN                  TEN","24","2023","2025","2","$1,665,000","$832,500","",""
"T2148","Cameron Goode","OLB","MIA                  MIA","24","2023","2025","2","$1,665,000","$832,500","",""
"T2148","Mason Kinsey","WR","TEN                  TEN","24","2023","2025","2","$1,665,000","$832,500","",""
"T2151","Khalil Davis","DT","SF                  SF","27","2024","2024","1","$1,650,000","$1,650,000","$350,000","$350,000"
"T2151","James Winchester","LS","KC                  KC","35","2025","2025","1","$1,650,000","$1,650,000","$1,650,000","$1,650,000"
"2153","Isaiahh Loudermilk","DE","PIT                  PIT","27","2025","2025","1","$1,627,500","$1,627,500","$167,500","$167,500"
"T2154","Kris Boyd","CB","NYJ                  NYJ","28","2025","2025","1","$1,600,000","$1,600,000","$330,000","$330,000"
"T2154","Raheem Mostert","RB","LV                  LV","32","2025","2025","1","$1,600,000","$1,600,000","$175,000","$175,000"
"T2154","Sam Martin","P","CAR                  CAR","35","2025","2025","1","$1,600,000","$1,600,000","$1,600,000","$1,600,000"
"2157","Charlie Heck","RT","TB                  TB","28","2025","2025","1","$1,570,000","$1,570,000","$400,000","$400,000"
"2158","Ian Thomas","TE","LV                  LV","28","2025","2025","1","$1,524,500","$1,524,500","$567,500","$567,500"
"2159","Marco Wilson","CB","CIN                  CIN","26","2025","2025","1","$1,520,000","$1,520,000","$150,000","$150,000"
"T2160","Kendall Lamm","RT","PHI                  PHI","32","2025","2025","1","$1,505,000","$1,505,000","$750,000","$750,000"
"T2160","Quinton Bell","OLB","MIA                  MIA","28","2025","2025","1","$1,505,000","$1,505,000","$375,000","$375,000"
"T2162","Dawuane Smoot","DE","JAX                  JAX","30","2025","2025","1","$1,500,000","$1,500,000","$1,500,000","$1,500,000"
"T2162","John FitzPatrick","TE","GB                  GB","25","2025","2025","1","$1,500,000","$1,500,000","$125,000","$125,000"
"T2162","Dee Alford","CB","ATL                  ATL","27","2025","2025","1","$1,500,000","$1,500,000","$230,000","$230,000"
"T2162","Luke Fortner","C","JAX                  JAX","26","2025","2025","1","$1,500,000","$1,500,000","$300,000","$300,000"
"T2162","Mecole Hardman","WR","GB                  GB","27","2025","2025","1","$1,500,000","$1,500,000","$150,000","$150,000"
"T2162","Kareem Hunt","RB","KC                  KC","29","2025","2025","1","$1,500,000","$1,500,000","$850,000","$850,000"
"T2162","Noah Igbinoghene","CB","WAS                  WAS","25","2025","2025","1","$1,500,000","$1,500,000","$500,000","$500,000"
"T2162","Olamide Zaccheaus","WR","CHI                  CHI","27","2025","2025","1","$1,500,000","$1,500,000","$750,000","$750,000"
"T2162","Jack Sanborn","OLB","DAL                  DAL","24","2025","2025","1","$1,500,000","$1,500,000","$150,000","$150,000"
"T2162","Richie Grant","S","SF                  SF","27","2025","2025","1","$1,500,000","$1,500,000","$345,000","$345,000"
"T2172","Feleipe Franks","TE","ATL                  ATL","27","2025","2025","1","$1,440,000","$1,440,000","$200,000","$200,000"
"T2172","Kene Nwangwu","RB","NYJ                  NYJ","27","2025","2025","1","$1,440,000","$1,440,000","$550,000","$550,000"
"2174","Leki Fotu","DT","LV                  LV","26","2025","2025","1","$1,439,500","$1,439,500","$567,500","$567,500"
"T2175","Mike Hilton","CB","MIA                  MIA","31","2025","2025","1","$1,422,500","$1,422,500","$167,500","$167,500"
"T2175","Chuck Clark","S","PIT                  PIT","30","2025","2025","1","$1,422,500","$1,422,500","",""
"T2175","Taven Bryan","DT","CIN                  CIN","29","2025","2025","1","$1,422,500","$1,422,500","",""
"T2175","Jonathan Bullard","DE","NO                  NO","31","2025","2025","1","$1,422,500","$1,422,500","$167,500","$167,500"
"T2175","Thomas Morstead","P","SF                  SF","39","2025","2025","1","$1,422,500","$1,422,500","$1,197,500","$1,197,500"
"T2175","Damontae Kazee","S","CLE                  CLE","31","2025","2025","1","$1,422,500","$1,422,500","$1,000,000","$1,000,000"
"T2175","Rayshawn Jenkins","S","CLE                  CLE","31","2025","2025","1","$1,422,500","$1,422,500","$1,167,500","$1,167,500"
"T2175","Joe Cardona","LS","MIA                  MIA","33","2025","2025","1","$1,422,500","$1,422,500","$483,750","$483,750"
"T2175","Morgan Cox","LS","TEN                  TEN","38","2025","2025","1","$1,422,500","$1,422,500","$167,500","$167,500"
"T2175","Chris Manhertz","TE","NYG                  NYG","32","2025","2025","1","$1,422,500","$1,422,500","$567,500","$567,500"
"T2175","Aaron Brewer","LS","ARI                  ARI","34","2025","2025","1","$1,422,500","$1,422,500","$167,500","$167,500"
"T2175","Casey Kreiter","LS","NYG                  NYG","34","2025","2025","1","$1,422,500","$1,422,500","$1,197,500","$1,197,500"
"T2175","J.J. Jansen","LS","CAR                  CAR","39","2025","2025","1","$1,422,500","$1,422,500","$1,197,500","$1,197,500"
"T2175","C.J. Goodwin","CB","DAL                  DAL","35","2025","2025","1","$1,422,500","$1,422,500","$167,500","$167,500"
"T2175","Josh Johnson","QB","WAS                  WAS","38","2025","2025","1","$1,422,500","$1,422,500","$40,000","$40,000"
"T2175","Michael Burton","FB","DEN                  DEN","33","2025","2025","1","$1,422,500","$1,422,500","$125,000","$125,000"
"T2175","Eric Saubert","TE","SEA                  SEA","30","2025","2025","1","$1,422,500","$1,422,500","$517,500","$517,500"
"T2175","Mike Pennel","DT","KC                  KC","33","2025","2025","1","$1,422,500","$1,422,500","$396,000","$396,000"
"T2175","Zach Pascal","WR","NYG                  NYG","30","2025","2025","1","$1,422,500","$1,422,500","$90,000","$90,000"
"T2175","Jerome Baker","ILB","CLE                  CLE","28","2025","2025","1","$1,422,500","$1,422,500","$717,500","$717,500"
"T2175","Avonte Maddox","CB","DET                  DET","28","2025","2025","1","$1,422,500","$1,422,500","$1,197,500","$1,197,500"
"T2175","Al-Quadin Muhammad","DE","DET                  DET","29","2025","2025","1","$1,422,500","$1,422,500","$917,500","$917,500"
"T2175","Deandre Carter","WR","CLE                  CLE","31","2025","2025","1","$1,422,500","$1,422,500","$767,500","$767,500"
"T2175","David Moore","WR","CAR                  CAR","30","2025","2025","1","$1,422,500","$1,422,500","$563,500","$563,500"
"T2175","Derrick Nnadi","DT","NYJ                  NYJ","28","2025","2025","1","$1,422,500","$1,422,500","$417,500","$417,500"
"T2175","JuJu Smith-Schuster","WR","KC                  KC","28","2025","2025","1","$1,422,500","$1,422,500","$1,197,500","$1,197,500"
"T2175","Charley Hughlett","LS","PHI                  PHI","34","2025","2025","1","$1,422,500","$1,422,500","$467,500","$467,500"
"T2175","Trenton Scott","RT","WAS                  WAS","31","2025","2025","1","$1,422,500","$1,422,500","$415,000","$415,000"
"T2175","Jon Weeks","LS","SF                  SF","39","2025","2025","1","$1,422,500","$1,422,500","$200,000","$200,000"
"T2175","Will Clapp","C","NO                  NO","29","2025","2025","1","$1,422,500","$1,422,500","",""
"T2175","Brandon Allen","QB","TEN                  TEN","32","2025","2025","1","$1,422,500","$1,422,500","$1,000,000","$1,000,000"
"T2175","Anthony Walker Jr.","ILB","TB                  TB","29","2025","2025","1","$1,422,500","$1,422,500","$667,500","$667,500"
"T2175","Elijah Wilkinson","T","ATL                  ATL","30","2025","2025","1","$1,422,500","$1,422,500","$167,500","$167,500"
"T2175","Johnny Hekker","P","TEN                  TEN","35","2025","2025","1","$1,422,500","$1,422,500","$1,197,500","$1,197,500"
"T2175","Dan Skipper","LT","DET                  DET","30","2025","2025","1","$1,422,500","$1,422,500","$75,000","$75,000"
"T2210","Jihad Ward","OLB","TEN                  TEN","31","2025","2025","1","$1,405,000","$1,405,000","$50,000","$50,000"
"T2210","Ogbonnia Okoronkwo","DE","PHI                  PHI","30","2025","2025","1","$1,405,000","$1,405,000","",""
"T2212","Kayode Awosika","G","DET                  DET","26","2025","2025","1","$1,400,000","$1,400,000","$300,000","$300,000"
"T2212","Zach Thomas","G","HOU                  HOU","26","2025","2025","1","$1,400,000","$1,400,000","$100,000","$100,000"
"2214","Tony Jefferson","SS","LAC                  LAC","33","2025","2025","1","$1,380,000","$1,380,000","$25,000","$25,000"
"T2215","John Johnson","S","LAR                  LAR","28","2024","2024","1","$1,377,500","$1,377,500","$750,000","$750,000"
"T2215","Marcus Maye","S","LAC                  LAC","30","2024","2024","1","$1,377,500","$1,377,500","$567,500","$567,500"
"T2215","C.J. Uzomah","TE","PHI                  PHI","31","2024","2024","1","$1,377,500","$1,377,500","$717,500","$717,500"
"T2215","Kamu Grugier-Hill","ILB","MIN                  MIN","29","2024","2024","1","$1,377,500","$1,377,500","$142,500","$142,500"
"T2215","Rodney McLeod","S","CLE                  CLE","33","2024","2024","1","$1,377,500","$1,377,500","$767,500","$767,500"
"T2215","Michael Dunn","G","CLE                  CLE","29","2024","2024","1","$1,377,500","$1,377,500","$1,152,500","$1,152,500"
"T2215","Patrick Scales","LS","CHI                  CHI","36","2024","2024","1","$1,377,500","$1,377,500","$1,152,500","$1,152,500"
"2222","D’Anthony Bell","S","SEA                  SEA","28","2025","2025","1","$1,370,000","$1,370,000","$225,000","$225,000"
"T2223","Byron Cowart","DT","NYJ                  NYJ","28","2025","2025","1","$1,362,500","$1,362,500","$167,500","$167,500"
"T2223","Jack Stoll","TE","NO                  NO","27","2025","2025","1","$1,362,500","$1,362,500","$67,500","$67,500"
"T2225","Matt Pryor","G","PHI                  PHI","30","2025","2025","1","$1,355,000","$1,355,000","$700,000","$700,000"
"T2225","Pat O'Connor","DE","DET                  DET","31","2025","2025","1","$1,355,000","$1,355,000","$300,000","$300,000"
"T2225","Artie Burns","CB","MIA                  MIA","29","2025","2025","1","$1,355,000","$1,355,000","",""
"T2225","Pharaoh Brown","TE","MIA                  MIA","30","2025","2025","1","$1,355,000","$1,355,000","$20,000","$20,000"
"2229","Stone Smartt","TE","NYJ                  NYJ","26","2025","2025","1","$1,350,000","$1,350,000","$250,000","$250,000"
"T2230","Ben Bartch","G","SF                  SF","26","2025","2025","1","$1,337,500","$1,337,500","$1,172,500","$1,172,500"
"T2230","Andrew Beck","FB","NYJ                  NYJ","28","2025","2025","1","$1,337,500","$1,337,500","$167,500","$167,500"
"T2230","Myles Bryant","CB","HOU                  HOU","27","2025","2025","1","$1,337,500","$1,337,500","$500,500","$500,500"
"T2230","Isaiah Simmons","ILB","GB                  GB","26","2025","2025","1","$1,337,500","$1,337,500","$167,500","$167,500"
"T2230","Easton Stick","QB","ATL                  ATL","29","2025","2025","1","$1,337,500","$1,337,500","$567,500","$567,500"
"T2230","Max Scharping","G","PIT                  PIT","28","2025","2025","1","$1,337,500","$1,337,500","$167,500","$167,500"
"T2230","Julian Okwara","OLB","CLE                  CLE","27","2025","2025","1","$1,337,500","$1,337,500","$240,000","$240,000"
"T2230","Sam Franklin","S","DEN                  DEN","29","2025","2025","1","$1,337,500","$1,337,500","$1,337,500","$1,337,500"
"T2230","Mike Edwards","S","KC                  KC","28","2025","2025","1","$1,337,500","$1,337,500","$500,000","$500,000"
"T2230","Sam Ehlinger","QB","DEN                  DEN","26","2025","2025","1","$1,337,500","$1,337,500","$467,500","$467,500"
"T2230","Aaron Stinnie","G","NYG                  NYG","31","2025","2025","1","$1,337,500","$1,337,500","$475,000","$475,000"
"T2230","Iosua Opeta","G","TB                  TB","28","2025","2025","1","$1,337,500","$1,337,500","$67,500","$67,500"
"T2230","Nick Scott","S","CAR                  CAR","29","2025","2025","1","$1,337,500","$1,337,500","",""
"T2230","Royce Newman","G","ARI                  ARI","27","2025","2025","1","$1,337,500","$1,337,500","$45,000","$45,000"
"T2230","Tony Brown","CB","CLE                  CLE","28","2025","2025","1","$1,337,500","$1,337,500","",""
"T2230","Willie Gay Jr.","OLB","MIA                  MIA","27","2025","2025","1","$1,337,500","$1,337,500","$1,197,500","$1,197,500"
"T2230","Marlon Tuipulotu","DT","KC                  KC","25","2025","2025","1","$1,337,500","$1,337,500","$167,500","$167,500"
"T2230","Devin Duvernay","WR","CHI                  CHI","27","2025","2025","1","$1,337,500","$1,337,500","$167,500","$167,500"
"T2230","Fred Johnson","LT","JAX                  JAX","27","2025","2025","1","$1,337,500","$1,337,500","$1,142,500","$1,142,500"
"T2230","Victor Dimukeje","OLB","NYG                  NYG","25","2025","2025","1","$1,337,500","$1,337,500","$1,197,500","$1,197,500"
"T2230","Jalyn Holmes","DE","WAS                  WAS","29","2025","2025","1","$1,337,500","$1,337,500","$492,500","$492,500"
"T2230","Kentavius Street","DE","ATL                  ATL","28","2025","2025","1","$1,337,500","$1,337,500","$167,500","$167,500"
"T2230","Tyler Johnson","WR","NYJ                  NYJ","26","2025","2025","1","$1,337,500","$1,337,500","$367,500","$367,500"
"T2230","Kenny Yeboah","TE","DET                  DET","26","2025","2025","1","$1,337,500","$1,337,500","$482,500","$482,500"
"T2230","Demetrius Flannigan-Fowles","ILB","NYG                  NYG","28","2025","2025","1","$1,337,500","$1,337,500","$442,500","$442,500"
"T2230","Dane Jackson","CB","BUF                  BUF","28","2025","2025","1","$1,337,500","$1,337,500","$567,500","$567,500"
"T2230","Miles Sanders","RB","DAL                  DAL","27","2025","2025","1","$1,337,500","$1,337,500","","$167,500"
"T2230","Alexander Mattison","RB","MIA                  MIA","26","2025","2025","1","$1,337,500","$1,337,500","$1,197,500","$1,197,500"
"T2230","Michael Deiter","G","WAS                  WAS","28","2025","2025","1","$1,337,500","$1,337,500","$492,500","$492,500"
"T2230","Scotty Miller","WR","PIT                  PIT","27","2025","2025","1","$1,337,500","$1,337,500","",""
"T2230","K.J. Britt","ILB","MIA                  MIA","25","2025","2025","1","$1,337,500","$1,337,500","$1,197,500","$1,197,500"
"T2230","Jamin Davis","OLB","NYJ                  NYJ","26","2025","2025","1","$1,337,500","$1,337,500","$167,500","$167,500"
"T2230","Kindle Vildor","CB","TB                  TB","27","2025","2025","1","$1,337,500","$1,337,500","$1,197,500","$1,197,500"
"T2230","Neville Gallimore","DE","IND                  IND","28","2025","2025","1","$1,337,500","$1,337,500","$400,000","$400,000"
"T2230","Casey Toohill","DE","HOU                  HOU","28","2025","2025","1","$1,337,500","$1,337,500","$52,500","$52,500"
"T2230","A.J. Dillon","RB","PHI                  PHI","26","2025","2025","1","$1,337,500","$1,337,500","$167,500","$167,500"
"T2230","Chukwuma Okorafor","LT","NYJ                  NYJ","27","2025","2025","1","$1,337,500","$1,337,500","$757,500","$757,500"
"T2230","Khalil Herbert","RB","IND                  IND","26","2025","2025","1","$1,337,500","$1,337,500","$482,500","$482,500"
"T2230","Ihmir Smith-Marsette","WR","NYG                  NYG","25","2025","2025","1","$1,337,500","$1,337,500","$75,000","$75,000"
"T2230","Stone Forsythe","LT","NYG                  NYG","27","2025","2025","1","$1,337,500","$1,337,500","$140,000","$140,000"
"T2230","Jalen Reagor","WR","LAC                  LAC","26","2025","2025","1","$1,337,500","$1,337,500","$360,000","$360,000"
"T2230","Darrick Forrest","S","BUF                  BUF","25","2025","2025","1","$1,337,500","$1,337,500","$167,500","$167,500"
"T2230","Dante Pettis","WR","NO                  NO","29","2025","2025","1","$1,337,500","$1,337,500","",""
"T2230","Jeremy McNichols","RB","WAS                  WAS","29","2025","2025","1","$1,337,500","$1,337,500","$492,500","$492,500"
"T2230","Scott Daly","LS","CHI                  CHI","31","2025","2025","1","$1,337,500","$1,337,500","$167,500","$167,500"
"2275","Jordan Fuller","S","ATL                  ATL","27","2025","2025","1","$1,335,000","$1,335,000","$80,000","$80,000"
"T2276","David Quessenberry","RT","LAR                  LAR","34","2025","2025","1","$1,330,000","$1,330,000","$134,500","$134,500"
"T2276","Arthur Maulet","CB","HOU                  HOU","32","2025","2025","1","$1,330,000","$1,330,000","$75,000","$75,000"
"2278","Sheldon Day","DT","WAS                  WAS","30","2025","2025","1","$1,322,500","$1,322,500","$42,500","$42,500"
"T2279","Nick McCloud","CB","CHI                  CHI","26","2025","2025","1","$1,320,000","$1,320,000","$50,000","$50,000"
"T2279","Craig Reynolds","RB","DET                  DET","28","2025","2025","1","$1,320,000","$1,320,000","",""
"T2279","Blake Hance","G","TEN                  TEN","29","2025","2025","1","$1,320,000","$1,320,000","$525,000","$525,000"
"T2282","DJ Chark","WR","ATL                  ATL","28","2025","2025","1","$1,300,000","$1,300,000","$45,000","$45,000"
"T2282","Jack Gibbens","ILB","NE                  NE","26","2025","2025","1","$1,300,000","$1,300,000","$309,000","$309,000"
"T2284","Joey Slye","K","TEN                  TEN","28","2025","2025","1","$1,295,000","$1,295,000","$25,000","$25,000"
"T2284","James Pierre","CB","PIT                  PIT","28","2025","2025","1","$1,295,000","$1,295,000","$50,000","$50,000"
"T2286","Cameron Brown","ILB","MIA                  MIA","26","2024","2024","1","$1,292,500","$1,292,500","$193,750","$193,750"
"T2286","Matthew Adams","ILB","NYG                  NYG","28","2024","2024","1","$1,292,500","$1,292,500","$967,500","$967,500"
"T2286","Deonte Harty","WR","BAL                  BAL","26","2024","2024","1","$1,292,500","$1,292,500","$1,152,500","$1,152,500"
"T2286","Michael Badgley","K","DET                  DET","28","2024","2024","1","$1,292,500","$1,292,500","$425,000","$425,000"
"2290","Ugo Amadi","S","NO                  NO","27","2025","2025","1","$1,280,000","$1,280,000","$110,000","$110,000"
"2291","Patrick Johnson","OLB","PHI                  PHI","26","2025","2025","1","$1,275,000","$1,275,000","",""
"T2292","Trystan Colon-Castillo","G","DET                  DET","27","2025","2025","1","$1,270,000","$1,270,000","$50,000","$50,000"
"T2292","Kyle Allen","QB","DET                  DET","29","2025","2025","1","$1,270,000","$1,270,000","$100,000","$100,000"
"T2292","D'Wayne Eskridge","WR","MIA                  MIA","27","2025","2025","1","$1,270,000","$1,270,000","",""
"T2295","MyCole Pruitt","TE","PIT                  PIT","32","2024","2024","1","$1,260,000","$1,260,000","",""
"T2295","Rick Lovato","LS","PHI                  PHI","31","2024","2024","1","$1,260,000","$1,260,000","$100,000","$100,000"
"T2295","Le'Raven Clark","RT","PHI                  PHI","30","2024","2024","1","$1,260,000","$1,260,000","$175,000","$175,000"
"T2298","Ezekiel Turner","OLB","DET                  DET","28","2025","2025","1","$1,255,000","$1,255,000","",""
"T2298","Tanner Hudson","TE","CIN                  CIN","30","2025","2025","1","$1,255,000","$1,255,000","",""
"T2298","Deon Bush","S","KC                  KC","31","2025","2025","1","$1,255,000","$1,255,000","$396,000","$396,000"
"T2298","Bobby Hart","G","WAS                  WAS","30","2025","2025","1","$1,255,000","$1,255,000","",""
"T2298","Chris Moore","WR","WAS                  WAS","31","2025","2025","1","$1,255,000","$1,255,000","",""
"T2298","Adam Gotsis","DE","TB                  TB","32","2025","2025","1","$1,255,000","$1,255,000","",""
"T2298","Deion Jones","OLB","TB                  TB","30","2025","2025","1","$1,255,000","$1,255,000","",""
"T2298","Laquon Treadwell","WR","IND                  IND","29","2025","2025","1","$1,255,000","$1,255,000","",""
"T2298","Phillip Dorsett","WR","LV                  LV","32","2025","2025","1","$1,255,000","$1,255,000","",""
"T2298","Daryl Worley","CB","WAS                  WAS","30","2025","2025","1","$1,255,000","$1,255,000","",""
"T2298","Demone Harris","DE","SF                  SF","29","2025","2025","1","$1,255,000","$1,255,000","",""
"T2298","Mike Boone","RB","MIA                  MIA","30","2025","2025","1","$1,255,000","$1,255,000","",""
"T2298","Conor McDermott","T","HOU                  HOU","32","2025","2025","1","$1,255,000","$1,255,000","",""
"T2298","Trevor Siemian","QB","TEN                  TEN","33","2025","2025","1","$1,255,000","$1,255,000","",""
"T2298","Kyle Peko","DT","NE                  NE","32","2025","2025","1","$1,255,000","$1,255,000","",""
"T2298","Terrell Edmunds","S","LV                  LV","28","2025","2025","1","$1,255,000","$1,255,000","",""
"T2298","Ronnie Harrison","S","ATL                  ATL","28","2025","2025","1","$1,255,000","$1,255,000","",""
"T2298","Jalen Mills","CB","HOU                  HOU","31","2025","2025","1","$1,255,000","$1,255,000","",""
"T2298","David Sharpe","LT","LAC                  LAC","29","2025","2025","1","$1,255,000","$1,255,000","",""
"T2298","Fabian Moreau","CB","SF                  SF","31","2025","2025","1","$1,255,000","$1,255,000","",""
"T2298","Nick Vannett","TE","MIN                  MIN","32","2025","2025","1","$1,255,000","$1,255,000","",""
"T2298","Austin Johnson","DT","JAX                  JAX","31","2025","2025","1","$1,255,000","$1,255,000","",""
"T2298","Robbie Anderson","WR","SF                  SF","32","2025","2025","1","$1,255,000","$1,255,000","",""
"T2298","Germain Ifedi","G","MIA                  MIA","31","2025","2025","1","$1,255,000","$1,255,000","",""
"T2298","D’Ernest Johnson","RB","BAL                  BAL","29","2025","2025","1","$1,255,000","$1,255,000","",""
"T2298","Geron Christian","LT","DAL                  DAL","28","2025","2025","1","$1,255,000","$1,255,000","",""
"T2298","Ameer Abdullah","RB","SF                  SF","32","2025","2025","1","$1,255,000","$1,255,000","",""
"T2298","Josh Tupou","DT","IND                  IND","31","2025","2025","1","$1,255,000","$1,255,000","",""
"T2298","Tanoh Kpassagnon","DE","CHI                  CHI","31","2025","2025","1","$1,255,000","$1,255,000","",""
"T2298","Tre Flowers","CB","CHI                  CHI","31","2025","2025","1","$1,255,000","$1,255,000","",""
"T2298","Jamal Adams","S","LV                  LV","29","2025","2025","1","$1,255,000","$1,255,000","",""
"T2298","Chidobe Awuzie","CB","BAL                  BAL","29","2025","2025","1","$1,255,000","$1,255,000","",""
"T2298","Ahkello Witherspoon","CB","LAR                  LAR","29","2025","2025","1","$1,255,000","$1,255,000","$1,255,000","$1,255,000"
"T2298","Corey Levin","C","TEN                  TEN","30","2025","2025","1","$1,255,000","$1,255,000","",""
"T2298","Eddie Goldman","DT","WAS                  WAS","31","2025","2025","1","$1,255,000","$1,255,000","$315,000","$315,000"
"T2298","Robert Tonyan Jr.","TE","KC                  KC","30","2025","2025","1","$1,255,000","$1,255,000","",""
"T2298","Shaq Thompson","ILB","BUF                  BUF","31","2025","2025","1","$1,255,000","$1,255,000","",""
"T2298","Zach Cunningham","ILB","DET                  DET","30","2025","2025","1","$1,255,000","$1,255,000","",""
"T2298","Carl Davis","DT","WAS                  WAS","33","2025","2025","1","$1,255,000","$1,255,000","",""
"T2298","Jaylon Smith","ILB","LV                  LV","29","2025","2025","1","$1,255,000","$1,255,000","",""
"2338","Michael Gallup","WR","WAS                  WAS","29","2025","2025","1","$1,250,000","$1,250,000","$200,000","$200,000"
"2339","Lil’jordan Humphrey","WR","NYG                  NYG","26","2025","2025","1","$1,245,000","$1,245,000","$25,000","$25,000"
"2340","Carlos Watkins","DE","TEN                  TEN","31","2025","2025","1","$1,235,000","$1,235,000","",""
"2341","Irv Smith","TE","HOU                  HOU","26","2025","2025","1","$1,230,000","$1,230,000","$15,000","$15,000"
"T2342","Avery Williams","RB","PHI                  PHI","30","2025","2025","1","$1,225,000","$1,225,000","$400,000","$400,000"
"T2342","Cameron Sample","DE","CIN                  CIN","25","2025","2025","1","$1,225,000","$1,225,000","$100,000","$100,000"
"T2344","Hunter Renfrow","WR","CAR                  CAR","29","2025","2025","1","$1,220,000","$1,220,000","$50,000","$50,000"
"T2344","Jonah Williams","DE","NO                  NO","29","2025","2025","1","$1,220,000","$1,220,000","",""
"T2346","Mark Glowinski","G","IND                  IND","32","2024","2024","1","$1,210,000","$1,210,000","",""
"T2346","Jake McQuaide","LS","MIA                  MIA","36","2024","2024","1","$1,210,000","$1,210,000","",""
"T2346","Tashaun Gipson","FS","SF                  SF","34","2024","2024","1","$1,210,000","$1,210,000","",""
"T2346","Pat O'Donnell","P","SF                  SF","33","2024","2024","1","$1,210,000","$1,210,000","",""
"T2346","C.J. Beathard","QB","JAX                  JAX","30","2024","2024","1","$1,210,000","$1,210,000","",""
"T2346","Jordan Phillips","DT","BUF                  BUF","32","2024","2024","1","$1,210,000","$1,210,000","",""
"T2346","Quinton Jefferson","DT","BUF                  BUF","31","2024","2024","1","$1,210,000","$1,210,000","",""
"T2346","Chris Hubbard","RT","NYG                  NYG","33","2024","2024","1","$1,210,000","$1,210,000","",""
"T2346","Geoff Swaim","TE","CLE                  CLE","31","2024","2024","1","$1,210,000","$1,210,000","",""
"T2346","Allen Robinson","WR","DET                  DET","31","2024","2024","1","$1,210,000","$1,210,000","",""
"T2346","Nick Vigil","OLB","DAL                  DAL","30","2024","2024","1","$1,210,000","$1,210,000","",""
"T2346","Tyler Matakevich","ILB","PIT                  PIT","31","2024","2024","1","$1,210,000","$1,210,000","",""
"T2346","Cameron Sutton","CB","PIT                  PIT","29","2024","2024","1","$1,210,000","$1,210,000","",""
"T2346","Vonn Bell","S","CIN                  CIN","29","2024","2024","1","$1,210,000","$1,210,000","",""
"T2346","Laviska Shenault","WR","BUF                  BUF","26","2025","2025","1","$1,210,000","$1,210,000","$15,000","$15,000"
"T2346","Darrynton Evans","RB","BUF                  BUF","26","2025","2025","1","$1,210,000","$1,210,000","$15,000","$15,000"
"T2362","Jaylon Jones","S","ARI                  ARI","27","2025","2025","1","$1,200,000","$1,200,000","$50,000","$50,000"
"T2362","Kendrick Green","G","BUF                  BUF","26","2025","2025","1","$1,200,000","$1,200,000","",""
"T2362","Harrison Bryant","TE","PHI                  PHI","26","2025","2025","1","$1,200,000","$1,200,000","$780,000","$780,000"
"T2362","Jake Hummel","ILB","BAL                  BAL","26","2025","2025","1","$1,200,000","$1,200,000","$100,000","$100,000"
"T2366","Brett Rypien","QB","MIN                  MIN","28","2025","2025","1","$1,195,000","$1,195,000","",""
"T2366","Terrace Marshall","WR","PHI                  PHI","24","2025","2025","1","$1,195,000","$1,195,000","$25,000","$25,000"
"T2366","Jake Curhan","RT","ARI                  ARI","27","2025","2025","1","$1,195,000","$1,195,000","",""
"T2366","Darnay Holmes","CB","LV                  LV","26","2025","2025","1","$1,195,000","$1,195,000","$25,000","$25,000"
"T2366","K.J. Osborn","WR","WAS                  WAS","27","2025","2025","1","$1,195,000","$1,195,000","",""
"2371","Jakob Johnson","FB","HOU                  HOU","30","2025","2025","1","$1,180,000","$1,180,000","",""
"T2372","Harrison Hand","CB","LAC                  LAC","26","2025","2025","1","$1,170,000","$1,170,000","",""
"T2372","C.J. Henderson","CB","ATL                  ATL","26","2025","2025","1","$1,170,000","$1,170,000","",""
"T2372","Malik Turner","WR","SF                  SF","29","2025","2025","1","$1,170,000","$1,170,000","",""
"T2372","Cam Gill","OLB","MIN                  MIN","27","2025","2025","1","$1,170,000","$1,170,000","",""
"T2372","Khaleke Hudson","ILB","TEN                  TEN","27","2025","2025","1","$1,170,000","$1,170,000","",""
"T2372","Essang Bassey","CB","WAS                  WAS","26","2025","2025","1","$1,170,000","$1,170,000","",""
"T2372","Trevis Gipson","OLB","SF                  SF","28","2025","2025","1","$1,170,000","$1,170,000","",""
"T2372","Myles Gaskin","RB","BAL                  BAL","28","2025","2025","1","$1,170,000","$1,170,000","",""
"T2372","Jake Hanson","G","ATL                  ATL","28","2025","2025","1","$1,170,000","$1,170,000","",""
"T2372","Ke'Shawn Vaughn","RB","SF                  SF","28","2025","2025","1","$1,170,000","$1,170,000","",""
"T2372","Joe Gaziano","DE","TEN                  TEN","28","2025","2025","1","$1,170,000","$1,170,000","",""
"T2372","JaMycal Hasty","RB","NE                  NE","28","2025","2025","1","$1,170,000","$1,170,000","",""
"T2372","Tyler Huntley","QB","CLE                  CLE","27","2025","2025","1","$1,170,000","$1,170,000","",""
"T2372","Bruce Hector","DT","SF                  SF","30","2025","2025","1","$1,170,000","$1,170,000","",""
"T2372","Krys Barnes","ILB","CAR                  CAR","27","2025","2025","1","$1,170,000","$1,170,000","",""
"T2372","Justin Herron","LT","DET                  DET","29","2025","2025","1","$1,170,000","$1,170,000","",""
"T2372","Grayland Arnold","CB","ATL                  ATL","27","2025","2025","1","$1,170,000","$1,170,000","",""
"T2372","Chris Lammons","CB","IND                  IND","29","2025","2025","1","$1,170,000","$1,170,000","",""
"T2372","Shane Lemieux","G","NO                  NO","28","2025","2025","1","$1,170,000","$1,170,000","",""
"T2372","Matt Nelson","RT","MIN                  MIN","29","2025","2025","1","$1,170,000","$1,170,000","",""
"T2372","Duke Shelley","CB","IND                  IND","28","2025","2025","1","$1,170,000","$1,170,000","",""
"T2372","Tre Herndon","CB","BUF                  BUF","29","2025","2025","1","$1,170,000","$1,170,000","",""
"T2372","Gunner Olszewski","WR","NYG                  NYG","28","2025","2025","1","$1,170,000","$1,170,000","",""
"T2372","Michael Jordan","G","TB                  TB","27","2025","2025","1","$1,170,000","$1,170,000","",""
"T2372","Cornell Armstrong","CB","MIA                  MIA","29","2025","2025","1","$1,170,000","$1,170,000","",""
"T2372","Daniel Brunskill","C","MIA                  MIA","31","2025","2025","1","$1,170,000","$1,170,000","",""
"T2372","Equanimeous St. Brown","WR","SF                  SF","28","2025","2025","1","$1,170,000","$1,170,000","",""
"T2372","K'Von Wallace","S","NYG                  NYG","27","2025","2025","1","$1,170,000","$1,170,000","",""
"T2372","Nyheim Miller-Hines","RB","LAC                  LAC","28","2025","2025","1","$1,170,000","$1,170,000","",""
"T2372","Dicaprio Bootle","CB","DET                  DET","27","2025","2025","1","$1,170,000","$1,170,000","",""
"T2372","Cam Akers","RB","NO                  NO","25","2025","2025","1","$1,170,000","$1,170,000","",""
"T2372","Jackson Barton","LT","CLE                  CLE","29","2025","2025","1","$1,170,000","$1,170,000","",""
"T2372","Trenton Irwin","WR","JAX                  JAX","29","2025","2025","1","$1,170,000","$1,170,000","",""
"T2372","Nik Needham","CB","CLE                  CLE","28","2025","2025","1","$1,170,000","$1,170,000","",""
"T2372","Trayveon Williams","RB","CLE                  CLE","27","2025","2025","1","$1,170,000","$1,170,000","",""
"T2372","Hakeem Adeniji","LT","DAL                  DAL","27","2025","2025","1","$1,170,000","$1,170,000","",""
"T2372","Amani Oruwariye","CB","TEN                  TEN","29","2025","2025","1","$1,170,000","$1,170,000","",""
"T2372","Donovan Peoples-Jones","WR","NO                  NO","26","2025","2025","1","$1,170,000","$1,170,000","",""
"T2372","Terrell Burgess","S","NO                  NO","26","2025","2025","1","$1,170,000","$1,170,000","",""
"T2372","Kendall Sheffield","CB","MIA                  MIA","28","2025","2025","1","$1,170,000","$1,170,000","",""
"T2372","Zach Triner","LS","SEA                  SEA","34","2025","2025","1","$1,170,000","$1,170,000","",""
"T2372","Caleb Johnson","ILB","ATL                  ATL","26","2025","2025","1","$1,170,000","$1,170,000","",""
"T2372","Trey Sermon","RB","PIT                  PIT","26","2025","2025","1","$1,170,000","$1,170,000","",""
"T2372","Tyre Phillips","T","WAS                  WAS","28","2025","2025","1","$1,170,000","$1,170,000","",""
"T2372","Andre Dillard","RT","SF                  SF","29","2025","2025","1","$1,170,000","$1,170,000","",""
"T2372","Joe Bachie","ILB","IND                  IND","27","2025","2025","1","$1,170,000","$1,170,000","",""
"T2372","James Lynch","DT","TEN                  TEN","26","2025","2025","1","$1,170,000","$1,170,000","",""
"T2372","Josiah Deguara","TE","ARI                  ARI","28","2025","2025","1","$1,170,000","$1,170,000","",""
"T2372","Collin Johnson","WR","LV                  LV","27","2025","2025","1","$1,170,000","$1,170,000","",""
"T2372","Diontae Johnson","WR","CLE                  CLE","28","2025","2025","1","$1,170,000","$1,170,000","",""
"T2372","Anthony Pittman","ILB","DET                  DET","28","2025","2025","1","$1,170,000","$1,170,000","",""
"T2372","Zayne Anderson","S","GB                  GB","28","2025","2025","1","$1,170,000","$1,170,000","",""
"T2372","Will Grier","QB","DAL                  DAL","29","2025","2025","1","$1,170,000","$1,170,000","",""
"T2372","Donald Parham","TE","PIT                  PIT","27","2025","2025","1","$1,170,000","$1,170,000","",""
"T2372","Keith Kirkwood","WR","BAL                  BAL","30","2025","2025","1","$1,170,000","$1,170,000","",""
"T2372","John Wolford","QB","JAX                  JAX","29","2025","2025","1","$1,170,000","$1,170,000","",""
"T2372","Clyde Edwards-Helaire","RB","NO                  NO","25","2025","2025","1","$1,170,000","$1,170,000","",""
"T2372","Parry Nickerson","CB","PHI                  PHI","30","2025","2025","1","$1,170,000","$1,170,000","",""
"T2372","Matthew Wright","K","CAR                  CAR","28","2025","2025","1","$1,170,000","$1,170,000","",""
"T2372","Bobby Price","CB","WAS                  WAS","26","2025","2025","1","$1,170,000","$1,170,000","",""
"T2372","Jalen Davis","CB","CIN                  CIN","29","2025","2025","1","$1,170,000","$1,170,000","",""
"T2372","Joshua Miles","RT","CHI                  CHI","29","2025","2025","1","$1,170,000","$1,170,000","",""
"T2372","Anthony Miller","WR","BAL                  BAL","30","2025","2025","1","$1,170,000","$1,170,000","",""
"T2372","Carlos Basham Jr.","OLB","CAR                  CAR","27","2025","2025","1","$1,170,000","$1,170,000","",""
"T2372","Jonathan Ward","RB","NYG                  NYG","27","2025","2025","1","$1,170,000","$1,170,000","",""
"T2372","Jonathan Harris","DE","MIN                  MIN","28","2025","2025","1","$1,170,000","$1,170,000","",""
"T2372","Brett Toth","G","PHI                  PHI","28","2025","2025","1","$1,170,000","$1,170,000","",""
"T2372","Marquez Callaway","WR","LV                  LV","26","2025","2025","1","$1,170,000","$1,170,000","",""
"T2372","Calvin Throckmorton","G","DEN                  DEN","28","2025","2025","1","$1,170,000","$1,170,000","",""
"T2372","Tyler Hall","CB","SEA                  SEA","26","2025","2025","1","$1,170,000","$1,170,000","",""
"T2372","Russell Gage","WR","SF                  SF","28","2025","2025","1","$1,170,000","$1,170,000","",""
"T2372","Isaiah Prince","T","SF                  SF","27","2025","2025","1","$1,170,000","$1,170,000","",""
"T2372","Trent Taylor","WR","SF                  SF","30","2025","2025","1","$1,170,000","$1,170,000","",""
"T2372","Albert Okwuegbunam","TE","LV                  LV","26","2025","2025","1","$1,170,000","$1,170,000","",""
"T2372","Sean McKeon","TE","IND                  IND","27","2025","2025","1","$1,170,000","$1,170,000","",""
"T2372","Salvon Ahmed","RB","IND                  IND","26","2025","2025","1","$1,170,000","$1,170,000","",""
"T2372","Khalid Kareem","DE","ATL                  ATL","26","2025","2025","1","$1,170,000","$1,170,000","",""
"T2372","Logan Woodside","QB","NO                  NO","30","2025","2025","1","$1,170,000","$1,170,000","",""
"T2372","Saahdiq Charles","G","DAL                  DAL","25","2025","2025","1","$1,170,000","$1,170,000","",""
"T2372","Troy Reeder","ILB","LAR                  LAR","30","2025","2025","1","$1,170,000","$1,170,000","",""
"T2372","Matt Dickerson","DT","MIA                  MIA","29","2025","2025","1","$1,170,000","$1,170,000","",""
"T2372","Miles Boykin","WR","CHI                  CHI","28","2025","2025","1","$1,170,000","$1,170,000","",""
"T2372","Kristian Welch","ILB","GB                  GB","28","2025","2025","1","$1,170,000","$1,170,000","",""
"T2372","Devin White","ILB","LV                  LV","27","2025","2025","1","$1,170,000","$1,170,000","",""
"T2372","James Proche","WR","TEN                  TEN","28","2025","2025","1","$1,170,000","$1,170,000","",""
"T2372","Steven Sims Jr.","WR","SEA                  SEA","27","2025","2025","1","$1,170,000","$1,170,000","",""
"T2372","Robert Rochell","CB","DAL                  DAL","26","2025","2025","1","$1,170,000","$1,170,000","",""
"T2372","River Cracraft","WR","WAS                  WAS","30","2025","2025","1","$1,170,000","$1,170,000","",""
"T2372","Rock Ya-Sin","CB","DET                  DET","28","2025","2025","1","$1,170,000","$1,170,000","",""
"T2372","Bryce Hall","CB","TB                  TB","27","2025","2025","1","$1,170,000","$1,170,000","",""
"T2372","Andre James","C","LAC                  LAC","27","2025","2025","1","$1,170,000","$1,170,000","",""
"T2372","Jay Tufele","DT","NYJ                  NYJ","25","2025","2025","1","$1,170,000","$1,170,000","",""
"T2372","Ben Cleveland","G","BAL                  BAL","26","2025","2025","1","$1,170,000","$1,170,000","",""
"T2372","Larrell Murchison","DT","LAR                  LAR","27","2025","2025","1","$1,170,000","$1,170,000","$160,000","$160,000"
"T2372","Brandon Parker","RT","ATL                  ATL","29","2025","2025","1","$1,170,000","$1,170,000","",""
"T2372","Gardner Minshew","QB","KC                  KC","28","2025","2025","1","$1,170,000","$1,170,000","",""
"T2372","Josh Woods","LB","ATL                  ATL","28","2025","2025","1","$1,170,000","$1,170,000","",""
"T2372","Kevon Seymour","CB","WAS                  WAS","31","2025","2025","1","$1,170,000","$1,170,000","",""
"T2372","Jackson Carman","LT","MIA                  MIA","25","2025","2025","1","$1,170,000","$1,170,000","",""
"T2372","Rashad Weaver","OLB","NYJ                  NYJ","27","2025","2025","1","$1,170,000","$1,170,000","",""
"T2372","Curtis Robinson","OLB","SF                  SF","26","2025","2025","1","$1,170,000","$1,170,000","",""
"T2372","Patrick Taylor","RB","SF                  SF","26","2025","2025","1","$1,170,000","$1,170,000","$300,000","$300,000"
"T2474","Chazz Surratt","ILB","SF                  SF","28","2025","2025","1","$1,150,000","$1,150,000","$315,000","$315,000"
"T2474","Quintin Morris","TE","JAX                  JAX","26","2025","2025","1","$1,150,000","$1,150,000","$365,000","$365,000"
"T2474","Velus Jones","WR","NO                  NO","27","2025","2025","1","$1,150,000","$1,150,000","",""
"T2474","Nick Muse","TE","PHI                  PHI","26","2025","2025","1","$1,150,000","$1,150,000","$25,000","$25,000"
"2478","Adam Prentice","FB","NO                  NO","27","2024","2024","1","$1,130,000","$1,130,000","",""
"T2479","Adrian Colbert","S","CHI                  CHI","30","2024","2024","1","$1,125,000","$1,125,000","",""
"T2479","Trayvon Mullen","CB","BAL                  BAL","25","2024","2024","1","$1,125,000","$1,125,000","",""
"T2479","Jack Driscoll","G","PHI                  PHI","27","2024","2024","1","$1,125,000","$1,125,000","",""
"T2479","Matthew Orzech","LS","GB                  GB","29","2024","2025","1","$1,125,000","$1,125,000","",""
"T2479","Armon Watts","DT","NYG                  NYG","28","2024","2024","1","$1,125,000","$1,125,000","",""
"T2479","DeShawn Williams","DT","CAR                  CAR","31","2024","2024","1","$1,125,000","$1,125,000","",""
"T2479","Tyus Bowser","OLB","MIA                  MIA","29","2024","2024","1","$1,125,000","$1,125,000","",""
"T2479","D'Onta Foreman","RB","CLE                  CLE","28","2024","2024","1","$1,125,000","$1,125,000","",""
"T2479","Carl Lawson","DE","DAL                  DAL","29","2024","2024","1","$1,125,000","$1,125,000","",""
"T2479","Shaq Quarterman","LB","LAC                  LAC","26","2024","2024","1","$1,125,000","$1,125,000","",""
"T2479","Nick Gates","C","PHI                  PHI","28","2024","2024","1","$1,125,000","$1,125,000","",""
"T2479","Ben Niemann","OLB","DET                  DET","28","2024","2024","1","$1,125,000","$1,125,000","",""
"T2479","Elijah Riley","CB","NYG                  NYG","25","2024","2024","1","$1,125,000","$1,125,000","",""
"T2479","Sam Eguavoen","OLB","NYJ                  NYJ","31","2024","2024","1","$1,125,000","$1,125,000","",""
"T2479","Oshane Ximines","OLB","NE                  NE","27","2024","2024","1","$1,125,000","$1,125,000","",""
"T2479","Sam Mustipher","C","LAC                  LAC","27","2024","2024","1","$1,125,000","$1,125,000","",""
"T2479","Hayden Hurst","TE","LAC                  LAC","30","2024","2024","1","$1,125,000","$1,125,000","",""
"2496","K.J. Hamler","WR","BUF                  BUF","25","2025","2025","1","$1,108,000","$1,108,000","$8,000","$8,000"
"T2497","Joe Giles-Harris","ILB","CIN                  CIN","28","2025","2025","1","$1,100,000","$1,100,000","",""
"T2497","Janarius Robinson","DE","KC                  KC","26","2025","2025","1","$1,100,000","$1,100,000","",""
"T2497","Shaun Wade","CB","CHI                  CHI","26","2025","2025","1","$1,100,000","$1,100,000","",""
"T2497","Raheem Blackshear","RB","CAR                  CAR","26","2025","2025","1","$1,100,000","$1,100,000","",""
"T2497","Teagan Quitoriano","TE","ATL                  ATL","25","2025","2025","1","$1,100,000","$1,100,000","",""
"T2497","Julius Chestnut","RB","TEN                  TEN","24","2025","2025","1","$1,100,000","$1,100,000","",""
"T2497","Zach Carter","DT","LV                  LV","25","2025","2025","1","$1,100,000","$1,100,000","",""
"T2497","Nathan Landman","ILB","LAR                  LAR","26","2025","2025","1","$1,100,000","$1,100,000","$75,000","$75,000"
"T2497","Foster Sarell","LT","WAS                  WAS","26","2025","2025","1","$1,100,000","$1,100,000","",""
"T2497","Shane Zylstra","TE","DET                  DET","28","2025","2025","1","$1,100,000","$1,100,000","",""
"T2497","Ronnie Rivers","RB","LAR                  LAR","26","2025","2025","1","$1,100,000","$1,100,000","",""
"T2497","Keith Taylor","CB","ATL                  ATL","26","2025","2025","1","$1,100,000","$1,100,000","$400,000","$400,000"
"T2497","Bailey Zappe","QB","KC                  KC","25","2025","2025","1","$1,100,000","$1,100,000","",""
"T2497","Cole Christiansen","ILB","KC                  KC","27","2025","2025","1","$1,100,000","$1,100,000","$378,333","$378,333"
"T2497","Mike Brown","S","TEN                  TEN","25","2025","2025","1","$1,100,000","$1,100,000","",""
"T2497","Darrell Baker Jr.","CB","TEN                  TEN","26","2025","2025","1","$1,100,000","$1,100,000","",""
"T2497","Giovanni Ricci","FB","MIN                  MIN","28","2025","2025","1","$1,100,000","$1,100,000","",""
"T2497","J.J. Russell","ILB","ARI                  ARI","26","2025","2025","1","$1,100,000","$1,100,000","",""
"T2497","Malik Taylor","WR","DET                  DET","29","2025","2025","1","$1,100,000","$1,100,000","",""
"T2497","Britain Covey","WR","LAR                  LAR","28","2025","2025","1","$1,100,000","$1,100,000","$185,000","$185,000"
"T2497","Chris Rumph II","OLB","NO                  NO","26","2025","2025","1","$1,100,000","$1,100,000","",""
"T2497","Deon Jackson","RB","DET                  DET","26","2025","2025","1","$1,100,000","$1,100,000","",""
"T2497","Chris Myarick","FB","MIA                  MIA","29","2025","2025","1","$1,100,000","$1,100,000","",""
"T2497","Arlington Hambright","G","TEN                  TEN","29","2025","2025","1","$1,100,000","$1,100,000","",""
"T2497","Jacob Harris","WR","TB                  TB","28","2025","2025","1","$1,100,000","$1,100,000","",""
"T2497","Breiden Fehoko","DT","PIT                  PIT","28","2025","2025","1","$1,100,000","$1,100,000","",""
"T2497","Garret Wallow","ILB","DEN                  DEN","26","2025","2025","1","$1,100,000","$1,100,000","",""
"T2497","Lucas Niang","RT","WAS                  WAS","26","2025","2025","1","$1,100,000","$1,100,000","",""
"T2497","Jack Jones","CB","MIA                  MIA","27","2025","2025","1","$1,100,000","$1,100,000","",""
"T2497","Timothy Horne","DT","TEN                  TEN","27","2025","2025","1","$1,100,000","$1,100,000","",""
"T2497","Desmond Ridder","QB","CIN                  CIN","25","2025","2025","1","$1,100,000","$1,100,000","",""
"T2497","Nephi Sewell","OLB","NO                  NO","26","2025","2025","1","$1,100,000","$1,100,000","",""
"T2497","Xavier Newman-Johnson","G","NYJ                  NYJ","25","2025","2025","1","$1,100,000","$1,100,000","",""
"T2497","Brock Hoffman","C","DAL                  DAL","25","2025","2025","1","$1,100,000","$1,100,000","",""
"T2497","Blake Lynch","LB","TEN                  TEN","26","2025","2025","1","$1,100,000","$1,100,000","",""
"T2497","Cal Adomitis","LS","CIN                  CIN","26","2025","2025","1","$1,100,000","$1,100,000","",""
"T2497","Tariq Castro-Fields","CB","PHI                  PHI","26","2025","2025","1","$1,100,000","$1,100,000","",""
"T2497","Tyquan Thornton","WR","KC                  KC","24","2025","2025","1","$1,100,000","$1,100,000","",""
"T2497","Netane Muti","G","DET                  DET","25","2025","2025","1","$1,100,000","$1,100,000","",""
"T2497","Tyree Jackson","TE","WAS                  WAS","27","2025","2025","1","$1,100,000","$1,100,000","",""
"T2497","A.J. Green","CB","LAR                  LAR","26","2025","2025","1","$1,100,000","$1,100,000","",""
"T2497","Tony Fields","OLB","LAR                  LAR","25","2025","2025","1","$1,100,000","$1,100,000","",""
"T2497","Quintez Cephus","WR","HOU                  HOU","26","2025","2025","1","$1,100,000","$1,100,000","",""
"T2497","Russ Yeast","S","HOU                  HOU","25","2025","2025","1","$1,100,000","$1,100,000","",""
"T2497","J.J. Taylor","RB","HOU                  HOU","27","2025","2025","1","$1,100,000","$1,100,000","",""
"T2497","Tremayne Anchrum","G","JAX                  JAX","26","2025","2025","1","$1,100,000","$1,100,000","",""
"T2497","David Sills","WR","ATL                  ATL","29","2025","2025","1","$1,100,000","$1,100,000","",""
"T2497","Tom Kennedy","WR","DET                  DET","28","2025","2025","1","$1,100,000","$1,100,000","",""
"T2497","Jamarco Jones","T","DET                  DET","28","2025","2025","1","$1,100,000","$1,100,000","",""
"T2497","Nahshon Wright","CB","CHI                  CHI","26","2025","2025","1","$1,100,000","$1,100,000","",""
"T2497","Ambry Thomas","CB","MIN                  MIN","25","2025","2025","1","$1,100,000","$1,100,000","",""
"T2497","Trishton Jackson","WR","ARI                  ARI","26","2025","2025","1","$1,100,000","$1,100,000","",""
"T2497","Dallis Flowers","CB","SF                  SF","27","2025","2025","1","$1,100,000","$1,100,000","",""
"T2497","Skylar Thompson","QB","PIT                  PIT","27","2025","2025","1","$1,100,000","$1,100,000","",""
"T2497","Brandon Johnson","WR","PIT                  PIT","26","2025","2025","1","$1,100,000","$1,100,000","",""
"T2497","Trey Hill","C","GB                  GB","24","2025","2025","1","$1,100,000","$1,100,000","",""
"T2497","Cameron McGrone","OLB","IND                  IND","24","2025","2025","1","$1,100,000","$1,100,000","",""
"T2497","Matt Henningsen","DE","DEN                  DEN","25","2025","2025","1","$1,100,000","$1,100,000","",""
"T2497","Lawrence Cager","WR","WAS                  WAS","27","2025","2025","1","$1,100,000","$1,100,000","",""
"T2497","Quinton Bohanna","DT","SEA                  SEA","25","2025","2025","1","$1,100,000","$1,100,000","",""
"T2497","Isaiah Hodgins","WR","SF                  SF","26","2025","2025","1","$1,100,000","$1,100,000","",""
"T2497","Jacob Phillips","ILB","IND                  IND","25","2025","2025","1","$1,100,000","$1,100,000","",""
"T2497","Gary Brightwell","RB","CIN                  CIN","25","2025","2025","1","$1,100,000","$1,100,000","",""
"T2497","Tarron Jackson","OLB","SF                  SF","26","2025","2025","1","$1,100,000","$1,100,000","",""
"T2497","Jonathan Garvin","OLB","SF                  SF","25","2025","2025","1","$1,100,000","$1,100,000","",""
"T2497","Kristian Wilkerson","WR","BUF                  BUF","27","2025","2025","1","$1,100,000","$1,100,000","",""
"T2497","Tre McKitty","TE","HOU                  HOU","25","2025","2025","1","$1,100,000","$1,100,000","",""
"T2497","Ben Stille","DT","MIA                  MIA","27","2025","2025","1","$1,100,000","$1,100,000","",""
"T2497","Darren Hall","CB","ARI                  ARI","24","2025","2025","1","$1,100,000","$1,100,000","",""
"T2566","Ka'dar Hollman","CB","HOU                  HOU","29","2024","2024","1","$1,055,000","$1,055,000","",""
"T2566","John Kelly","RB","CLE                  CLE","27","2024","2024","1","$1,055,000","$1,055,000","",""
"T2566","Nsimba Webster","WR","CHI                  CHI","27","2024","2024","1","$1,055,000","$1,055,000","",""
"T2566","Monty Rice","OLB","NE                  NE","25","2024","2025","1","$1,055,000","$1,055,000","",""
"T2566","Caleb Farley","CB","CAR                  CAR","26","2024","2024","1","$1,055,000","$1,055,000","",""
"T2566","Jody Fortson","TE","KC                  KC","28","2024","2024","1","$1,055,000","$1,055,000","",""
"T2566","Ben VanSumeren","ILB","PHI                  PHI","24","2025","2025","1","$1,055,000","$1,055,000","",""
"2573","Wesley French","C","IND                  IND","28","2025","2025","1","$1,050,000","$1,050,000","",""
"2574","Jalen Virgil","WR","BUF                  BUF","26","2025","2025","1","$1,034,500","$1,034,500","$4,500","$4,500"
"T2575","Yodny Cajuste","LT","MIA                  MIA","29","2025","2025","1","$1,030,000","$1,030,000","",""
"T2575","Darius Rush","CB","CLE                  CLE","25","2025","2025","1","$1,030,000","$1,030,000","",""
"T2575","Christian Holmes","CB","CLE                  CLE","27","2025","2025","1","$1,030,000","$1,030,000","",""
"T2575","Keaton Sutherland","G","DET                  DET","28","2025","2025","1","$1,030,000","$1,030,000","",""
"T2575","Nick Broeker","G","DAL                  DAL","24","2025","2025","1","$1,030,000","$1,030,000","",""
"T2575","Lecitus Smith","G","GB                  GB","27","2025","2025","1","$1,030,000","$1,030,000","",""
"T2575","Justin Hollins","OLB","BUF                  BUF","29","2025","2025","1","$1,030,000","$1,030,000","",""
"T2575","Bradlee Anae","OLB","SF                  SF","27","2025","2025","1","$1,030,000","$1,030,000","",""
"T2575","Braylon Sanders","WR","WAS                  WAS","26","2025","2025","1","$1,030,000","$1,030,000","",""
"T2575","Henry Black","S","ATL                  ATL","28","2025","2025","1","$1,030,000","$1,030,000","",""
"T2575","Matt Sokol","TE","BUF                  BUF","29","2025","2025","1","$1,030,000","$1,030,000","",""
"T2575","James Houston","OLB","DAL                  DAL","26","2025","2025","1","$1,030,000","$1,030,000","",""
"T2575","McTelvin Agim","DT","CIN                  CIN","27","2025","2025","1","$1,030,000","$1,030,000","",""
"T2575","Yasir Durant","T","NE                  NE","27","2025","2025","1","$1,030,000","$1,030,000","",""
"T2575","Damon Arnette","CB","HOU                  HOU","28","2025","2025","1","$1,030,000","$1,030,000","",""
"T2575","Mario Goodrich","CB","NYJ                  NYJ","25","2025","2025","1","$1,030,000","$1,030,000","",""
"T2575","Derion Kendrick","CB","LAR                  LAR","24","2025","2025","1","$1,030,000","$1,030,000","",""
"T2575","Kingsley Jonathan","DE","NYJ                  NYJ","27","2025","2025","1","$1,030,000","$1,030,000","",""
"T2575","Kana’i Mauga","ILB","LAC                  LAC","25","2025","2025","1","$1,030,000","$1,030,000","",""
"T2575","Josh Ross","ILB","SEA                  SEA","25","2025","2025","1","$1,030,000","$1,030,000","",""
"T2575","Eric Banks","DE","TB                  TB","27","2025","2025","1","$1,030,000","$1,030,000","",""
"T2575","Esezi Otomewo","DE","PIT                  PIT","26","2025","2025","1","$1,030,000","$1,030,000","",""
"T2575","Doug Kramer","C","CHI                  CHI","26","2025","2025","1","$1,030,000","$1,030,000","",""
"T2575","Cody White","WR","SEA                  SEA","26","2025","2025","1","$1,030,000","$1,030,000","",""
"T2575","Stephen Carlson","TE","CHI                  CHI","28","2025","2025","1","$1,030,000","$1,030,000","",""
"T2575","Alex Austin","CB","NE                  NE","23","2025","2025","1","$1,030,000","$1,030,000","",""
"T2575","Daniel Whelan","P","GB                  GB","26","2025","2025","1","$1,030,000","$1,030,000","",""
"T2575","Arron Mosby","OLB","GB                  GB","25","2025","2025","1","$1,030,000","$1,030,000","",""
"T2575","Tyrus Wheat","DE","DAL                  DAL","25","2025","2025","1","$1,030,000","$1,030,000","",""
"T2575","Jonathan Ford","DT","CHI                  CHI","26","2025","2025","1","$1,030,000","$1,030,000","",""
"T2575","Ameer Speed","CB","CHI                  CHI","24","2025","2025","1","$1,030,000","$1,030,000","",""
"T2575","Kaevon Merriweather","S","TB                  TB","25","2025","2025","1","$1,030,000","$1,030,000","",""
"T2575","Andrew Rupcich","G","TEN                  TEN","25","2025","2025","1","$1,030,000","$1,030,000","",""
"T2575","Ryan McCollum","C","PIT                  PIT","27","2025","2025","1","$1,030,000","$1,030,000","",""
"T2575","Chris Rodriguez Jr.","RB","WAS                  WAS","24","2025","2025","1","$1,030,000","$1,030,000","",""
"T2575","Tomon Fox","OLB","NYG                  NYG","26","2025","2025","1","$1,030,000","$1,030,000","",""
"T2575","Brady Russell","TE","SEA                  SEA","26","2025","2025","1","$1,030,000","$1,030,000","",""
"T2575","LaBryan Ray","DE","CAR                  CAR","27","2025","2025","1","$1,030,000","$1,030,000","",""
"T2575","Irvin Charles","WR","NYJ                  NYJ","27","2025","2025","1","$1,030,000","$1,030,000","",""
"T2575","Mike Caliendo","G","KC                  KC","27","2025","2025","1","$1,030,000","$1,030,000","",""
"T2575","Bo Melton","WR","GB                  GB","25","2025","2025","1","$1,030,000","$1,030,000","",""
"T2575","Emanuel Wilson","RB","GB                  GB","25","2025","2025","1","$1,030,000","$1,030,000","",""
"T2575","Keondre Coburn","DT","LV                  LV","24","2025","2025","1","$1,030,000","$1,030,000","",""
"T2575","Tommy DeVito","QB","NYG                  NYG","26","2025","2025","1","$1,030,000","$1,030,000","",""
"T2575","Daniel Hardy","DE","CHI                  CHI","26","2025","2025","1","$1,030,000","$1,030,000","",""
"T2575","Bill Murray","G","CHI                  CHI","27","2025","2025","1","$1,030,000","$1,030,000","",""
"T2575","Ben Brown","G","NE                  NE","26","2025","2025","1","$1,030,000","$1,030,000","",""
"T2575","Travis Vokolek","TE","ARI                  ARI","26","2025","2025","1","$1,030,000","$1,030,000","",""
"T2575","Ja’Quan McMillian","CB","DEN                  DEN","24","2025","2025","1","$1,030,000","$1,030,000","",""
"T2575","Lucas Krull","TE","DEN                  DEN","26","2025","2025","1","$1,030,000","$1,030,000","",""
"T2575","Juanyeh Thomas","S","DAL                  DAL","24","2025","2025","1","$1,030,000","$1,030,000","",""
"T2575","Blake Whiteheart","TE","CLE                  CLE","24","2025","2025","1","$1,030,000","$1,030,000","",""
"T2575","Brayden Willis","TE","SF                  SF","25","2025","2025","1","$1,030,000","$1,030,000","",""
"T2575","Jake Tonges","TE","SF                  SF","25","2025","2025","1","$1,030,000","$1,030,000","",""
"T2575","Sam Okuayinonu","DE","SF                  SF","26","2025","2025","1","$1,030,000","$1,030,000","",""
"T2575","Jalen Graham","ILB","SF                  SF","24","2025","2025","1","$1,030,000","$1,030,000","",""
"T2575","Keaontay Ingram","RB","KC                  KC","25","2025","2025","1","$1,030,000","$1,030,000","",""
"T2575","Ochaun Mathis","OLB","PHI                  PHI","26","2025","2025","1","$1,030,000","$1,030,000","",""
"T2575","K.J. Henry","DE","CLE                  CLE","26","2025","2025","1","$1,030,000","$1,030,000","",""
"T2575","Ty Davis-Price","RB","GB                  GB","24","2025","2025","1","$1,030,000","$1,030,000","",""
"T2575","Montrell Washington","WR","NYG                  NYG","25","2025","2025","1","$1,030,000","$1,030,000","",""
"T2575","Alec Anderson","G","BUF                  BUF","25","2025","2025","1","$1,030,000","$1,030,000","",""
"T2575","Maurice Alexander","WR","CHI                  CHI","28","2025","2025","1","$1,030,000","$1,030,000","",""
"T2575","Shane Buechele","QB","BUF                  BUF","27","2025","2025","1","$1,030,000","$1,030,000","",""
"T2575","Ryan Van Demark","LT","BUF                  BUF","26","2025","2025","1","$1,030,000","$1,030,000","",""
"T2575","Cole Turner","TE","WAS                  WAS","24","2025","2025","1","$1,030,000","$1,030,000","",""
"T2575","Alex Bachman","WR","LV                  LV","28","2025","2025","1","$1,030,000","$1,030,000","",""
"T2575","Keir Thomas","OLB","LAR                  LAR","26","2025","2025","1","$1,030,000","$1,030,000","",""
"T2575","Shaun Jolly","CB","LAR                  LAR","26","2025","2025","1","$1,030,000","$1,030,000","",""
"T2575","Gregory Junior","CB","DEN                  DEN","25","2025","2025","1","$1,030,000","$1,030,000","",""
"T2575","Ronnie Bell","WR","DET                  DET","24","2025","2025","1","$1,030,000","$1,030,000","",""
"T2575","James Mitchell","TE","CAR                  CAR","25","2025","2025","1","$1,030,000","$1,030,000","",""
"T2575","JT Woods","S","LV                  LV","24","2025","2025","1","$1,030,000","$1,030,000","",""
"T2575","Leroy Watson","RT","MIN                  MIN","26","2025","2025","1","$1,030,000","$1,030,000","",""
"T2575","Kahlef Hailassie","S","MIN                  MIN","24","2025","2025","1","$1,030,000","$1,030,000","",""
"T2575","Mike Greene","DE","TB                  TB","27","2025","2025","1","$1,030,000","$1,030,000","",""
"T2575","Eku Leota","OLB","PIT                  PIT","25","2025","2025","1","$1,030,000","$1,030,000","",""
"T2575","Devin Harper","ILB","PIT                  PIT","26","2025","2025","1","$1,030,000","$1,030,000","",""
"T2575","Nesta Jade Silvera","DT","LAC                  LAC","24","2025","2025","1","$1,030,000","$1,030,000","",""
"T2575","Isaiah Dunn","CB","GB                  GB","25","2025","2025","1","$1,030,000","$1,030,000","",""
"T2575","Segun Olubi","ILB","IND                  IND","25","2025","2025","1","$1,030,000","$1,030,000","",""
"T2575","Tyler Goodson","RB","IND                  IND","24","2025","2025","1","$1,030,000","$1,030,000","",""
"T2575","Jaret Patterson","RB","LAC                  LAC","25","2025","2025","1","$1,030,000","$1,030,000","",""
"T2575","Caleb Murphy","OLB","LAC                  LAC","25","2025","2025","1","$1,030,000","$1,030,000","",""
"T2575","Christopher Hinton","DT","LAC                  LAC","24","2025","2025","1","$1,030,000","$1,030,000","",""
"T2575","Dez Fitzpatrick","WR","LAC                  LAC","27","2025","2025","1","$1,030,000","$1,030,000","",""
"T2575","A.T. Perry","WR","DEN                  DEN","25","2025","2025","1","$1,030,000","$1,030,000","",""
"T2575","Tanner McCalister","S","NYJ                  NYJ","24","2025","2025","1","$1,030,000","$1,030,000","",""
"T2575","McClendon Curtis","G","ARI                  ARI","25","2025","2025","1","$1,030,000","$1,030,000","",""
"T2575","Malik Davis","RB","DAL                  DAL","26","2025","2025","1","$1,030,000","$1,030,000","",""
"T2575","Demetric Felton","WR","WAS                  WAS","26","2025","2025","1","$1,030,000","$1,030,000","",""
"T2575","Zonovan Knight","RB","ARI                  ARI","23","2025","2025","1","$1,030,000","$1,030,000","",""
"T2575","Lewis Cine","S","PHI                  PHI","25","2024","2025","1","$1,030,000","$1,030,000","",""
"T2575","Damarion Williams","CB","SEA                  SEA","26","2025","2025","1","$1,030,000","$1,030,000","",""
"T2575","Ty Okada","S","SEA                  SEA","25","2025","2025","1","$1,030,000","$1,030,000","",""
"T2575","Kendric Pryor","WR","CIN                  CIN","27","2025","2025","1","$1,030,000","$1,030,000","",""
"T2575","Chase Lucas","CB","SF                  SF","27","2025","2025","1","$1,030,000","$1,030,000","",""
"T2575","Sebastian Gutierrez","LT","CLE                  CLE","26","2025","2025","1","$1,030,000","$1,030,000","",""
"T2575","Jimmy Morrissey","C","NYG                  NYG","26","2025","2025","1","$1,030,000","$1,030,000","",""
"T2575","Keenan Isaac","CB","CLE                  CLE","24","2025","2025","1","$1,030,000","$1,030,000","",""
"T2575","Austin Trammell","WR","JAX                  JAX","26","2025","2025","1","$1,030,000","$1,030,000","",""
"T2575","Zech McPhearson","CB","JAX                  JAX","26","2025","2025","1","$1,030,000","$1,030,000","",""
"T2575","Christian Braswell","CB","JAX                  JAX","25","2025","2025","1","$1,030,000","$1,030,000","",""
"T2575","Josh Sills","G","IND                  IND","26","2025","2025","1","$1,030,000","$1,030,000","",""
"T2575","DJ Montgomery","WR","IND                  IND","28","2025","2025","1","$1,030,000","$1,030,000","",""
"T2575","Atonio Mafi","G","LV                  LV","24","2025","2025","1","$1,030,000","$1,030,000","",""
"T2575","Luq Barcoo","CB","DET                  DET","26","2025","2025","1","$1,030,000","$1,030,000","",""
"T2575","Samori Toure","WR","CHI                  CHI","26","2025","2025","1","$1,030,000","$1,030,000","",""
"T2575","Chris Glaser","C","CHI                  CHI","25","2025","2025","1","$1,030,000","$1,030,000","",""
"T2575","Brandon Walton","RT","CAR                  CAR","26","2025","2025","1","$1,030,000","$1,030,000","",""
"T2575","Thomas Incoom","OLB","CAR                  CAR","25","2025","2025","1","$1,030,000","$1,030,000","",""
"T2575","Dominique Dafney","TE","CAR                  CAR","27","2025","2025","1","$1,030,000","$1,030,000","",""
"T2575","Ja'Tyre Carter","G","CAR                  CAR","25","2025","2025","1","$1,030,000","$1,030,000","",""
"T2575","Lamar Jackson","CB","ATL                  ATL","26","2025","2025","1","$1,030,000","$1,030,000","",""
"T2575","Jovaughn Gwyn","C","ATL                  ATL","25","2025","2025","1","$1,030,000","$1,030,000","",""
"T2575","Andre Baccellia","WR","ARI                  ARI","28","2025","2025","1","$1,030,000","$1,030,000","",""
"2691","Juwann Winfree","WR","IND                  IND","26","2023","2024","1","$1,010,000","$1,010,000","",""
"T2692","Raheem Layne","S","NYG                  NYG","25","2024","2025","1","$985,000","$985,000","",""
"T2692","Darius Harris","OLB","DAL                  DAL","28","2024","2025","1","$985,000","$985,000","",""
"T2692","Cade York","K","CIN                  CIN","23","2024","2024","1","$985,000","$985,000","",""
"T2692","Myles Adams","DE","DET                  DET","26","2024","2025","1","$985,000","$985,000","",""
"T2692","Deven Thompkins","WR","CAR                  CAR","24","2024","2024","1","$985,000","$985,000","",""
"T2692","Anthony Schwartz","WR","MIA                  MIA","23","2024","2024","1","$985,000","$985,000","",""
"T2692","Elijah Garcia","DE","NYG                  NYG","26","2024","2025","1","$985,000","$985,000","",""
"T2692","Tommy Togiai","DT","HOU                  HOU","25","2024","2025","1","$985,000","$985,000","",""
"T2692","Peyton Hendershot","TE","KC                  KC","25","2024","2024","1","$985,000","$985,000","",""
"T2692","D'Angelo Ross","CB","HOU                  HOU","27","2024","2025","1","$985,000","$985,000","",""
"T2692","Corliss Waitman","P","PIT                  PIT","28","2024","2025","1","$985,000","$985,000","",""
"T2692","Sam Webb","CB","LV                  LV","25","2024","2025","1","$985,000","$985,000","",""
"T2692","Sam Kamara","DT","CLE                  CLE","25","2023","2025","1","$985,000","$985,000","",""
"2705","Cam Grandy","TE","CIN                  CIN","24","2025","2025","1","$980,000","$980,000","",""
"T2706","Brad Robbins","P","BUF                  BUF","26","2025","2025","1","$960,000","$960,000","",""
"T2706","Mitchell Agude","DE","DET                  DET","26","2025","2025","1","$960,000","$960,000","",""
"T2706","Kadeem Telfort","LT","GB                  GB","26","2025","2025","1","$960,000","$960,000","",""
"T2706","C.J. Brewer","DE","TB                  TB","27","2025","2025","1","$960,000","$960,000","",""
"T2706","Jashaun Corbin","RB","ATL                  ATL","24","2025","2025","1","$960,000","$960,000","",""
"T2706","Josh Thompson","CB","ATL                  ATL","26","2025","2025","1","$960,000","$960,000","",""
"T2706","Jase McClellan","RB","TB                  TB","23","2025","2025","1","$960,000","$960,000","",""
"T2706","Jayden Peevy","DT","NO                  NO","25","2025","2025","1","$960,000","$960,000","",""
"T2706","Titus Leo","DE","CLE                  CLE","25","2025","2025","1","$960,000","$960,000","",""
"T2706","Brittain Brown","RB","CHI                  CHI","27","2025","2025","1","$960,000","$960,000","",""
"T2706","Deneric Prince","RB","NE                  NE","25","2025","2025","1","$960,000","$960,000","",""
"T2706","Dalton Keene","TE","HOU                  HOU","26","2025","2025","1","$960,000","$960,000","",""
"T2706","Josiah Bronson","DT","TEN                  TEN","28","2025","2025","1","$960,000","$960,000","",""
"T2706","Ricky Lee","LT","JAX                  JAX","25","2025","2025","1","$960,000","$960,000","",""
"T2706","Carter Bradley","QB","SF                  SF","25","2025","2025","1","$960,000","$960,000","",""
"T2706","Alec Lindstrom","C","NE                  NE","27","2025","2025","1","$960,000","$960,000","",""
"T2706","Gervarrius Owens","S","MIN                  MIN","25","2025","2025","1","$960,000","$960,000","",""
"T2706","Deon Cain","WR","BUF                  BUF","28","2025","2025","1","$960,000","$960,000","",""
"T2706","Steven Gilmore","CB","ARI                  ARI","25","2025","2025","1","$960,000","$960,000","",""
"T2706","Jermar Jefferson","RB","TEN                  TEN","25","2025","2025","1","$960,000","$960,000","",""
"T2706","Tyler Mabry","TE","CAR                  CAR","28","2025","2025","1","$960,000","$960,000","",""
"T2706","Justin Rogers","DT","PHI                  PHI","23","2025","2025","1","$960,000","$960,000","",""
"T2706","Matt Araiza","P","KC                  KC","24","2025","2025","1","$960,000","$960,000","",""
"T2706","Charles Snowden","DE","LV                  LV","26","2025","2025","1","$960,000","$960,000","",""
"T2706","Jaxson Kirkland","G","CIN                  CIN","26","2025","2025","1","$960,000","$960,000","",""
"T2706","Devon Key","S","DEN                  DEN","26","2025","2025","1","$960,000","$960,000","",""
"T2706","Jordan Jackson","DE","DEN                  DEN","27","2025","2025","1","$960,000","$960,000","",""
"T2706","Dondrea Tillman","OLB","DEN                  DEN","26","2025","2025","1","$960,000","$960,000","",""
"T2706","Winston Reid","OLB","CLE                  CLE","25","2025","2025","1","$960,000","$960,000","",""
"T2706","Dylan McMahon","C","LAR                  LAR","25","2025","2025","1","$960,000","$960,000","",""
"T2706","Anthony Kendall","CB","CLE                  CLE","25","2025","2025","1","$960,000","$960,000","",""
"T2706","Austen Pleasants","LT","SF                  SF","27","2025","2025","1","$960,000","$960,000","",""
"T2706","Evan Anderson","DT","SF                  SF","23","2025","2025","1","$960,000","$960,000","",""
"T2706","Elijah Cooks","WR","PHI                  PHI","26","2025","2025","1","$960,000","$960,000","",""
"T2706","Nic Jones","CB","NYG                  NYG","23","2025","2025","1","$960,000","$960,000","",""
"T2706","Swayze Bozeman","OLB","CHI                  CHI","26","2025","2025","1","$960,000","$960,000","",""
"T2706","Eric Scott Jr.","CB","KC                  KC","25","2025","2025","1","$960,000","$960,000","",""
"T2706","Jason Brownlee","WR","KC                  KC","26","2025","2025","1","$960,000","$960,000","",""
"T2706","Mitchell Tinsley","WR","CIN                  CIN","25","2025","2025","1","$960,000","$960,000","",""
"T2706","Andre Jones Jr.","DE","WAS                  WAS","26","2025","2025","1","$960,000","$960,000","",""
"T2706","Sam Hartman","QB","WAS                  WAS","25","2025","2025","1","$960,000","$960,000","",""
"T2706","Julian Good-Jones","G","WAS                  WAS","27","2025","2025","1","$960,000","$960,000","",""
"T2706","Viliami Fehoko Jr.","DE","WAS                  WAS","25","2025","2025","1","$960,000","$960,000","",""
"T2706","Alex Cook","S","CHI                  CHI","25","2025","2025","1","$960,000","$960,000","",""
"T2706","Quindell Johnson","S","PIT                  PIT","25","2025","2025","1","$960,000","$960,000","",""
"T2706","Charles Woods","CB","LAR                  LAR","24","2025","2025","1","$960,000","$960,000","",""
"T2706","Elias Neal","ILB","LAR                  LAR","23","2025","2025","1","$960,000","$960,000","",""
"T2706","Cam Lampkin","CB","LAR                  LAR","23","2025","2025","1","$960,000","$960,000","",""
"T2706","Jack Heflin","DT","LAR                  LAR","26","2025","2025","1","$960,000","$960,000","",""
"T2706","A.J. Arcuri","LT","LAR                  LAR","27","2025","2025","1","$960,000","$960,000","",""
"T2706","William Kwenkeu","LB","BAL                  BAL","28","2025","2025","1","$960,000","$960,000","",""
"T2706","Malik Cunningham","QB","BAL                  BAL","26","2025","2025","1","$960,000","$960,000","",""
"T2706","Loren Strickland","S","DET                  DET","24","2025","2025","1","$960,000","$960,000","",""
"T2706","Chris Smith","DT","DET                  DET","25","2025","2025","1","$960,000","$960,000","",""
"T2706","Allan George","CB","DET                  DET","25","2025","2025","1","$960,000","$960,000","",""
"T2706","LaCale London","DT","ATL                  ATL","27","2025","2025","1","$960,000","$960,000","",""
"T2706","Dontavian Jackson","WR","MIN                  MIN","27","2025","2025","1","$960,000","$960,000","",""
"T2706","Travis Bell","DT","MIN                  MIN","26","2025","2025","1","$960,000","$960,000","",""
"T2706","Luke Tenuta","RT","IND                  IND","25","2025","2025","1","$960,000","$960,000","",""
"T2706","Michael Bandy","WR","DEN                  DEN","27","2025","2025","1","$960,000","$960,000","",""
"T2706","Sean Clifford","QB","GB                  GB","26","2025","2025","1","$960,000","$960,000","",""
"T2706","Raiqwon O'Neal","LT","TB                  TB","25","2025","2025","1","$960,000","$960,000","",""
"T2706","Antonio Grier","ILB","TB                  TB","24","2025","2025","1","$960,000","$960,000","",""
"T2706","Aaron Shampklin","RB","MIA                  MIA","25","2025","2025","1","$960,000","$960,000","",""
"T2706","Lance McCutcheon","WR","PIT                  PIT","25","2025","2025","1","$960,000","$960,000","",""
"T2706","D’Shawn Jamison","CB","PIT                  PIT","25","2025","2025","1","$960,000","$960,000","",""
"T2706","Evan Hull","RB","PIT                  PIT","24","2025","2025","1","$960,000","$960,000","",""
"T2706","Dylan Cook","TE","PIT                  PIT","27","2025","2025","1","$960,000","$960,000","",""
"T2706","Joshuah Bledsoe","S","TEN                  TEN","27","2025","2025","1","$960,000","$960,000","",""
"T2706","Kendall Williamson","S","LAC                  LAC","24","2025","2025","1","$960,000","$960,000","",""
"T2706","Messiah Swinson","TE","GB                  GB","24","2025","2025","1","$960,000","$960,000","",""
"T2706","Omar Brown","S","GB                  GB","24","2025","2025","1","$960,000","$960,000","",""
"T2706","Keidron Smith","S","DEN                  DEN","25","2025","2025","1","$960,000","$960,000","",""
"T2706","Andrew Farmer","OLB","DEN                  DEN","24","2025","2025","1","$960,000","$960,000","",""
"T2706","Ekow Boye-Doe","CB","ARI                  ARI","25","2025","2025","1","$960,000","$960,000","",""
"T2706","Tyreke Smith","OLB","SEA                  SEA","24","2025","2025","1","$960,000","$960,000","",""
"T2706","Ryan Hayes","LT","MIA                  MIA","24","2025","2025","1","$960,000","$960,000","",""
"T2706","Will Bradley-King","DE","SF                  SF","27","2025","2025","1","$960,000","$960,000","",""
"T2706","Raymond Johnson III","DE","CIN                  CIN","26","2025","2025","1","$960,000","$960,000","",""
"T2706","Nate Brooks","CB","CIN                  CIN","28","2025","2025","1","$960,000","$960,000","",""
"T2706","P.J. Mustipher","DT","ARI                  ARI","25","2025","2025","1","$960,000","$960,000","",""
"T2706","Thomas Odukoya","TE","TEN                  TEN","27","2025","2025","1","$960,000","$960,000","",""
"T2706","Gabe Jeudy-Lally","CB","TEN                  TEN","23","2025","2025","1","$960,000","$960,000","",""
"T2706","Jaylen Mahoney","S","SF                  SF","24","2025","2025","1","$960,000","$960,000","",""
"T2706","Casey Rogers","DT","BUF                  BUF","26","2025","2025","1","$960,000","$960,000","",""
"T2706","Millard Bradford","S","CHI                  CHI","25","2025","2025","1","$960,000","$960,000","",""
"T2706","John Parker Romo","K","NE                  NE","27","2025","2025","1","$960,000","$960,000","",""
"T2706","Shedrick Jackson","WR","LV                  LV","25","2025","2025","1","$960,000","$960,000","",""
"T2706","Troy Pride Jr.","CB","DAL                  DAL","26","2025","2025","1","$960,000","$960,000","",""
"T2706","Javion Cohen","G","CLE                  CLE","22","2025","2025","1","$960,000","$960,000","",""
"T2706","Ricky Stromberg","C","CHI                  CHI","24","2025","2025","1","$960,000","$960,000","",""
"T2706","Jamree Kromah","DE","CHI                  CHI","24","2025","2025","1","$960,000","$960,000","",""
"T2706","Andrew Raym","C","CIN                  CIN","23","2025","2025","1","$960,000","$960,000","",""
"T2706","Tyrone Wheatley Jr.","RT","ATL                  ATL","27","2025","2025","1","$960,000","$960,000","",""
"T2706","Elijah Dotson","RB","ATL                  ATL","25","2025","2025","1","$960,000","$960,000","",""
"T2801","De’Shaan Dixon","OLB","JAX                  JAX","25","2024","2024","1","$915,000","$915,000","",""
"T2801","Tucker Fisk","TE","LAC                  LAC","25","2024","2025","1","$915,000","$915,000","",""
"T2801","Vi Jones","ILB","ARI                  ARI","25","2024","2025","1","$915,000","$915,000","",""
"T2801","Thomas Booker","DT","LV                  LV","25","2024","2025","1","$915,000","$915,000","",""
"T2801","Brandon Pili","DT","SEA                  SEA","25","2024","2025","1","$915,000","$915,000","",""
"T2801","Nikko Remigio","WR","KC                  KC","25","2024","2025","1","$915,000","$915,000","",""
"T2801","Cory Durden","DT","NYG                  NYG","24","2024","2025","1","$915,000","$915,000","",""
"T2801","Justin Shorter","TE","LV                  LV","24","2024","2025","1","$915,000","$915,000","",""
"T2801","Chad Ryland","K","ARI                  ARI","25","2024","2025","1","$915,000","$915,000","",""
"T2801","Jaquelin Roy","DT","NE                  NE","23","2024","2025","1","$915,000","$915,000","",""
"T2801","Chris Brooks","RB","GB                  GB","24","2024","2025","1","$915,000","$915,000","",""
"2812","Trevor Denbow","S","IND                  IND","24","2023","2024","1","$870,000","$870,000","",""
"2813","Jawhar Jordan","RB","HOU                  HOU","25","2025","2025","1","$860,000","$860,000","$10,000","$10,000"
"T2814","Jayden Price","CB","NO                  NO","25","2025","2025","1","$840,000","$840,000","",""
"T2814","Barry Wesley","LT","NO                  NO","25","2025","2025","1","$840,000","$840,000","",""
"T2814","Geor'quarius Spivey","TE","KC                  KC","","2025","2025","1","$840,000","$840,000","",""
"T2814","Joey Lombard","C","KC                  KC","","2025","2025","1","$840,000","$840,000","",""
"T2814","Sal Cannella","TE","CLE                  CLE","28","2025","2025","1","$840,000","$840,000","",""
"T2814","Seth Green","TE","NO                  NO","27","2025","2025","1","$840,000","$840,000","",""
"T2814","Harrison Mevis","K","NYJ                  NYJ","23","2025","2025","1","$840,000","$840,000","",""
"T2814","Marcus Harris","DT","BUF                  BUF","24","2025","2025","1","$840,000","$840,000","",""
"T2814","Caden Prieskorn","TE","DEN                  DEN","25","2025","2025","1","$840,000","$840,000","",""
"T2814","Michael Barrett","ILB","LV                  LV","25","2025","2025","1","$840,000","$840,000","",""
"T2814","Isaiah Iton","DE","NE                  NE","23","2025","2025","1","$840,000","$840,000","",""
"T2814","Cole Fotheringham","TE","NE                  NE","27","2025","2025","1","$840,000","$840,000","",""
"T2814","MJ Devonshire","CB","BAL                  BAL","24","2025","2025","1","$840,000","$840,000","",""
"T2814","Shakel Brown","DT","SF                  SF","26","2025","2025","1","$840,000","$840,000","",""
"T2814","Wesley Steiner","LB","SEA                  SEA","23","2025","2025","1","$840,000","$840,000","",""
"T2814","Nehemiah Shelton","S","LAC                  LAC","","2025","2025","1","$840,000","$840,000","",""
"T2814","Zachary Johnson","G","DET                  DET","31","2025","2025","1","$840,000","$840,000","",""
"T2814","Nelson Ceaser","OLB","BUF                  BUF","24","2025","2025","1","$840,000","$840,000","",""
"T2814","Mike Panasiuk","DT","NO                  NO","27","2025","2025","1","$840,000","$840,000","",""
"T2814","Kelly Akharaiyi","WR","ARI                  ARI","25","2025","2025","1","$840,000","$840,000","",""
"T2814","Kawaan Baker","WR","GB                  GB","26","2025","2025","1","$840,000","$840,000","",""
"T2814","Mikey Victor","CB","PIT                  PIT","25","2025","2025","1","$840,000","$840,000","",""
"T2814","Jereme Robinson","DE","NE                  NE","25","2025","2025","1","$840,000","$840,000","",""
"T2814","Gunner Britton","G","DET                  DET","25","2025","2025","1","$840,000","$840,000","",""
"T2814","Aydan White","S","JAX                  JAX","23","2025","2025","1","$840,000","$840,000","",""
"T2814","Nate Noel","RB","IND                  IND","23","2025","2025","1","$840,000","$840,000","",""
"T2814","B.J. Mayes","CB","IND                  IND","22","2025","2025","1","$840,000","$840,000","",""
"T2814","Caden Davis","K","BUF                  BUF","24","2025","2025","1","$840,000","$840,000","",""
"T2814","Seth Coleman","DE","SEA                  SEA","24","2025","2025","1","$840,000","$840,000","",""
"T2814","Steven Stilianos","TE","DET                  DET","25","2025","2025","1","$840,000","$840,000","",""
"T2814","Isaiah Neyor","WR","GB                  GB","24","2025","2025","1","$840,000","$840,000","",""
"T2814","Jimmy Ciarlo","OLB","BUF                  BUF","","2025","2025","1","$840,000","$840,000","",""
"T2814","Anthony Tyus III","RB","SEA                  SEA","22","2025","2025","1","$840,000","$840,000","",""
"T2814","Daryl Porter","S","PIT                  PIT","23","2025","2025","1","$840,000","$840,000","",""
"T2814","Mitchell Van Vooren","TE","CLE                  CLE","","2025","2025","1","$840,000","$840,000","",""
"T2814","Scotty Washington","WR","BAL                  BAL","28","2025","2025","1","$840,000","$840,000","",""
"T2814","Baylor Cupp","TE","BAL                  BAL","25","2025","2025","1","$840,000","$840,000","",""
"T2814","Nate McCollum","WR","ARI                  ARI","23","2025","2025","1","$840,000","$840,000","",""
"T2814","Kyle Baugh","DT","PIT                  PIT","23","2025","2025","1","$840,000","$840,000","",""
"T2814","Key'Shawn Smith","WR","KC                  KC","23","2025","2025","1","$840,000","$840,000","",""
"T2814","Azizi Hearn","CB","KC                  KC","26","2025","2025","1","$840,000","$840,000","",""
"T2814","Owen Wright","RB","TB                  TB","26","2025","2025","1","$840,000","$840,000","",""
"T2814","Keydrain Calligan","S","SEA                  SEA","23","2025","2025","1","$840,000","$840,000","",""
"T2814","Haggai Chisom Ndubuisi","T","HOU                  HOU","24","2025","2025","1","$840,000","$840,000","",""
"T2814","Garrett Nelson","LB","DEN                  DEN","25","2025","2025","1","$840,000","$840,000","",""
"T2814","Jared Bartlett","LB","GB                  GB","24","2025","2025","1","$840,000","$840,000","",""
"T2814","Bucky Williams","G","CLE                  CLE","25","2025","2025","1","$840,000","$840,000","",""
"T2814","Jaylon Allen","OLB","SF                  SF","25","2025","2025","1","$840,000","$840,000","",""
"T2814","Kevin Foelsch","TE","PIT                  PIT","","2025","2025","1","$840,000","$840,000","",""
"T2814","Ife Adeyi,","WR","PHI                  PHI","","2025","2025","1","$840,000","$840,000","",""
"T2814","Liam Fornadel","G","NYJ                  NYJ","","2025","2025","1","$840,000","$840,000","",""
"T2814","Jacob Saylors","RB","DET                  DET","24","2025","2025","1","$840,000","$840,000","",""
"T2814","Ja'Seem Reed","WR","CAR                  CAR","22","2025","2025","1","$840,000","$840,000","",""
"T2814","Nick Whiteside","CB","DET                  DET","25","2025","2025","1","$840,000","$840,000","",""
"T2814","Garnett Hollis, Jr.","CB","GB                  GB","23","2025","2025","1","$840,000","$840,000","",""
"T2814","J.J. Weaver","LB","CAR                  CAR","25","2025","2025","1","$840,000","$840,000","",""
"T2814","JaQuae Jackson","WR","LAC                  LAC","25","2025","2025","1","$840,000","$840,000","",""
"T2814","Mello Dotson","CB","CAR                  CAR","23","2025","2025","1","$840,000","$840,000","",""
"T2814","Tyler McLellan","LT","TB                  TB","26","2025","2025","1","$840,000","$840,000","",""
"T2814","Joe Evans","DT","PHI                  PHI","24","2025","2025","1","$840,000","$840,000","",""
"T2814","Samuel Jackson","T","NYJ                  NYJ","26","2025","2025","1","$840,000","$840,000","",""
"T2814","Jacob Sykes","DE","PHI                  PHI","25","2025","2025","1","$840,000","$840,000","",""
"T2814","Hal Presley","WR","KC                  KC","23","2025","2025","1","$840,000","$840,000","",""
"T2814","David Olajiga","DT","NE                  NE","27","2025","2025","1","$840,000","$840,000","",""
"T2814","Kyon Barrs","DT","ARI                  ARI","","2025","2025","1","$840,000","$840,000","",""
"T2814","Kaden Davis","WR","CLE                  CLE","26","2025","2025","1","$840,000","$840,000","",""
"T2814","Austin McNamara","P","NYJ                  NYJ","24","2025","2025","1","$840,000","$840,000","",""
"T2814","Dyontae Johnson","LB","NYG                  NYG","24","2025","2025","1","$840,000","$840,000","",""
"T2814","Pokey Wilson","WR","NYJ                  NYJ","23","2025","2025","1","$840,000","$840,000","",""
"T2814","Tay Martin","WR","WAS                  WAS","27","2025","2025","1","$840,000","$840,000","",""
"T2814","Lew Nichols III","RB","PIT                  PIT","23","2025","2025","1","$840,000","$840,000","",""
"T2814","Ryan Cooper","CB","NYJ                  NYJ","23","2025","2025","1","$840,000","$840,000","",""
"T2814","A.J. Woods","CB","PHI                  PHI","23","2025","2025","1","$840,000","$840,000","",""
"T2814","Laekin Vakalahi","T","PHI                  PHI","22","2025","2025","1","$840,000","$840,000","",""
"T2814","Andre’ Sam","S","PHI                  PHI","26","2025","2025","1","$840,000","$840,000","",""
"T2814","Gabe Hall","DE","PHI                  PHI","24","2025","2025","1","$840,000","$840,000","",""
"T2814","Dallas Gant","ILB","PHI                  PHI","24","2025","2025","1","$840,000","$840,000","",""
"T2814","Kilian Zierer","T","CLE                  CLE","24","2025","2025","1","$840,000","$840,000","",""
"T2814","Chris Oladokun","QB","KC                  KC","27","2025","2025","1","$840,000","$840,000","",""
"T2814","Fabien Lovett","DT","KC                  KC","25","2025","2025","1","$840,000","$840,000","",""
"T2814","Chukwuebuka Godrick","T","KC                  KC","24","2025","2025","1","$840,000","$840,000","",""
"T2814","Michael Wiley","RB","KC                  KC","24","2025","2025","1","$840,000","$840,000","",""
"T2814","Bryce Tremayne","WR","CAR                  CAR","25","2025","2025","1","$840,000","$840,000","",""
"T2814","Ben Nikkel","S","WAS                  WAS","25","2025","2025","1","$840,000","$840,000","",""
"T2814","Kazmeir Allen","WR","WAS                  WAS","24","2025","2025","1","$840,000","$840,000","",""
"T2814","Ajou Ajou","WR","IND                  IND","23","2025","2025","1","$840,000","$840,000","",""
"T2814","Cameron McCutcheon","CB","PIT                  PIT","24","2025","2025","1","$840,000","$840,000","",""
"T2814","Cameron Latu","TE","PHI                  PHI","24","2025","2025","1","$840,000","$840,000","",""
"T2814","Kedon Slovis","QB","HOU                  HOU","23","2025","2025","1","$840,000","$840,000","",""
"T2814","Xavier Johnson","WR","HOU                  HOU","25","2025","2025","1","$840,000","$840,000","",""
"T2814","Solomon Byrd","DE","HOU                  HOU","25","2025","2025","1","$840,000","$840,000","",""
"T2814","Dayton Wade","WR","BAL                  BAL","24","2025","2025","1","$840,000","$840,000","",""
"T2814","C.J. Ravenell","DE","BAL                  BAL","24","2025","2025","1","$840,000","$840,000","",""
"T2814","Basil Okoye","DT","BAL                  BAL","23","2025","2025","1","$840,000","$840,000","",""
"T2814","Adedayo Odeleye","DT","BAL                  BAL","27","2025","2025","1","$840,000","$840,000","",""
"T2814","Zaire Mitchell-Paden","TE","BAL                  BAL","25","2025","2025","1","$840,000","$840,000","",""
"T2814","Devin Leary","QB","BAL                  BAL","25","2025","2025","1","$840,000","$840,000","",""
"T2814","Darrian Dalcourt","G","BAL                  BAL","24","2025","2025","1","$840,000","$840,000","",""
"T2814","Corey Bullock","C","BAL                  BAL","23","2025","2025","1","$840,000","$840,000","",""
"T2814","Isaac Ukwu","DE","DET                  DET","26","2025","2025","1","$840,000","$840,000","",""
"T2814","Erick Hallett","S","DET                  DET","24","2025","2025","1","$840,000","$840,000","",""
"T2814","DaRon Gilbert","OLB","DET                  DET","23","2025","2025","1","$840,000","$840,000","",""
"T2814","Kingsley Eguakun","C","DET                  DET","23","2025","2025","1","$840,000","$840,000","",""
"T2814","Jeshaun Jones","WR","MIN                  MIN","25","2025","2025","1","$840,000","$840,000","",""
"T2814","Max Tooley","OLB","MIN                  MIN","26","2025","2025","1","$840,000","$840,000","",""
"T2814","Thayer Thomas","WR","MIN                  MIN","26","2025","2025","1","$840,000","$840,000","",""
"T2814","Reddy Steward","CB","MIN                  MIN","23","2025","2025","1","$840,000","$840,000","",""
"T2814","Zavier Scott","WR","MIN                  MIN","25","2025","2025","1","$840,000","$840,000","",""
"T2814","Gabriel Murphy","OLB","MIN                  MIN","24","2025","2025","1","$840,000","$840,000","",""
"T2814","Marcellus Johnson","LT","IND                  IND","24","2025","2025","1","$840,000","$840,000","",""
"T2814","Henry Byrd","G","MIN                  MIN","25","2025","2025","1","$840,000","$840,000","",""
"T2814","Rashad Wisdom","S","TB                  TB","23","2025","2025","1","$840,000","$840,000","",""
"T2814","Tanner Taula","TE","TB                  TB","26","2025","2025","1","$840,000","$840,000","",""
"T2814","Lorenz Metz","T","TB                  TB","27","2025","2025","1","$840,000","$840,000","",""
"T2814","Dennis Houston","WR","TB                  TB","25","2025","2025","1","$840,000","$840,000","",""
"T2814","Luke Haggard","G","TB                  TB","25","2025","2025","1","$840,000","$840,000","",""
"T2814","Julius Welschof","OLB","PIT                  PIT","27","2025","2025","1","$840,000","$840,000","",""
"T2814","Jacob Slade","DT","PIT                  PIT","24","2025","2025","1","$840,000","$840,000","",""
"T2814","Kyler McMichael","CB","PIT                  PIT","24","2025","2025","1","$840,000","$840,000","",""
"T2814","Steven Jones","G","PIT                  PIT","24","2025","2025","1","$840,000","$840,000","",""
"T2814","Domenique Davis","DT","PIT                  PIT","28","2025","2025","1","$840,000","$840,000","",""
"T2814","Neal Johnson","TE","NYJ                  NYJ","23","2025","2025","1","$840,000","$840,000","",""
"T2814","Emany Johnson","S","LAC                  LAC","24","2025","2025","1","$840,000","$840,000","",""
"T2814","Keith Randolph Jr.","DT","GB                  GB","23","2025","2025","1","$840,000","$840,000","",""
"T2814","Johnny Lumpkin","TE","GB                  GB","27","2025","2025","1","$840,000","$840,000","",""
"T2814","Kaleb Hayes","CB","CHI                  CHI","25","2025","2025","1","$840,000","$840,000","",""
"T2814","Matt Cindric","T","ATL                  ATL","25","2025","2025","1","$840,000","$840,000","",""
"T2814","Tre'Mon Morris-Brash","OLB","LAC                  LAC","24","2025","2025","1","$840,000","$840,000","",""
"T2814","Jaylen Johnson","WR","LAC                  LAC","24","2025","2025","1","$840,000","$840,000","",""
"T2814","McCallan Castles","TE","LAR                  LAR","25","2025","2025","1","$840,000","$840,000","",""
"T2814","Karsen Barnhart","G","LAC                  LAC","23","2025","2025","1","$840,000","$840,000","",""
"T2814","Jeremiah Martin","DE","NO                  NO","24","2025","2025","1","$840,000","$840,000","",""
"T2814","Kalen King","CB","GB                  GB","21","2025","2025","1","$840,000","$840,000","",""
"T2814","Cornelius Johnson","WR","GB                  GB","24","2025","2025","1","$840,000","$840,000","",""
"T2814","Donovan Jennings","G","GB                  GB","25","2025","2025","1","$840,000","$840,000","",""
"T2814","Julian Hicks","WR","GB                  GB","25","2025","2025","1","$840,000","$840,000","",""
"T2814","Marquis Hayes","G","NYJ                  NYJ","25","2025","2025","1","$840,000","$840,000","",""
"T2814","Kamal Hadden","CB","GB                  GB","23","2025","2025","1","$840,000","$840,000","",""
"T2814","James Ester","DT","GB                  GB","23","2025","2025","1","$840,000","$840,000","",""
"T2814","Deslin Alexandre","DE","GB                  GB","26","2025","2025","1","$840,000","$840,000","",""
"T2814","Thomas Yassmin","TE","LAC                  LAC","25","2025","2025","1","$840,000","$840,000","",""
"T2814","Reese Taylor","CB","DEN                  DEN","25","2025","2025","1","$840,000","$840,000","",""
"T2814","Will Sherman","G","DEN                  DEN","25","2025","2025","1","$840,000","$840,000","",""
"T2814","Quinton Newsome","CB","DEN                  DEN","23","2025","2025","1","$840,000","$840,000","",""
"T2814","Jordan Miller","DT","DEN                  DEN","24","2025","2025","1","$840,000","$840,000","",""
"T2814","K.J. Cloyd","ILB","NYG                  NYG","23","2025","2025","1","$840,000","$840,000","",""
"T2814","Elliott Brown","LB","ARI                  ARI","26","2025","2025","1","$840,000","$840,000","",""
"T2814","Jack Wilson","T","IND                  IND","25","2025","2025","1","$840,000","$840,000","",""
"T2814","Sincere Haynesworth","S","ARI                  ARI","23","2025","2025","1","$840,000","$840,000","",""
"T2814","Jamie Sheriff","DE","SEA                  SEA","24","2025","2025","1","$840,000","$840,000","",""
"T2814","Jalen McKenzie","LT","MIA                  MIA","25","2025","2025","1","$840,000","$840,000","",""
"T2814","Isaac Alarcon","OL","SF                  SF","26","2025","2025","1","$840,000","$840,000","",""
"T2814","Hayden Rucci","TE","MIA                  MIA","23","2025","2025","1","$840,000","$840,000","",""
"T2814","Derrick McLendon","OLB","MIA                  MIA","24","2025","2025","1","$840,000","$840,000","",""
"T2814","Bayron Matos","T","MIA                  MIA","24","2025","2025","1","$840,000","$840,000","",""
"T2814","Jason Maitre","CB","MIA                  MIA","24","2025","2025","1","$840,000","$840,000","",""
"T2814","Isaiah Johnson","CB","MIA                  MIA","24","2025","2025","1","$840,000","$840,000","",""
"T2814","Dequan Jackson","LB","MIA                  MIA","25","2025","2025","1","$840,000","$840,000","",""
"T2814","Jordan Colbert","S","MIA                  MIA","24","2025","2025","1","$840,000","$840,000","",""
"T2814","Tarik Black","WR","MIA                  MIA","26","2025","2025","1","$840,000","$840,000","",""
"T2814","Craig Young","OLB","CIN                  CIN","23","2025","2025","1","$840,000","$840,000","",""
"T2814","Jaylen Key","S","CIN                  CIN","24","2025","2025","1","$840,000","$840,000","",""
"T2814","P.J. Jules","S","CIN                  CIN","26","2025","2025","1","$840,000","$840,000","",""
"T2814","Andrew Coker","RT","CIN                  CIN","23","2025","2025","1","$840,000","$840,000","",""
"T2814","Cole Burgess","WR","CIN                  CIN","24","2025","2025","1","$840,000","$840,000","",""
"T2814","Micah Abraham","CB","DEN                  DEN","24","2025","2025","1","$840,000","$840,000","",""
"T2814","Anthony Goodlow","DE","ARI                  ARI","24","2025","2025","1","$840,000","$840,000","",""
"T2814","Mason Pline","TE","NO                  NO","24","2025","2025","1","$840,000","$840,000","",""
"T2814","Terique Owens","WR","SF                  SF","25","2025","2025","1","$840,000","$840,000","",""
"T2814","Drake Nugent","C","SF                  SF","23","2025","2025","1","$840,000","$840,000","",""
"T2814","Tre Swilling","CB","CAR                  CAR","25","2025","2025","1","$840,000","$840,000","",""
"T2814","Brandon Smith","WR","NYJ                  NYJ","26","2025","2025","1","$840,000","$840,000","",""
"T2814","Jackson Sirmon","ILB","NYJ                  NYJ","24","2025","2025","1","$840,000","$840,000","",""
"T2814","Adrian Martinez","QB","NYJ                  NYJ","25","2025","2025","1","$840,000","$840,000","",""
"T2814","Kohl Levao","G","NYJ                  NYJ","26","2025","2025","1","$840,000","$840,000","",""
"T2814","Zack Kuntz","TE","NYJ                  NYJ","25","2025","2025","1","$840,000","$840,000","",""
"T2814","Obinna Eze","T","MIA                  MIA","26","2025","2025","1","$840,000","$840,000","",""
"T2814","Jude McAtamney","K","NYG                  NYG","24","2025","2025","1","$840,000","$840,000","",""
"T2814","Bryan Hudson","C","NYG                  NYG","23","2025","2025","1","$840,000","$840,000","",""
"T2814","Treyton Welch","TE","NO                  NO","23","2025","2025","1","$840,000","$840,000","",""
"T2814","Charlie Smyth","K","NO                  NO","23","2025","2025","1","$840,000","$840,000","",""
"T2814","Michael Jacobson","TE","NO                  NO","27","2025","2025","1","$840,000","$840,000","",""
"T2814","Josiah Ezirim","RT","NO                  NO","23","2025","2025","1","$840,000","$840,000","",""
"T2814","Mark Perry","S","CHI                  CHI","23","2025","2025","1","$840,000","$840,000","",""
"T2814","John Jiles","WR","NE                  NE","24","2025","2025","1","$840,000","$840,000","",""
"T2814","D.J. James","CB","NE                  NE","23","2025","2025","1","$840,000","$840,000","",""
"T2814","Dalton Wagner","RT","LV                  LV","26","2025","2025","1","$840,000","$840,000","",""
"T2814","Will Putnam","C","LV                  LV","24","2025","2025","1","$840,000","$840,000","",""
"T2814","Ovie Oghoufo","OLB","LV                  LV","24","2025","2025","1","$840,000","$840,000","",""
"T2814","Gottlieb Ayedze","RT","LV                  LV","24","2025","2025","1","$840,000","$840,000","",""
"T2814","Joshua Cephus","WR","JAX                  JAX","23","2025","2025","1","$840,000","$840,000","",""
"T2814","Shawn Bowman","TE","JAX                  JAX","24","2025","2025","1","$840,000","$840,000","",""
"T2814","Durell Nchami","OLB","IND                  IND","24","2025","2025","1","$840,000","$840,000","",""
"T2814","Alex Johnson","CB","IND                  IND","24","2025","2025","1","$840,000","$840,000","",""
"T2814","Jason Bean","QB","IND                  IND","25","2025","2025","1","$840,000","$840,000","",""
"T2814","Austin Ajiake","ILB","IND                  IND","24","2025","2025","1","$840,000","$840,000","",""
"T2814","Jalen Moreno-Cropper","WR","DAL                  DAL","23","2025","2025","1","$840,000","$840,000","",""
"T2814","Denzel Daxon","DT","DAL                  DAL","25","2025","2025","1","$840,000","$840,000","",""
"T2814","Lorenzo Thompson","LT","CLE                  CLE","24","2025","2025","1","$840,000","$840,000","",""
"T2814","Andre Szmyt","K","CLE                  CLE","26","2025","2025","1","$840,000","$840,000","",""
"T2814","Roy Mbaeteka","T","ARI                  ARI","24","2025","2025","1","$840,000","$840,000","",""
"T2814","Marcus Haynes","OLB","IND                  IND","26","2025","2025","1","$840,000","$840,000","",""
"T2814","Joel Wilson","TE","CHI                  CHI","24","2025","2025","1","$840,000","$840,000","",""
"T2814","Austin Reed","QB","CHI                  CHI","24","2025","2025","1","$840,000","$840,000","",""
"T2814","Carl Jones Jr.","OLB","CHI                  CHI","23","2025","2025","1","$840,000","$840,000","",""
"T2814","Theo Benedet","G","CHI                  CHI","23","2025","2025","1","$840,000","$840,000","",""
"T2814","T.J. Luther","WR","CAR                  CAR","24","2025","2025","1","$840,000","$840,000","",""
"T2814","Emani Bailey","RB","CAR                  CAR","23","2025","2025","1","$840,000","$840,000","",""
"T2814","Jesse Matthews","WR","ATL                  ATL","25","2025","2025","1","$840,000","$840,000","",""
"T2814","Emory Jones","QB","ATL                  ATL","24","2025","2025","1","$840,000","$840,000","",""
"T2814","Dylan Drummond","WR","ATL                  ATL","24","2025","2025","1","$840,000","$840,000","",""
"T2814","Tejhaun Palmer","WR","ARI                  ARI","24","2025","2025","1","$840,000","$840,000","",""
"T3026","Douglas Coleman","S","CHI                  CHI","25","2024","2024","1","$795,000","$795,000","",""
"T3026","Tyrese Robinson","G","NE                  NE","24","2024","2025","1","$795,000","$795,000","",""
"T3026","Kendell Brooks","S","TEN                  TEN","23","2024","2025","1","$795,000","$795,000","",""
"T3026","Andrew Stueber","LT","CIN                  CIN","24","2024","2025","1","$795,000","$795,000","",""
"T3026","Sincere McCormick","RB","LV                  LV","23","2024","2025","1","$795,000","$795,000","",""
"T3026","Demontrey Jacobs","LT","NE                  NE","25","2024","2025","1","$795,000","$795,000","",""
"T3026","Tyler Badie","RB","DEN                  DEN","23","2024","2025","1","$795,000","$795,000","",""
"T3026","Shaka Heyward","OLB","CIN                  CIN","23","2024","2025","1","$795,000","$795,000","",""
"T3026","Natrone Brooks","CB","ATL                  ATL","24","2024","2025","1","$795,000","$795,000","",""
"T3026","Dante Miller","RB","NYG                  NYG","25","2024","2025","1","$795,000","$795,000","",""
"T3026","John Rhys Plumlee","QB","SEA                  SEA","24","2024","2025","1","$795,000","$795,000","",""
"T3026","Chris Edmonds","S","CLE                  CLE","23","2024","2025","1","$795,000","$795,000","",""
"T3026","Morice Norris","S","DET                  DET","24","2024","2025","1","$795,000","$795,000","",""
"T3026","Jowon Briggs","DT","CLE                  CLE","23","2024","2025","1","$795,000","$795,000","",""
"T3026","Chigozie Anusiem","CB","CLE                  CLE","24","2024","2025","1","$795,000","$795,000","",""
"T3026","Art Green","CB","NYG                  NYG","24","2024","2025","1","$795,000","$795,000","",""
"T3026","Bryce Oliver","WR","TEN                  TEN","24","2024","2025","1","$795,000","$795,000","",""
"T3026","Marcelino McCrary-Ball","OLB","NYJ                  NYJ","25","2024","2025","1","$795,000","$795,000","",""
"T3026","Bo Richter","OLB","MIN                  MIN","24","2024","2025","1","$795,000","$795,000","",""
"T3026","Levelle Bailey","ILB","DEN                  DEN","23","2024","2025","1","$795,000","$795,000","",""
"T3026","Nathaniel Watson","OLB","CLE                  CLE","24","2024","2025","1","$795,000","$795,000","",""
"T3026","Isaiah Bolden","CB","NE                  NE","24","2024","2025","1","$795,000","$795,000","",""
"T3026","Demani Richardson","S","CAR                  CAR","23","2024","2025","1","$795,000","$795,000","",""
"T3026","Jalen Coker","WR","CAR                  CAR","22","2024","2025","1","$795,000","$795,000","",""
"T3026","Justin Dedich","C","LAR                  LAR","24","2024","2025","1","$795,000","$795,000","",""
"T3026","Rex Sunahara","LS","CLE                  CLE","27","2024","2025","1","$795,000","$795,000","",""
"T3026","Jalen Sundell","T","SEA                  SEA","24","2024","2025","1","$795,000","$795,000","",""
"T3026","Kevin Austin","WR","NO                  NO","24","2024","2025","1","$795,000","$795,000","",""
"T3026","Jalen Redmond","DE","MIN                  MIN","25","2024","2025","1","$795,000","$795,000","",""
"T3026","Truman Jones","DE","NE                  NE","23","2024","2025","1","$795,000","$795,000","",""
"T3026","Evan Deckers","LS","TB                  TB","24","2024","2025","1","$795,000","$795,000","",""
"T3026","Michael Niese","C","DET                  DET","26","2024","2025","1","$795,000","$795,000","",""
"T3026","Connor Galvin","RT","DET                  DET","23","2024","2024","1","$795,000","$795,000","",""
"T3026","Jose Ramirez","OLB","TB                  TB","24","2024","2025","1","$795,000","$795,000","",""
"T3026","Ryan Miller","WR","TB                  TB","23","2024","2025","1","$795,000","$795,000","",""
"T3026","Jaylon Thomas","RT","HOU                  HOU","23","2024","2025","1","$795,000","$795,000","",""
"T3026","Ali Gaye","DE","TEN                  TEN","25","2024","2025","1","$795,000","$795,000","",""
"T3026","Grant DuBose","WR","MIA                  MIA","22","2024","2024","1","$795,000","$795,000","",""
"T3064","Patrick O'Connell","ILB","SEA                  SEA","24","2023","2025","1","$750,000","$750,000","",""
"T3064","Jordan Meredith","G","LV                  LV","25","2023","2025","1","$750,000","$750,000","",""
"T3066","Jack Westover","TE","NE                  NE","25","2024","2025","1","","","",""
"T3066","Miles Battle","CB","NE                  NE","25","2024","2025","1","","","",""
"T3066","Greg Stroman","CB","NYG                  NYG","28","2024","2024","1","","","",""
"T3066","Keni-H Lovely","CB","JAX                  JAX","25","2025","","","","","",""
"T3066","Mekhi Garner","CB","CHI                  CHI","25","2025","","","","","",""
"T3066","Duke Riley","ILB","WAS                  WAS","31","2025","","","","","",""
"T3066","Antonio Hamilton","CB","WAS                  WAS","32","2025","","","","","",""
"T3066","Jeff Wilson","RB","SF                  SF","29","2025","","","","","",""
"T3066","Andrus Peat","G","PIT                  PIT","31","2025","","","","","",""
"T3066","Will Hernandez","G","ARI                  ARI","29","2025","2025","1","","","",""
"T3066","Keenan Allen","WR","LAC                  LAC","33","2025","","","","","",""
"T3066","Quandre Diggs","SS","TEN                  TEN","32","2025","","","","","",""
"T3066","Teddy Bridgewater","QB","TB                  TB","32","2025","","","","","",""
"T3066","Corey Ballentine","CB","GB                  GB","29","2025","","","","","",""
"T3066","Dan Feeney","C","BUF                  BUF","31","2025","","","","","",""
"T3066","La'el Collins","G","DAL                  DAL","32","2025","","","","","",""
"T3066","Brent Urban","DE","BAL                  BAL","34","2025","","","","","",""
"T3066","Kai Kroeger","P","NO                  NO","23","2025","2025","1","","","",""
"T3066","Noah Fant","TE","CIN                  CIN","27","2025","","","","","",""
"T3066","Matthew Butler","DT","MIA                  MIA","24","2023","2025","1","","","",""

