Loading NFL contracts from NFL Contracts.csv...
Loaded 3085 NFL contracts
Loading real NFL players from PSFTESTRATINGS.csv...
Loaded 2367 real NFL players
Mapping contracts to PFL2025DATA.csv...
✅ Matched: Vencie Brezina -> Ja'Marr Chase (Cincinnati)
   Score: 100.0 | Rating: 99 vs 99 (diff: 0)
   Height: 72" vs 72" (diff: 0") | Weight: 201 vs 201 lbs (diff: 0)
   Handedness: 1 vs 1 (diff: 0) | Years Pro: 4 vs 4 (diff: 0)
   Contract: 40,250,000 APY
✅ Matched: Rashean Fanaika -> Josh Allen (Buffalo)
   Score: 100.0 | Rating: 99 vs 99 (diff: 0)
   Height: 77" vs 77" (diff: 0") | Weight: 237 vs 237 lbs (diff: 0)
   Handedness: 1 vs 1 (diff: 0) | Years Pro: 7 vs 7 (diff: 0)
   Contract: 55,000,000 APY
✅ Matched: Jeffery Stills -> Justin Jefferson (Minnesota)
   Score: 100.0 | Rating: 99 vs 99 (diff: 0)
   Height: 73" vs 73" (diff: 0") | Weight: 195 vs 195 lbs (diff: 0)
   Handedness: 1 vs 1 (diff: 0) | Years Pro: 5 vs 5 (diff: 0)
   Contract: 35,000,000 APY
✅ Matched: Jerone Danehe -> Lamar Jackson (Baltimore)
   Score: 100.0 | Rating: 99 vs 99 (diff: 0)
   Height: 74" vs 74" (diff: 0") | Weight: 210 vs 210 lbs (diff: 0)
   Handedness: 1 vs 1 (diff: 0) | Years Pro: 7 vs 7 (diff: 0)
   Contract: 52,000,000 APY
✅ Matched: Billie Lio -> Lane Johnson (Philadelphia)
   Score: 100.0 | Rating: 99 vs 99 (diff: 0)
   Height: 78" vs 78" (diff: 0") | Weight: 325 vs 325 lbs (diff: 0)
   Handedness: 1 vs 1 (diff: 0) | Years Pro: 12 vs 12 (diff: 0)
   Contract: 25,000,000 APY
✅ Matched: Rishaw Messner -> Myles Garrett (Cleveland)
   Score: 100.0 | Rating: 99 vs 99 (diff: 0)
   Height: 76" vs 76" (diff: 0") | Weight: 272 vs 272 lbs (diff: 0)
   Handedness: 1 vs 1 (diff: 0) | Years Pro: 8 vs 8 (diff: 0)
   Contract: 40,000,000 APY
✅ Matched: Salem Hollas -> Saquon Barkley (Philadelphia)
   Score: 100.0 | Rating: 99 vs 99 (diff: 0)
   Height: 72" vs 72" (diff: 0") | Weight: 227 vs 227 lbs (diff: 0)
   Handedness: 1 vs 1 (diff: 0) | Years Pro: 7 vs 7 (diff: 0)
   Contract: 20,600,000 APY
✅ Matched: Woodie Colston -> Derrick Henry (Baltimore)
   Score: 100.0 | Rating: 98 vs 98 (diff: 0)
   Height: 75" vs 75" (diff: 0") | Weight: 247 vs 247 lbs (diff: 0)
   Handedness: 1 vs 1 (diff: 0) | Years Pro: 9 vs 9 (diff: 0)
   Contract: 15,000,000 APY
✅ Matched: Jacques Montalbo -> George Kittle (San Francisco)
   Score: 100.0 | Rating: 98 vs 98 (diff: 0)
   Height: 76" vs 76" (diff: 0") | Weight: 250 vs 250 lbs (diff: 0)
   Handedness: 1 vs 1 (diff: 0) | Years Pro: 8 vs 8 (diff: 0)
   Contract: 19,100,000 APY
✅ Matched: Jeron Fordham -> Micah Parsons (Dallas)
   Score: 100.0 | Rating: 98 vs 98 (diff: 0)
   Height: 75" vs 75" (diff: 0") | Weight: 245 vs 245 lbs (diff: 0)
   Handedness: 1 vs 1 (diff: 0) | Years Pro: 4 vs 4 (diff: 0)
   Contract: 4,269,948 APY
✅ Matched: Marcel Gruttadauria -> Chris Jones (Kansas City)
   Score: 100.0 | Rating: 97 vs 97 (diff: 0)
   Height: 78" vs 78" (diff: 0") | Weight: 310 vs 310 lbs (diff: 0)
   Handedness: 1 vs 1 (diff: 0) | Years Pro: 9 vs 9 (diff: 0)
   Contract: 31,750,000 APY
❌ No match: Darryal Mira (New York N) - Using defaults
✅ Matched: Major Ridge -> Fred Warner (San Francisco)
   Score: 100.0 | Rating: 97 vs 97 (diff: 0)
   Height: 75" vs 75" (diff: 0") | Weight: 230 vs 230 lbs (diff: 0)
   Handedness: 0 vs 0 (diff: 0) | Years Pro: 7 vs 7 (diff: 0)
   Contract: 21,000,000 APY
✅ Matched: Lennox Lalonde -> Joe Burrow (Cincinnati)
   Score: 100.0 | Rating: 97 vs 97 (diff: 0)
   Height: 76" vs 76" (diff: 0") | Weight: 215 vs 215 lbs (diff: 0)
   Handedness: 1 vs 1 (diff: 0) | Years Pro: 5 vs 5 (diff: 0)
   Contract: 55,000,000 APY
✅ Matched: Kit Giugliano -> Patrick Surtain II (Denver)
   Score: 100.0 | Rating: 97 vs 97 (diff: 0)
   Height: 74" vs 74" (diff: 0") | Weight: 202 vs 202 lbs (diff: 0)
   Handedness: 1 vs 1 (diff: 0) | Years Pro: 4 vs 4 (diff: 0)
   Contract: 24,000,000 APY
✅ Matched: Jerrol Mckyer -> Trent Williams (San Francisco)
   Score: 100.0 | Rating: 97 vs 97 (diff: 0)
   Height: 77" vs 77" (diff: 0") | Weight: 320 vs 320 lbs (diff: 0)
   Handedness: 1 vs 1 (diff: 0) | Years Pro: 15 vs 15 (diff: 0)
   Contract: 27,553,333 APY
✅ Matched: Alshon Kelcher -> Amon-Ra St. Brown (Detroit)
   Score: 100.0 | Rating: 96 vs 96 (diff: 0)
   Height: 72" vs 72" (diff: 0") | Weight: 195 vs 195 lbs (diff: 0)
   Handedness: 1 vs 1 (diff: 0) | Years Pro: 4 vs 4 (diff: 0)
   Contract: 30,002,500 APY
✅ Matched: Jules Schnellbacher -> Jordan Mailata (Philadelphia)
   Score: 100.0 | Rating: 96 vs 96 (diff: 0)
   Height: 80" vs 80" (diff: 0") | Weight: 365 vs 365 lbs (diff: 0)
   Handedness: 1 vs 1 (diff: 0) | Years Pro: 7 vs 7 (diff: 0)
   Contract: 22,000,000 APY
✅ Matched: Gaines Mayock -> Maxx Crosby (Las Vegas)
   Score: 100.0 | Rating: 96 vs 96 (diff: 0)
   Height: 77" vs 77" (diff: 0") | Weight: 255 vs 255 lbs (diff: 0)
   Handedness: 1 vs 1 (diff: 0) | Years Pro: 6 vs 6 (diff: 0)
   Contract: 35,500,000 APY
✅ Matched: Jashon Hooker -> Penei Sewell (Detroit)
   Score: 100.0 | Rating: 96 vs 96 (diff: 0)
   Height: 78" vs 78" (diff: 0") | Weight: 325 vs 325 lbs (diff: 0)
   Handedness: 1 vs 1 (diff: 0) | Years Pro: 4 vs 4 (diff: 0)
   Contract: 28,000,000 APY
✅ Matched: Philip Stennett -> T.J. Watt (Pittsburgh)
   Score: 100.0 | Rating: 96 vs 96 (diff: 0)
   Height: 76" vs 76" (diff: 0") | Weight: 252 vs 252 lbs (diff: 0)
   Handedness: 1 vs 1 (diff: 0) | Years Pro: 8 vs 8 (diff: 0)
   Contract: 41,000,000 APY
✅ Matched: Milan Bunkley -> Tristan Wirfs (Tampa Bay)
   Score: 100.0 | Rating: 96 vs 96 (diff: 0)
   Height: 77" vs 77" (diff: 0") | Weight: 320 vs 320 lbs (diff: 0)
   Handedness: 1 vs 1 (diff: 0) | Years Pro: 5 vs 5 (diff: 0)
   Contract: 28,120,000 APY
✅ Matched: Windlan Kimrin -> CeeDee Lamb (Dallas)
   Score: 100.0 | Rating: 95 vs 95 (diff: 0)
   Height: 74" vs 74" (diff: 0") | Weight: 200 vs 200 lbs (diff: 0)
   Handedness: 1 vs 1 (diff: 0) | Years Pro: 5 vs 5 (diff: 0)
   Contract: 34,000,000 APY
✅ Matched: Raynoch Vollmer -> Christian Gonzalez (New England)
   Score: 100.0 | Rating: 95 vs 95 (diff: 0)
   Height: 74" vs 74" (diff: 0") | Weight: 201 vs 201 lbs (diff: 0)
   Handedness: 1 vs 1 (diff: 0) | Years Pro: 2 vs 2 (diff: 0)
   Contract: 3,775,717 APY
✅ Matched: Armon Prchlik -> Derrick Brown (Carolina)
   Score: 100.0 | Rating: 95 vs 95 (diff: 0)
   Height: 77" vs 77" (diff: 0") | Weight: 320 vs 320 lbs (diff: 0)
   Handedness: 1 vs 1 (diff: 0) | Years Pro: 5 vs 5 (diff: 0)
   Contract: 24,000,000 APY
✅ Matched: Raonall Grabinski -> Jahmyr Gibbs (Detroit)
   Score: 100.0 | Rating: 95 vs 95 (diff: 0)
   Height: 69" vs 69" (diff: 0") | Weight: 199 vs 199 lbs (diff: 0)
   Handedness: 1 vs 1 (diff: 0) | Years Pro: 2 vs 2 (diff: 0)
   Contract: 4,461,283 APY
✅ Matched: Brick Volok -> Jessie Bates III (Atlanta)
   Score: 100.0 | Rating: 95 vs 95 (diff: 0)
   Height: 73" vs 73" (diff: 0") | Weight: 200 vs 200 lbs (diff: 0)
   Handedness: 1 vs 1 (diff: 0) | Years Pro: 7 vs 7 (diff: 0)
   Contract: 16,005,000 APY
✅ Matched: Rodell Radford -> Nick Bosa (San Francisco)
   Score: 100.0 | Rating: 95 vs 95 (diff: 0)
   Height: 76" vs 76" (diff: 0") | Weight: 266 vs 266 lbs (diff: 0)
   Handedness: 1 vs 1 (diff: 0) | Years Pro: 6 vs 6 (diff: 0)
   Contract: 34,000,000 APY
✅ Matched: Stafford Hynes -> Patrick Mahomes (Kansas City)
   Score: 100.0 | Rating: 95 vs 95 (diff: 0)
   Height: 74" vs 74" (diff: 0") | Weight: 225 vs 225 lbs (diff: 0)
   Handedness: 1 vs 1 (diff: 0) | Years Pro: 8 vs 8 (diff: 0)
   Contract: 45,000,000 APY
✅ Matched: Lydell Mackenzie -> Quinn Meinerz (Denver)
   Score: 100.0 | Rating: 95 vs 95 (diff: 0)
   Height: 75" vs 75" (diff: 0") | Weight: 320 vs 320 lbs (diff: 0)
   Handedness: 1 vs 1 (diff: 0) | Years Pro: 4 vs 4 (diff: 0)
   Contract: 18,000,000 APY
✅ Matched: Koa Zoppetti -> Tyreek Hill (Miami)
   Score: 100.0 | Rating: 95 vs 95 (diff: 0)
   Height: 70" vs 70" (diff: 0") | Weight: 191 vs 191 lbs (diff: 0)
   Handedness: 0 vs 0 (diff: 0) | Years Pro: 9 vs 9 (diff: 0)
   Contract: 30,000,000 APY
✅ Matched: Brentson Black -> Cameron Heyward (Pittsburgh)
   Score: 100.0 | Rating: 94 vs 94 (diff: 0)
   Height: 77" vs 77" (diff: 0") | Weight: 295 vs 295 lbs (diff: 0)
   Handedness: 1 vs 1 (diff: 0) | Years Pro: 14 vs 14 (diff: 0)
   Contract: 14,500,000 APY
✅ Matched: Keyvan Philcox -> Chris Lindstrom (Atlanta)
   Score: 100.0 | Rating: 94 vs 94 (diff: 0)
   Height: 75" vs 75" (diff: 0") | Weight: 307 vs 307 lbs (diff: 0)
   Handedness: 1 vs 1 (diff: 0) | Years Pro: 6 vs 6 (diff: 0)
   Contract: 20,500,000 APY
✅ Matched: Quintus Mandich -> Christian McCaffrey (San Francisco)
   Score: 100.0 | Rating: 94 vs 94 (diff: 0)
   Height: 71" vs 71" (diff: 0") | Weight: 205 vs 205 lbs (diff: 0)
   Handedness: 1 vs 1 (diff: 0) | Years Pro: 8 vs 8 (diff: 0)
   Contract: 19,000,000 APY
✅ Matched: Waddy Yokas -> Creed Humphrey (Kansas City)
   Score: 100.0 | Rating: 94 vs 94 (diff: 0)
   Height: 76" vs 76" (diff: 0") | Weight: 302 vs 302 lbs (diff: 0)
   Handedness: 0 vs 0 (diff: 0) | Years Pro: 4 vs 4 (diff: 0)
   Contract: 18,000,000 APY
✅ Matched: Bo Satele -> Jalen Ramsey (Pittsburgh)
   Score: 100.0 | Rating: 94 vs 94 (diff: 0)
   Height: 73" vs 73" (diff: 0") | Weight: 208 vs 208 lbs (diff: 0)
   Handedness: 1 vs 1 (diff: 0) | Years Pro: 9 vs 9 (diff: 0)
   Contract: 21,175,000 APY
✅ Matched: Duval Carter -> Laremy Tunsil (Washington)
   Score: 100.0 | Rating: 94 vs 94 (diff: 0)
   Height: 77" vs 77" (diff: 0") | Weight: 313 vs 313 lbs (diff: 0)
   Handedness: 1 vs 1 (diff: 0) | Years Pro: 9 vs 9 (diff: 0)
   Contract: 25,000,000 APY
✅ Matched: Snitz Hannon -> Roquan Smith (Baltimore)
   Score: 100.0 | Rating: 94 vs 94 (diff: 0)
   Height: 73" vs 73" (diff: 0") | Weight: 232 vs 232 lbs (diff: 0)
   Handedness: 1 vs 1 (diff: 0) | Years Pro: 7 vs 7 (diff: 0)
   Contract: 20,000,000 APY
❌ No match: Fredd Shields (New York A) - Using defaults
✅ Matched: Suaesi Garnett -> Terry McLaurin (Washington)
   Score: 100.0 | Rating: 94 vs 94 (diff: 0)
   Height: 72" vs 72" (diff: 0") | Weight: 210 vs 210 lbs (diff: 0)
   Handedness: 1 vs 1 (diff: 0) | Years Pro: 6 vs 6 (diff: 0)
   Contract: 22,788,000 APY
✅ Matched: Tuineau Sutch -> Trent McDuffie (Kansas City)
   Score: 100.0 | Rating: 94 vs 94 (diff: 0)
   Height: 71" vs 71" (diff: 0") | Weight: 193 vs 193 lbs (diff: 0)
   Handedness: 1 vs 1 (diff: 0) | Years Pro: 3 vs 3 (diff: 0)
   Contract: 3,498,121 APY
✅ Matched: Snoop Connors -> A.J. Brown (Philadelphia)
   Score: 100.0 | Rating: 93 vs 93 (diff: 0)
   Height: 73" vs 73" (diff: 0") | Weight: 226 vs 226 lbs (diff: 0)
   Handedness: 1 vs 1 (diff: 0) | Years Pro: 6 vs 6 (diff: 0)
   Contract: 32,000,000 APY
✅ Matched: Lavell Mcleod -> Aidan Hutchinson (Detroit)
   Score: 100.0 | Rating: 93 vs 93 (diff: 0)
   Height: 78" vs 78" (diff: 0") | Weight: 265 vs 265 lbs (diff: 0)
   Handedness: 0 vs 0 (diff: 0) | Years Pro: 3 vs 3 (diff: 0)
   Contract: 8,928,347 APY
⚠️  No contract: Laurence Welbourn -> Derek Stingley Jr (Houston) - Using defaults
⚠️  No contract: Elmore Hanken -> Derwin James Jr (Los Angeles A) - Using defaults
✅ Matched: Jerricho Gudauskas -> Joe Thuney (Chicago)
   Score: 100.0 | Rating: 93 vs 93 (diff: 0)
   Height: 77" vs 77" (diff: 0") | Weight: 304 vs 304 lbs (diff: 0)
   Handedness: 1 vs 1 (diff: 0) | Years Pro: 9 vs 9 (diff: 0)
   Contract: 17,500,000 APY
✅ Matched: Jahine Gregg -> Mike Evans (Tampa Bay)
   Score: 100.0 | Rating: 93 vs 93 (diff: 0)
   Height: 77" vs 77" (diff: 0") | Weight: 231 vs 231 lbs (diff: 0)
   Handedness: 1 vs 1 (diff: 0) | Years Pro: 11 vs 11 (diff: 0)
   Contract: 20,500,000 APY
✅ Matched: Seaman Chappell -> Nnamdi Madubuike (Baltimore)
   Score: 100.0 | Rating: 93 vs 93 (diff: 0)
   Height: 75" vs 75" (diff: 0") | Weight: 293 vs 293 lbs (diff: 0)
   Handedness: 1 vs 1 (diff: 0) | Years Pro: 5 vs 5 (diff: 0)
   Contract: 24,500,000 APY
✅ Matched: Oronde Lanham -> Rashawn Slater (Los Angeles A)
   Score: 100.0 | Rating: 93 vs 93 (diff: 0)
   Height: 76" vs 76" (diff: 0") | Weight: 315 vs 315 lbs (diff: 0)
   Handedness: 1 vs 1 (diff: 0) | Years Pro: 4 vs 4 (diff: 0)
   Contract: 28,500,000 APY
✅ Matched: Garin Verstegen -> Travis Kelce (Kansas City)
   Score: 100.0 | Rating: 93 vs 93 (diff: 0)
   Height: 77" vs 77" (diff: 0") | Weight: 250 vs 250 lbs (diff: 0)
   Handedness: 1 vs 1 (diff: 0) | Years Pro: 12 vs 12 (diff: 0)
   Contract: 17,125,000 APY
✅ Matched: Woodchuck Hews -> Vita Vea (Tampa Bay)
   Score: 100.0 | Rating: 93 vs 93 (diff: 0)
   Height: 76" vs 76" (diff: 0") | Weight: 347 vs 347 lbs (diff: 0)
   Handedness: 1 vs 1 (diff: 0) | Years Pro: 7 vs 7 (diff: 0)
   Contract: 17,750,000 APY
✅ Matched: Linval Dufek -> Xavier McKinney (Green Bay)
   Score: 100.0 | Rating: 93 vs 93 (diff: 0)
   Height: 72" vs 72" (diff: 0") | Weight: 201 vs 201 lbs (diff: 0)
   Handedness: 1 vs 1 (diff: 0) | Years Pro: 5 vs 5 (diff: 0)
   Contract: 16,750,000 APY
✅ Matched: Morlon Bohren -> Bijan Robinson (Atlanta)
   Score: 100.0 | Rating: 92 vs 92 (diff: 0)
   Height: 71" vs 71" (diff: 0") | Weight: 215 vs 215 lbs (diff: 0)
   Handedness: 0 vs 0 (diff: 0) | Years Pro: 2 vs 2 (diff: 0)
   Contract: 5,489,634 APY
✅ Matched: Boni Vainowski -> Budda Baker (Arizona)
   Score: 100.0 | Rating: 92 vs 92 (diff: 0)
   Height: 70" vs 70" (diff: 0") | Weight: 195 vs 195 lbs (diff: 0)
   Handedness: 1 vs 1 (diff: 0) | Years Pro: 8 vs 8 (diff: 0)
   Contract: 18,000,000 APY
✅ Matched: Teyo Alecxih -> Christian Darrisaw (Minnesota)
   Score: 100.0 | Rating: 92 vs 92 (diff: 0)
   Height: 77" vs 77" (diff: 0") | Weight: 315 vs 315 lbs (diff: 0)
   Handedness: 1 vs 1 (diff: 0) | Years Pro: 4 vs 4 (diff: 0)
   Contract: 26,000,000 APY
✅ Matched: Stefan Kiley -> Jeffery Simmons (Tennessee)
   Score: 100.0 | Rating: 92 vs 92 (diff: 0)
   Height: 76" vs 76" (diff: 0") | Weight: 305 vs 305 lbs (diff: 0)
   Handedness: 1 vs 1 (diff: 0) | Years Pro: 6 vs 6 (diff: 0)
   Contract: 23,500,000 APY
✅ Matched: Wilber Sundberg -> Marlon Humphrey (Baltimore)
   Score: 100.0 | Rating: 92 vs 92 (diff: 0)
   Height: 72" vs 72" (diff: 0") | Weight: 205 vs 205 lbs (diff: 0)
   Handedness: 1 vs 1 (diff: 0) | Years Pro: 8 vs 8 (diff: 0)
   Contract: 19,500,000 APY
✅ Matched: Rik Archie -> Minkah Fitzpatrick (Miami)
   Score: 100.0 | Rating: 92 vs 92 (diff: 0)
   Height: 73" vs 73" (diff: 0") | Weight: 207 vs 207 lbs (diff: 0)
   Handedness: 0 vs 0 (diff: 0) | Years Pro: 7 vs 7 (diff: 0)
   Contract: 18,403,059 APY
✅ Matched: Mortty Budness -> Quenton Nelson (Indianapolis)
   Score: 100.0 | Rating: 92 vs 92 (diff: 0)
   Height: 77" vs 77" (diff: 0") | Weight: 330 vs 330 lbs (diff: 0)
   Handedness: 0 vs 0 (diff: 0) | Years Pro: 7 vs 7 (diff: 0)
   Contract: 20,000,000 APY
✅ Matched: Tamarick Rivera -> Trey Hendrickson (Cincinnati)
   Score: 100.0 | Rating: 92 vs 92 (diff: 0)
   Height: 76" vs 76" (diff: 0") | Weight: 270 vs 270 lbs (diff: 0)
   Handedness: 1 vs 1 (diff: 0) | Years Pro: 8 vs 8 (diff: 0)
   Contract: 21,000,000 APY
✅ Matched: Raheem Klingbeil -> Trey McBride (Arizona)
   Score: 100.0 | Rating: 92 vs 92 (diff: 0)
   Height: 76" vs 76" (diff: 0") | Weight: 246 vs 246 lbs (diff: 0)
   Handedness: 1 vs 1 (diff: 0) | Years Pro: 3 vs 3 (diff: 0)
   Contract: 19,000,000 APY
⚠️  No contract: Stub Stutz -> Antoine Winfield Jr (Tampa Bay) - Using defaults
✅ Matched: Moise Foruria -> Bobby Wagner (Washington)
   Score: 100.0 | Rating: 91 vs 91 (diff: 0)
   Height: 72" vs 72" (diff: 0") | Weight: 242 vs 242 lbs (diff: 0)
   Handedness: 1 vs 1 (diff: 0) | Years Pro: 13 vs 13 (diff: 0)
   Contract: 9,000,000 APY
✅ Matched: Butler Maidlow -> Danielle Hunter (Houston)
   Score: 100.0 | Rating: 91 vs 91 (diff: 0)
   Height: 77" vs 77" (diff: 0") | Weight: 263 vs 263 lbs (diff: 0)
   Handedness: 1 vs 1 (diff: 0) | Years Pro: 10 vs 10 (diff: 0)
   Contract: 35,600,000 APY
✅ Matched: Wasswa Weldin -> Dion Dawkins (Buffalo)
   Score: 100.0 | Rating: 91 vs 91 (diff: 0)
   Height: 77" vs 77" (diff: 0") | Weight: 320 vs 320 lbs (diff: 0)
   Handedness: 1 vs 1 (diff: 0) | Years Pro: 8 vs 8 (diff: 0)
   Contract: 20,020,000 APY
✅ Matched: Burl Treaudo -> Drake London (Atlanta)
   Score: 100.0 | Rating: 91 vs 91 (diff: 0)
   Height: 76" vs 76" (diff: 0") | Weight: 213 vs 213 lbs (diff: 0)
   Handedness: 0 vs 0 (diff: 0) | Years Pro: 3 vs 3 (diff: 0)
   Contract: 5,383,617 APY
✅ Matched: Reuben Tittle -> Jaire Alexander (Baltimore)
   Score: 100.0 | Rating: 91 vs 91 (diff: 0)
   Height: 70" vs 70" (diff: 0") | Weight: 196 vs 196 lbs (diff: 0)
   Handedness: 1 vs 1 (diff: 0) | Years Pro: 7 vs 7 (diff: 0)
   Contract: 4,000,000 APY
✅ Matched: Jamar Lemon -> Joe Mixon (Houston)
   Score: 100.0 | Rating: 91 vs 91 (diff: 0)
   Height: 73" vs 73" (diff: 0") | Weight: 220 vs 220 lbs (diff: 0)
   Handedness: 1 vs 1 (diff: 0) | Years Pro: 8 vs 8 (diff: 0)
   Contract: 8,500,000 APY
✅ Matched: Brig Ojinnaka -> Kevin Zeitler (Tennessee)
   Score: 100.0 | Rating: 91 vs 91 (diff: 0)
   Height: 76" vs 76" (diff: 0") | Weight: 339 vs 339 lbs (diff: 0)
   Handedness: 1 vs 1 (diff: 0) | Years Pro: 13 vs 13 (diff: 0)
   Contract: 9,000,000 APY
✅ Matched: Percy Urch -> Mark Andrews (Baltimore)
   Score: 100.0 | Rating: 91 vs 91 (diff: 0)
   Height: 77" vs 77" (diff: 0") | Weight: 247 vs 247 lbs (diff: 0)
   Handedness: 1 vs 1 (diff: 0) | Years Pro: 7 vs 7 (diff: 0)
   Contract: 14,000,000 APY
❌ No match: Jabar Paul (New York A) - Using defaults
✅ Matched: Elmo Hayworth -> Brock Bowers (Las Vegas)
   Score: 100.0 | Rating: 90 vs 90 (diff: 0)
   Height: 75" vs 75" (diff: 0") | Weight: 243 vs 243 lbs (diff: 0)
   Handedness: 1 vs 1 (diff: 0) | Years Pro: 1 vs 1 (diff: 0)
   Contract: 4,534,696 APY
✅ Matched: Brent Prochaska -> Davante Adams (Los Angeles N)
   Score: 100.0 | Rating: 90 vs 90 (diff: 0)
   Height: 73" vs 73" (diff: 0") | Weight: 215 vs 215 lbs (diff: 0)
   Handedness: 1 vs 1 (diff: 0) | Years Pro: 11 vs 11 (diff: 0)
   Contract: 22,000,000 APY
✅ Matched: Scoop Weeks -> Demario Davis (New Orleans)
   Score: 100.0 | Rating: 90 vs 90 (diff: 0)
   Height: 74" vs 74" (diff: 0") | Weight: 248 vs 248 lbs (diff: 0)
   Handedness: 1 vs 1 (diff: 0) | Years Pro: 13 vs 13 (diff: 0)
   Contract: 8,625,000 APY
✅ Matched: Gates Wittum -> Denzel Ward (Cleveland)
   Score: 100.0 | Rating: 90 vs 90 (diff: 0)
   Height: 71" vs 71" (diff: 0") | Weight: 190 vs 190 lbs (diff: 0)
   Handedness: 1 vs 1 (diff: 0) | Years Pro: 7 vs 7 (diff: 0)
   Contract: 20,100,000 APY
✅ Matched: Merton Horan -> Jalen Carter (Philadelphia)
   Score: 100.0 | Rating: 90 vs 90 (diff: 0)
   Height: 75" vs 75" (diff: 0") | Weight: 314 vs 314 lbs (diff: 0)
   Handedness: 1 vs 1 (diff: 0) | Years Pro: 2 vs 2 (diff: 0)
   Contract: 5,451,504 APY
⚠️  No contract: Trace Alama-Francis -> Josh Hines-Allen (Jacksonville) - Using defaults
✅ Matched: Glenn Absher -> Josh Jacobs (Green Bay)
   Score: 100.0 | Rating: 90 vs 90 (diff: 0)
   Height: 70" vs 70" (diff: 0") | Weight: 220 vs 220 lbs (diff: 0)
   Handedness: 1 vs 1 (diff: 0) | Years Pro: 6 vs 6 (diff: 0)
   Contract: 12,000,000 APY
✅ Matched: Viliami Maumau -> Kerby Joseph (Detroit)
   Score: 100.0 | Rating: 90 vs 90 (diff: 0)
   Height: 73" vs 73" (diff: 0") | Weight: 200 vs 200 lbs (diff: 0)
   Handedness: 1 vs 1 (diff: 0) | Years Pro: 3 vs 3 (diff: 0)
   Contract: 21,500,000 APY
✅ Matched: Mitch Weller -> Kyle Hamilton (Baltimore)
   Score: 100.0 | Rating: 90 vs 90 (diff: 0)
   Height: 76" vs 76" (diff: 0") | Weight: 221 vs 221 lbs (diff: 0)
   Handedness: 1 vs 1 (diff: 0) | Years Pro: 3 vs 3 (diff: 0)
   Contract: 4,063,771 APY
✅ Matched: Da'Mon Kramer -> Ronnie Stanley (Baltimore)
   Score: 100.0 | Rating: 90 vs 90 (diff: 0)
   Height: 78" vs 78" (diff: 0") | Weight: 315 vs 315 lbs (diff: 0)
   Handedness: 1 vs 1 (diff: 0) | Years Pro: 9 vs 9 (diff: 0)
   Contract: 20,000,000 APY
✅ Matched: Vashone Waldsmith -> Trey Smith (Kansas City)
   Score: 100.0 | Rating: 90 vs 90 (diff: 0)
   Height: 78" vs 78" (diff: 0") | Weight: 321 vs 321 lbs (diff: 0)
   Handedness: 1 vs 1 (diff: 0) | Years Pro: 4 vs 4 (diff: 0)
   Contract: 23,500,000 APY
✅ Matched: Lum Reisner -> Brian Branch (Detroit)
   Score: 100.0 | Rating: 89 vs 89 (diff: 0)
   Height: 72" vs 72" (diff: 0") | Weight: 190 vs 190 lbs (diff: 0)
   Handedness: 1 vs 1 (diff: 0) | Years Pro: 2 vs 2 (diff: 0)
   Contract: 2,005,433 APY
✅ Matched: Paddy Shinners -> David Njoku (Cleveland)
   Score: 100.0 | Rating: 89 vs 89 (diff: 0)
   Height: 76" vs 76" (diff: 0") | Weight: 246 vs 246 lbs (diff: 0)
   Handedness: 1 vs 1 (diff: 0) | Years Pro: 8 vs 8 (diff: 0)
   Contract: 13,687,500 APY
✅ Matched: Hosea Ortego -> DeVonta Smith (Philadelphia)
   Score: 100.0 | Rating: 89 vs 89 (diff: 0)
   Height: 72" vs 72" (diff: 0") | Weight: 170 vs 170 lbs (diff: 0)
   Handedness: 1 vs 1 (diff: 0) | Years Pro: 4 vs 4 (diff: 0)
   Contract: 25,000,000 APY
✅ Matched: Tillie Orduna -> Erik McCoy (New Orleans)
   Score: 100.0 | Rating: 89 vs 89 (diff: 0)
   Height: 76" vs 76" (diff: 0") | Weight: 303 vs 303 lbs (diff: 0)
   Handedness: 1 vs 1 (diff: 0) | Years Pro: 6 vs 6 (diff: 0)
   Contract: 12,000,000 APY
✅ Matched: D'Wayne Schleich -> Garett Bolles (Denver)
   Score: 100.0 | Rating: 89 vs 89 (diff: 0)
   Height: 77" vs 77" (diff: 0") | Weight: 300 vs 300 lbs (diff: 0)
   Handedness: 1 vs 1 (diff: 0) | Years Pro: 8 vs 8 (diff: 0)
   Contract: 20,500,000 APY
✅ Matched: Jamari Sillin -> James Cook (Buffalo)
   Score: 100.0 | Rating: 89 vs 89 (diff: 0)
   Height: 71" vs 71" (diff: 0") | Weight: 190 vs 190 lbs (diff: 0)
   Handedness: 1 vs 1 (diff: 0) | Years Pro: 3 vs 3 (diff: 0)
   Contract: 11,500,000 APY
✅ Matched: Ferrell Mcgeoghan -> Jaylon Johnson (Chicago)
   Score: 100.0 | Rating: 89 vs 89 (diff: 0)
   Height: 72" vs 72" (diff: 0") | Weight: 196 vs 196 lbs (diff: 0)
   Handedness: 1 vs 1 (diff: 0) | Years Pro: 5 vs 5 (diff: 0)
   Contract: 19,000,000 APY
✅ Matched: Shea Randle -> Nico Collins (Houston)
   Score: 100.0 | Rating: 89 vs 89 (diff: 0)
   Height: 76" vs 76" (diff: 0") | Weight: 215 vs 215 lbs (diff: 0)
   Handedness: 1 vs 1 (diff: 0) | Years Pro: 4 vs 4 (diff: 0)
   Contract: 24,250,000 APY
⚠️  No contract: Allen Nomellini -> Will Anderson Jr (Houston) - Using defaults
⚠️  No contract: Durwood Huckleby -> A.J. Terrell Jr (Atlanta) - Using defaults
✅ Matched: Smiley Alexis -> Alex Highsmith (Pittsburgh)
   Score: 100.0 | Rating: 88 vs 88 (diff: 0)
   Height: 76" vs 76" (diff: 0") | Weight: 242 vs 242 lbs (diff: 0)
   Handedness: 1 vs 1 (diff: 0) | Years Pro: 5 vs 5 (diff: 0)
   Contract: 17,000,000 APY
❌ No match: Trell Mikeska (New York N) - Using defaults
✅ Matched: Dez Pitts -> DeForest Buckner (Indianapolis)
   Score: 100.0 | Rating: 88 vs 88 (diff: 0)
   Height: 79" vs 79" (diff: 0") | Weight: 295 vs 295 lbs (diff: 0)
   Handedness: 1 vs 1 (diff: 0) | Years Pro: 9 vs 9 (diff: 0)
   Contract: 23,000,000 APY
✅ Matched: Letroy Manusky -> Devon Witherspoon (Seattle)
   Score: 100.0 | Rating: 88 vs 88 (diff: 0)
   Height: 72" vs 72" (diff: 0") | Weight: 180 vs 180 lbs (diff: 0)
   Handedness: 0 vs 0 (diff: 0) | Years Pro: 2 vs 2 (diff: 0)
   Contract: 7,965,288 APY
✅ Matched: Corky Garza -> Greg Rousseau (Buffalo)
   Score: 100.0 | Rating: 88 vs 88 (diff: 0)
   Height: 78" vs 78" (diff: 0") | Weight: 266 vs 266 lbs (diff: 0)
   Handedness: 1 vs 1 (diff: 0) | Years Pro: 4 vs 4 (diff: 0)
   Contract: 20,000,000 APY
✅ Matched: Jehuu Deratt -> Harrison Smith (Minnesota)
   Score: 100.0 | Rating: 88 vs 88 (diff: 0)
   Height: 74" vs 74" (diff: 0") | Weight: 211 vs 211 lbs (diff: 0)
   Handedness: 0 vs 0 (diff: 0) | Years Pro: 13 vs 13 (diff: 0)
   Contract: 5,125,000 APY
✅ Matched: Evander Te'O-Nesheim -> Jonathan Taylor (Indianapolis)
   Score: 100.0 | Rating: 88 vs 88 (diff: 0)
   Height: 70" vs 70" (diff: 0") | Weight: 226 vs 226 lbs (diff: 0)
   Handedness: 1 vs 1 (diff: 0) | Years Pro: 5 vs 5 (diff: 0)
   Contract: 14,000,000 APY
✅ Matched: Britton Sensabaugh -> Jonathan Allen (Minnesota)
   Score: 100.0 | Rating: 88 vs 88 (diff: 0)
   Height: 75" vs 75" (diff: 0") | Weight: 300 vs 300 lbs (diff: 0)
   Handedness: 1 vs 1 (diff: 0) | Years Pro: 8 vs 8 (diff: 0)
   Contract: 17,000,000 APY
⚠️  No contract: Anderson Daprato -> Kenneth Walker III (Seattle) - Using defaults
⚠️  No contract: Navorro Tharpe -> Kenny Moore II (Indianapolis) - Using defaults
✅ Matched: Jeris Jacquet -> Kyle Juszczyk (San Francisco)
   Score: 100.0 | Rating: 88 vs 88 (diff: 0)
   Height: 74" vs 74" (diff: 0") | Weight: 235 vs 235 lbs (diff: 0)
   Handedness: 1 vs 1 (diff: 0) | Years Pro: 12 vs 12 (diff: 0)
   Contract: 3,750,000 APY
✅ Matched: Davin Rasheed -> Landon Dickerson (Philadelphia)
   Score: 100.0 | Rating: 88 vs 88 (diff: 0)
   Height: 78" vs 78" (diff: 0") | Weight: 332 vs 332 lbs (diff: 0)
   Handedness: 1 vs 1 (diff: 0) | Years Pro: 4 vs 4 (diff: 0)
   Contract: 21,000,000 APY
✅ Matched: Ellsworth Houston -> Lavonte David (Tampa Bay)
   Score: 100.0 | Rating: 88 vs 88 (diff: 0)
   Height: 73" vs 73" (diff: 0") | Weight: 233 vs 233 lbs (diff: 0)
   Handedness: 1 vs 1 (diff: 0) | Years Pro: 13 vs 13 (diff: 0)
   Contract: 9,000,000 APY
✅ Matched: Vic Stanton -> Matthew Stafford (Los Angeles N)
   Score: 100.0 | Rating: 88 vs 88 (diff: 0)
   Height: 75" vs 75" (diff: 0") | Weight: 220 vs 220 lbs (diff: 0)
   Handedness: 1 vs 1 (diff: 0) | Years Pro: 16 vs 16 (diff: 0)
   Contract: 42,000,000 APY
✅ Matched: Dainon Paremore -> Puka Nacua (Los Angeles N)
   Score: 100.0 | Rating: 88 vs 88 (diff: 0)
   Height: 73" vs 73" (diff: 0") | Weight: 206 vs 206 lbs (diff: 0)
   Handedness: 1 vs 1 (diff: 0) | Years Pro: 2 vs 2 (diff: 0)
   Contract: 1,021,244 APY
✅ Matched: Duane Bechtol -> Stefon Diggs (New England)
   Score: 100.0 | Rating: 88 vs 88 (diff: 0)
   Height: 72" vs 72" (diff: 0") | Weight: 191 vs 191 lbs (diff: 0)
   Handedness: 1 vs 1 (diff: 0) | Years Pro: 10 vs 10 (diff: 0)
   Contract: 21,166,667 APY
✅ Matched: Curvin Smeja -> T.J. Hockenson (Minnesota)
   Score: 100.0 | Rating: 88 vs 88 (diff: 0)
   Height: 77" vs 77" (diff: 0") | Weight: 248 vs 248 lbs (diff: 0)
   Handedness: 1 vs 1 (diff: 0) | Years Pro: 6 vs 6 (diff: 0)
   Contract: 16,500,000 APY
✅ Matched: Cullen Snider -> Tyler Smith (Dallas)
   Score: 100.0 | Rating: 88 vs 88 (diff: 0)
   Height: 78" vs 78" (diff: 0") | Weight: 332 vs 332 lbs (diff: 0)
   Handedness: 1 vs 1 (diff: 0) | Years Pro: 3 vs 3 (diff: 0)
   Contract: 3,347,281 APY
✅ Matched: Morgan Murchison -> Tyler Linderbaum (Baltimore)
   Score: 100.0 | Rating: 88 vs 88 (diff: 0)
   Height: 74" vs 74" (diff: 0") | Weight: 305 vs 305 lbs (diff: 0)
   Handedness: 1 vs 1 (diff: 0) | Years Pro: 3 vs 3 (diff: 0)
   Contract: 3,309,572 APY
✅ Matched: Rueben Meachem -> Zack Baun (Philadelphia)
   Score: 100.0 | Rating: 88 vs 88 (diff: 0)
   Height: 74" vs 74" (diff: 0") | Weight: 225 vs 225 lbs (diff: 0)
   Handedness: 1 vs 1 (diff: 0) | Years Pro: 5 vs 5 (diff: 0)
   Contract: 17,000,000 APY
✅ Matched: Royce Specht -> Brandon Aubrey (Dallas)
   Score: 100.0 | Rating: 87 vs 87 (diff: 0)
   Height: 75" vs 75" (diff: 0") | Weight: 200 vs 200 lbs (diff: 0)
   Handedness: 1 vs 1 (diff: 0) | Years Pro: 3 vs 3 (diff: 0)
   Contract: 898,333 APY
✅ Matched: Ellison Lantz -> Brandon Aiyuk (San Francisco)
   Score: 100.0 | Rating: 87 vs 87 (diff: 0)
   Height: 72" vs 72" (diff: 0") | Weight: 200 vs 200 lbs (diff: 0)
   Handedness: 1 vs 1 (diff: 0) | Years Pro: 5 vs 5 (diff: 0)
   Contract: 30,000,000 APY
✅ Matched: Clare Fryar -> Bucky Irving (Tampa Bay)
   Score: 100.0 | Rating: 87 vs 87 (diff: 0)
   Height: 70" vs 70" (diff: 0") | Weight: 195 vs 195 lbs (diff: 0)
   Handedness: 1 vs 1 (diff: 0) | Years Pro: 1 vs 1 (diff: 0)
   Contract: 1,187,888 APY
✅ Matched: Hector Goerke -> Charvarius Ward (Indianapolis)
   Score: 100.0 | Rating: 87 vs 87 (diff: 0)
   Height: 73" vs 73" (diff: 0") | Weight: 196 vs 196 lbs (diff: 0)
   Handedness: 1 vs 1 (diff: 0) | Years Pro: 7 vs 7 (diff: 0)
   Contract: 18,000,000 APY
✅ Matched: Leigh Mccoo -> Dallas Goedert (Philadelphia)
   Score: 100.0 | Rating: 87 vs 87 (diff: 0)
   Height: 77" vs 77" (diff: 0") | Weight: 256 vs 256 lbs (diff: 0)
   Handedness: 1 vs 1 (diff: 0) | Years Pro: 7 vs 7 (diff: 0)
   Contract: 10,000,000 APY
✅ Matched: Ken-Yon Dombrowski -> DaRon Bland (Dallas)
   Score: 100.0 | Rating: 87 vs 87 (diff: 0)
   Height: 72" vs 72" (diff: 0") | Weight: 197 vs 197 lbs (diff: 0)
   Handedness: 1 vs 1 (diff: 0) | Years Pro: 3 vs 3 (diff: 0)
   Contract: 991,197 APY
✅ Matched: Coley O'Donnell -> DeMarcus Lawrence (Seattle)
   Score: 100.0 | Rating: 87 vs 87 (diff: 0)
   Height: 75" vs 75" (diff: 0") | Weight: 265 vs 265 lbs (diff: 0)
   Handedness: 1 vs 1 (diff: 0) | Years Pro: 11 vs 11 (diff: 0)
   Contract: 10,833,333 APY
✅ Matched: Proc Zalejski -> Elgton Jenkins (Green Bay)
   Score: 100.0 | Rating: 87 vs 87 (diff: 0)
   Height: 77" vs 77" (diff: 0") | Weight: 311 vs 311 lbs (diff: 0)
   Handedness: 1 vs 1 (diff: 0) | Years Pro: 6 vs 6 (diff: 0)
   Contract: 17,000,000 APY
✅ Matched: Mirro Obrovac -> Foyesade Oluokun (Jacksonville)
   Score: 100.0 | Rating: 87 vs 87 (diff: 0)
   Height: 74" vs 74" (diff: 0") | Weight: 230 vs 230 lbs (diff: 0)
   Handedness: 1 vs 1 (diff: 0) | Years Pro: 7 vs 7 (diff: 0)
   Contract: 10,000,000 APY
✅ Matched: Dat Ervins -> Jared Goff (Detroit)
   Score: 100.0 | Rating: 87 vs 87 (diff: 0)
   Height: 76" vs 76" (diff: 0") | Weight: 223 vs 223 lbs (diff: 0)
   Handedness: 1 vs 1 (diff: 0) | Years Pro: 9 vs 9 (diff: 0)
   Contract: 53,000,000 APY
✅ Matched: Lavern Weir -> Justin Reid (New Orleans)
   Score: 100.0 | Rating: 87 vs 87 (diff: 0)
   Height: 73" vs 73" (diff: 0") | Weight: 207 vs 207 lbs (diff: 0)
   Handedness: 1 vs 1 (diff: 0) | Years Pro: 7 vs 7 (diff: 0)
   Contract: 10,500,000 APY
✅ Matched: Gonzalo Doren -> Khalil Mack (Los Angeles A)
   Score: 100.0 | Rating: 87 vs 87 (diff: 0)
   Height: 75" vs 75" (diff: 0") | Weight: 269 vs 269 lbs (diff: 0)
   Handedness: 1 vs 1 (diff: 0) | Years Pro: 11 vs 11 (diff: 0)
   Contract: 18,000,000 APY
✅ Matched: Sampson Ramirez -> Kolton Miller (Las Vegas)
   Score: 100.0 | Rating: 87 vs 87 (diff: 0)
   Height: 80" vs 80" (diff: 0") | Weight: 325 vs 325 lbs (diff: 0)
   Handedness: 1 vs 1 (diff: 0) | Years Pro: 7 vs 7 (diff: 0)
   Contract: 22,000,000 APY
✅ Matched: Yamon Godfrey -> Leonard Williams (Seattle)
   Score: 100.0 | Rating: 87 vs 87 (diff: 0)
   Height: 77" vs 77" (diff: 0") | Weight: 302 vs 302 lbs (diff: 0)
   Handedness: 1 vs 1 (diff: 0) | Years Pro: 10 vs 10 (diff: 0)
   Contract: 21,500,000 APY
❌ No match: Chief Rorison (New York N) - Using defaults
✅ Matched: Stumpy Fine -> Nick Chubb (Houston)
   Score: 100.0 | Rating: 87 vs 87 (diff: 0)
   Height: 71" vs 71" (diff: 0") | Weight: 227 vs 227 lbs (diff: 0)
   Handedness: 1 vs 1 (diff: 0) | Years Pro: 7 vs 7 (diff: 0)
   Contract: 2,500,000 APY
⚠️  No contract: 'Omar Truluck -> Sam Cosmi (Washington) - Using defaults
✅ Matched: Ade Stallworth -> Taylor Decker (Detroit)
   Score: 100.0 | Rating: 87 vs 87 (diff: 0)
   Height: 79" vs 79" (diff: 0") | Weight: 318 vs 318 lbs (diff: 0)
   Handedness: 1 vs 1 (diff: 0) | Years Pro: 9 vs 9 (diff: 0)
   Contract: 20,000,000 APY
✅ Matched: Tip Studwell -> Tee Higgins (Cincinnati)
   Score: 100.0 | Rating: 87 vs 87 (diff: 0)
   Height: 76" vs 76" (diff: 0") | Weight: 219 vs 219 lbs (diff: 0)
   Handedness: 1 vs 1 (diff: 0) | Years Pro: 5 vs 5 (diff: 0)
   Contract: 28,750,000 APY
✅ Matched: Larrye Haverdink -> Zach Tom (Green Bay)
   Score: 100.0 | Rating: 87 vs 87 (diff: 0)
   Height: 76" vs 76" (diff: 0") | Weight: 304 vs 304 lbs (diff: 0)
   Handedness: 1 vs 1 (diff: 0) | Years Pro: 3 vs 3 (diff: 0)
   Contract: 22,000,000 APY
❌ No match: Brady Keck (New York N) - Using defaults
✅ Matched: Altie Kapter -> Brian O'Neill (Minnesota)
   Score: 100.0 | Rating: 86 vs 86 (diff: 0)
   Height: 79" vs 79" (diff: 0") | Weight: 310 vs 310 lbs (diff: 0)
   Handedness: 1 vs 1 (diff: 0) | Years Pro: 7 vs 7 (diff: 0)
   Contract: 18,500,000 APY
❌ No match: Dunc Trimble (New York N) - Using defaults
✅ Matched: Eldon Stansauk -> Chris Olave (New Orleans)
   Score: 100.0 | Rating: 86 vs 86 (diff: 0)
   Height: 72" vs 72" (diff: 0") | Weight: 187 vs 187 lbs (diff: 0)
   Handedness: 1 vs 1 (diff: 0) | Years Pro: 3 vs 3 (diff: 0)
   Contract: 4,817,969 APY
✅ Matched: Mick Kelm -> Cooper Kupp (Seattle)
   Score: 100.0 | Rating: 86 vs 86 (diff: 0)
   Height: 74" vs 74" (diff: 0") | Weight: 208 vs 208 lbs (diff: 0)
   Handedness: 1 vs 1 (diff: 0) | Years Pro: 8 vs 8 (diff: 0)
   Contract: 15,000,000 APY
⚠️  No contract: Naaman Munsey -> DJ Moore (Chicago) - Using defaults
✅ Matched: Marcello Matesic -> Dre Greenlaw (Denver)
   Score: 100.0 | Rating: 86 vs 86 (diff: 0)
   Height: 72" vs 72" (diff: 0") | Weight: 230 vs 230 lbs (diff: 0)
   Handedness: 0 vs 0 (diff: 0) | Years Pro: 6 vs 6 (diff: 0)
   Contract: 10,500,000 APY
❌ No match: Damien Forbath (New York A) - Using defaults
✅ Matched: Mush Statuto -> Jabrill Peppers (New England)
   Score: 100.0 | Rating: 86 vs 86 (diff: 0)
   Height: 71" vs 71" (diff: 0") | Weight: 215 vs 215 lbs (diff: 0)
   Handedness: 1 vs 1 (diff: 0) | Years Pro: 8 vs 8 (diff: 0)
   Contract: 8,000,000 APY
✅ Matched: Chester Schick -> Jake Matthews (Atlanta)
   Score: 100.0 | Rating: 86 vs 86 (diff: 0)
   Height: 77" vs 77" (diff: 0") | Weight: 309 vs 309 lbs (diff: 0)
   Handedness: 1 vs 1 (diff: 0) | Years Pro: 11 vs 11 (diff: 0)
   Contract: 22,500,000 APY
✅ Matched: Loren Ferris -> Jalen Hurts (Philadelphia)
   Score: 100.0 | Rating: 86 vs 86 (diff: 0)
   Height: 73" vs 73" (diff: 0") | Weight: 223 vs 223 lbs (diff: 0)
   Handedness: 1 vs 1 (diff: 0) | Years Pro: 5 vs 5 (diff: 0)
   Contract: 51,000,000 APY
✅ Matched: Francis Barber -> Jamel Dean (Tampa Bay)
   Score: 100.0 | Rating: 86 vs 86 (diff: 0)
   Height: 73" vs 73" (diff: 0") | Weight: 206 vs 206 lbs (diff: 0)
   Handedness: 1 vs 1 (diff: 0) | Years Pro: 6 vs 6 (diff: 0)
   Contract: 13,000,000 APY
✅ Matched: Dixie Peed -> Jared Verse (Los Angeles N)
   Score: 100.0 | Rating: 86 vs 86 (diff: 0)
   Height: 76" vs 76" (diff: 0") | Weight: 254 vs 254 lbs (diff: 0)
   Handedness: 1 vs 1 (diff: 0) | Years Pro: 1 vs 1 (diff: 0)
   Contract: 3,783,587 APY
✅ Matched: Kaulana Iwanowski -> Jaxon Smith-Njigba (Seattle)
   Score: 100.0 | Rating: 86 vs 86 (diff: 0)
   Height: 73" vs 73" (diff: 0") | Weight: 200 vs 200 lbs (diff: 0)
   Handedness: 1 vs 1 (diff: 0) | Years Pro: 2 vs 2 (diff: 0)
   Contract: 3,604,327 APY
✅ Matched: Tahaun Galazin -> Jaycee Horn (Carolina)
   Score: 100.0 | Rating: 86 vs 86 (diff: 0)
   Height: 73" vs 73" (diff: 0") | Weight: 200 vs 200 lbs (diff: 0)
   Handedness: 1 vs 1 (diff: 0) | Years Pro: 4 vs 4 (diff: 0)
   Contract: 25,000,000 APY
✅ Matched: Novo Sherwin -> Julian Love (Seattle)
   Score: 100.0 | Rating: 86 vs 86 (diff: 0)
   Height: 71" vs 71" (diff: 0") | Weight: 195 vs 195 lbs (diff: 0)
   Handedness: 1 vs 1 (diff: 0) | Years Pro: 6 vs 6 (diff: 0)
   Contract: 11,000,000 APY
✅ Matched: Rogerick Bird -> Justin Herbert (Los Angeles A)
   Score: 100.0 | Rating: 86 vs 86 (diff: 0)
   Height: 78" vs 78" (diff: 0") | Weight: 236 vs 236 lbs (diff: 0)
   Handedness: 1 vs 1 (diff: 0) | Years Pro: 5 vs 5 (diff: 0)
   Contract: 52,500,000 APY
✅ Matched: Tre Stincic -> Kyren Williams (Los Angeles N)
   Score: 100.0 | Rating: 86 vs 86 (diff: 0)
   Height: 69" vs 69" (diff: 0") | Weight: 194 vs 194 lbs (diff: 0)
   Handedness: 1 vs 1 (diff: 0) | Years Pro: 3 vs 3 (diff: 0)
   Contract: 11,000,000 APY
✅ Matched: Christian Hemphill -> Marshon Lattimore (Washington)
   Score: 100.0 | Rating: 86 vs 86 (diff: 0)
   Height: 72" vs 72" (diff: 0") | Weight: 192 vs 192 lbs (diff: 0)
   Handedness: 1 vs 1 (diff: 0) | Years Pro: 8 vs 8 (diff: 0)
   Contract: 19,520,600 APY
✅ Matched: Allan Koziak -> Sam LaPorta (Detroit)
   Score: 100.0 | Rating: 86 vs 86 (diff: 0)
   Height: 75" vs 75" (diff: 0") | Weight: 245 vs 245 lbs (diff: 0)
   Handedness: 1 vs 1 (diff: 0) | Years Pro: 2 vs 2 (diff: 0)
   Contract: 2,366,498 APY
✅ Matched: Kendal Titensor -> Tariq Woolen (Seattle)
   Score: 100.0 | Rating: 86 vs 86 (diff: 0)
   Height: 76" vs 76" (diff: 0") | Weight: 210 vs 210 lbs (diff: 0)
   Handedness: 1 vs 1 (diff: 0) | Years Pro: 3 vs 3 (diff: 0)
   Contract: 998,054 APY
✅ Matched: Gifford Amaya -> Taylor Moton (Carolina)
   Score: 100.0 | Rating: 86 vs 86 (diff: 0)
   Height: 77" vs 77" (diff: 0") | Weight: 325 vs 325 lbs (diff: 0)
   Handedness: 1 vs 1 (diff: 0) | Years Pro: 8 vs 8 (diff: 0)
   Contract: 17,500,000 APY
✅ Matched: Chad Primeau -> Tony Pollard (Tennessee)
   Score: 100.0 | Rating: 86 vs 86 (diff: 0)
   Height: 72" vs 72" (diff: 0") | Weight: 209 vs 209 lbs (diff: 0)
   Handedness: 1 vs 1 (diff: 0) | Years Pro: 6 vs 6 (diff: 0)
   Contract: 7,250,000 APY
✅ Matched: Rat Sigillo -> Zach Allen (Denver)
   Score: 100.0 | Rating: 86 vs 86 (diff: 0)
   Height: 77" vs 77" (diff: 0") | Weight: 285 vs 285 lbs (diff: 0)
   Handedness: 1 vs 1 (diff: 0) | Years Pro: 6 vs 6 (diff: 0)
   Contract: 25,500,000 APY
✅ Matched: Pannel Danmeier -> A.J. Cole (Las Vegas)
   Score: 100.0 | Rating: 85 vs 85 (diff: 0)
   Height: 76" vs 76" (diff: 0") | Weight: 220 vs 220 lbs (diff: 0)
   Handedness: 1 vs 1 (diff: 0) | Years Pro: 6 vs 6 (diff: 0)
   Contract: 3,950,000 APY
✅ Matched: Tai Coryatt -> Aaron Jones (Minnesota)
   Score: 100.0 | Rating: 85 vs 85 (diff: 0)
   Height: 69" vs 69" (diff: 0") | Weight: 208 vs 208 lbs (diff: 0)
   Handedness: 1 vs 1 (diff: 0) | Years Pro: 8 vs 8 (diff: 0)
   Contract: 10,000,000 APY
✅ Matched: Josh Sutherland -> Baker Mayfield (Tampa Bay)
   Score: 100.0 | Rating: 85 vs 85 (diff: 0)
   Height: 73" vs 73" (diff: 0") | Weight: 215 vs 215 lbs (diff: 0)
   Handedness: 1 vs 1 (diff: 0) | Years Pro: 7 vs 7 (diff: 0)
   Contract: 33,333,333 APY
✅ Matched: Earle Sossamon -> Bernhard Raimann (Indianapolis)
   Score: 100.0 | Rating: 85 vs 85 (diff: 0)
   Height: 78" vs 78" (diff: 0") | Weight: 303 vs 303 lbs (diff: 0)
   Handedness: 1 vs 1 (diff: 0) | Years Pro: 3 vs 3 (diff: 0)
   Contract: 25,000,000 APY
⚠️  No contract: Wood Smukler -> Byron Murphy Jr (Minnesota) - Using defaults
⚠️  No contract: Wilkie Sirochman -> Carlton Davis III (New England) - Using defaults
✅ Matched: Trevard Turnure -> Chris Boswell (Pittsburgh)
   Score: 100.0 | Rating: 85 vs 85 (diff: 0)
   Height: 74" vs 74" (diff: 0") | Weight: 185 vs 185 lbs (diff: 0)
   Handedness: 1 vs 1 (diff: 0) | Years Pro: 11 vs 11 (diff: 0)
   Contract: 5,000,000 APY
⚠️  No contract: Rokevious Jacoby -> Chris Godwin Jr (Tampa Bay) - Using defaults
✅ Matched: Abe Engram -> Christian Benford (Buffalo)
   Score: 100.0 | Rating: 85 vs 85 (diff: 0)
   Height: 73" vs 73" (diff: 0") | Weight: 205 vs 205 lbs (diff: 0)
   Handedness: 1 vs 1 (diff: 0) | Years Pro: 3 vs 3 (diff: 0)
   Contract: 17,250,000 APY
✅ Matched: Javin Perko -> Chuba Hubbard (Carolina)
   Score: 100.0 | Rating: 85 vs 85 (diff: 0)
   Height: 73" vs 73" (diff: 0") | Weight: 210 vs 210 lbs (diff: 0)
   Handedness: 1 vs 1 (diff: 0) | Years Pro: 4 vs 4 (diff: 0)
   Contract: 8,300,000 APY
✅ Matched: Onzy Ivory -> Courtland Sutton (Denver)
   Score: 100.0 | Rating: 85 vs 85 (diff: 0)
   Height: 76" vs 76" (diff: 0") | Weight: 216 vs 216 lbs (diff: 0)
   Handedness: 1 vs 1 (diff: 0) | Years Pro: 7 vs 7 (diff: 0)
   Contract: 23,000,000 APY
✅ Matched: Aldrick Steinke -> D.J. Reader (Detroit)
   Score: 100.0 | Rating: 85 vs 85 (diff: 0)
   Height: 75" vs 75" (diff: 0") | Weight: 335 vs 335 lbs (diff: 0)
   Handedness: 1 vs 1 (diff: 0) | Years Pro: 9 vs 9 (diff: 0)
   Contract: 11,000,000 APY
✅ Matched: Wilford Hajek -> D.K. Metcalf (Pittsburgh)
   Score: 100.0 | Rating: 85 vs 85 (diff: 0)
   Height: 76" vs 76" (diff: 0") | Weight: 235 vs 235 lbs (diff: 0)
   Handedness: 1 vs 1 (diff: 0) | Years Pro: 6 vs 6 (diff: 0)
   Contract: 33,000,000 APY
✅ Matched: Wallace Hand -> Devin Lloyd (Jacksonville)
   Score: 100.0 | Rating: 85 vs 85 (diff: 0)
   Height: 75" vs 75" (diff: 0") | Weight: 235 vs 235 lbs (diff: 0)
   Handedness: 1 vs 1 (diff: 0) | Years Pro: 3 vs 3 (diff: 0)
   Contract: 3,234,151 APY
✅ Matched: Armanti Bracken -> Evan Engram (Denver)
   Score: 100.0 | Rating: 85 vs 85 (diff: 0)
   Height: 75" vs 75" (diff: 0") | Weight: 240 vs 240 lbs (diff: 0)
   Handedness: 1 vs 1 (diff: 0) | Years Pro: 8 vs 8 (diff: 0)
   Contract: 11,500,000 APY
✅ Matched: Dextor Mccants -> Grover Stewart (Indianapolis)
   Score: 100.0 | Rating: 85 vs 85 (diff: 0)
   Height: 76" vs 76" (diff: 0") | Weight: 315 vs 315 lbs (diff: 0)
   Handedness: 1 vs 1 (diff: 0) | Years Pro: 8 vs 8 (diff: 0)
   Contract: 13,000,000 APY
✅ Matched: Issiac Skrepenak -> James Conner (Arizona)
   Score: 100.0 | Rating: 85 vs 85 (diff: 0)
   Height: 73" vs 73" (diff: 0") | Weight: 233 vs 233 lbs (diff: 0)
   Handedness: 1 vs 1 (diff: 0) | Years Pro: 8 vs 8 (diff: 0)
   Contract: 9,500,000 APY
✅ Matched: Dylan Wills -> Jayden Daniels (Washington)
   Score: 100.0 | Rating: 85 vs 85 (diff: 0)
   Height: 76" vs 76" (diff: 0") | Weight: 210 vs 210 lbs (diff: 0)
   Handedness: 1 vs 1 (diff: 0) | Years Pro: 1 vs 1 (diff: 0)
   Contract: 9,436,663 APY
✅ Matched: Tracy Lusk -> Jaylen Waddle (Miami)
   Score: 100.0 | Rating: 85 vs 85 (diff: 0)
   Height: 70" vs 70" (diff: 0") | Weight: 182 vs 182 lbs (diff: 0)
   Handedness: 1 vs 1 (diff: 0) | Years Pro: 4 vs 4 (diff: 0)
   Contract: 28,250,000 APY
✅ Matched: Keenan Frampton -> Joel Bitonio (Cleveland)
   Score: 100.0 | Rating: 85 vs 85 (diff: 0)
   Height: 76" vs 76" (diff: 0") | Weight: 320 vs 320 lbs (diff: 0)
   Handedness: 1 vs 1 (diff: 0) | Years Pro: 11 vs 11 (diff: 0)
   Contract: 15,000,000 APY
✅ Matched: Tremain Dally -> Joey Bosa (Buffalo)
   Score: 100.0 | Rating: 85 vs 85 (diff: 0)
   Height: 77" vs 77" (diff: 0") | Weight: 280 vs 280 lbs (diff: 0)
   Handedness: 1 vs 1 (diff: 0) | Years Pro: 9 vs 9 (diff: 0)
   Contract: 12,610,000 APY
✅ Matched: Levi Curzon -> Josh Sweat (Arizona)
   Score: 100.0 | Rating: 85 vs 85 (diff: 0)
   Height: 77" vs 77" (diff: 0") | Weight: 265 vs 265 lbs (diff: 0)
   Handedness: 1 vs 1 (diff: 0) | Years Pro: 7 vs 7 (diff: 0)
   Contract: 19,100,000 APY
✅ Matched: Aundray Wadsworth -> Kevin Dotson (Los Angeles N)
   Score: 100.0 | Rating: 85 vs 85 (diff: 0)
   Height: 76" vs 76" (diff: 0") | Weight: 321 vs 321 lbs (diff: 0)
   Handedness: 1 vs 1 (diff: 0) | Years Pro: 5 vs 5 (diff: 0)
   Contract: 16,000,000 APY
✅ Matched: Usama Stofer -> Kobie Turner (Los Angeles N)
   Score: 100.0 | Rating: 85 vs 85 (diff: 0)
   Height: 74" vs 74" (diff: 0") | Weight: 288 vs 288 lbs (diff: 0)
   Handedness: 1 vs 1 (diff: 0) | Years Pro: 2 vs 2 (diff: 0)
   Contract: 1,347,869 APY
✅ Matched: Fran Josue -> Milton Williams (New England)
   Score: 100.0 | Rating: 85 vs 85 (diff: 0)
   Height: 75" vs 75" (diff: 0") | Weight: 290 vs 290 lbs (diff: 0)
   Handedness: 1 vs 1 (diff: 0) | Years Pro: 4 vs 4 (diff: 0)
   Contract: 26,000,000 APY
✅ Matched: Roscoe Rymkus -> Quinyon Mitchell (Philadelphia)
   Score: 100.0 | Rating: 85 vs 85 (diff: 0)
   Height: 72" vs 72" (diff: 0") | Weight: 195 vs 195 lbs (diff: 0)
   Handedness: 1 vs 1 (diff: 0) | Years Pro: 1 vs 1 (diff: 0)
   Contract: 3,704,524 APY
✅ Matched: Curley Kohl -> Spencer Brown (Buffalo)
   Score: 100.0 | Rating: 85 vs 85 (diff: 0)
   Height: 80" vs 80" (diff: 0") | Weight: 311 vs 311 lbs (diff: 0)
   Handedness: 1 vs 1 (diff: 0) | Years Pro: 4 vs 4 (diff: 0)
   Contract: 18,000,000 APY
⚠️  No contract: Guy Mello -> Trent Brown (Houston) - Using defaults
✅ Matched: Warner Scardine -> Zay Flowers (Baltimore)
   Score: 100.0 | Rating: 85 vs 85 (diff: 0)
   Height: 69" vs 69" (diff: 0") | Weight: 182 vs 182 lbs (diff: 0)
   Handedness: 1 vs 1 (diff: 0) | Years Pro: 2 vs 2 (diff: 0)
   Contract: 3,509,109 APY
❌ No match: Bashir Cordova (New York A) - Using defaults
✅ Matched: Jabara Rattay -> Alvin Kamara (New Orleans)
   Score: 100.0 | Rating: 84 vs 84 (diff: 0)
   Height: 70" vs 70" (diff: 0") | Weight: 215 vs 215 lbs (diff: 0)
   Handedness: 1 vs 1 (diff: 0) | Years Pro: 8 vs 8 (diff: 0)
   Contract: 12,250,000 APY
❌ No match: Pratt Hurley (New York A) - Using defaults
⚠️  No contract: Eldred Delhomme -> Brian Thomas Jr (Jacksonville) - Using defaults
✅ Matched: Adrian Brovelli -> Brock Purdy (San Francisco)
   Score: 100.0 | Rating: 84 vs 84 (diff: 0)
   Height: 73" vs 73" (diff: 0") | Weight: 220 vs 220 lbs (diff: 0)
   Handedness: 1 vs 1 (diff: 0) | Years Pro: 3 vs 3 (diff: 0)
   Contract: 53,000,000 APY
⚠️  No contract: Shipwreck Dalby -> C.J. Gardner-Johnson (Houston) - Using defaults
✅ Matched: Terance Monahan -> Dak Prescott (Dallas)
   Score: 100.0 | Rating: 84 vs 84 (diff: 0)
   Height: 74" vs 74" (diff: 0") | Weight: 238 vs 238 lbs (diff: 0)
   Handedness: 1 vs 1 (diff: 0) | Years Pro: 9 vs 9 (diff: 0)
   Contract: 60,000,000 APY
⚠️  No contract: Martay Tuaolo -> Darius Slay Jr (Pittsburgh) - Using defaults
✅ Matched: Bake Choice -> David Montgomery (Detroit)
   Score: 100.0 | Rating: 84 vs 84 (diff: 0)
   Height: 70" vs 70" (diff: 0") | Weight: 222 vs 222 lbs (diff: 0)
   Handedness: 1 vs 1 (diff: 0) | Years Pro: 6 vs 6 (diff: 0)
   Contract: 9,125,000 APY
✅ Matched: Knowshon Partridge -> Drue Tranquill (Kansas City)
   Score: 100.0 | Rating: 84 vs 84 (diff: 0)
   Height: 74" vs 74" (diff: 0") | Weight: 228 vs 228 lbs (diff: 0)
   Handedness: 1 vs 1 (diff: 0) | Years Pro: 6 vs 6 (diff: 0)
   Contract: 6,333,333 APY
✅ Matched: Antwaan Haggerty -> George Karlaftis (Kansas City)
   Score: 100.0 | Rating: 84 vs 84 (diff: 0)
   Height: 76" vs 76" (diff: 0") | Weight: 263 vs 263 lbs (diff: 0)
   Handedness: 1 vs 1 (diff: 0) | Years Pro: 3 vs 3 (diff: 0)
   Contract: 22,000,000 APY
✅ Matched: Tyson Gavin -> Jack Campbell (Detroit)
   Score: 100.0 | Rating: 84 vs 84 (diff: 0)
   Height: 77" vs 77" (diff: 0") | Weight: 249 vs 249 lbs (diff: 0)
   Handedness: 1 vs 1 (diff: 0) | Years Pro: 2 vs 2 (diff: 0)
   Contract: 3,680,501 APY
✅ Matched: Rashawn Schable -> Jerry Jeudy (Cleveland)
   Score: 100.0 | Rating: 84 vs 84 (diff: 0)
   Height: 73" vs 73" (diff: 0") | Weight: 193 vs 193 lbs (diff: 0)
   Handedness: 1 vs 1 (diff: 0) | Years Pro: 5 vs 5 (diff: 0)
   Contract: 17,500,000 APY
✅ Matched: Ropati Clime -> Jordan Addison (Minnesota)
   Score: 100.0 | Rating: 84 vs 84 (diff: 0)
   Height: 71" vs 71" (diff: 0") | Weight: 175 vs 175 lbs (diff: 0)
   Handedness: 1 vs 1 (diff: 0) | Years Pro: 2 vs 2 (diff: 0)
   Contract: 3,432,935 APY
✅ Matched: Arunas Esser -> L'Jarius Sneed (Tennessee)
   Score: 100.0 | Rating: 84 vs 84 (diff: 0)
   Height: 73" vs 73" (diff: 0") | Weight: 192 vs 192 lbs (diff: 0)
   Handedness: 1 vs 1 (diff: 0) | Years Pro: 5 vs 5 (diff: 0)
   Contract: 19,100,000 APY
✅ Matched: Harlon Peterman -> Ladd McConkey (Los Angeles A)
   Score: 100.0 | Rating: 84 vs 84 (diff: 0)
   Height: 72" vs 72" (diff: 0") | Weight: 186 vs 186 lbs (diff: 0)
   Handedness: 1 vs 1 (diff: 0) | Years Pro: 1 vs 1 (diff: 0)
   Contract: 2,498,797 APY
✅ Matched: Shiner Botchan -> Leo Chenal (Kansas City)
   Score: 100.0 | Rating: 84 vs 84 (diff: 0)
   Height: 75" vs 75" (diff: 0") | Weight: 250 vs 250 lbs (diff: 0)
   Handedness: 1 vs 1 (diff: 0) | Years Pro: 3 vs 3 (diff: 0)
   Contract: 1,261,227 APY
✅ Matched: Randal Pontbriand -> Matt Milano (Buffalo)
   Score: 100.0 | Rating: 84 vs 84 (diff: 0)
   Height: 72" vs 72" (diff: 0") | Weight: 223 vs 223 lbs (diff: 0)
   Handedness: 1 vs 1 (diff: 0) | Years Pro: 8 vs 8 (diff: 0)
   Contract: 6,306,500 APY
✅ Matched: Thane Birney -> Nik Bonitto (Denver)
   Score: 100.0 | Rating: 84 vs 84 (diff: 0)
   Height: 75" vs 75" (diff: 0") | Weight: 240 vs 240 lbs (diff: 0)
   Handedness: 1 vs 1 (diff: 0) | Years Pro: 3 vs 3 (diff: 0)
   Contract: 1,450,473 APY
⚠️  No contract: Travelle Olivea -> Paris Johnson Jr (Arizona) - Using defaults
✅ Matched: Tarik Gladchuk -> Pat Freiermuth (Pittsburgh)
   Score: 100.0 | Rating: 84 vs 84 (diff: 0)
   Height: 77" vs 77" (diff: 0") | Weight: 258 vs 258 lbs (diff: 0)
   Handedness: 1 vs 1 (diff: 0) | Years Pro: 4 vs 4 (diff: 0)
   Contract: 12,100,000 APY
✅ Matched: Marquand Hickerson -> Rob Havenstein (Los Angeles N)
   Score: 100.0 | Rating: 84 vs 84 (diff: 0)
   Height: 80" vs 80" (diff: 0") | Weight: 330 vs 330 lbs (diff: 0)
   Handedness: 1 vs 1 (diff: 0) | Years Pro: 10 vs 10 (diff: 0)
   Contract: 11,500,000 APY
✅ Matched: Ermal Stegall -> Talanoa Hufanga (Denver)
   Score: 100.0 | Rating: 84 vs 84 (diff: 0)
   Height: 72" vs 72" (diff: 0") | Weight: 200 vs 200 lbs (diff: 0)
   Handedness: 1 vs 1 (diff: 0) | Years Pro: 4 vs 4 (diff: 0)
   Contract: 13,000,000 APY
✅ Matched: Nesby Ragsdale -> Taron Johnson (Buffalo)
   Score: 100.0 | Rating: 84 vs 84 (diff: 0)
   Height: 71" vs 71" (diff: 0") | Weight: 192 vs 192 lbs (diff: 0)
   Handedness: 1 vs 1 (diff: 0) | Years Pro: 7 vs 7 (diff: 0)
   Contract: 10,250,000 APY
✅ Matched: Joyce Blackwood -> Travis Hunter (Jacksonville)
   Score: 100.0 | Rating: 84 vs 84 (diff: 0)
   Height: 73" vs 73" (diff: 0") | Weight: 188 vs 188 lbs (diff: 0)
   Handedness: 1 vs 1 (diff: 0) | Years Pro: 0 vs 0 (diff: 0)
   Contract: 11,662,282 APY
✅ Matched: Brant Raines -> Trevon Diggs (Dallas)
   Score: 100.0 | Rating: 84 vs 84 (diff: 0)
   Height: 74" vs 74" (diff: 0") | Weight: 195 vs 195 lbs (diff: 0)
   Handedness: 1 vs 1 (diff: 0) | Years Pro: 5 vs 5 (diff: 0)
   Contract: 19,400,000 APY
✅ Matched: Jo Ottis -> Zach Frazier (Pittsburgh)
   Score: 100.0 | Rating: 84 vs 84 (diff: 0)
   Height: 75" vs 75" (diff: 0") | Weight: 310 vs 310 lbs (diff: 0)
   Handedness: 1 vs 1 (diff: 0) | Years Pro: 1 vs 1 (diff: 0)
   Contract: 1,886,054 APY
✅ Matched: Verdi Ursella -> Zach Sieler (Miami)
   Score: 100.0 | Rating: 84 vs 84 (diff: 0)
   Height: 78" vs 78" (diff: 0") | Weight: 305 vs 305 lbs (diff: 0)
   Handedness: 1 vs 1 (diff: 0) | Years Pro: 7 vs 7 (diff: 0)
   Contract: 22,583,333 APY
✅ Matched: Ashton Ghee -> Alim McNeill (Detroit)
   Score: 100.0 | Rating: 83 vs 83 (diff: 0)
   Height: 74" vs 74" (diff: 0") | Weight: 315 vs 315 lbs (diff: 0)
   Handedness: 1 vs 1 (diff: 0) | Years Pro: 4 vs 4 (diff: 0)
   Contract: 24,250,000 APY
✅ Matched: Abner Slackford -> Andrew Van Ginkel (Minnesota)
   Score: 100.0 | Rating: 83 vs 83 (diff: 0)
   Height: 76" vs 76" (diff: 0") | Weight: 242 vs 242 lbs (diff: 0)
   Handedness: 1 vs 1 (diff: 0) | Years Pro: 6 vs 6 (diff: 0)
   Contract: 23,000,000 APY
✅ Matched: Audie Hobbs -> Ashton Jeanty (Las Vegas)
   Score: 100.0 | Rating: 83 vs 83 (diff: 0)
   Height: 69" vs 69" (diff: 0") | Weight: 211 vs 211 lbs (diff: 0)
   Handedness: 1 vs 1 (diff: 0) | Years Pro: 0 vs 0 (diff: 0)
   Contract: 8,973,953 APY
✅ Matched: Reynold Rockford -> Blake Cashman (Minnesota)
   Score: 100.0 | Rating: 83 vs 83 (diff: 0)
   Height: 73" vs 73" (diff: 0") | Weight: 237 vs 237 lbs (diff: 0)
   Handedness: 1 vs 1 (diff: 0) | Years Pro: 6 vs 6 (diff: 0)
   Contract: 7,500,000 APY
✅ Matched: Juddy Tackett -> Braden Smith (Indianapolis)
   Score: 100.0 | Rating: 83 vs 83 (diff: 0)
   Height: 78" vs 78" (diff: 0") | Weight: 315 vs 315 lbs (diff: 0)
   Handedness: 0 vs 0 (diff: 0) | Years Pro: 7 vs 7 (diff: 0)
   Contract: 17,500,000 APY
✅ Matched: Blane Berra -> Brandon Jones (Denver)
   Score: 100.0 | Rating: 83 vs 83 (diff: 0)
   Height: 73" vs 73" (diff: 0") | Weight: 191 vs 191 lbs (diff: 0)
   Handedness: 1 vs 1 (diff: 0) | Years Pro: 5 vs 5 (diff: 0)
   Contract: 6,666,667 APY
✅ Matched: Sandy Sacrinty -> Charles Cross (Seattle)
   Score: 100.0 | Rating: 83 vs 83 (diff: 0)
   Height: 77" vs 77" (diff: 0") | Weight: 311 vs 311 lbs (diff: 0)
   Handedness: 1 vs 1 (diff: 0) | Years Pro: 3 vs 3 (diff: 0)
   Contract: 5,345,907 APY
✅ Matched: Carson Luckhurst -> Chidobe Awuzie (Baltimore)
   Score: 100.0 | Rating: 83 vs 83 (diff: 0)
   Height: 72" vs 72" (diff: 0") | Weight: 202 vs 202 lbs (diff: 0)
   Handedness: 1 vs 1 (diff: 0) | Years Pro: 8 vs 8 (diff: 0)
   Contract: 1,255,000 APY
✅ Matched: Alex Rifenburg -> Cooper DeJean (Philadelphia)
   Score: 100.0 | Rating: 83 vs 83 (diff: 0)
   Height: 72" vs 72" (diff: 0") | Weight: 202 vs 202 lbs (diff: 0)
   Handedness: 1 vs 1 (diff: 0) | Years Pro: 1 vs 1 (diff: 0)
   Contract: 2,320,906 APY
⚠️  No contract: Deltha Borden -> D.J. Reed Jr (Detroit) - Using defaults
⚠️  No contract: August Kern -> Da'Ron Payne (Washington) - Using defaults
✅ Matched: Scotty Dansby -> Daiyan Henley (Los Angeles A)
   Score: 100.0 | Rating: 83 vs 83 (diff: 0)
   Height: 73" vs 73" (diff: 0") | Weight: 225 vs 225 lbs (diff: 0)
   Handedness: 1 vs 1 (diff: 0) | Years Pro: 2 vs 2 (diff: 0)
   Contract: 1,355,105 APY
✅ Matched: Jamaica Finsterwald -> Damien Lewis (Carolina)
   Score: 100.0 | Rating: 83 vs 83 (diff: 0)
   Height: 74" vs 74" (diff: 0") | Weight: 327 vs 327 lbs (diff: 0)
   Handedness: 1 vs 1 (diff: 0) | Years Pro: 5 vs 5 (diff: 0)
   Contract: 13,250,000 APY
⚠️  No contract: Ahmed Berti -> De'Von Achane (Miami) - Using defaults
⚠️  No contract: Tydus Hartman -> Deebo Samuel Sr (Washington) - Using defaults
✅ Matched: Bradlee Crayton -> Dominick Puni (San Francisco)
   Score: 100.0 | Rating: 83 vs 83 (diff: 0)
   Height: 77" vs 77" (diff: 0") | Weight: 320 vs 320 lbs (diff: 0)
   Handedness: 1 vs 1 (diff: 0) | Years Pro: 1 vs 1 (diff: 0)
   Contract: 1,425,137 APY
✅ Matched: Kato Mallett -> George Pickens (Dallas)
   Score: 100.0 | Rating: 83 vs 83 (diff: 0)
   Height: 75" vs 75" (diff: 0") | Weight: 200 vs 200 lbs (diff: 0)
   Handedness: 1 vs 1 (diff: 0) | Years Pro: 3 vs 3 (diff: 0)
   Contract: 1,688,045 APY
✅ Matched: Rashard Awasom -> Hunter Henry (New England)
   Score: 100.0 | Rating: 83 vs 83 (diff: 0)
   Height: 77" vs 77" (diff: 0") | Weight: 250 vs 250 lbs (diff: 0)
   Handedness: 1 vs 1 (diff: 0) | Years Pro: 9 vs 9 (diff: 0)
   Contract: 9,000,000 APY
✅ Matched: Earl Greenlee -> Isiah Pacheco (Kansas City)
   Score: 100.0 | Rating: 83 vs 83 (diff: 0)
   Height: 70" vs 70" (diff: 0") | Weight: 216 vs 216 lbs (diff: 0)
   Handedness: 1 vs 1 (diff: 0) | Years Pro: 3 vs 3 (diff: 0)
   Contract: 934,777 APY
✅ Matched: Almon Azumah -> Jakobi Meyers (Las Vegas)
   Score: 100.0 | Rating: 83 vs 83 (diff: 0)
   Height: 74" vs 74" (diff: 0") | Weight: 200 vs 200 lbs (diff: 0)
   Handedness: 1 vs 1 (diff: 0) | Years Pro: 6 vs 6 (diff: 0)
   Contract: 11,000,000 APY
✅ Matched: Sherwood Dibernardo -> Jalen Pitre (Houston)
   Score: 100.0 | Rating: 83 vs 83 (diff: 0)
   Height: 71" vs 71" (diff: 0") | Weight: 198 vs 198 lbs (diff: 0)
   Handedness: 1 vs 1 (diff: 0) | Years Pro: 3 vs 3 (diff: 0)
   Contract: 13,000,000 APY
✅ Matched: Kailee Talbert -> Jaquan Brisker (Chicago)
   Score: 100.0 | Rating: 83 vs 83 (diff: 0)
   Height: 73" vs 73" (diff: 0") | Weight: 200 vs 200 lbs (diff: 0)
   Handedness: 1 vs 1 (diff: 0) | Years Pro: 3 vs 3 (diff: 0)
   Contract: 1,838,885 APY
✅ Matched: Ramos Hoese -> Jeremiah Owusu-Koramoah (Cleveland)
   Score: 100.0 | Rating: 83 vs 83 (diff: 0)
   Height: 74" vs 74" (diff: 0") | Weight: 221 vs 221 lbs (diff: 0)
   Handedness: 1 vs 1 (diff: 0) | Years Pro: 4 vs 4 (diff: 0)
   Contract: 12,500,000 APY
✅ Matched: Emile Fena -> Jeremy Chinn (Las Vegas)
   Score: 100.0 | Rating: 83 vs 83 (diff: 0)
   Height: 75" vs 75" (diff: 0") | Weight: 220 vs 220 lbs (diff: 0)
   Handedness: 1 vs 1 (diff: 0) | Years Pro: 5 vs 5 (diff: 0)
   Contract: 8,129,000 APY
❌ No match: Jamain Angelo (New York N) - Using defaults
✅ Matched: Byron Lichtensteiger -> Jimmie Ward (Houston)
   Score: 100.0 | Rating: 83 vs 83 (diff: 0)
   Height: 71" vs 71" (diff: 0") | Weight: 195 vs 195 lbs (diff: 0)
   Handedness: 1 vs 1 (diff: 0) | Years Pro: 11 vs 11 (diff: 0)
   Contract: 10,508,000 APY
✅ Matched: Nuu Lange -> Jonathan Greenard (Minnesota)
   Score: 100.0 | Rating: 83 vs 83 (diff: 0)
   Height: 75" vs 75" (diff: 0") | Weight: 263 vs 263 lbs (diff: 0)
   Handedness: 1 vs 1 (diff: 0) | Years Pro: 5 vs 5 (diff: 0)
   Contract: 19,000,000 APY
✅ Matched: Wardell Stuvaints -> Jordan Love (Green Bay)
   Score: 100.0 | Rating: 83 vs 83 (diff: 0)
   Height: 76" vs 76" (diff: 0") | Weight: 219 vs 219 lbs (diff: 0)
   Handedness: 1 vs 1 (diff: 0) | Years Pro: 5 vs 5 (diff: 0)
   Contract: 55,000,000 APY
✅ Matched: Fletcher Burruss -> Kenny Clark (Green Bay)
   Score: 100.0 | Rating: 83 vs 83 (diff: 0)
   Height: 75" vs 75" (diff: 0") | Weight: 314 vs 314 lbs (diff: 0)
   Handedness: 1 vs 1 (diff: 0) | Years Pro: 9 vs 9 (diff: 0)
   Contract: 21,333,333 APY
✅ Matched: Palmer Kinzer -> Logan Cooke (Jacksonville)
   Score: 100.0 | Rating: 83 vs 83 (diff: 0)
   Height: 77" vs 77" (diff: 0") | Weight: 230 vs 230 lbs (diff: 0)
   Handedness: 1 vs 1 (diff: 0) | Years Pro: 7 vs 7 (diff: 0)
   Contract: 4,000,000 APY
✅ Matched: Alfonso Lenc -> Michael Dickson (Seattle)
   Score: 100.0 | Rating: 83 vs 83 (diff: 0)
   Height: 74" vs 74" (diff: 0") | Weight: 208 vs 208 lbs (diff: 0)
   Handedness: 1 vs 1 (diff: 0) | Years Pro: 7 vs 7 (diff: 0)
   Contract: 4,050,000 APY
✅ Matched: Duriel Zecher -> Nick Bolton (Kansas City)
   Score: 100.0 | Rating: 83 vs 83 (diff: 0)
   Height: 71" vs 71" (diff: 0") | Weight: 237 vs 237 lbs (diff: 0)
   Handedness: 1 vs 1 (diff: 0) | Years Pro: 4 vs 4 (diff: 0)
   Contract: 15,000,000 APY
✅ Matched: Kris Titus -> Patrick Ricard (Baltimore)
   Score: 100.0 | Rating: 83 vs 83 (diff: 0)
   Height: 75" vs 75" (diff: 0") | Weight: 305 vs 305 lbs (diff: 0)
   Handedness: 1 vs 1 (diff: 0) | Years Pro: 8 vs 8 (diff: 0)
   Contract: 2,872,500 APY
✅ Matched: Ruben Tulloch -> Rashee Rice (Kansas City)
   Score: 100.0 | Rating: 83 vs 83 (diff: 0)
   Height: 74" vs 74" (diff: 0") | Weight: 203 vs 203 lbs (diff: 0)
   Handedness: 1 vs 1 (diff: 0) | Years Pro: 2 vs 2 (diff: 0)
   Contract: 1,623,802 APY
✅ Matched: Artimus Markland -> Ryan Kelly (Minnesota)
   Score: 100.0 | Rating: 83 vs 83 (diff: 0)
   Height: 76" vs 76" (diff: 0") | Weight: 307 vs 307 lbs (diff: 0)
   Handedness: 1 vs 1 (diff: 0) | Years Pro: 9 vs 9 (diff: 0)
   Contract: 9,000,000 APY
✅ Matched: Morrie Ogle -> Von Miller (Washington)
   Score: 100.0 | Rating: 83 vs 83 (diff: 0)
   Height: 75" vs 75" (diff: 0") | Weight: 250 vs 250 lbs (diff: 0)
   Handedness: 1 vs 1 (diff: 0) | Years Pro: 14 vs 14 (diff: 0)
   Contract: 6,100,000 APY
✅ Matched: Rian Hanner -> Braden Fiske (Los Angeles N)
   Score: 100.0 | Rating: 82 vs 82 (diff: 0)
   Height: 77" vs 77" (diff: 0") | Weight: 297 vs 297 lbs (diff: 0)
   Handedness: 1 vs 1 (diff: 0) | Years Pro: 1 vs 1 (diff: 0)
   Contract: 2,352,531 APY
✅ Matched: Enid Wyhonic -> Calais Campbell (Arizona)
   Score: 100.0 | Rating: 82 vs 82 (diff: 0)
   Height: 80" vs 80" (diff: 0") | Weight: 295 vs 295 lbs (diff: 0)
   Handedness: 1 vs 1 (diff: 0) | Years Pro: 17 vs 17 (diff: 0)
   Contract: 5,500,000 APY
✅ Matched: Vlad Herchman -> Camryn Bynum (Indianapolis)
   Score: 100.0 | Rating: 82 vs 82 (diff: 0)
   Height: 72" vs 72" (diff: 0") | Weight: 200 vs 200 lbs (diff: 0)
   Handedness: 1 vs 1 (diff: 0) | Years Pro: 4 vs 4 (diff: 0)
   Contract: 15,000,000 APY
✅ Matched: Zeke Wykoff -> Cole Kmet (Chicago)
   Score: 100.0 | Rating: 82 vs 82 (diff: 0)
   Height: 78" vs 78" (diff: 0") | Weight: 260 vs 260 lbs (diff: 0)
   Handedness: 0 vs 0 (diff: 0) | Years Pro: 5 vs 5 (diff: 0)
   Contract: 12,500,000 APY
✅ Matched: Akiem Ingersoll -> Corey Bojorquez (Cleveland)
   Score: 100.0 | Rating: 82 vs 82 (diff: 0)
   Height: 72" vs 72" (diff: 0") | Weight: 217 vs 217 lbs (diff: 0)
   Handedness: 0 vs 0 (diff: 0) | Years Pro: 7 vs 7 (diff: 0)
   Contract: 2,000,000 APY
✅ Matched: Le-Lo Treu -> Darren Waller (Miami)
   Score: 100.0 | Rating: 82 vs 82 (diff: 0)
   Height: 78" vs 78" (diff: 0") | Weight: 245 vs 245 lbs (diff: 0)
   Handedness: 1 vs 1 (diff: 0) | Years Pro: 8 vs 8 (diff: 0)
   Contract: 2,000,000 APY
✅ Matched: Solly Lawler -> DeAndre Hopkins (Baltimore)
   Score: 100.0 | Rating: 82 vs 82 (diff: 0)
   Height: 73" vs 73" (diff: 0") | Weight: 212 vs 212 lbs (diff: 0)
   Handedness: 1 vs 1 (diff: 0) | Years Pro: 12 vs 12 (diff: 0)
   Contract: 5,000,000 APY
✅ Matched: Goldie Danenhauer -> Deommodore Lenoir (San Francisco)
   Score: 100.0 | Rating: 82 vs 82 (diff: 0)
   Height: 70" vs 70" (diff: 0") | Weight: 200 vs 200 lbs (diff: 0)
   Handedness: 1 vs 1 (diff: 0) | Years Pro: 4 vs 4 (diff: 0)
   Contract: 17,776,800 APY
⚠️  No contract: Jah Caravello -> DeShon Elliott (Pittsburgh) - Using defaults
✅ Matched: Hanford Quaerna -> Grady Jarrett (Chicago)
   Score: 100.0 | Rating: 82 vs 82 (diff: 0)
   Height: 72" vs 72" (diff: 0") | Weight: 305 vs 305 lbs (diff: 0)
   Handedness: 1 vs 1 (diff: 0) | Years Pro: 10 vs 10 (diff: 0)
   Contract: 14,250,000 APY
✅ Matched: Dj Belden -> Harrison Butker (Kansas City)
   Score: 100.0 | Rating: 82 vs 82 (diff: 0)
   Height: 76" vs 76" (diff: 0") | Weight: 199 vs 199 lbs (diff: 0)
   Handedness: 1 vs 1 (diff: 0) | Years Pro: 8 vs 8 (diff: 0)
   Contract: 6,400,000 APY
⚠️  No contract: Harrie Machado -> J.K. Dobbins (Denver) - Using defaults
✅ Matched: Carey Mccluskey -> Jaelan Phillips (Miami)
   Score: 100.0 | Rating: 82 vs 82 (diff: 0)
   Height: 77" vs 77" (diff: 0") | Weight: 263 vs 263 lbs (diff: 0)
   Handedness: 1 vs 1 (diff: 0) | Years Pro: 4 vs 4 (diff: 0)
   Contract: 3,504,551 APY
✅ Matched: Curtland Principe -> Jameson Williams (Detroit)
   Score: 100.0 | Rating: 82 vs 82 (diff: 0)
   Height: 74" vs 74" (diff: 0") | Weight: 189 vs 189 lbs (diff: 0)
   Handedness: 1 vs 1 (diff: 0) | Years Pro: 3 vs 3 (diff: 0)
   Contract: 4,365,448 APY
✅ Matched: Deauntae Bunch -> Joe Alt (Los Angeles A)
   Score: 100.0 | Rating: 82 vs 82 (diff: 0)
   Height: 81" vs 81" (diff: 0") | Weight: 321 vs 321 lbs (diff: 0)
   Handedness: 1 vs 1 (diff: 0) | Years Pro: 1 vs 1 (diff: 0)
   Contract: 8,290,236 APY
❌ No match: Felipe Orvis (New York A) - Using defaults
✅ Matched: Ordell Conaty -> Josh Metellus (Minnesota)
   Score: 100.0 | Rating: 82 vs 82 (diff: 0)
   Height: 71" vs 71" (diff: 0") | Weight: 207 vs 207 lbs (diff: 0)
   Handedness: 1 vs 1 (diff: 0) | Years Pro: 5 vs 5 (diff: 0)
   Contract: 12,000,000 APY
✅ Matched: Armegis Kopp -> Kaden Elliss (Atlanta)
   Score: 100.0 | Rating: 82 vs 82 (diff: 0)
   Height: 74" vs 74" (diff: 0") | Weight: 238 vs 238 lbs (diff: 0)
   Handedness: 1 vs 1 (diff: 0) | Years Pro: 6 vs 6 (diff: 0)
   Contract: 7,166,667 APY
✅ Matched: Da'Norris Moroski -> Khalil Shakir (Buffalo)
   Score: 100.0 | Rating: 82 vs 82 (diff: 0)
   Height: 72" vs 72" (diff: 0") | Weight: 190 vs 190 lbs (diff: 0)
   Handedness: 1 vs 1 (diff: 0) | Years Pro: 3 vs 3 (diff: 0)
   Contract: 13,264,500 APY
✅ Matched: Taco Chilton -> Kyler Gordon (Chicago)
   Score: 100.0 | Rating: 82 vs 82 (diff: 0)
   Height: 72" vs 72" (diff: 0") | Weight: 200 vs 200 lbs (diff: 0)
   Handedness: 1 vs 1 (diff: 0) | Years Pro: 3 vs 3 (diff: 0)
   Contract: 13,333,333 APY
✅ Matched: Dujuan Easy -> Logan Wilson (Cincinnati)
   Score: 100.0 | Rating: 82 vs 82 (diff: 0)
   Height: 74" vs 74" (diff: 0") | Weight: 245 vs 245 lbs (diff: 0)
   Handedness: 1 vs 1 (diff: 0) | Years Pro: 5 vs 5 (diff: 0)
   Contract: 9,000,000 APY
✅ Matched: Petey Dolbin -> Luke Goedeke (Tampa Bay)
   Score: 100.0 | Rating: 82 vs 82 (diff: 0)
   Height: 77" vs 77" (diff: 0") | Weight: 312 vs 312 lbs (diff: 0)
   Handedness: 1 vs 1 (diff: 0) | Years Pro: 3 vs 3 (diff: 0)
   Contract: 1,544,746 APY
⚠️  No contract: Grant Carman -> Michael Pittman Jr (Indianapolis) - Using defaults
✅ Matched: Night Mcelwain -> Mike Onwenu (New England)
   Score: 100.0 | Rating: 82 vs 82 (diff: 0)
   Height: 75" vs 75" (diff: 0") | Weight: 350 vs 350 lbs (diff: 0)
   Handedness: 1 vs 1 (diff: 0) | Years Pro: 5 vs 5 (diff: 0)
   Contract: 19,000,000 APY
✅ Matched: Whit Devree -> Mike McGlinchey (Denver)
   Score: 100.0 | Rating: 82 vs 82 (diff: 0)
   Height: 80" vs 80" (diff: 0") | Weight: 315 vs 315 lbs (diff: 0)
   Handedness: 1 vs 1 (diff: 0) | Years Pro: 7 vs 7 (diff: 0)
   Contract: 17,500,000 APY
✅ Matched: Marques Julien -> Najee Harris (Los Angeles A)
   Score: 100.0 | Rating: 82 vs 82 (diff: 0)
   Height: 73" vs 73" (diff: 0") | Weight: 242 vs 242 lbs (diff: 0)
   Handedness: 1 vs 1 (diff: 0) | Years Pro: 4 vs 4 (diff: 0)
   Contract: 5,250,000 APY
✅ Matched: Hillary Binns -> Odafe Oweh (Baltimore)
   Score: 100.0 | Rating: 82 vs 82 (diff: 0)
   Height: 77" vs 77" (diff: 0") | Weight: 257 vs 257 lbs (diff: 0)
   Handedness: 1 vs 1 (diff: 0) | Years Pro: 4 vs 4 (diff: 0)
   Contract: 2,835,598 APY
✅ Matched: Uche Ridgle -> Patrick Queen (Pittsburgh)
   Score: 100.0 | Rating: 82 vs 82 (diff: 0)
   Height: 72" vs 72" (diff: 0") | Weight: 237 vs 237 lbs (diff: 0)
   Handedness: 1 vs 1 (diff: 0) | Years Pro: 5 vs 5 (diff: 0)
   Contract: 13,666,667 APY
❌ No match: Perce Olander (New York N) - Using defaults
❌ No match: Bourbon Welborne (New York A) - Using defaults
✅ Matched: Stacey Oordt -> Rashan Gary (Green Bay)
   Score: 100.0 | Rating: 82 vs 82 (diff: 0)
   Height: 77" vs 77" (diff: 0") | Weight: 277 vs 277 lbs (diff: 0)
   Handedness: 1 vs 1 (diff: 0) | Years Pro: 6 vs 6 (diff: 0)
   Contract: 24,000,000 APY
✅ Matched: Dwan Figaro -> Robert Spillane (New England)
   Score: 100.0 | Rating: 82 vs 82 (diff: 0)
   Height: 73" vs 73" (diff: 0") | Weight: 229 vs 229 lbs (diff: 0)
   Handedness: 1 vs 1 (diff: 0) | Years Pro: 7 vs 7 (diff: 0)
   Contract: 11,000,000 APY
✅ Matched: Shelton Banks -> Robert Hunt (Carolina)
   Score: 100.0 | Rating: 82 vs 82 (diff: 0)
   Height: 78" vs 78" (diff: 0") | Weight: 335 vs 335 lbs (diff: 0)
   Handedness: 1 vs 1 (diff: 0) | Years Pro: 5 vs 5 (diff: 0)
   Contract: 20,000,000 APY
✅ Matched: Rico Thelwell -> Tank Dell (Houston)
   Score: 100.0 | Rating: 82 vs 82 (diff: 0)
   Height: 70" vs 70" (diff: 0") | Weight: 165 vs 165 lbs (diff: 0)
   Handedness: 1 vs 1 (diff: 0) | Years Pro: 2 vs 2 (diff: 0)
   Contract: 1,422,276 APY
⚠️  No contract: Red Toogood -> Travis Etienne Jr (Jacksonville) - Using defaults
⚠️  No contract: D'Brickashaw Shekleton -> Tre'von Moehrig (Carolina) - Using defaults
✅ Matched: Marviel Witucki -> Tua Tagovailoa (Miami)
   Score: 100.0 | Rating: 82 vs 82 (diff: 0)
   Height: 73" vs 73" (diff: 0") | Weight: 220 vs 220 lbs (diff: 0)
   Handedness: 0 vs 0 (diff: 0) | Years Pro: 5 vs 5 (diff: 0)
   Contract: 53,100,000 APY
❌ No match: Marion Paris (New York N) - Using defaults
✅ Matched: Clair Cercone -> Andrew DePaola (Minnesota)
   Score: 100.0 | Rating: 81 vs 81 (diff: 0)
   Height: 73" vs 73" (diff: 0") | Weight: 229 vs 229 lbs (diff: 0)
   Handedness: 1 vs 1 (diff: 0) | Years Pro: 13 vs 13 (diff: 0)
   Contract: 1,341,667 APY
✅ Matched: Lynn Hester -> Bradley Pinion (Atlanta)
   Score: 100.0 | Rating: 81 vs 81 (diff: 0)
   Height: 77" vs 77" (diff: 0") | Weight: 229 vs 229 lbs (diff: 0)
   Handedness: 1 vs 1 (diff: 0) | Years Pro: 10 vs 10 (diff: 0)
   Contract: 2,883,333 APY
⚠️  No contract: Alterraun Birden -> Brian Robinson Jr (Washington) - Using defaults
✅ Matched: Kendyl Tyner -> Bryan Anger (Dallas)
   Score: 100.0 | Rating: 81 vs 81 (diff: 0)
   Height: 75" vs 75" (diff: 0") | Weight: 202 vs 202 lbs (diff: 0)
   Handedness: 1 vs 1 (diff: 0) | Years Pro: 13 vs 13 (diff: 0)
   Contract: 3,200,000 APY
✅ Matched: Matthias Munchak -> C.J. Stroud (Houston)
   Score: 100.0 | Rating: 81 vs 81 (diff: 0)
   Height: 75" vs 75" (diff: 0") | Weight: 218 vs 218 lbs (diff: 0)
   Handedness: 1 vs 1 (diff: 0) | Years Pro: 2 vs 2 (diff: 0)
   Contract: 9,069,811 APY
✅ Matched: Neil Holloway -> Calvin Ridley (Tennessee)
   Score: 100.0 | Rating: 81 vs 81 (diff: 0)
   Height: 73" vs 73" (diff: 0") | Weight: 190 vs 190 lbs (diff: 0)
   Handedness: 1 vs 1 (diff: 0) | Years Pro: 7 vs 7 (diff: 0)
   Contract: 23,000,000 APY
✅ Matched: Stefen Shello -> Cam Taylor-Britt (Cincinnati)
   Score: 100.0 | Rating: 81 vs 81 (diff: 0)
   Height: 71" vs 71" (diff: 0") | Weight: 202 vs 202 lbs (diff: 0)
   Handedness: 1 vs 1 (diff: 0) | Years Pro: 3 vs 3 (diff: 0)
   Contract: 1,488,182 APY
✅ Matched: Theo Curcio -> Chase Brown (Cincinnati)
   Score: 100.0 | Rating: 81 vs 81 (diff: 0)
   Height: 69" vs 69" (diff: 0") | Weight: 215 vs 215 lbs (diff: 0)
   Handedness: 1 vs 1 (diff: 0) | Years Pro: 2 vs 2 (diff: 0)
   Contract: 1,031,539 APY
✅ Matched: Duffy Kennard -> Christian Kirk (Houston)
   Score: 100.0 | Rating: 81 vs 81 (diff: 0)
   Height: 71" vs 71" (diff: 0") | Weight: 200 vs 200 lbs (diff: 0)
   Handedness: 1 vs 1 (diff: 0) | Years Pro: 7 vs 7 (diff: 0)
   Contract: 18,000,000 APY
✅ Matched: Na'Shan Engstrom -> D'Andre Swift (Chicago)
   Score: 100.0 | Rating: 81 vs 81 (diff: 0)
   Height: 69" vs 69" (diff: 0") | Weight: 215 vs 215 lbs (diff: 0)
   Handedness: 1 vs 1 (diff: 0) | Years Pro: 5 vs 5 (diff: 0)
   Contract: 8,000,000 APY
✅ Matched: Julie Digris -> Darnell Mooney (Atlanta)
   Score: 100.0 | Rating: 81 vs 81 (diff: 0)
   Height: 70" vs 70" (diff: 0") | Weight: 173 vs 173 lbs (diff: 0)
   Handedness: 1 vs 1 (diff: 0) | Years Pro: 5 vs 5 (diff: 0)
   Contract: 13,000,000 APY
✅ Matched: Jasen Podlesh -> Ed Oliver (Buffalo)
   Score: 100.0 | Rating: 81 vs 81 (diff: 0)
   Height: 73" vs 73" (diff: 0") | Weight: 287 vs 287 lbs (diff: 0)
   Handedness: 1 vs 1 (diff: 0) | Years Pro: 6 vs 6 (diff: 0)
   Contract: 17,000,000 APY
✅ Matched: Wendell Condo -> Grant Delpit (Cleveland)
   Score: 100.0 | Rating: 81 vs 81 (diff: 0)
   Height: 75" vs 75" (diff: 0") | Weight: 208 vs 208 lbs (diff: 0)
   Handedness: 1 vs 1 (diff: 0) | Years Pro: 5 vs 5 (diff: 0)
   Contract: 12,000,000 APY
⚠️  No contract: Mister Listopad -> Greg Newsome II (Cleveland) - Using defaults
✅ Matched: Osi Sites -> Jake Ferguson (Dallas)
   Score: 100.0 | Rating: 81 vs 81 (diff: 0)
   Height: 77" vs 77" (diff: 0") | Weight: 255 vs 255 lbs (diff: 0)
   Handedness: 1 vs 1 (diff: 0) | Years Pro: 3 vs 3 (diff: 0)
   Contract: 12,500,000 APY
✅ Matched: Devery Winn -> Jalen Thompson (Arizona)
   Score: 100.0 | Rating: 81 vs 81 (diff: 0)
   Height: 71" vs 71" (diff: 0") | Weight: 190 vs 190 lbs (diff: 0)
   Handedness: 1 vs 1 (diff: 0) | Years Pro: 6 vs 6 (diff: 0)
   Contract: 12,000,000 APY
✅ Matched: Tinker Hoel -> Javon Hargrave (Minnesota)
   Score: 100.0 | Rating: 81 vs 81 (diff: 0)
   Height: 74" vs 74" (diff: 0") | Weight: 305 vs 305 lbs (diff: 0)
   Handedness: 1 vs 1 (diff: 0) | Years Pro: 9 vs 9 (diff: 0)
   Contract: 15,000,000 APY
✅ Matched: Siupeli Barney -> Jayden Reed (Green Bay)
   Score: 100.0 | Rating: 81 vs 81 (diff: 0)
   Height: 71" vs 71" (diff: 0") | Weight: 187 vs 187 lbs (diff: 0)
   Handedness: 1 vs 1 (diff: 0) | Years Pro: 2 vs 2 (diff: 0)
   Contract: 1,795,195 APY
✅ Matched: Connie Bratzke -> Jonnu Smith (Pittsburgh)
   Score: 100.0 | Rating: 81 vs 81 (diff: 0)
   Height: 75" vs 75" (diff: 0") | Weight: 248 vs 248 lbs (diff: 0)
   Handedness: 1 vs 1 (diff: 0) | Years Pro: 8 vs 8 (diff: 0)
   Contract: 12,010,000 APY
✅ Matched: Terdell Nord -> Josh Harris (Los Angeles A)
   Score: 100.0 | Rating: 81 vs 81 (diff: 0)
   Height: 73" vs 73" (diff: 0") | Weight: 224 vs 224 lbs (diff: 0)
   Handedness: 1 vs 1 (diff: 0) | Years Pro: 13 vs 13 (diff: 0)
   Contract: 1,400,000 APY
✅ Matched: Dejon Waddy -> Kaleb McGary (Atlanta)
   Score: 100.0 | Rating: 81 vs 81 (diff: 0)
   Height: 78" vs 78" (diff: 0") | Weight: 306 vs 306 lbs (diff: 0)
   Handedness: 1 vs 1 (diff: 0) | Years Pro: 6 vs 6 (diff: 0)
   Contract: 15,000,000 APY
✅ Matched: Leonard Mitchell -> Kamari Lassiter (Houston)
   Score: 100.0 | Rating: 81 vs 81 (diff: 0)
   Height: 72" vs 72" (diff: 0") | Weight: 180 vs 180 lbs (diff: 0)
   Handedness: 1 vs 1 (diff: 0) | Years Pro: 1 vs 1 (diff: 0)
   Contract: 2,253,700 APY
⚠️  No contract: Gartrell Barrie -> Kevin Byard III (Chicago) - Using defaults
⚠️  No contract: Brandon Zuzzio -> Mekhi Becton Sr (Los Angeles A) - Using defaults
✅ Matched: Keylon Covert -> Montez Sweat (Chicago)
   Score: 100.0 | Rating: 81 vs 81 (diff: 0)
   Height: 78" vs 78" (diff: 0") | Weight: 262 vs 262 lbs (diff: 0)
   Handedness: 1 vs 1 (diff: 0) | Years Pro: 6 vs 6 (diff: 0)
   Contract: 24,500,000 APY
✅ Matched: Harlan Galigher -> Morgan Moses (New England)
   Score: 100.0 | Rating: 81 vs 81 (diff: 0)
   Height: 78" vs 78" (diff: 0") | Weight: 320 vs 320 lbs (diff: 0)
   Handedness: 0 vs 0 (diff: 0) | Years Pro: 11 vs 11 (diff: 0)
   Contract: 8,000,000 APY
✅ Matched: Kenton Hay -> Nate Hobbs (Green Bay)
   Score: 100.0 | Rating: 81 vs 81 (diff: 0)
   Height: 73" vs 73" (diff: 0") | Weight: 195 vs 195 lbs (diff: 0)
   Handedness: 1 vs 1 (diff: 0) | Years Pro: 4 vs 4 (diff: 0)
   Contract: 12,000,000 APY
⚠️  No contract: Chase Eshmont -> Nolan Smith Jr (Philadelphia) - Using defaults
✅ Matched: Chidi Pace -> Rashod Bateman (Baltimore)
   Score: 100.0 | Rating: 81 vs 81 (diff: 0)
   Height: 73" vs 73" (diff: 0") | Weight: 197 vs 197 lbs (diff: 0)
   Handedness: 1 vs 1 (diff: 0) | Years Pro: 4 vs 4 (diff: 0)
   Contract: 12,250,000 APY
✅ Matched: Armin Schumacher -> Shaq Thompson (Buffalo)
   Score: 100.0 | Rating: 81 vs 81 (diff: 0)
   Height: 72" vs 72" (diff: 0") | Weight: 230 vs 230 lbs (diff: 0)
   Handedness: 1 vs 1 (diff: 0) | Years Pro: 10 vs 10 (diff: 0)
   Contract: 1,255,000 APY
✅ Matched: Dieter Bredde -> T.J. Edwards (Chicago)
   Score: 100.0 | Rating: 81 vs 81 (diff: 0)
   Height: 73" vs 73" (diff: 0") | Weight: 242 vs 242 lbs (diff: 0)
   Handedness: 1 vs 1 (diff: 0) | Years Pro: 6 vs 6 (diff: 0)
   Contract: 10,000,000 APY
✅ Matched: Heine Mccallum -> Tyler Allgeier (Atlanta)
   Score: 100.0 | Rating: 81 vs 81 (diff: 0)
   Height: 71" vs 71" (diff: 0") | Weight: 220 vs 220 lbs (diff: 0)
   Handedness: 1 vs 1 (diff: 0) | Years Pro: 3 vs 3 (diff: 0)
   Contract: 998,474 APY
✅ Matched: Hardy Branton -> Tyler Biadasz (Washington)
   Score: 100.0 | Rating: 81 vs 81 (diff: 0)
   Height: 75" vs 75" (diff: 0") | Weight: 316 vs 316 lbs (diff: 0)
   Handedness: 1 vs 1 (diff: 0) | Years Pro: 5 vs 5 (diff: 0)
   Contract: 9,750,000 APY
✅ Matched: Verron Colo -> Adam Thielen (Carolina)
   Score: 100.0 | Rating: 80 vs 80 (diff: 0)
   Height: 74" vs 74" (diff: 0") | Weight: 195 vs 195 lbs (diff: 0)
   Handedness: 1 vs 1 (diff: 0) | Years Pro: 12 vs 12 (diff: 0)
   Contract: 8,500,000 APY
✅ Matched: Ovie Corley -> Ar'Darius Washington (Baltimore)
   Score: 100.0 | Rating: 80 vs 80 (diff: 0)
   Height: 68" vs 68" (diff: 0") | Weight: 176 vs 176 lbs (diff: 0)
   Handedness: 1 vs 1 (diff: 0) | Years Pro: 4 vs 4 (diff: 0)
   Contract: 3,263,000 APY
✅ Matched: Gerard Carrell -> Azeez Al-Shaair (Houston)
   Score: 100.0 | Rating: 80 vs 80 (diff: 0)
   Height: 74" vs 74" (diff: 0") | Weight: 228 vs 228 lbs (diff: 0)
   Handedness: 1 vs 1 (diff: 0) | Years Pro: 6 vs 6 (diff: 0)
   Contract: 11,333,333 APY
✅ Matched: Sherrick Gehring -> Carl Granderson (New Orleans)
   Score: 100.0 | Rating: 80 vs 80 (diff: 0)
   Height: 77" vs 77" (diff: 0") | Weight: 261 vs 261 lbs (diff: 0)
   Handedness: 1 vs 1 (diff: 0) | Years Pro: 6 vs 6 (diff: 0)
   Contract: 13,000,000 APY
✅ Matched: Thurston Perpich -> Christian Barmore (New England)
   Score: 100.0 | Rating: 80 vs 80 (diff: 0)
   Height: 77" vs 77" (diff: 0") | Weight: 305 vs 305 lbs (diff: 0)
   Handedness: 1 vs 1 (diff: 0) | Years Pro: 4 vs 4 (diff: 0)
   Contract: 20,750,000 APY
✅ Matched: Rebel Ellzey -> Dalton Schultz (Houston)
   Score: 100.0 | Rating: 80 vs 80 (diff: 0)
   Height: 77" vs 77" (diff: 0") | Weight: 244 vs 244 lbs (diff: 0)
   Handedness: 1 vs 1 (diff: 0) | Years Pro: 7 vs 7 (diff: 0)
   Contract: 12,000,000 APY
✅ Matched: Samie Giordano -> Darious Williams (Los Angeles N)
   Score: 100.0 | Rating: 80 vs 80 (diff: 0)
   Height: 69" vs 69" (diff: 0") | Weight: 187 vs 187 lbs (diff: 0)
   Handedness: 1 vs 1 (diff: 0) | Years Pro: 7 vs 7 (diff: 0)
   Contract: 7,500,000 APY
✅ Matched: Shann Knapper -> Darnell Wright (Chicago)
   Score: 100.0 | Rating: 80 vs 80 (diff: 0)
   Height: 78" vs 78" (diff: 0") | Weight: 335 vs 335 lbs (diff: 0)
   Handedness: 1 vs 1 (diff: 0) | Years Pro: 2 vs 2 (diff: 0)
   Contract: 5,242,067 APY
✅ Matched: Sean Yablonski -> Davon Godchaux (New Orleans)
   Score: 100.0 | Rating: 80 vs 80 (diff: 0)
   Height: 75" vs 75" (diff: 0") | Weight: 330 vs 330 lbs (diff: 0)
   Handedness: 1 vs 1 (diff: 0) | Years Pro: 8 vs 8 (diff: 0)
   Contract: 5,500,000 APY
⚠️  No contract: Antwuan Karamatic -> Ernest Jones IV (Seattle) - Using defaults
✅ Matched: Andre' Gentry -> Frankie Luvu (Washington)
   Score: 100.0 | Rating: 80 vs 80 (diff: 0)
   Height: 75" vs 75" (diff: 0") | Weight: 235 vs 235 lbs (diff: 0)
   Handedness: 1 vs 1 (diff: 0) | Years Pro: 7 vs 7 (diff: 0)
   Contract: 10,333,333 APY
✅ Matched: Tra Warne -> Garrett Williams (Arizona)
   Score: 100.0 | Rating: 80 vs 80 (diff: 0)
   Height: 70" vs 70" (diff: 0") | Weight: 192 vs 192 lbs (diff: 0)
   Handedness: 1 vs 1 (diff: 0) | Years Pro: 2 vs 2 (diff: 0)
   Contract: 1,408,733 APY
✅ Matched: Emarlos Kacmarek -> Geno Smith (Las Vegas)
   Score: 100.0 | Rating: 80 vs 80 (diff: 0)
   Height: 75" vs 75" (diff: 0") | Weight: 221 vs 221 lbs (diff: 0)
   Handedness: 1 vs 1 (diff: 0) | Years Pro: 12 vs 12 (diff: 0)
   Contract: 37,500,000 APY
⚠️  No contract: Olrick Partlow -> Harold Landry III (New England) - Using defaults
✅ Matched: Canute Rabach -> Hjalte Froholdt (Arizona)
   Score: 100.0 | Rating: 80 vs 80 (diff: 0)
   Height: 77" vs 77" (diff: 0") | Weight: 310 vs 310 lbs (diff: 0)
   Handedness: 1 vs 1 (diff: 0) | Years Pro: 6 vs 6 (diff: 0)
   Contract: 6,000,000 APY
✅ Matched: Will Still -> Ikem Ekwonu (Carolina)
   Score: 100.0 | Rating: 80 vs 80 (diff: 0)
   Height: 76" vs 76" (diff: 0") | Weight: 320 vs 320 lbs (diff: 0)
   Handedness: 0 vs 0 (diff: 0) | Years Pro: 3 vs 3 (diff: 0)
   Contract: 6,892,013 APY
✅ Matched: Chastin Waldron -> Isaac Seumalo (Pittsburgh)
   Score: 100.0 | Rating: 80 vs 80 (diff: 0)
   Height: 76" vs 76" (diff: 0") | Weight: 303 vs 303 lbs (diff: 0)
   Handedness: 1 vs 1 (diff: 0) | Years Pro: 9 vs 9 (diff: 0)
   Contract: 8,000,000 APY
✅ Matched: Gail Gabbard -> Isaiah Likely (Baltimore)
   Score: 100.0 | Rating: 80 vs 80 (diff: 0)
   Height: 76" vs 76" (diff: 0") | Weight: 241 vs 241 lbs (diff: 0)
   Handedness: 1 vs 1 (diff: 0) | Years Pro: 3 vs 3 (diff: 0)
   Contract: 1,041,085 APY
⚠️  No contract: Spider Eissler -> J.K. Scott (Los Angeles A) - Using defaults
✅ Matched: Zachary Weatherspoon -> Jauan Jennings (San Francisco)
   Score: 100.0 | Rating: 80 vs 80 (diff: 0)
   Height: 75" vs 75" (diff: 0") | Weight: 212 vs 212 lbs (diff: 0)
   Handedness: 1 vs 1 (diff: 0) | Years Pro: 5 vs 5 (diff: 0)
   Contract: 5,945,000 APY
✅ Matched: Lito Myhra -> Jaylen Warren (Pittsburgh)
   Score: 100.0 | Rating: 80 vs 80 (diff: 0)
   Height: 68" vs 68" (diff: 0") | Weight: 215 vs 215 lbs (diff: 0)
   Handedness: 1 vs 1 (diff: 0) | Years Pro: 3 vs 3 (diff: 0)
   Contract: 5,346,000 APY
⚠️  No contract: Isiah Upshaw -> Joey Porter (Pittsburgh) - Using defaults
✅ Matched: Stoney Susoeff -> John Franklin-Myers (Denver)
   Score: 100.0 | Rating: 80 vs 80 (diff: 0)
   Height: 76" vs 76" (diff: 0") | Weight: 288 vs 288 lbs (diff: 0)
   Handedness: 1 vs 1 (diff: 0) | Years Pro: 7 vs 7 (diff: 0)
   Contract: 7,500,000 APY
✅ Matched: Malcom Gafford -> Jonathon Cooper (Denver)
   Score: 100.0 | Rating: 80 vs 80 (diff: 0)
   Height: 76" vs 76" (diff: 0") | Weight: 257 vs 257 lbs (diff: 0)
   Handedness: 1 vs 1 (diff: 0) | Years Pro: 4 vs 4 (diff: 0)
   Contract: 15,000,000 APY
✅ Matched: Harold Widby -> Jordyn Brooks (Miami)
   Score: 100.0 | Rating: 80 vs 80 (diff: 0)
   Height: 72" vs 72" (diff: 0") | Weight: 240 vs 240 lbs (diff: 0)
   Handedness: 1 vs 1 (diff: 0) | Years Pro: 5 vs 5 (diff: 0)
   Contract: 8,750,000 APY
✅ Matched: Oscar Fernandes -> Josh Downs (Indianapolis)
   Score: 100.0 | Rating: 80 vs 80 (diff: 0)
   Height: 70" vs 70" (diff: 0") | Weight: 175 vs 175 lbs (diff: 0)
   Handedness: 1 vs 1 (diff: 0) | Years Pro: 2 vs 2 (diff: 0)
   Contract: 1,380,115 APY
✅ Matched: Cam Moyer -> Julian Blackmon (New Orleans)
   Score: 100.0 | Rating: 80 vs 80 (diff: 0)
   Height: 72" vs 72" (diff: 0") | Weight: 187 vs 187 lbs (diff: 0)
   Handedness: 1 vs 1 (diff: 0) | Years Pro: 5 vs 5 (diff: 0)
   Contract: 3,170,000 APY
✅ Matched: Gibby Lesueur -> Ka'imi Fairbairn (Houston)
   Score: 100.0 | Rating: 80 vs 80 (diff: 0)
   Height: 72" vs 72" (diff: 0") | Weight: 183 vs 183 lbs (diff: 0)
   Handedness: 1 vs 1 (diff: 0) | Years Pro: 9 vs 9 (diff: 0)
   Contract: 5,300,000 APY
✅ Matched: Donnell Sabb -> Kareem Hunt (Kansas City)
   Score: 100.0 | Rating: 80 vs 80 (diff: 0)
   Height: 71" vs 71" (diff: 0") | Weight: 210 vs 210 lbs (diff: 0)
   Handedness: 1 vs 1 (diff: 0) | Years Pro: 8 vs 8 (diff: 0)
   Contract: 1,500,000 APY
✅ Matched: Porky Clow -> Kyle Dugger (New England)
   Score: 100.0 | Rating: 80 vs 80 (diff: 0)
   Height: 74" vs 74" (diff: 0") | Weight: 220 vs 220 lbs (diff: 0)
   Handedness: 1 vs 1 (diff: 0) | Years Pro: 5 vs 5 (diff: 0)
   Contract: 14,500,000 APY
✅ Matched: Sky Sinceno -> Kyle Van Noy (Baltimore)
   Score: 100.0 | Rating: 80 vs 80 (diff: 0)
   Height: 75" vs 75" (diff: 0") | Weight: 250 vs 250 lbs (diff: 0)
   Handedness: 1 vs 1 (diff: 0) | Years Pro: 11 vs 11 (diff: 0)
   Contract: 4,500,000 APY
✅ Matched: Alabama Dils -> Marquise Brown (Kansas City)
   Score: 100.0 | Rating: 80 vs 80 (diff: 0)
   Height: 69" vs 69" (diff: 0") | Weight: 180 vs 180 lbs (diff: 0)
   Handedness: 1 vs 1 (diff: 0) | Years Pro: 6 vs 6 (diff: 0)
   Contract: 7,000,000 APY
✅ Matched: Irvin Svare -> Mason Graham (Cleveland)
   Score: 100.0 | Rating: 80 vs 80 (diff: 0)
   Height: 76" vs 76" (diff: 0") | Weight: 306 vs 306 lbs (diff: 0)
   Handedness: 1 vs 1 (diff: 0) | Years Pro: 0 vs 0 (diff: 0)
   Contract: 10,218,548 APY
⚠️  No contract: Jermaine Kowgios -> Orlando Brown Jr (Cincinnati) - Using defaults
✅ Matched: Vilnis Hickey -> Poona Ford (Los Angeles N)
   Score: 100.0 | Rating: 80 vs 80 (diff: 0)
   Height: 71" vs 71" (diff: 0") | Weight: 310 vs 310 lbs (diff: 0)
   Handedness: 1 vs 1 (diff: 0) | Years Pro: 7 vs 7 (diff: 0)
   Contract: 9,200,000 APY
✅ Matched: Orlando Dye -> Rasheed Walker (Green Bay)
   Score: 100.0 | Rating: 80 vs 80 (diff: 0)
   Height: 78" vs 78" (diff: 0") | Weight: 324 vs 324 lbs (diff: 0)
   Handedness: 1 vs 1 (diff: 0) | Years Pro: 3 vs 3 (diff: 0)
   Contract: 935,218 APY
✅ Matched: Lonyae Considine -> Reed Blankenship (Philadelphia)
   Score: 100.0 | Rating: 80 vs 80 (diff: 0)
   Height: 73" vs 73" (diff: 0") | Weight: 203 vs 203 lbs (diff: 0)
   Handedness: 1 vs 1 (diff: 0) | Years Pro: 3 vs 3 (diff: 0)
   Contract: 3,575,000 APY
✅ Matched: Langston Doxzon -> Rhamondre Stevenson (New England)
   Score: 100.0 | Rating: 80 vs 80 (diff: 0)
   Height: 72" vs 72" (diff: 0") | Weight: 230 vs 230 lbs (diff: 0)
   Handedness: 1 vs 1 (diff: 0) | Years Pro: 4 vs 4 (diff: 0)
   Contract: 9,000,000 APY
✅ Matched: Vaughn Slaby -> Rico Dowdle (Carolina)
   Score: 100.0 | Rating: 80 vs 80 (diff: 0)
   Height: 72" vs 72" (diff: 0") | Weight: 215 vs 215 lbs (diff: 0)
   Handedness: 1 vs 1 (diff: 0) | Years Pro: 5 vs 5 (diff: 0)
   Contract: 2,750,000 APY
✅ Matched: Tab Cain -> Tarheeb Still (Los Angeles A)
   Score: 100.0 | Rating: 80 vs 80 (diff: 0)
   Height: 73" vs 73" (diff: 0") | Weight: 196 vs 196 lbs (diff: 0)
   Handedness: 1 vs 1 (diff: 0) | Years Pro: 1 vs 1 (diff: 0)
   Contract: 1,098,930 APY
✅ Matched: Gannon Buchanan -> Teven Jenkins (Cleveland)
   Score: 100.0 | Rating: 80 vs 80 (diff: 0)
   Height: 78" vs 78" (diff: 0") | Weight: 321 vs 321 lbs (diff: 0)
   Handedness: 1 vs 1 (diff: 0) | Years Pro: 4 vs 4 (diff: 0)
   Contract: 3,050,000 APY
✅ Matched: Jocelyn Trent -> Tremaine Edmunds (Chicago)
   Score: 100.0 | Rating: 80 vs 80 (diff: 0)
   Height: 77" vs 77" (diff: 0") | Weight: 250 vs 250 lbs (diff: 0)
   Handedness: 1 vs 1 (diff: 0) | Years Pro: 7 vs 7 (diff: 0)
   Contract: 18,000,000 APY
✅ Matched: Daven Humm -> Will Fries (Minnesota)
   Score: 100.0 | Rating: 80 vs 80 (diff: 0)
   Height: 78" vs 78" (diff: 0") | Weight: 309 vs 309 lbs (diff: 0)
   Handedness: 1 vs 1 (diff: 0) | Years Pro: 4 vs 4 (diff: 0)
   Contract: 17,544,000 APY
✅ Matched: Lydon Diles -> Xavier Worthy (Kansas City)
   Score: 100.0 | Rating: 80 vs 80 (diff: 0)
   Height: 71" vs 71" (diff: 0") | Weight: 165 vs 165 lbs (diff: 0)
   Handedness: 1 vs 1 (diff: 0) | Years Pro: 1 vs 1 (diff: 0)
   Contract: 3,447,566 APY
✅ Matched: Stillwell Deberg -> Xavier Woods (Tennessee)
   Score: 100.0 | Rating: 80 vs 80 (diff: 0)
   Height: 71" vs 71" (diff: 0") | Weight: 200 vs 200 lbs (diff: 0)
   Handedness: 1 vs 1 (diff: 0) | Years Pro: 8 vs 8 (diff: 0)
   Contract: 4,000,000 APY
✅ Matched: Kion Spann -> YaYa Diaby (Tampa Bay)
   Score: 100.0 | Rating: 80 vs 80 (diff: 0)
   Height: 75" vs 75" (diff: 0") | Weight: 270 vs 270 lbs (diff: 0)
   Handedness: 1 vs 1 (diff: 0) | Years Pro: 2 vs 2 (diff: 0)
   Contract: 1,366,353 APY
✅ Matched: Austen Dragon -> Zaire Franklin (Indianapolis)
   Score: 100.0 | Rating: 80 vs 80 (diff: 0)
   Height: 72" vs 72" (diff: 0") | Weight: 235 vs 235 lbs (diff: 0)
   Handedness: 1 vs 1 (diff: 0) | Years Pro: 7 vs 7 (diff: 0)
   Contract: 10,420,000 APY
✅ Matched: Reed Cheverko -> Zyon McCollum (Tampa Bay)
   Score: 100.0 | Rating: 80 vs 80 (diff: 0)
   Height: 74" vs 74" (diff: 0") | Weight: 199 vs 199 lbs (diff: 0)
   Handedness: 1 vs 1 (diff: 0) | Years Pro: 3 vs 3 (diff: 0)
   Contract: 995,433 APY
✅ Matched: Demetrious Langas -> Alec Pierce (Indianapolis)
   Score: 100.0 | Rating: 79 vs 79 (diff: 0)
   Height: 75" vs 75" (diff: 0") | Weight: 211 vs 211 lbs (diff: 0)
   Handedness: 0 vs 0 (diff: 0) | Years Pro: 3 vs 3 (diff: 0)
   Contract: 1,650,336 APY
✅ Matched: Aston Falls -> Alex Anzalone (Detroit)
   Score: 100.0 | Rating: 79 vs 79 (diff: 0)
   Height: 75" vs 75" (diff: 0") | Weight: 240 vs 240 lbs (diff: 0)
   Handedness: 1 vs 1 (diff: 0) | Years Pro: 8 vs 8 (diff: 0)
   Contract: 6,100,000 APY
✅ Matched: Pierce Banyard -> Bo Nix (Denver)
   Score: 100.0 | Rating: 79 vs 79 (diff: 0)
   Height: 74" vs 74" (diff: 0") | Weight: 214 vs 214 lbs (diff: 0)
   Handedness: 1 vs 1 (diff: 0) | Years Pro: 1 vs 1 (diff: 0)
   Contract: 4,653,292 APY
✅ Matched: Dajuan Calicchio -> Bradley Chubb (Miami)
   Score: 100.0 | Rating: 79 vs 79 (diff: 0)
   Height: 76" vs 76" (diff: 0") | Weight: 275 vs 275 lbs (diff: 0)
   Handedness: 1 vs 1 (diff: 0) | Years Pro: 7 vs 7 (diff: 0)
   Contract: 18,163,333 APY
✅ Matched: Kliff Tenner -> Brandin Cooks (New Orleans)
   Score: 100.0 | Rating: 79 vs 79 (diff: 0)
   Height: 70" vs 70" (diff: 0") | Weight: 189 vs 189 lbs (diff: 0)
   Handedness: 1 vs 1 (diff: 0) | Years Pro: 11 vs 11 (diff: 0)
   Contract: 6,500,000 APY
✅ Matched: Jermey Mcgeary -> Bryce Baringer (New England)
   Score: 100.0 | Rating: 79 vs 79 (diff: 0)
   Height: 75" vs 75" (diff: 0") | Weight: 215 vs 215 lbs (diff: 0)
   Handedness: 1 vs 1 (diff: 0) | Years Pro: 2 vs 2 (diff: 0)
   Contract: 1,004,614 APY
✅ Matched: Hubie Bua -> Cameron Dicker (Los Angeles A)
   Score: 100.0 | Rating: 79 vs 79 (diff: 0)
   Height: 73" vs 73" (diff: 0") | Weight: 216 vs 216 lbs (diff: 0)
   Handedness: 1 vs 1 (diff: 0) | Years Pro: 3 vs 3 (diff: 0)
   Contract: 5,501,000 APY
✅ Matched: Deangelo Pastrana -> Cameron Jordan (New Orleans)
   Score: 100.0 | Rating: 79 vs 79 (diff: 0)
   Height: 76" vs 76" (diff: 0") | Weight: 287 vs 287 lbs (diff: 0)
   Handedness: 1 vs 1 (diff: 0) | Years Pro: 14 vs 14 (diff: 0)
   Contract: 6,050,000 APY
✅ Matched: Lynwood Abbruzzi -> Cesar Ruiz (New Orleans)
   Score: 100.0 | Rating: 79 vs 79 (diff: 0)
   Height: 76" vs 76" (diff: 0") | Weight: 316 vs 316 lbs (diff: 0)
   Handedness: 1 vs 1 (diff: 0) | Years Pro: 5 vs 5 (diff: 0)
   Contract: 11,000,000 APY
✅ Matched: Joique Dinkins -> Chase McLaughlin (Tampa Bay)
   Score: 100.0 | Rating: 79 vs 79 (diff: 0)
   Height: 73" vs 73" (diff: 0") | Weight: 190 vs 190 lbs (diff: 0)
   Handedness: 1 vs 1 (diff: 0) | Years Pro: 6 vs 6 (diff: 0)
   Contract: 4,100,000 APY
✅ Matched: Tyrod Loneker -> Chase Young (New Orleans)
   Score: 100.0 | Rating: 79 vs 79 (diff: 0)
   Height: 77" vs 77" (diff: 0") | Weight: 264 vs 264 lbs (diff: 0)
   Handedness: 1 vs 1 (diff: 0) | Years Pro: 5 vs 5 (diff: 0)
   Contract: 17,000,000 APY
✅ Matched: Alain Courville -> Cody Barton (Tennessee)
   Score: 100.0 | Rating: 79 vs 79 (diff: 0)
   Height: 74" vs 74" (diff: 0") | Weight: 237 vs 237 lbs (diff: 0)
   Handedness: 1 vs 1 (diff: 0) | Years Pro: 6 vs 6 (diff: 0)
   Contract: 7,000,000 APY
✅ Matched: Devone Kapinos -> Cody Mauch (Tampa Bay)
   Score: 100.0 | Rating: 79 vs 79 (diff: 0)
   Height: 77" vs 77" (diff: 0") | Weight: 302 vs 302 lbs (diff: 0)
   Handedness: 1 vs 1 (diff: 0) | Years Pro: 2 vs 2 (diff: 0)
   Contract: 1,871,364 APY
✅ Matched: Ebert Casares -> DaQuan Jones (Buffalo)
   Score: 100.0 | Rating: 79 vs 79 (diff: 0)
   Height: 76" vs 76" (diff: 0") | Weight: 320 vs 320 lbs (diff: 0)
   Handedness: 1 vs 1 (diff: 0) | Years Pro: 11 vs 11 (diff: 0)
   Contract: 8,000,000 APY
✅ Matched: Kaelin Greenhalgh -> David Onyemata (Atlanta)
   Score: 100.0 | Rating: 79 vs 79 (diff: 0)
   Height: 75" vs 75" (diff: 0") | Weight: 300 vs 300 lbs (diff: 0)
   Handedness: 1 vs 1 (diff: 0) | Years Pro: 9 vs 9 (diff: 0)
   Contract: 11,666,667 APY
⚠️  No contract: Molly Look -> DJ Turner II (Cincinnati) - Using defaults
✅ Matched: Torell Mendez -> Drew Dalman (Chicago)
   Score: 100.0 | Rating: 79 vs 79 (diff: 0)
   Height: 75" vs 75" (diff: 0") | Weight: 300 vs 300 lbs (diff: 0)
   Handedness: 1 vs 1 (diff: 0) | Years Pro: 4 vs 4 (diff: 0)
   Contract: 14,000,000 APY
❌ No match: Keo Henry (New York N) - Using defaults
✅ Matched: Xavier Beauford -> Edgerrin Cooper (Green Bay)
   Score: 100.0 | Rating: 79 vs 79 (diff: 0)
   Height: 74" vs 74" (diff: 0") | Weight: 230 vs 230 lbs (diff: 0)
   Handedness: 1 vs 1 (diff: 0) | Years Pro: 1 vs 1 (diff: 0)
   Contract: 2,149,730 APY
✅ Matched: Deck Eliopulos -> Elijah Molden (Los Angeles A)
   Score: 100.0 | Rating: 79 vs 79 (diff: 0)
   Height: 70" vs 70" (diff: 0") | Weight: 192 vs 192 lbs (diff: 0)
   Handedness: 1 vs 1 (diff: 0) | Years Pro: 4 vs 4 (diff: 0)
   Contract: 6,166,667 APY
✅ Matched: Skyler Lyght -> Germaine Pratt (Las Vegas)
   Score: 100.0 | Rating: 79 vs 79 (diff: 0)
   Height: 74" vs 74" (diff: 0") | Weight: 250 vs 250 lbs (diff: 0)
   Handedness: 1 vs 1 (diff: 0) | Years Pro: 6 vs 6 (diff: 0)
   Contract: 4,260,000 APY
⚠️  No contract: Artis Pettis -> Gervon Dexter Sr (Chicago) - Using defaults
✅ Matched: Rodrique Koman -> Jack Conklin (Cleveland)
   Score: 100.0 | Rating: 79 vs 79 (diff: 0)
   Height: 78" vs 78" (diff: 0") | Weight: 308 vs 308 lbs (diff: 0)
   Handedness: 1 vs 1 (diff: 0) | Years Pro: 9 vs 9 (diff: 0)
   Contract: 15,000,000 APY
✅ Matched: Zane Bullitt -> Jack Fox (Detroit)
   Score: 100.0 | Rating: 79 vs 79 (diff: 0)
   Height: 74" vs 74" (diff: 0") | Weight: 224 vs 224 lbs (diff: 0)
   Handedness: 1 vs 1 (diff: 0) | Years Pro: 7 vs 7 (diff: 0)
   Contract: 3,516,250 APY
✅ Matched: Chet Littleton -> Jalon Walker (Atlanta)
   Score: 100.0 | Rating: 79 vs 79 (diff: 0)
   Height: 73" vs 73" (diff: 0") | Weight: 243 vs 243 lbs (diff: 0)
   Handedness: 1 vs 1 (diff: 0) | Years Pro: 0 vs 0 (diff: 0)
   Contract: 5,140,593 APY
✅ Matched: Dameon Gooch -> James Daniels (Miami)
   Score: 100.0 | Rating: 79 vs 79 (diff: 0)
   Height: 76" vs 76" (diff: 0") | Weight: 327 vs 327 lbs (diff: 0)
   Handedness: 1 vs 1 (diff: 0) | Years Pro: 7 vs 7 (diff: 0)
   Contract: 8,000,000 APY
✅ Matched: Kurt Swink -> Jarran Reed (Seattle)
   Score: 100.0 | Rating: 79 vs 79 (diff: 0)
   Height: 75" vs 75" (diff: 0") | Weight: 306 vs 306 lbs (diff: 0)
   Handedness: 1 vs 1 (diff: 0) | Years Pro: 9 vs 9 (diff: 0)
   Contract: 7,333,333 APY
✅ Matched: Sullivan Colvin -> Jason Myers (Seattle)
   Score: 100.0 | Rating: 79 vs 79 (diff: 0)
   Height: 70" vs 70" (diff: 0") | Weight: 190 vs 190 lbs (diff: 0)
   Handedness: 1 vs 1 (diff: 0) | Years Pro: 10 vs 10 (diff: 0)
   Contract: 5,275,000 APY
❌ No match: Bolo Burroughs (New York A) - Using defaults
❌ No match: Cheta Addison (New York A) - Using defaults
✅ Matched: Deems Coutre -> Jordan Mason (Minnesota)
   Score: 100.0 | Rating: 79 vs 79 (diff: 0)
   Height: 71" vs 71" (diff: 0") | Weight: 223 vs 223 lbs (diff: 0)
   Handedness: 1 vs 1 (diff: 0) | Years Pro: 3 vs 3 (diff: 0)
   Contract: 5,250,000 APY
✅ Matched: Herdis Hagood -> Jourdan Lewis (Jacksonville)
   Score: 100.0 | Rating: 79 vs 79 (diff: 0)
   Height: 70" vs 70" (diff: 0") | Weight: 195 vs 195 lbs (diff: 0)
   Handedness: 1 vs 1 (diff: 0) | Years Pro: 8 vs 8 (diff: 0)
   Contract: 10,000,000 APY
✅ Matched: Deshaun Ross -> Kamren Curl (Los Angeles N)
   Score: 100.0 | Rating: 79 vs 79 (diff: 0)
   Height: 74" vs 74" (diff: 0") | Weight: 198 vs 198 lbs (diff: 0)
   Handedness: 1 vs 1 (diff: 0) | Years Pro: 5 vs 5 (diff: 0)
   Contract: 4,500,000 APY
✅ Matched: Brison Perkins -> Kyler Murray (Arizona)
   Score: 100.0 | Rating: 79 vs 79 (diff: 0)
   Height: 70" vs 70" (diff: 0") | Weight: 207 vs 207 lbs (diff: 0)
   Handedness: 1 vs 1 (diff: 0) | Years Pro: 6 vs 6 (diff: 0)
   Contract: 46,100,000 APY
✅ Matched: Franco Demery -> Luke Rhodes (Indianapolis)
   Score: 100.0 | Rating: 79 vs 79 (diff: 0)
   Height: 74" vs 74" (diff: 0") | Weight: 238 vs 238 lbs (diff: 0)
   Handedness: 1 vs 1 (diff: 0) | Years Pro: 9 vs 9 (diff: 0)
   Contract: 1,616,250 APY
✅ Matched: Plaxico Hertz -> Malik Hooker (Dallas)
   Score: 100.0 | Rating: 79 vs 79 (diff: 0)
   Height: 74" vs 74" (diff: 0") | Weight: 212 vs 212 lbs (diff: 0)
   Handedness: 1 vs 1 (diff: 0) | Years Pro: 8 vs 8 (diff: 0)
   Contract: 7,000,000 APY
⚠️  No contract: Waddell Gelbaugh -> Marvin Harrison Jr (Arizona) - Using defaults
✅ Matched: Wonder Cobbs -> Mike Gesicki (Cincinnati)
   Score: 100.0 | Rating: 79 vs 79 (diff: 0)
   Height: 78" vs 78" (diff: 0") | Weight: 250 vs 250 lbs (diff: 0)
   Handedness: 1 vs 1 (diff: 0) | Years Pro: 7 vs 7 (diff: 0)
   Contract: 8,500,000 APY
✅ Matched: Grenny Rae -> Nate Wiggins (Baltimore)
   Score: 100.0 | Rating: 79 vs 79 (diff: 0)
   Height: 74" vs 74" (diff: 0") | Weight: 173 vs 173 lbs (diff: 0)
   Handedness: 1 vs 1 (diff: 0) | Years Pro: 1 vs 1 (diff: 0)
   Contract: 3,204,956 APY
❌ No match: Jonas Milner (New York A) - Using defaults
✅ Matched: Darius Chesbro -> Osa Odighizuwa (Dallas)
   Score: 100.0 | Rating: 79 vs 79 (diff: 0)
   Height: 74" vs 74" (diff: 0") | Weight: 280 vs 280 lbs (diff: 0)
   Handedness: 1 vs 1 (diff: 0) | Years Pro: 4 vs 4 (diff: 0)
   Contract: 20,000,000 APY
✅ Matched: Twan Witte -> Quay Walker (Green Bay)
   Score: 100.0 | Rating: 79 vs 79 (diff: 0)
   Height: 76" vs 76" (diff: 0") | Weight: 241 vs 241 lbs (diff: 0)
   Handedness: 1 vs 1 (diff: 0) | Years Pro: 3 vs 3 (diff: 0)
   Contract: 3,460,410 APY
✅ Matched: Wimpy Tilton -> Rachaad White (Tampa Bay)
   Score: 100.0 | Rating: 79 vs 79 (diff: 0)
   Height: 72" vs 72" (diff: 0") | Weight: 214 vs 214 lbs (diff: 0)
   Handedness: 1 vs 1 (diff: 0) | Years Pro: 3 vs 3 (diff: 0)
   Contract: 1,282,500 APY
✅ Matched: Dominique Gladden -> Raheem Mostert (Las Vegas)
   Score: 100.0 | Rating: 79 vs 79 (diff: 0)
   Height: 70" vs 70" (diff: 0") | Weight: 205 vs 205 lbs (diff: 0)
   Handedness: 1 vs 1 (diff: 0) | Years Pro: 10 vs 10 (diff: 0)
   Contract: 1,600,000 APY
✅ Matched: Tavon Shlapak -> Rashid Shaheed (New Orleans)
   Score: 100.0 | Rating: 79 vs 79 (diff: 0)
   Height: 72" vs 72" (diff: 0") | Weight: 180 vs 180 lbs (diff: 0)
   Handedness: 1 vs 1 (diff: 0) | Years Pro: 3 vs 3 (diff: 0)
   Contract: 5,200,000 APY
✅ Matched: Nielson Shank -> Reggie Gilliam (Buffalo)
   Score: 100.0 | Rating: 79 vs 79 (diff: 0)
   Height: 73" vs 73" (diff: 0") | Weight: 243 vs 243 lbs (diff: 0)
   Handedness: 1 vs 1 (diff: 0) | Years Pro: 5 vs 5 (diff: 0)
   Contract: 2,000,000 APY
✅ Matched: Leonardo Manoa -> Rome Odunze (Chicago)
   Score: 100.0 | Rating: 79 vs 79 (diff: 0)
   Height: 75" vs 75" (diff: 0") | Weight: 212 vs 212 lbs (diff: 0)
   Handedness: 1 vs 1 (diff: 0) | Years Pro: 1 vs 1 (diff: 0)
   Contract: 5,681,125 APY
✅ Matched: Talman Molden -> Romeo Doubs (Green Bay)
   Score: 100.0 | Rating: 79 vs 79 (diff: 0)
   Height: 74" vs 74" (diff: 0") | Weight: 204 vs 204 lbs (diff: 0)
   Handedness: 1 vs 1 (diff: 0) | Years Pro: 3 vs 3 (diff: 0)
   Contract: 1,085,979 APY
⚠️  No contract: Jerramy Free -> Sean Murphy-Bunting (Arizona) - Using defaults
✅ Matched: Ronde Malcolm -> Shaquill Griffin (Seattle)
   Score: 100.0 | Rating: 79 vs 79 (diff: 0)
   Height: 72" vs 72" (diff: 0") | Weight: 198 vs 198 lbs (diff: 0)
   Handedness: 1 vs 1 (diff: 0) | Years Pro: 8 vs 8 (diff: 0)
   Contract: 3,000,000 APY
✅ Matched: Denny Yanda -> T'Vondre Sweat (Tennessee)
   Score: 100.0 | Rating: 79 vs 79 (diff: 0)
   Height: 77" vs 77" (diff: 0") | Weight: 366 vs 366 lbs (diff: 0)
   Handedness: 1 vs 1 (diff: 0) | Years Pro: 1 vs 1 (diff: 0)
   Contract: 2,388,110 APY
✅ Matched: Scot Bowens -> Taylor Rapp (Buffalo)
   Score: 100.0 | Rating: 79 vs 79 (diff: 0)
   Height: 72" vs 72" (diff: 0") | Weight: 208 vs 208 lbs (diff: 0)
   Handedness: 1 vs 1 (diff: 0) | Years Pro: 6 vs 6 (diff: 0)
   Contract: 3,541,667 APY
✅ Matched: Jeromy Wright -> Terrel Bernard (Buffalo)
   Score: 100.0 | Rating: 79 vs 79 (diff: 0)
   Height: 73" vs 73" (diff: 0") | Weight: 224 vs 224 lbs (diff: 0)
   Handedness: 1 vs 1 (diff: 0) | Years Pro: 3 vs 3 (diff: 0)
   Contract: 10,535,750 APY
✅ Matched: Mossis Mosier -> Tommy Townsend (Houston)
   Score: 100.0 | Rating: 79 vs 79 (diff: 0)
   Height: 73" vs 73" (diff: 0") | Weight: 191 vs 191 lbs (diff: 0)
   Handedness: 1 vs 1 (diff: 0) | Years Pro: 5 vs 5 (diff: 0)
   Contract: 3,000,000 APY
✅ Matched: Lofa Joines -> Tucker Kraft (Green Bay)
   Score: 100.0 | Rating: 79 vs 79 (diff: 0)
   Height: 77" vs 77" (diff: 0") | Weight: 259 vs 259 lbs (diff: 0)
   Handedness: 1 vs 1 (diff: 0) | Years Pro: 2 vs 2 (diff: 0)
   Contract: 1,384,484 APY
✅ Matched: Baptiste Mcdonald -> Tyjae Spears (Tennessee)
   Score: 100.0 | Rating: 79 vs 79 (diff: 0)
   Height: 70" vs 70" (diff: 0") | Weight: 200 vs 200 lbs (diff: 0)
   Handedness: 1 vs 1 (diff: 0) | Years Pro: 2 vs 2 (diff: 0)
   Contract: 1,372,654 APY
✅ Matched: Alvoid Curran -> Tyler Lockett (Tennessee)
   Score: 100.0 | Rating: 79 vs 79 (diff: 0)
   Height: 70" vs 70" (diff: 0") | Weight: 182 vs 182 lbs (diff: 0)
   Handedness: 1 vs 1 (diff: 0) | Years Pro: 10 vs 10 (diff: 0)
   Contract: 4,000,000 APY
❌ No match: Maulty Holt (New York N) - Using defaults
✅ Matched: Taylor Pagac -> Will Campbell (New England)
   Score: 100.0 | Rating: 79 vs 79 (diff: 0)
   Height: 78" vs 78" (diff: 0") | Weight: 319 vs 319 lbs (diff: 0)
   Handedness: 1 vs 1 (diff: 0) | Years Pro: 0 vs 0 (diff: 0)
   Contract: 10,915,526 APY
✅ Matched: Enio Vollenweider -> Wyatt Teller (Cleveland)
   Score: 100.0 | Rating: 79 vs 79 (diff: 0)
   Height: 76" vs 76" (diff: 0") | Weight: 315 vs 315 lbs (diff: 0)
   Handedness: 1 vs 1 (diff: 0) | Years Pro: 7 vs 7 (diff: 0)
   Contract: 14,200,000 APY
✅ Matched: Tremayne Hills -> Zach Wood (New Orleans)
   Score: 100.0 | Rating: 79 vs 79 (diff: 0)
   Height: 75" vs 75" (diff: 0") | Weight: 255 vs 255 lbs (diff: 0)
   Handedness: 0 vs 0 (diff: 0) | Years Pro: 8 vs 8 (diff: 0)
   Contract: 1,577,500 APY
✅ Matched: Rhondy Brunner -> Ahkello Witherspoon (Los Angeles N)
   Score: 100.0 | Rating: 78 vs 78 (diff: 0)
   Height: 74" vs 74" (diff: 0") | Weight: 195 vs 195 lbs (diff: 0)
   Handedness: 1 vs 1 (diff: 0) | Years Pro: 8 vs 8 (diff: 0)
   Contract: 1,255,000 APY
✅ Matched: Deandre Isom -> Alaric Jackson (Los Angeles N)
   Score: 100.0 | Rating: 78 vs 78 (diff: 0)
   Height: 79" vs 79" (diff: 0") | Weight: 345 vs 345 lbs (diff: 0)
   Handedness: 1 vs 1 (diff: 0) | Years Pro: 4 vs 4 (diff: 0)
   Contract: 18,766,667 APY
✅ Matched: Nolan Fricke -> Alohi Gilman (Los Angeles A)
   Score: 100.0 | Rating: 78 vs 78 (diff: 0)
   Height: 70" vs 70" (diff: 0") | Weight: 201 vs 201 lbs (diff: 0)
   Handedness: 1 vs 1 (diff: 0) | Years Pro: 5 vs 5 (diff: 0)
   Contract: 5,062,500 APY
✅ Matched: Bullets Kasap -> Amani Hooker (Tennessee)
   Score: 100.0 | Rating: 78 vs 78 (diff: 0)
   Height: 71" vs 71" (diff: 0") | Weight: 210 vs 210 lbs (diff: 0)
   Handedness: 1 vs 1 (diff: 0) | Years Pro: 6 vs 6 (diff: 0)
   Contract: 10,000,000 APY
❌ No match: Wash Schweder (New York A) - Using defaults
✅ Matched: Jarriel Brazinsky -> Anfernee Jennings (New England)
   Score: 100.0 | Rating: 78 vs 78 (diff: 0)
   Height: 75" vs 75" (diff: 0") | Weight: 259 vs 259 lbs (diff: 0)
   Handedness: 1 vs 1 (diff: 0) | Years Pro: 5 vs 5 (diff: 0)
   Contract: 4,000,000 APY
✅ Matched: Brannon Star -> Antonio Gibson (New England)
   Score: 100.0 | Rating: 78 vs 78 (diff: 0)
   Height: 72" vs 72" (diff: 0") | Weight: 228 vs 228 lbs (diff: 0)
   Handedness: 1 vs 1 (diff: 0) | Years Pro: 5 vs 5 (diff: 0)
   Contract: 3,750,000 APY
✅ Matched: Ross Kaiser -> Arik Armstead (Jacksonville)
   Score: 100.0 | Rating: 78 vs 78 (diff: 0)
   Height: 79" vs 79" (diff: 0") | Weight: 290 vs 290 lbs (diff: 0)
   Handedness: 1 vs 1 (diff: 0) | Years Pro: 10 vs 10 (diff: 0)
   Contract: 14,500,000 APY
✅ Matched: Darris Ledbetter -> Boye Mafe (Seattle)
   Score: 100.0 | Rating: 78 vs 78 (diff: 0)
   Height: 76" vs 76" (diff: 0") | Weight: 261 vs 261 lbs (diff: 0)
   Handedness: 1 vs 1 (diff: 0) | Years Pro: 3 vs 3 (diff: 0)
   Contract: 2,140,563 APY
✅ Matched: Vaughan Wender -> Braxton Jones (Chicago)
   Score: 100.0 | Rating: 78 vs 78 (diff: 0)
   Height: 78" vs 78" (diff: 0") | Weight: 310 vs 310 lbs (diff: 0)
   Handedness: 1 vs 1 (diff: 0) | Years Pro: 3 vs 3 (diff: 0)
   Contract: 989,888 APY
✅ Matched: Rosey Livers -> Bryan Cook (Kansas City)
   Score: 100.0 | Rating: 78 vs 78 (diff: 0)
   Height: 73" vs 73" (diff: 0") | Weight: 206 vs 206 lbs (diff: 0)
   Handedness: 1 vs 1 (diff: 0) | Years Pro: 3 vs 3 (diff: 0)
   Contract: 1,461,785 APY
✅ Matched: Boyce Dicus -> Byron Young (Los Angeles N)
   Score: 100.0 | Rating: 78 vs 78 (diff: 0)
   Height: 74" vs 74" (diff: 0") | Weight: 248 vs 248 lbs (diff: 0)
   Handedness: 1 vs 1 (diff: 0) | Years Pro: 2 vs 2 (diff: 0)
   Contract: 1,417,178 APY
✅ Matched: Tommie Mcgriggs -> Cairo Santos (Chicago)
   Score: 100.0 | Rating: 78 vs 78 (diff: 0)
   Height: 68" vs 68" (diff: 0") | Weight: 175 vs 175 lbs (diff: 0)
   Handedness: 1 vs 1 (diff: 0) | Years Pro: 11 vs 11 (diff: 0)
   Contract: 3,900,000 APY
✅ Matched: Saladin Myslinski -> Cam Robinson (Houston)
   Score: 100.0 | Rating: 78 vs 78 (diff: 0)
   Height: 78" vs 78" (diff: 0") | Weight: 335 vs 335 lbs (diff: 0)
   Handedness: 1 vs 1 (diff: 0) | Years Pro: 8 vs 8 (diff: 0)
   Contract: 12,000,000 APY
✅ Matched: Corn Hampton -> Christian Watson (Green Bay)
   Score: 100.0 | Rating: 78 vs 78 (diff: 0)
   Height: 76" vs 76" (diff: 0") | Weight: 208 vs 208 lbs (diff: 0)
   Handedness: 1 vs 1 (diff: 0) | Years Pro: 3 vs 3 (diff: 0)
   Contract: 2,310,258 APY
✅ Matched: Conroy Sweet -> Cole Holcomb (Pittsburgh)
   Score: 100.0 | Rating: 78 vs 78 (diff: 0)
   Height: 73" vs 73" (diff: 0") | Weight: 240 vs 240 lbs (diff: 0)
   Handedness: 1 vs 1 (diff: 0) | Years Pro: 6 vs 6 (diff: 0)
   Contract: 6,000,000 APY
✅ Matched: D'Andre Wukits -> Connor McGovern (Buffalo)
   Score: 100.0 | Rating: 78 vs 78 (diff: 0)
   Height: 77" vs 77" (diff: 0") | Weight: 318 vs 318 lbs (diff: 0)
   Handedness: 1 vs 1 (diff: 0) | Years Pro: 6 vs 6 (diff: 0)
   Contract: 7,450,000 APY
✅ Matched: Dukes O'Neill -> D.J. Jones (Denver)
   Score: 100.0 | Rating: 78 vs 78 (diff: 0)
   Height: 72" vs 72" (diff: 0") | Weight: 305 vs 305 lbs (diff: 0)
   Handedness: 1 vs 1 (diff: 0) | Years Pro: 8 vs 8 (diff: 0)
   Contract: 13,000,000 APY
✅ Matched: Dannell Carthen -> Dameon Pierce (Houston)
   Score: 100.0 | Rating: 78 vs 78 (diff: 0)
   Height: 70" vs 70" (diff: 0") | Weight: 214 vs 214 lbs (diff: 0)
   Handedness: 1 vs 1 (diff: 0) | Years Pro: 3 vs 3 (diff: 0)
   Contract: 1,118,858 APY
✅ Matched: Talance Gilchrist -> Daniel Carlson (Las Vegas)
   Score: 100.0 | Rating: 78 vs 78 (diff: 0)
   Height: 77" vs 77" (diff: 0") | Weight: 215 vs 215 lbs (diff: 0)
   Handedness: 1 vs 1 (diff: 0) | Years Pro: 7 vs 7 (diff: 0)
   Contract: 4,600,000 APY
⚠️  No contract: Zac Klever -> DeMario Douglas (New England) - Using defaults
✅ Matched: Flavio Brito -> Donte Jackson (Los Angeles A)
   Score: 100.0 | Rating: 78 vs 78 (diff: 0)
   Height: 70" vs 70" (diff: 0") | Weight: 180 vs 180 lbs (diff: 0)
   Handedness: 1 vs 1 (diff: 0) | Years Pro: 7 vs 7 (diff: 0)
   Contract: 6,500,000 APY
✅ Matched: Neill Linden -> Dorance Armstrong (Washington)
   Score: 100.0 | Rating: 78 vs 78 (diff: 0)
   Height: 76" vs 76" (diff: 0") | Weight: 255 vs 255 lbs (diff: 0)
   Handedness: 1 vs 1 (diff: 0) | Years Pro: 7 vs 7 (diff: 0)
   Contract: 11,000,000 APY
✅ Matched: Rhett Givins -> Drake Maye (New England)
   Score: 100.0 | Rating: 78 vs 78 (diff: 0)
   Height: 76" vs 76" (diff: 0") | Weight: 223 vs 223 lbs (diff: 0)
   Handedness: 1 vs 1 (diff: 0) | Years Pro: 1 vs 1 (diff: 0)
   Contract: 9,159,941 APY
✅ Matched: Derrie Sorey -> Ezra Cleveland (Jacksonville)
   Score: 100.0 | Rating: 78 vs 78 (diff: 0)
   Height: 78" vs 78" (diff: 0") | Weight: 312 vs 312 lbs (diff: 0)
   Handedness: 1 vs 1 (diff: 0) | Years Pro: 5 vs 5 (diff: 0)
   Contract: 8,000,000 APY
✅ Matched: Sneeze Kinder -> Geno Stone (Cincinnati)
   Score: 100.0 | Rating: 78 vs 78 (diff: 0)
   Height: 70" vs 70" (diff: 0") | Weight: 209 vs 209 lbs (diff: 0)
   Handedness: 1 vs 1 (diff: 0) | Years Pro: 5 vs 5 (diff: 0)
   Contract: 4,900,000 APY
✅ Matched: Bernie Dabney -> Harrison Phillips (Minnesota)
   Score: 100.0 | Rating: 78 vs 78 (diff: 0)
   Height: 75" vs 75" (diff: 0") | Weight: 307 vs 307 lbs (diff: 0)
   Handedness: 1 vs 1 (diff: 0) | Years Pro: 7 vs 7 (diff: 0)
   Contract: 7,500,000 APY
⚠️  No contract: Karsten Lovetere -> Ivan Pace Jr (Minnesota) - Using defaults
✅ Matched: Tarvaris Cieslak -> J.J. Jansen (Carolina)
   Score: 100.0 | Rating: 78 vs 78 (diff: 0)
   Height: 74" vs 74" (diff: 0") | Weight: 235 vs 235 lbs (diff: 0)
   Handedness: 1 vs 1 (diff: 0) | Years Pro: 18 vs 18 (diff: 0)
   Contract: 1,422,500 APY
✅ Matched: Barry Garner -> Jahdae Barron (Denver)
   Score: 100.0 | Rating: 78 vs 78 (diff: 0)
   Height: 71" vs 71" (diff: 0") | Weight: 194 vs 194 lbs (diff: 0)
   Handedness: 1 vs 1 (diff: 0) | Years Pro: 0 vs 0 (diff: 0)
   Contract: 4,518,294 APY
✅ Matched: Lamont Cavanaugh -> Jake Elliott (Philadelphia)
   Score: 100.0 | Rating: 78 vs 78 (diff: 0)
   Height: 69" vs 69" (diff: 0") | Weight: 167 vs 167 lbs (diff: 0)
   Handedness: 1 vs 1 (diff: 0) | Years Pro: 8 vs 8 (diff: 0)
   Contract: 6,000,000 APY
✅ Matched: Link Doane -> Javonte Williams (Dallas)
   Score: 100.0 | Rating: 78 vs 78 (diff: 0)
   Height: 70" vs 70" (diff: 0") | Weight: 220 vs 220 lbs (diff: 0)
   Handedness: 1 vs 1 (diff: 0) | Years Pro: 4 vs 4 (diff: 0)
   Contract: 3,000,000 APY
✅ Matched: Hampton Gaulke -> JC Latham (Tennessee)
   Score: 100.0 | Rating: 78 vs 78 (diff: 0)
   Height: 78" vs 78" (diff: 0") | Weight: 335 vs 335 lbs (diff: 0)
   Handedness: 1 vs 1 (diff: 0) | Years Pro: 1 vs 1 (diff: 0)
   Contract: 6,511,297 APY
✅ Matched: Jaime Scruggs -> Jonathan Jones (Washington)
   Score: 100.0 | Rating: 78 vs 78 (diff: 0)
   Height: 70" vs 70" (diff: 0") | Weight: 190 vs 190 lbs (diff: 0)
   Handedness: 1 vs 1 (diff: 0) | Years Pro: 9 vs 9 (diff: 0)
   Contract: 5,500,000 APY
✅ Matched: Erasmus Clinton -> Jordan Davis (Philadelphia)
   Score: 100.0 | Rating: 78 vs 78 (diff: 0)
   Height: 78" vs 78" (diff: 0") | Weight: 336 vs 336 lbs (diff: 0)
   Handedness: 1 vs 1 (diff: 0) | Years Pro: 3 vs 3 (diff: 0)
   Contract: 4,252,320 APY
✅ Matched: Orie Ninkovich -> Kamren Kinchens (Los Angeles N)
   Score: 100.0 | Rating: 78 vs 78 (diff: 0)
   Height: 71" vs 71" (diff: 0") | Weight: 202 vs 202 lbs (diff: 0)
   Handedness: 1 vs 1 (diff: 0) | Years Pro: 1 vs 1 (diff: 0)
   Contract: 1,399,078 APY
✅ Matched: Turk Fonoti -> Keion White (New England)
   Score: 100.0 | Rating: 78 vs 78 (diff: 0)
   Height: 77" vs 77" (diff: 0") | Weight: 285 vs 285 lbs (diff: 0)
   Handedness: 1 vs 1 (diff: 0) | Years Pro: 2 vs 2 (diff: 0)
   Contract: 1,947,540 APY
✅ Matched: Antony Lurtsema -> Kenneth Grant (Miami)
   Score: 100.0 | Rating: 78 vs 78 (diff: 0)
   Height: 76" vs 76" (diff: 0") | Weight: 330 vs 330 lbs (diff: 0)
   Handedness: 1 vs 1 (diff: 0) | Years Pro: 0 vs 0 (diff: 0)
   Contract: 5,489,078 APY
✅ Matched: Samkon Chalenski -> Kyle Pitts (Atlanta)
   Score: 100.0 | Rating: 78 vs 78 (diff: 0)
   Height: 78" vs 78" (diff: 0") | Weight: 246 vs 246 lbs (diff: 0)
   Handedness: 1 vs 1 (diff: 0) | Years Pro: 4 vs 4 (diff: 0)
   Contract: 8,227,624 APY
⚠️  No contract: Tray Harbor -> Mack Wilson Sr (Arizona) - Using defaults
✅ Matched: Ceasar Dilger -> Marcus Jones (New England)
   Score: 100.0 | Rating: 78 vs 78 (diff: 0)
   Height: 68" vs 68" (diff: 0") | Weight: 175 vs 175 lbs (diff: 0)
   Handedness: 1 vs 1 (diff: 0) | Years Pro: 3 vs 3 (diff: 0)
   Contract: 1,294,238 APY
✅ Matched: Bennie Marquardt -> Maxwell Hairston (Buffalo)
   Score: 100.0 | Rating: 78 vs 78 (diff: 0)
   Height: 72" vs 72" (diff: 0") | Weight: 183 vs 183 lbs (diff: 0)
   Handedness: 1 vs 1 (diff: 0) | Years Pro: 0 vs 0 (diff: 0)
   Contract: 3,814,496 APY
✅ Matched: Lakei Stamer -> Michael Wilson (Arizona)
   Score: 100.0 | Rating: 78 vs 78 (diff: 0)
   Height: 74" vs 74" (diff: 0") | Weight: 213 vs 213 lbs (diff: 0)
   Handedness: 1 vs 1 (diff: 0) | Years Pro: 2 vs 2 (diff: 0)
   Contract: 1,334,865 APY
⚠️  No contract: Nehemiah Ladrow -> Mike Danna (Kansas City) - Using defaults
✅ Matched: Gorden Mouton -> Mykel Williams (San Francisco)
   Score: 100.0 | Rating: 78 vs 78 (diff: 0)
   Height: 77" vs 77" (diff: 0") | Weight: 267 vs 267 lbs (diff: 0)
   Handedness: 1 vs 1 (diff: 0) | Years Pro: 0 vs 0 (diff: 0)
   Contract: 6,235,839 APY
✅ Matched: Phillipkeith Quinn -> Pete Werner (New Orleans)
   Score: 100.0 | Rating: 78 vs 78 (diff: 0)
   Height: 75" vs 75" (diff: 0") | Weight: 242 vs 242 lbs (diff: 0)
   Handedness: 1 vs 1 (diff: 0) | Years Pro: 4 vs 4 (diff: 0)
   Contract: 7,500,000 APY
✅ Matched: Roberto Landsberg -> Rayshawn Jenkins (Cleveland)
   Score: 100.0 | Rating: 78 vs 78 (diff: 0)
   Height: 73" vs 73" (diff: 0") | Weight: 200 vs 200 lbs (diff: 0)
   Handedness: 1 vs 1 (diff: 0) | Years Pro: 8 vs 8 (diff: 0)
   Contract: 1,422,500 APY
✅ Matched: Jamarcus Sutter -> Roger McCreary (Tennessee)
   Score: 100.0 | Rating: 78 vs 78 (diff: 0)
   Height: 71" vs 71" (diff: 0") | Weight: 190 vs 190 lbs (diff: 0)
   Handedness: 1 vs 1 (diff: 0) | Years Pro: 3 vs 3 (diff: 0)
   Contract: 2,291,402 APY
✅ Matched: Godwin Bellino -> Rondale Moore (Minnesota)
   Score: 100.0 | Rating: 78 vs 78 (diff: 0)
   Height: 67" vs 67" (diff: 0") | Weight: 180 vs 180 lbs (diff: 0)
   Handedness: 1 vs 1 (diff: 0) | Years Pro: 4 vs 4 (diff: 0)
   Contract: 2,000,000 APY
⚠️  No contract: Tino Calahan -> Sebastian Joseph-Day (Tennessee) - Using defaults
✅ Matched: Lebron Carson -> Taliese Fuaga (New Orleans)
   Score: 100.0 | Rating: 78 vs 78 (diff: 0)
   Height: 78" vs 78" (diff: 0") | Weight: 324 vs 324 lbs (diff: 0)
   Handedness: 1 vs 1 (diff: 0) | Years Pro: 1 vs 1 (diff: 0)
   Contract: 4,337,040 APY
✅ Matched: Libby Conwell -> Ted Karras (Cincinnati)
   Score: 100.0 | Rating: 78 vs 78 (diff: 0)
   Height: 76" vs 76" (diff: 0") | Weight: 310 vs 310 lbs (diff: 0)
   Handedness: 1 vs 1 (diff: 0) | Years Pro: 9 vs 9 (diff: 0)
   Contract: 6,000,000 APY
✅ Matched: Kenoy Bromell -> Tim Patrick (Detroit)
   Score: 100.0 | Rating: 78 vs 78 (diff: 0)
   Height: 76" vs 76" (diff: 0") | Weight: 212 vs 212 lbs (diff: 0)
   Handedness: 1 vs 1 (diff: 0) | Years Pro: 8 vs 8 (diff: 0)
   Contract: 2,500,000 APY
✅ Matched: Algy Ehlers -> Tony Jefferson (Los Angeles A)
   Score: 100.0 | Rating: 78 vs 78 (diff: 0)
   Height: 71" vs 71" (diff: 0") | Weight: 212 vs 212 lbs (diff: 0)
   Handedness: 1 vs 1 (diff: 0) | Years Pro: 10 vs 10 (diff: 0)
   Contract: 1,380,000 APY
✅ Matched: Clyde Calico -> Travis Jones (Baltimore)
   Score: 100.0 | Rating: 78 vs 78 (diff: 0)
   Height: 76" vs 76" (diff: 0") | Weight: 334 vs 334 lbs (diff: 0)
   Handedness: 1 vs 1 (diff: 0) | Years Pro: 3 vs 3 (diff: 0)
   Contract: 1,325,491 APY
✅ Matched: Keyon Economos -> Travon Walker (Jacksonville)
   Score: 100.0 | Rating: 78 vs 78 (diff: 0)
   Height: 77" vs 77" (diff: 0") | Weight: 272 vs 272 lbs (diff: 0)
   Handedness: 1 vs 1 (diff: 0) | Years Pro: 3 vs 3 (diff: 0)
   Contract: 9,343,155 APY
✅ Matched: Kendric Schweidler -> Trenton Simpson (Baltimore)
   Score: 100.0 | Rating: 78 vs 78 (diff: 0)
   Height: 74" vs 74" (diff: 0") | Weight: 234 vs 234 lbs (diff: 0)
   Handedness: 1 vs 1 (diff: 0) | Years Pro: 2 vs 2 (diff: 0)
   Contract: 1,352,211 APY
✅ Matched: Kassim Gruneisen -> Tyson Campbell (Jacksonville)
   Score: 100.0 | Rating: 78 vs 78 (diff: 0)
   Height: 73" vs 73" (diff: 0") | Weight: 195 vs 195 lbs (diff: 0)
   Handedness: 1 vs 1 (diff: 0) | Years Pro: 4 vs 4 (diff: 0)
   Contract: 19,125,000 APY
✅ Matched: Jermon Hixson -> Tytus Howard (Houston)
   Score: 100.0 | Rating: 78 vs 78 (diff: 0)
   Height: 77" vs 77" (diff: 0") | Weight: 322 vs 322 lbs (diff: 0)
   Handedness: 1 vs 1 (diff: 0) | Years Pro: 6 vs 6 (diff: 0)
   Contract: 18,666,667 APY
✅ Matched: Hoot Bergen -> Younghoe Koo (Atlanta)
   Score: 100.0 | Rating: 78 vs 78 (diff: 0)
   Height: 69" vs 69" (diff: 0") | Weight: 185 vs 185 lbs (diff: 0)
   Handedness: 1 vs 1 (diff: 0) | Years Pro: 8 vs 8 (diff: 0)
   Contract: 4,850,000 APY
✅ Matched: Amani Ashburn -> Zach Ertz (Washington)
   Score: 100.0 | Rating: 78 vs 78 (diff: 0)
   Height: 77" vs 77" (diff: 0") | Weight: 250 vs 250 lbs (diff: 0)
   Handedness: 1 vs 1 (diff: 0) | Years Pro: 12 vs 12 (diff: 0)
   Contract: 6,250,000 APY
✅ Matched: Darren Winborne -> Zach Charbonnet (Seattle)
   Score: 100.0 | Rating: 78 vs 78 (diff: 0)
   Height: 73" vs 73" (diff: 0") | Weight: 220 vs 220 lbs (diff: 0)
   Handedness: 1 vs 1 (diff: 0) | Years Pro: 2 vs 2 (diff: 0)
   Contract: 1,719,020 APY
✅ Matched: Nathan Shelton -> Aaron Brewer (Miami)
   Score: 100.0 | Rating: 77 vs 77 (diff: 0)
   Height: 73" vs 73" (diff: 0") | Weight: 295 vs 295 lbs (diff: 0)
   Handedness: 1 vs 1 (diff: 0) | Years Pro: 5 vs 5 (diff: 0)
   Contract: 7,000,000 APY
✅ Matched: Dominic Crowl -> Adoree' Jackson (Philadelphia)
   Score: 100.0 | Rating: 77 vs 77 (diff: 0)
   Height: 71" vs 71" (diff: 0") | Weight: 185 vs 185 lbs (diff: 0)
   Handedness: 1 vs 1 (diff: 0) | Years Pro: 8 vs 8 (diff: 0)
   Contract: 1,755,000 APY
✅ Matched: Tahir Gormley -> Alex Singleton (Denver)
   Score: 100.0 | Rating: 77 vs 77 (diff: 0)
   Height: 74" vs 74" (diff: 0") | Weight: 240 vs 240 lbs (diff: 0)
   Handedness: 1 vs 1 (diff: 0) | Years Pro: 7 vs 7 (diff: 0)
   Contract: 6,000,000 APY
❌ No match: Keena Olejniczak (New York A) - Using defaults
✅ Matched: Windell Anderson -> Amik Robertson (Detroit)
   Score: 100.0 | Rating: 77 vs 77 (diff: 0)
   Height: 68" vs 68" (diff: 0") | Weight: 187 vs 187 lbs (diff: 0)
   Handedness: 1 vs 1 (diff: 0) | Years Pro: 5 vs 5 (diff: 0)
   Contract: 4,625,000 APY
❌ No match: Dietrich Owen (New York A) - Using defaults
✅ Matched: Urban Kacherski -> Arnold Ebiketie (Atlanta)
   Score: 100.0 | Rating: 77 vs 77 (diff: 0)
   Height: 75" vs 75" (diff: 0") | Weight: 256 vs 256 lbs (diff: 0)
   Handedness: 1 vs 1 (diff: 0) | Years Pro: 3 vs 3 (diff: 0)
   Contract: 2,204,672 APY
✅ Matched: Copeland Glass -> Austin Ekeler (Washington)
   Score: 100.0 | Rating: 77 vs 77 (diff: 0)
   Height: 70" vs 70" (diff: 0") | Weight: 200 vs 200 lbs (diff: 0)
   Handedness: 1 vs 1 (diff: 0) | Years Pro: 8 vs 8 (diff: 0)
   Contract: 4,215,000 APY
✅ Matched: Willert Perlo -> B.J. Hill (Cincinnati)
   Score: 100.0 | Rating: 77 vs 77 (diff: 0)
   Height: 75" vs 75" (diff: 0") | Weight: 311 vs 311 lbs (diff: 0)
   Handedness: 1 vs 1 (diff: 0) | Years Pro: 7 vs 7 (diff: 0)
   Contract: 11,000,000 APY
✅ Matched: Skippy Brunell -> Braden Mann (Philadelphia)
   Score: 100.0 | Rating: 77 vs 77 (diff: 0)
   Height: 71" vs 71" (diff: 0") | Weight: 198 vs 198 lbs (diff: 0)
   Handedness: 1 vs 1 (diff: 0) | Years Pro: 5 vs 5 (diff: 0)
   Contract: 2,100,000 APY
✅ Matched: Husain Delpino -> Brandon McManus (Green Bay)
   Score: 100.0 | Rating: 77 vs 77 (diff: 0)
   Height: 75" vs 75" (diff: 0") | Weight: 201 vs 201 lbs (diff: 0)
   Handedness: 1 vs 1 (diff: 0) | Years Pro: 12 vs 12 (diff: 0)
   Contract: 5,100,000 APY
⚠️  No contract: Patrick Travis -> Byron Murphy II (Seattle) - Using defaults
✅ Matched: Alshermond Scarry -> Cade Otton (Tampa Bay)
   Score: 100.0 | Rating: 77 vs 77 (diff: 0)
   Height: 77" vs 77" (diff: 0") | Weight: 247 vs 247 lbs (diff: 0)
   Handedness: 1 vs 1 (diff: 0) | Years Pro: 3 vs 3 (diff: 0)
   Contract: 1,123,486 APY
✅ Matched: Darryl Fokou -> Cam Akers (New Orleans)
   Score: 100.0 | Rating: 77 vs 77 (diff: 0)
   Height: 70" vs 70" (diff: 0") | Weight: 217 vs 217 lbs (diff: 0)
   Handedness: 1 vs 1 (diff: 0) | Years Pro: 5 vs 5 (diff: 0)
   Contract: 1,170,000 APY
✅ Matched: Larod Chickillo -> Chop Robinson (Miami)
   Score: 100.0 | Rating: 77 vs 77 (diff: 0)
   Height: 75" vs 75" (diff: 0") | Weight: 254 vs 254 lbs (diff: 0)
   Handedness: 1 vs 1 (diff: 0) | Years Pro: 1 vs 1 (diff: 0)
   Contract: 3,744,057 APY
✅ Matched: Marc Jacox -> Chuck Clark (Pittsburgh)
   Score: 100.0 | Rating: 77 vs 77 (diff: 0)
   Height: 72" vs 72" (diff: 0") | Weight: 210 vs 210 lbs (diff: 0)
   Handedness: 1 vs 1 (diff: 0) | Years Pro: 8 vs 8 (diff: 0)
   Contract: 1,422,500 APY
✅ Matched: Mohamed Acks -> Dalvin Tomlinson (Arizona)
   Score: 100.0 | Rating: 77 vs 77 (diff: 0)
   Height: 75" vs 75" (diff: 0") | Weight: 325 vs 325 lbs (diff: 0)
   Handedness: 1 vs 1 (diff: 0) | Years Pro: 8 vs 8 (diff: 0)
   Contract: 14,500,000 APY
❌ No match: Saverio Lopienski (New York N) - Using defaults
✅ Matched: Coonie Bosseler -> Dawson Knox (Buffalo)
   Score: 100.0 | Rating: 77 vs 77 (diff: 0)
   Height: 76" vs 76" (diff: 0") | Weight: 254 vs 254 lbs (diff: 0)
   Handedness: 1 vs 1 (diff: 0) | Years Pro: 6 vs 6 (diff: 0)
   Contract: 9,833,333 APY
⚠️  No contract: Woodley Tippett -> Dax Hill (Cincinnati) - Using defaults
✅ Matched: Stacy Manalac -> Derrick Harmon (Pittsburgh)
   Score: 100.0 | Rating: 77 vs 77 (diff: 0)
   Height: 77" vs 77" (diff: 0") | Weight: 313 vs 313 lbs (diff: 0)
   Handedness: 1 vs 1 (diff: 0) | Years Pro: 0 vs 0 (diff: 0)
   Contract: 4,493,401 APY
✅ Matched: Basil Brandt -> Dylan Parham (Las Vegas)
   Score: 100.0 | Rating: 77 vs 77 (diff: 0)
   Height: 75" vs 75" (diff: 0") | Weight: 311 vs 311 lbs (diff: 0)
   Handedness: 1 vs 1 (diff: 0) | Years Pro: 3 vs 3 (diff: 0)
   Contract: 1,282,857 APY
✅ Matched: Kendricke Allard -> Elijah Moore (Buffalo)
   Score: 100.0 | Rating: 77 vs 77 (diff: 0)
   Height: 70" vs 70" (diff: 0") | Weight: 180 vs 180 lbs (diff: 0)
   Handedness: 1 vs 1 (diff: 0) | Years Pro: 4 vs 4 (diff: 0)
   Contract: 2,500,000 APY
❌ No match: Dialleo Presnell (New York N) - Using defaults
✅ Matched: Ockie Audet -> Hogan Hatten (Detroit)
   Score: 100.0 | Rating: 77 vs 77 (diff: 0)
   Height: 73" vs 73" (diff: 0") | Weight: 238 vs 238 lbs (diff: 0)
   Handedness: 1 vs 1 (diff: 0) | Years Pro: 1 vs 1 (diff: 0)
   Contract: 943,667 APY
✅ Matched: Alberto Ojomo -> Jackson Powers-Johnson (Las Vegas)
   Score: 100.0 | Rating: 77 vs 77 (diff: 0)
   Height: 75" vs 75" (diff: 0") | Weight: 328 vs 328 lbs (diff: 0)
   Handedness: 1 vs 1 (diff: 0) | Years Pro: 1 vs 1 (diff: 0)
   Contract: 2,191,941 APY
✅ Matched: Christo Petitgout -> Jake Bailey (Miami)
   Score: 100.0 | Rating: 77 vs 77 (diff: 0)
   Height: 74" vs 74" (diff: 0") | Weight: 205 vs 205 lbs (diff: 0)
   Handedness: 1 vs 1 (diff: 0) | Years Pro: 6 vs 6 (diff: 0)
   Contract: 2,100,000 APY
✅ Matched: Kasey Mailei -> Jason Sanders (Miami)
   Score: 100.0 | Rating: 77 vs 77 (diff: 0)
   Height: 71" vs 71" (diff: 0") | Weight: 190 vs 190 lbs (diff: 0)
   Handedness: 1 vs 1 (diff: 0) | Years Pro: 7 vs 7 (diff: 0)
   Contract: 4,400,000 APY
✅ Matched: Yatil Adkins -> Jaylen Watson (Kansas City)
   Score: 100.0 | Rating: 77 vs 77 (diff: 0)
   Height: 74" vs 74" (diff: 0") | Weight: 197 vs 197 lbs (diff: 0)
   Handedness: 1 vs 1 (diff: 0) | Years Pro: 3 vs 3 (diff: 0)
   Contract: 936,343 APY
✅ Matched: Jameel Nelson -> Jerome Ford (Cleveland)
   Score: 100.0 | Rating: 77 vs 77 (diff: 0)
   Height: 70" vs 70" (diff: 0") | Weight: 210 vs 210 lbs (diff: 0)
   Handedness: 1 vs 1 (diff: 0) | Years Pro: 3 vs 3 (diff: 0)
   Contract: 1,750,000 APY
✅ Matched: Lennie Shelburne -> Jerome Baker (Cleveland)
   Score: 100.0 | Rating: 77 vs 77 (diff: 0)
   Height: 74" vs 74" (diff: 0") | Weight: 225 vs 225 lbs (diff: 0)
   Handedness: 1 vs 1 (diff: 0) | Years Pro: 7 vs 7 (diff: 0)
   Contract: 1,422,500 APY
✅ Matched: Olandis Yerges -> Ji'Ayir Brown (San Francisco)
   Score: 100.0 | Rating: 77 vs 77 (diff: 0)
   Height: 71" vs 71" (diff: 0") | Weight: 202 vs 202 lbs (diff: 0)
   Handedness: 1 vs 1 (diff: 0) | Years Pro: 2 vs 2 (diff: 0)
   Contract: 1,348,952 APY
✅ Matched: Kawika Katalinas -> Jonah Jackson (Chicago)
   Score: 100.0 | Rating: 77 vs 77 (diff: 0)
   Height: 76" vs 76" (diff: 0") | Weight: 305 vs 305 lbs (diff: 0)
   Handedness: 1 vs 1 (diff: 0) | Years Pro: 5 vs 5 (diff: 0)
   Contract: 17,500,000 APY
✅ Matched: Brashton Montoute -> Jonathon Brooks (Carolina)
   Score: 100.0 | Rating: 77 vs 77 (diff: 0)
   Height: 72" vs 72" (diff: 0") | Weight: 216 vs 216 lbs (diff: 0)
   Handedness: 1 vs 1 (diff: 0) | Years Pro: 1 vs 1 (diff: 0)
   Contract: 2,104,271 APY
✅ Matched: Jumbo Lavalais -> Jordan Fuller (Atlanta)
   Score: 100.0 | Rating: 77 vs 77 (diff: 0)
   Height: 74" vs 74" (diff: 0") | Weight: 203 vs 203 lbs (diff: 0)
   Handedness: 1 vs 1 (diff: 0) | Years Pro: 5 vs 5 (diff: 0)
   Contract: 1,335,000 APY
⚠️  No contract: Tootie Mehre -> Joshua Palmer (Buffalo) - Using defaults
✅ Matched: Lyle Oher -> Justice Hill (Baltimore)
   Score: 100.0 | Rating: 77 vs 77 (diff: 0)
   Height: 70" vs 70" (diff: 0") | Weight: 200 vs 200 lbs (diff: 0)
   Handedness: 1 vs 1 (diff: 0) | Years Pro: 6 vs 6 (diff: 0)
   Contract: 3,000,000 APY
❌ No match: Ryne Herosian (New York N) - Using defaults
✅ Matched: Kevis Tumulty -> Kendrick Bourne (New England)
   Score: 100.0 | Rating: 77 vs 77 (diff: 0)
   Height: 73" vs 73" (diff: 0") | Weight: 190 vs 190 lbs (diff: 0)
   Handedness: 1 vs 1 (diff: 0) | Years Pro: 8 vs 8 (diff: 0)
   Contract: 6,500,000 APY
✅ Matched: Visco Dowler -> Kristian Fulton (Kansas City)
   Score: 100.0 | Rating: 77 vs 77 (diff: 0)
   Height: 71" vs 71" (diff: 0") | Weight: 197 vs 197 lbs (diff: 0)
   Handedness: 1 vs 1 (diff: 0) | Years Pro: 5 vs 5 (diff: 0)
   Contract: 10,000,000 APY
✅ Matched: Denarius Ioane -> Kwity Paye (Indianapolis)
   Score: 100.0 | Rating: 77 vs 77 (diff: 0)
   Height: 74" vs 74" (diff: 0") | Weight: 261 vs 261 lbs (diff: 0)
   Handedness: 1 vs 1 (diff: 0) | Years Pro: 4 vs 4 (diff: 0)
   Contract: 3,411,208 APY
✅ Matched: Demetrin Deshane -> Leonard Floyd (Atlanta)
   Score: 100.0 | Rating: 77 vs 77 (diff: 0)
   Height: 77" vs 77" (diff: 0") | Weight: 240 vs 240 lbs (diff: 0)
   Handedness: 1 vs 1 (diff: 0) | Years Pro: 9 vs 9 (diff: 0)
   Contract: 10,000,000 APY
⚠️  No contract: Marvin Hermeling -> Malcolm Rodriguez (Detroit) - Using defaults
✅ Matched: Ladue Thweatt -> Marcus Epps (New England)
   Score: 100.0 | Rating: 77 vs 77 (diff: 0)
   Height: 73" vs 73" (diff: 0") | Weight: 191 vs 191 lbs (diff: 0)
   Handedness: 1 vs 1 (diff: 0) | Years Pro: 6 vs 6 (diff: 0)
   Contract: 2,025,000 APY
⚠️  No contract: Elliot Beckum -> Marvin Mims Jr (Denver) - Using defaults
❌ No match: Shurron Defelice (New York A) - Using defaults
✅ Matched: Niko Potteiger -> Mike Sainristil (Washington)
   Score: 100.0 | Rating: 77 vs 77 (diff: 0)
   Height: 70" vs 70" (diff: 0") | Weight: 182 vs 182 lbs (diff: 0)
   Handedness: 1 vs 1 (diff: 0) | Years Pro: 1 vs 1 (diff: 0)
   Contract: 1,925,584 APY
✅ Matched: Hub Gantt -> Nakobe Dean (Philadelphia)
   Score: 100.0 | Rating: 77 vs 77 (diff: 0)
   Height: 71" vs 71" (diff: 0") | Weight: 231 vs 231 lbs (diff: 0)
   Handedness: 1 vs 1 (diff: 0) | Years Pro: 3 vs 3 (diff: 0)
   Contract: 1,301,160 APY
✅ Matched: Lyman Gronkowski -> Omarion Hampton (Los Angeles A)
   Score: 100.0 | Rating: 77 vs 77 (diff: 0)
   Height: 72" vs 72" (diff: 0") | Weight: 221 vs 221 lbs (diff: 0)
   Handedness: 1 vs 1 (diff: 0) | Years Pro: 0 vs 0 (diff: 0)
   Contract: 4,443,616 APY
⚠️  No contract: Lefty Whitmyer -> Quan Martin (Washington) - Using defaults
✅ Matched: Jerry Wren -> Renardo Green (San Francisco)
   Score: 100.0 | Rating: 77 vs 77 (diff: 0)
   Height: 72" vs 72" (diff: 0") | Weight: 186 vs 186 lbs (diff: 0)
   Handedness: 1 vs 1 (diff: 0) | Years Pro: 1 vs 1 (diff: 0)
   Contract: 1,597,469 APY
✅ Matched: Kay Brees -> Rigoberto Sanchez (Indianapolis)
   Score: 100.0 | Rating: 77 vs 77 (diff: 0)
   Height: 72" vs 72" (diff: 0") | Weight: 195 vs 195 lbs (diff: 0)
   Handedness: 1 vs 1 (diff: 0) | Years Pro: 8 vs 8 (diff: 0)
   Contract: 2,500,000 APY
✅ Matched: Jacquian Muransky -> Ryan Stonehouse (Miami)
   Score: 100.0 | Rating: 77 vs 77 (diff: 0)
   Height: 70" vs 70" (diff: 0") | Weight: 193 vs 193 lbs (diff: 0)
   Handedness: 1 vs 1 (diff: 0) | Years Pro: 3 vs 3 (diff: 0)
   Contract: 1,725,000 APY
✅ Matched: Jed Gerberry -> Sam Darnold (Seattle)
   Score: 100.0 | Rating: 77 vs 77 (diff: 0)
   Height: 75" vs 75" (diff: 0") | Weight: 225 vs 225 lbs (diff: 0)
   Handedness: 1 vs 1 (diff: 0) | Years Pro: 7 vs 7 (diff: 0)
   Contract: 33,500,000 APY
✅ Matched: Lemuel Dees -> Shelby Harris (Cleveland)
   Score: 100.0 | Rating: 77 vs 77 (diff: 0)
   Height: 74" vs 74" (diff: 0") | Weight: 290 vs 290 lbs (diff: 0)
   Handedness: 1 vs 1 (diff: 0) | Years Pro: 11 vs 11 (diff: 0)
   Contract: 4,500,000 APY
✅ Matched: Ronnell Hallock -> Shemar Stewart (Cincinnati)
   Score: 100.0 | Rating: 77 vs 77 (diff: 0)
   Height: 77" vs 77" (diff: 0") | Weight: 267 vs 267 lbs (diff: 0)
   Handedness: 1 vs 1 (diff: 0) | Years Pro: 0 vs 0 (diff: 0)
   Contract: 4,742,320 APY
✅ Matched: Napoleon Kyles -> Tank Bigsby (Jacksonville)
   Score: 100.0 | Rating: 77 vs 77 (diff: 0)
   Height: 72" vs 72" (diff: 0") | Weight: 213 vs 213 lbs (diff: 0)
   Handedness: 1 vs 1 (diff: 0) | Years Pro: 2 vs 2 (diff: 0)
   Contract: 1,348,229 APY
⚠️  No contract: Charly Oldham -> Tetairoa McMillan (Carolina) - Using defaults
✅ Matched: Giradie Jaszewski -> Thomas Morstead (San Francisco)
   Score: 100.0 | Rating: 77 vs 77 (diff: 0)
   Height: 76" vs 76" (diff: 0") | Weight: 225 vs 225 lbs (diff: 0)
   Handedness: 1 vs 1 (diff: 0) | Years Pro: 16 vs 16 (diff: 0)
   Contract: 1,422,500 APY
✅ Matched: Franny Ingwersen -> Troy Fautanu (Pittsburgh)
   Score: 100.0 | Rating: 77 vs 77 (diff: 0)
   Height: 76" vs 76" (diff: 0") | Weight: 317 vs 317 lbs (diff: 0)
   Handedness: 1 vs 1 (diff: 0) | Years Pro: 1 vs 1 (diff: 0)
   Contract: 3,763,824 APY
⚠️  No contract: Roger Krieg -> Tyleik Williams (Detroit) - Using defaults
✅ Matched: Andrew Garmon -> Tyler Booker (Dallas)
   Score: 100.0 | Rating: 77 vs 77 (diff: 0)
   Height: 77" vs 77" (diff: 0") | Weight: 321 vs 321 lbs (diff: 0)
   Handedness: 1 vs 1 (diff: 0) | Years Pro: 0 vs 0 (diff: 0)
   Contract: 5,638,430 APY
❌ No match: Zed Dardar (New York N) - Using defaults
✅ Matched: Dirk Ranglin -> Tyler Higbee (Los Angeles N)
   Score: 100.0 | Rating: 77 vs 77 (diff: 0)
   Height: 78" vs 78" (diff: 0") | Weight: 255 vs 255 lbs (diff: 0)
   Handedness: 1 vs 1 (diff: 0) | Years Pro: 9 vs 9 (diff: 0)
   Contract: 8,500,000 APY
✅ Matched: Marger Bravyak -> Walter Nolen (Arizona)
   Score: 100.0 | Rating: 77 vs 77 (diff: 0)
   Height: 76" vs 76" (diff: 0") | Weight: 300 vs 300 lbs (diff: 0)
   Handedness: 1 vs 1 (diff: 0) | Years Pro: 0 vs 0 (diff: 0)
   Contract: 4,841,888 APY
❌ No match: Bubba Heater (New York N) - Using defaults
✅ Matched: Bryce Huffine -> Wil Lutz (Denver)
   Score: 100.0 | Rating: 77 vs 77 (diff: 0)
   Height: 71" vs 71" (diff: 0") | Weight: 184 vs 184 lbs (diff: 0)
   Handedness: 1 vs 1 (diff: 0) | Years Pro: 9 vs 9 (diff: 0)
   Contract: 4,200,000 APY
✅ Matched: Stepfret Perez -> Zion Johnson (Los Angeles A)
   Score: 100.0 | Rating: 77 vs 77 (diff: 0)
   Height: 75" vs 75" (diff: 0") | Weight: 316 vs 316 lbs (diff: 0)
   Handedness: 1 vs 1 (diff: 0) | Years Pro: 3 vs 3 (diff: 0)
   Contract: 3,686,670 APY
✅ Matched: Chick Ivlow -> A.J. Dillon (Philadelphia)
   Score: 100.0 | Rating: 76 vs 76 (diff: 0)
   Height: 72" vs 72" (diff: 0") | Weight: 247 vs 247 lbs (diff: 0)
   Handedness: 1 vs 1 (diff: 0) | Years Pro: 5 vs 5 (diff: 0)
   Contract: 1,337,500 APY
✅ Matched: Kivuusama Mulligan -> A.J. Epenesa (Buffalo)
   Score: 100.0 | Rating: 76 vs 76 (diff: 0)
   Height: 78" vs 78" (diff: 0") | Weight: 260 vs 260 lbs (diff: 0)
   Handedness: 1 vs 1 (diff: 0) | Years Pro: 5 vs 5 (diff: 0)
   Contract: 6,000,000 APY
✅ Matched: Randy Brazill -> Aaron Rodgers (Pittsburgh)
   Score: 100.0 | Rating: 76 vs 76 (diff: 0)
   Height: 74" vs 74" (diff: 0") | Weight: 223 vs 223 lbs (diff: 0)
   Handedness: 1 vs 1 (diff: 0) | Years Pro: 20 vs 20 (diff: 0)
   Contract: 13,650,000 APY
✅ Matched: Ronney Joswick -> Abraham Lucas (Seattle)
   Score: 100.0 | Rating: 76 vs 76 (diff: 0)
   Height: 78" vs 78" (diff: 0") | Weight: 322 vs 322 lbs (diff: 0)
   Handedness: 1 vs 1 (diff: 0) | Years Pro: 3 vs 3 (diff: 0)
   Contract: 1,347,920 APY
✅ Matched: Porter Schlecht -> Alexander Mattison (Miami)
   Score: 100.0 | Rating: 76 vs 76 (diff: 0)
   Height: 71" vs 71" (diff: 0") | Weight: 215 vs 215 lbs (diff: 0)
   Handedness: 1 vs 1 (diff: 0) | Years Pro: 6 vs 6 (diff: 0)
   Contract: 1,337,500 APY
✅ Matched: Pete Tubbs -> Amarius Mims (Cincinnati)
   Score: 100.0 | Rating: 76 vs 76 (diff: 0)
   Height: 80" vs 80" (diff: 0") | Weight: 340 vs 340 lbs (diff: 0)
   Handedness: 1 vs 1 (diff: 0) | Years Pro: 1 vs 1 (diff: 0)
   Contract: 3,842,890 APY
✅ Matched: Winslow Wistert -> Andrew Wylie (Washington)
   Score: 100.0 | Rating: 76 vs 76 (diff: 0)
   Height: 78" vs 78" (diff: 0") | Weight: 309 vs 309 lbs (diff: 0)
   Handedness: 1 vs 1 (diff: 0) | Years Pro: 8 vs 8 (diff: 0)
   Contract: 4,000,000 APY
✅ Matched: Burr Costict -> Brandon Coleman (Washington)
   Score: 100.0 | Rating: 76 vs 76 (diff: 0)
   Height: 77" vs 77" (diff: 0") | Weight: 313 vs 313 lbs (diff: 0)
   Handedness: 1 vs 1 (diff: 0) | Years Pro: 1 vs 1 (diff: 0)
   Contract: 1,514,556 APY
✅ Matched: Ab Degeare -> Calijah Kancey (Tampa Bay)
   Score: 100.0 | Rating: 76 vs 76 (diff: 0)
   Height: 73" vs 73" (diff: 0") | Weight: 281 vs 281 lbs (diff: 0)
   Handedness: 1 vs 1 (diff: 0) | Years Pro: 2 vs 2 (diff: 0)
   Contract: 3,623,369 APY
✅ Matched: Demise Slaton -> Cam Jurgens (Philadelphia)
   Score: 100.0 | Rating: 76 vs 76 (diff: 0)
   Height: 75" vs 75" (diff: 0") | Weight: 303 vs 303 lbs (diff: 0)
   Handedness: 1 vs 1 (diff: 0) | Years Pro: 3 vs 3 (diff: 0)
   Contract: 17,000,000 APY
✅ Matched: Erick Bulman -> Cam Little (Jacksonville)
   Score: 100.0 | Rating: 76 vs 76 (diff: 0)
   Height: 74" vs 74" (diff: 0") | Weight: 179 vs 179 lbs (diff: 0)
   Handedness: 1 vs 1 (diff: 0) | Years Pro: 1 vs 1 (diff: 0)
   Contract: 1,039,597 APY
✅ Matched: Vito Hartzog -> Chamarri Conner (Kansas City)
   Score: 100.0 | Rating: 76 vs 76 (diff: 0)
   Height: 72" vs 72" (diff: 0") | Weight: 206 vs 206 lbs (diff: 0)
   Handedness: 1 vs 1 (diff: 0) | Years Pro: 2 vs 2 (diff: 0)
   Contract: 1,147,842 APY
✅ Matched: Anquan Kirkendoll -> Charles Omenihu (Kansas City)
   Score: 100.0 | Rating: 76 vs 76 (diff: 0)
   Height: 77" vs 77" (diff: 0") | Weight: 280 vs 280 lbs (diff: 0)
   Handedness: 1 vs 1 (diff: 0) | Years Pro: 6 vs 6 (diff: 0)
   Contract: 4,000,000 APY
⚠️  No contract: Odie Rousch -> Cobie Durant (Los Angeles N) - Using defaults
❌ No match: Gennaro Judson (New York N) - Using defaults
✅ Matched: Willmer Shazor -> Curtis Samuel (Buffalo)
   Score: 100.0 | Rating: 76 vs 76 (diff: 0)
   Height: 71" vs 71" (diff: 0") | Weight: 195 vs 195 lbs (diff: 0)
   Handedness: 1 vs 1 (diff: 0) | Years Pro: 8 vs 8 (diff: 0)
   Contract: 8,000,000 APY
✅ Matched: Ode Wilson -> D.J. Wonnum (Carolina)
   Score: 100.0 | Rating: 76 vs 76 (diff: 0)
   Height: 77" vs 77" (diff: 0") | Weight: 258 vs 258 lbs (diff: 0)
   Handedness: 1 vs 1 (diff: 0) | Years Pro: 5 vs 5 (diff: 0)
   Contract: 6,250,000 APY
✅ Matched: Ellery Berner -> Dan Moore (Tennessee)
   Score: 100.0 | Rating: 76 vs 76 (diff: 0)
   Height: 77" vs 77" (diff: 0") | Weight: 315 vs 315 lbs (diff: 0)
   Handedness: 1 vs 1 (diff: 0) | Years Pro: 4 vs 4 (diff: 0)
   Contract: 20,500,000 APY
⚠️  No contract: Laveranues Greenway -> Dante Fowler Jr (Dallas) - Using defaults
✅ Matched: Collin Mccloughan -> Darnell Washington (Pittsburgh)
   Score: 100.0 | Rating: 76 vs 76 (diff: 0)
   Height: 79" vs 79" (diff: 0") | Weight: 264 vs 264 lbs (diff: 0)
   Handedness: 1 vs 1 (diff: 0) | Years Pro: 2 vs 2 (diff: 0)
   Contract: 1,338,477 APY
⚠️  No contract: Wilmer Culliver -> Darrell Baker (Tennessee) - Using defaults
✅ Matched: Darry Kinney -> DeMarvion Overshown (Dallas)
   Score: 100.0 | Rating: 76 vs 76 (diff: 0)
   Height: 74" vs 74" (diff: 0") | Weight: 220 vs 220 lbs (diff: 0)
   Handedness: 1 vs 1 (diff: 0) | Years Pro: 2 vs 2 (diff: 0)
   Contract: 1,347,507 APY
✅ Matched: Cole Clarks -> Denico Autry (Houston)
   Score: 100.0 | Rating: 76 vs 76 (diff: 0)
   Height: 77" vs 77" (diff: 0") | Weight: 285 vs 285 lbs (diff: 0)
   Handedness: 1 vs 1 (diff: 0) | Years Pro: 11 vs 11 (diff: 0)
   Contract: 10,000,000 APY
✅ Matched: Lyons Casper -> Denzel Perryman (Los Angeles A)
   Score: 100.0 | Rating: 76 vs 76 (diff: 0)
   Height: 71" vs 71" (diff: 0") | Weight: 240 vs 240 lbs (diff: 0)
   Handedness: 1 vs 1 (diff: 0) | Years Pro: 10 vs 10 (diff: 0)
   Contract: 2,655,000 APY
✅ Matched: Tevita Tennell -> Diontae Johnson (Cleveland)
   Score: 100.0 | Rating: 76 vs 76 (diff: 0)
   Height: 70" vs 70" (diff: 0") | Weight: 183 vs 183 lbs (diff: 0)
   Handedness: 1 vs 1 (diff: 0) | Years Pro: 6 vs 6 (diff: 0)
   Contract: 1,170,000 APY
✅ Matched: Shelly Boykin -> Donovan Wilson (Dallas)
   Score: 100.0 | Rating: 76 vs 76 (diff: 0)
   Height: 72" vs 72" (diff: 0") | Weight: 204 vs 204 lbs (diff: 0)
   Handedness: 1 vs 1 (diff: 0) | Years Pro: 6 vs 6 (diff: 0)
   Contract: 7,000,000 APY
✅ Matched: Curtis Teifke -> Dre'Mont Jones (Tennessee)
   Score: 100.0 | Rating: 76 vs 76 (diff: 0)
   Height: 75" vs 75" (diff: 0") | Weight: 281 vs 281 lbs (diff: 0)
   Handedness: 1 vs 1 (diff: 0) | Years Pro: 6 vs 6 (diff: 0)
   Contract: 8,500,000 APY
✅ Matched: La'Roi Joseph -> Dyami Brown (Jacksonville)
   Score: 100.0 | Rating: 76 vs 76 (diff: 0)
   Height: 72" vs 72" (diff: 0") | Weight: 195 vs 195 lbs (diff: 0)
   Handedness: 0 vs 0 (diff: 0) | Years Pro: 4 vs 4 (diff: 0)
   Contract: 10,000,000 APY
✅ Matched: Slade Hoying -> E.J. Speed (Houston)
   Score: 100.0 | Rating: 76 vs 76 (diff: 0)
   Height: 75" vs 75" (diff: 0") | Weight: 224 vs 224 lbs (diff: 0)
   Handedness: 1 vs 1 (diff: 0) | Years Pro: 6 vs 6 (diff: 0)
   Contract: 3,500,000 APY
✅ Matched: Channing Reasons -> Elandon Roberts (Las Vegas)
   Score: 100.0 | Rating: 76 vs 76 (diff: 0)
   Height: 73" vs 73" (diff: 0") | Weight: 238 vs 238 lbs (diff: 0)
   Handedness: 1 vs 1 (diff: 0) | Years Pro: 9 vs 9 (diff: 0)
   Contract: 3,010,000 APY
✅ Matched: Hanik Paulson -> Ethan Evans (Los Angeles N)
   Score: 100.0 | Rating: 76 vs 76 (diff: 0)
   Height: 76" vs 76" (diff: 0") | Weight: 235 vs 235 lbs (diff: 0)
   Handedness: 1 vs 1 (diff: 0) | Years Pro: 2 vs 2 (diff: 0)
   Contract: 987,001 APY
✅ Matched: Hubbard Toneff -> Evan Brown (Arizona)
   Score: 100.0 | Rating: 76 vs 76 (diff: 0)
   Height: 74" vs 74" (diff: 0") | Weight: 320 vs 320 lbs (diff: 0)
   Handedness: 1 vs 1 (diff: 0) | Years Pro: 7 vs 7 (diff: 0)
   Contract: 5,750,000 APY
❌ No match: Trevin Levens (New York N) - Using defaults
✅ Matched: Laron Betts -> Haason Reddick (Tampa Bay)
   Score: 100.0 | Rating: 76 vs 76 (diff: 0)
   Height: 73" vs 73" (diff: 0") | Weight: 240 vs 240 lbs (diff: 0)
   Handedness: 1 vs 1 (diff: 0) | Years Pro: 8 vs 8 (diff: 0)
   Contract: 14,000,000 APY
⚠️  No contract: Wagner Diaz -> Isaiah Rodgers Sr (Minnesota) - Using defaults
✅ Matched: Speed Dowd -> Jake Bates (Detroit)
   Score: 100.0 | Rating: 76 vs 76 (diff: 0)
   Height: 70" vs 70" (diff: 0") | Weight: 202 vs 202 lbs (diff: 0)
   Handedness: 1 vs 1 (diff: 0) | Years Pro: 2 vs 2 (diff: 0)
   Contract: 990,000 APY
✅ Matched: Alva Chorovich -> Jalen Tolbert (Dallas)
   Score: 100.0 | Rating: 76 vs 76 (diff: 0)
   Height: 73" vs 73" (diff: 0") | Weight: 195 vs 195 lbs (diff: 0)
   Handedness: 1 vs 1 (diff: 0) | Years Pro: 3 vs 3 (diff: 0)
   Contract: 1,283,930 APY
✅ Matched: Nigel Karcher -> Jawaan Taylor (Kansas City)
   Score: 100.0 | Rating: 76 vs 76 (diff: 0)
   Height: 77" vs 77" (diff: 0") | Weight: 330 vs 330 lbs (diff: 0)
   Handedness: 1 vs 1 (diff: 0) | Years Pro: 6 vs 6 (diff: 0)
   Contract: 20,000,000 APY
⚠️  No contract: Broderick Cone -> Jer'Zhan Newton (Washington) - Using defaults
✅ Matched: Teddy Goble -> Jihaad Campbell (Philadelphia)
   Score: 100.0 | Rating: 76 vs 76 (diff: 0)
   Height: 75" vs 75" (diff: 0") | Weight: 235 vs 235 lbs (diff: 0)
   Handedness: 1 vs 1 (diff: 0) | Years Pro: 0 vs 0 (diff: 0)
   Contract: 3,725,894 APY
✅ Matched: Pong Havens -> Jonathan Owens (Chicago)
   Score: 100.0 | Rating: 76 vs 76 (diff: 0)
   Height: 71" vs 71" (diff: 0") | Weight: 210 vs 210 lbs (diff: 0)
   Handedness: 1 vs 1 (diff: 0) | Years Pro: 6 vs 6 (diff: 0)
   Contract: 2,375,000 APY
✅ Matched: Tyvon Archibald -> Jordan Battle (Cincinnati)
   Score: 100.0 | Rating: 76 vs 76 (diff: 0)
   Height: 73" vs 73" (diff: 0") | Weight: 206 vs 206 lbs (diff: 0)
   Handedness: 1 vs 1 (diff: 0) | Years Pro: 2 vs 2 (diff: 0)
   Contract: 1,331,254 APY
❌ No match: Gaynell Faaola (New York A) - Using defaults
✅ Matched: Kerwin Conners -> Juan Thornhill (Pittsburgh)
   Score: 100.0 | Rating: 76 vs 76 (diff: 0)
   Height: 72" vs 72" (diff: 0") | Weight: 205 vs 205 lbs (diff: 0)
   Handedness: 1 vs 1 (diff: 0) | Years Pro: 6 vs 6 (diff: 0)
   Contract: 3,000,000 APY
✅ Matched: Stevan Korte -> Kader Kohou (Miami)
   Score: 100.0 | Rating: 76 vs 76 (diff: 0)
   Height: 70" vs 70" (diff: 0") | Weight: 195 vs 195 lbs (diff: 0)
   Handedness: 1 vs 1 (diff: 0) | Years Pro: 3 vs 3 (diff: 0)
   Contract: 3,263,000 APY
✅ Matched: Limas Fortunato -> Keeanu Benton (Pittsburgh)
   Score: 100.0 | Rating: 76 vs 76 (diff: 0)
   Height: 76" vs 76" (diff: 0") | Weight: 309 vs 309 lbs (diff: 0)
   Handedness: 1 vs 1 (diff: 0) | Years Pro: 2 vs 2 (diff: 0)
   Contract: 1,833,281 APY
✅ Matched: Baron Mccourty -> Keisean Nixon (Green Bay)
   Score: 100.0 | Rating: 76 vs 76 (diff: 0)
   Height: 70" vs 70" (diff: 0") | Weight: 200 vs 200 lbs (diff: 0)
   Handedness: 1 vs 1 (diff: 0) | Years Pro: 6 vs 6 (diff: 0)
   Contract: 6,000,000 APY
✅ Matched: Bookie Dellerba -> Kelvin Banks Jr. (New Orleans)
   Score: 100.0 | Rating: 76 vs 76 (diff: 0)
   Height: 77" vs 77" (diff: 0") | Weight: 315 vs 315 lbs (diff: 0)
   Handedness: 1 vs 1 (diff: 0) | Years Pro: 0 vs 0 (diff: 0)
   Contract: 6,932,812 APY
✅ Matched: Kaipo Lainhart -> Keon Coleman (Buffalo)
   Score: 100.0 | Rating: 76 vs 76 (diff: 0)
   Height: 75" vs 75" (diff: 0") | Weight: 213 vs 213 lbs (diff: 0)
   Handedness: 1 vs 1 (diff: 0) | Years Pro: 1 vs 1 (diff: 0)
   Contract: 2,518,565 APY
✅ Matched: Macarthur Secord -> Khalil Herbert (Indianapolis)
   Score: 100.0 | Rating: 76 vs 76 (diff: 0)
   Height: 69" vs 69" (diff: 0") | Weight: 212 vs 212 lbs (diff: 0)
   Handedness: 1 vs 1 (diff: 0) | Years Pro: 4 vs 4 (diff: 0)
   Contract: 1,337,500 APY
✅ Matched: Daleroy Powell -> Laiatu Latu (Indianapolis)
   Score: 100.0 | Rating: 76 vs 76 (diff: 0)
   Height: 77" vs 77" (diff: 0") | Weight: 259 vs 259 lbs (diff: 0)
   Handedness: 1 vs 1 (diff: 0) | Years Pro: 1 vs 1 (diff: 0)
   Contract: 4,257,974 APY
✅ Matched: Deke Druckenmiller -> Laken Tomlinson (Houston)
   Score: 100.0 | Rating: 76 vs 76 (diff: 0)
   Height: 75" vs 75" (diff: 0") | Weight: 323 vs 323 lbs (diff: 0)
   Handedness: 1 vs 1 (diff: 0) | Years Pro: 10 vs 10 (diff: 0)
   Contract: 4,250,000 APY
✅ Matched: Terry Studstill -> Larry Ogunjobi (Buffalo)
   Score: 100.0 | Rating: 76 vs 76 (diff: 0)
   Height: 75" vs 75" (diff: 0") | Weight: 305 vs 305 lbs (diff: 0)
   Handedness: 1 vs 1 (diff: 0) | Years Pro: 8 vs 8 (diff: 0)
   Contract: 6,696,735 APY
✅ Matched: Johan Regan -> Luke Wattenberg (Denver)
   Score: 100.0 | Rating: 76 vs 76 (diff: 0)
   Height: 77" vs 77" (diff: 0") | Weight: 300 vs 300 lbs (diff: 0)
   Handedness: 1 vs 1 (diff: 0) | Years Pro: 3 vs 3 (diff: 0)
   Contract: 986,930 APY
✅ Matched: Khari Cronkhite -> Luther Burden III (Chicago)
   Score: 100.0 | Rating: 76 vs 76 (diff: 0)
   Height: 72" vs 72" (diff: 0") | Weight: 236 vs 236 lbs (diff: 0)
   Handedness: 1 vs 1 (diff: 0) | Years Pro: 0 vs 0 (diff: 0)
   Contract: 2,741,008 APY
✅ Matched: Jurrell D'Orazio -> Matthew Bergeron (Atlanta)
   Score: 100.0 | Rating: 76 vs 76 (diff: 0)
   Height: 77" vs 77" (diff: 0") | Weight: 323 vs 323 lbs (diff: 0)
   Handedness: 1 vs 1 (diff: 0) | Years Pro: 2 vs 2 (diff: 0)
   Contract: 2,244,620 APY
✅ Matched: Onterrio Katnik -> Matthew Golden (Green Bay)
   Score: 100.0 | Rating: 76 vs 76 (diff: 0)
   Height: 71" vs 71" (diff: 0") | Weight: 191 vs 191 lbs (diff: 0)
   Handedness: 1 vs 1 (diff: 0) | Years Pro: 0 vs 0 (diff: 0)
   Contract: 4,393,835 APY
❌ No match: Ralf Million (New York N) - Using defaults
✅ Matched: Boob Deramus -> Mike Hilton (Miami)
   Score: 100.0 | Rating: 76 vs 76 (diff: 0)
   Height: 69" vs 69" (diff: 0") | Weight: 184 vs 184 lbs (diff: 0)
   Handedness: 1 vs 1 (diff: 0) | Years Pro: 9 vs 9 (diff: 0)
   Contract: 1,422,500 APY
✅ Matched: Estus Manders -> Mike Green (Baltimore)
   Score: 100.0 | Rating: 76 vs 76 (diff: 0)
   Height: 75" vs 75" (diff: 0") | Weight: 251 vs 251 lbs (diff: 0)
   Handedness: 1 vs 1 (diff: 0) | Years Pro: 0 vs 0 (diff: 0)
   Contract: 1,854,854 APY
✅ Matched: Kez Tamm -> Nick Cross (Indianapolis)
   Score: 100.0 | Rating: 76 vs 76 (diff: 0)
   Height: 72" vs 72" (diff: 0") | Weight: 212 vs 212 lbs (diff: 0)
   Handedness: 1 vs 1 (diff: 0) | Years Pro: 3 vs 3 (diff: 0)
   Contract: 1,266,410 APY
✅ Matched: Shanley Herrmann -> Noah Brown (Washington)
   Score: 100.0 | Rating: 76 vs 76 (diff: 0)
   Height: 74" vs 74" (diff: 0") | Weight: 215 vs 215 lbs (diff: 0)
   Handedness: 1 vs 1 (diff: 0) | Years Pro: 8 vs 8 (diff: 0)
   Contract: 3,250,000 APY
✅ Matched: Dilly Milton -> Omar Speights (Los Angeles N)
   Score: 100.0 | Rating: 76 vs 76 (diff: 0)
   Height: 73" vs 73" (diff: 0") | Weight: 225 vs 225 lbs (diff: 0)
   Handedness: 1 vs 1 (diff: 0) | Years Pro: 1 vs 1 (diff: 0)
   Contract: 946,333 APY
✅ Matched: Colston Griggs -> Patrick Mekari (Jacksonville)
   Score: 100.0 | Rating: 76 vs 76 (diff: 0)
   Height: 76" vs 76" (diff: 0") | Weight: 305 vs 305 lbs (diff: 0)
   Handedness: 1 vs 1 (diff: 0) | Years Pro: 6 vs 6 (diff: 0)
   Contract: 12,500,000 APY
✅ Matched: Rudi Kaeding -> Payton Wilson (Pittsburgh)
   Score: 100.0 | Rating: 76 vs 76 (diff: 0)
   Height: 76" vs 76" (diff: 0") | Weight: 238 vs 238 lbs (diff: 0)
   Handedness: 1 vs 1 (diff: 0) | Years Pro: 1 vs 1 (diff: 0)
   Contract: 1,399,078 APY
✅ Matched: Rob Clady -> Peter Skoronski (Tennessee)
   Score: 100.0 | Rating: 76 vs 76 (diff: 0)
   Height: 76" vs 76" (diff: 0") | Weight: 313 vs 313 lbs (diff: 0)
   Handedness: 1 vs 1 (diff: 0) | Years Pro: 2 vs 2 (diff: 0)
   Contract: 4,918,330 APY
✅ Matched: Flip Niziolek -> Quentin Johnston (Los Angeles A)
   Score: 100.0 | Rating: 76 vs 76 (diff: 0)
   Height: 76" vs 76" (diff: 0") | Weight: 215 vs 215 lbs (diff: 0)
   Handedness: 1 vs 1 (diff: 0) | Years Pro: 2 vs 2 (diff: 0)
   Contract: 3,547,195 APY
✅ Matched: Darrell Neufeld -> Riley Dixon (Tampa Bay)
   Score: 100.0 | Rating: 76 vs 76 (diff: 0)
   Height: 76" vs 76" (diff: 0") | Weight: 221 vs 221 lbs (diff: 0)
   Handedness: 1 vs 1 (diff: 0) | Years Pro: 9 vs 9 (diff: 0)
   Contract: 3,000,000 APY
✅ Matched: Rogers Pride -> Riley Moss (Denver)
   Score: 100.0 | Rating: 76 vs 76 (diff: 0)
   Height: 72" vs 72" (diff: 0") | Weight: 193 vs 193 lbs (diff: 0)
   Handedness: 1 vs 1 (diff: 0) | Years Pro: 2 vs 2 (diff: 0)
   Contract: 1,361,872 APY
❌ No match: Rocket Nabors (New York N) - Using defaults
✅ Matched: Bishop Gustafson -> Sam Williams (Dallas)
   Score: 100.0 | Rating: 76 vs 76 (diff: 0)
   Height: 76" vs 76" (diff: 0") | Weight: 261 vs 261 lbs (diff: 0)
   Handedness: 1 vs 1 (diff: 0) | Years Pro: 3 vs 3 (diff: 0)
   Contract: 1,631,686 APY
✅ Matched: Elston Gaynor -> Samaje Perine (Cincinnati)
   Score: 100.0 | Rating: 76 vs 76 (diff: 0)
   Height: 70" vs 70" (diff: 0") | Weight: 236 vs 236 lbs (diff: 0)
   Handedness: 1 vs 1 (diff: 0) | Years Pro: 9 vs 9 (diff: 0)
   Contract: 1,800,000 APY
⚠️  No contract: Don Griffen -> Samuel Womack III (Indianapolis) - Using defaults
✅ Matched: Dezman Catano -> Steve Avila (Los Angeles N)
   Score: 100.0 | Rating: 76 vs 76 (diff: 0)
   Height: 75" vs 75" (diff: 0") | Weight: 330 vs 330 lbs (diff: 0)
   Handedness: 0 vs 0 (diff: 0) | Years Pro: 2 vs 2 (diff: 0)
   Contract: 2,313,178 APY
✅ Matched: Sig Schamel -> Taysom Hill (New Orleans)
   Score: 100.0 | Rating: 76 vs 76 (diff: 0)
   Height: 74" vs 74" (diff: 0") | Weight: 221 vs 221 lbs (diff: 0)
   Handedness: 1 vs 1 (diff: 0) | Years Pro: 8 vs 8 (diff: 0)
   Contract: 10,000,000 APY
✅ Matched: Gordy Boatswain -> Terrion Arnold (Detroit)
   Score: 100.0 | Rating: 76 vs 76 (diff: 0)
   Height: 72" vs 72" (diff: 0") | Weight: 189 vs 189 lbs (diff: 0)
   Handedness: 1 vs 1 (diff: 0) | Years Pro: 1 vs 1 (diff: 0)
   Contract: 3,585,928 APY
✅ Matched: Aldon Cappelletti -> Tershawn Wharton (Carolina)
   Score: 100.0 | Rating: 76 vs 76 (diff: 0)
   Height: 73" vs 73" (diff: 0") | Weight: 280 vs 280 lbs (diff: 0)
   Handedness: 1 vs 1 (diff: 0) | Years Pro: 5 vs 5 (diff: 0)
   Contract: 15,016,667 APY
❌ No match: Bobbie Brophy (New York A) - Using defaults
✅ Matched: Cie Levels -> TreVeyon Henderson (New England)
   Score: 100.0 | Rating: 76 vs 76 (diff: 0)
   Height: 70" vs 70" (diff: 0") | Weight: 202 vs 202 lbs (diff: 0)
   Handedness: 1 vs 1 (diff: 0) | Years Pro: 0 vs 0 (diff: 0)
   Contract: 2,785,809 APY
✅ Matched: Cato Klimek -> Trey Benson (Arizona)
   Score: 100.0 | Rating: 76 vs 76 (diff: 0)
   Height: 73" vs 73" (diff: 0") | Weight: 223 vs 223 lbs (diff: 0)
   Handedness: 1 vs 1 (diff: 0) | Years Pro: 1 vs 1 (diff: 0)
   Contract: 1,514,902 APY
✅ Matched: Neiko Lafavor -> Walker Little (Jacksonville)
   Score: 100.0 | Rating: 76 vs 76 (diff: 0)
   Height: 79" vs 79" (diff: 0") | Weight: 325 vs 325 lbs (diff: 0)
   Handedness: 1 vs 1 (diff: 0) | Years Pro: 4 vs 4 (diff: 0)
   Contract: 13,500,000 APY
❌ No match: Visanthe Papit (New York A) - Using defaults
✅ Matched: Marvel Baldischwiler -> Zaven Collins (Arizona)
   Score: 100.0 | Rating: 76 vs 76 (diff: 0)
   Height: 76" vs 76" (diff: 0") | Weight: 260 vs 260 lbs (diff: 0)
   Handedness: 1 vs 1 (diff: 0) | Years Pro: 4 vs 4 (diff: 0)
   Contract: 7,000,000 APY
✅ Matched: Sonny Eubanks -> Zay Jones (Arizona)
   Score: 100.0 | Rating: 76 vs 76 (diff: 0)
   Height: 74" vs 74" (diff: 0") | Weight: 200 vs 200 lbs (diff: 0)
   Handedness: 1 vs 1 (diff: 0) | Years Pro: 8 vs 8 (diff: 0)
   Contract: 2,400,000 APY
✅ Matched: Wade Kenn -> A'Shawn Robinson (Carolina)
   Score: 100.0 | Rating: 75 vs 75 (diff: 0)
   Height: 75" vs 75" (diff: 0") | Weight: 320 vs 320 lbs (diff: 0)
   Handedness: 1 vs 1 (diff: 0) | Years Pro: 9 vs 9 (diff: 0)
   Contract: 7,500,000 APY
✅ Matched: Drayton Merkel -> Aaron Banks (Green Bay)
   Score: 100.0 | Rating: 75 vs 75 (diff: 0)
   Height: 77" vs 77" (diff: 0") | Weight: 325 vs 325 lbs (diff: 0)
   Handedness: 0 vs 0 (diff: 0) | Years Pro: 4 vs 4 (diff: 0)
   Contract: 19,250,000 APY
✅ Matched: Quinton Dill -> Alfred Collins (San Francisco)
   Score: 100.0 | Rating: 75 vs 75 (diff: 0)
   Height: 78" vs 78" (diff: 0") | Weight: 332 vs 332 lbs (diff: 0)
   Handedness: 1 vs 1 (diff: 0) | Years Pro: 0 vs 0 (diff: 0)
   Contract: 2,576,722 APY
⚠️  No contract: Aundra Taua -> Anthony Walker Jr (Tampa Bay) - Using defaults
✅ Matched: Hiram Tidd -> Arden Key (Tennessee)
   Score: 100.0 | Rating: 75 vs 75 (diff: 0)
   Height: 77" vs 77" (diff: 0") | Weight: 240 vs 240 lbs (diff: 0)
   Handedness: 1 vs 1 (diff: 0) | Years Pro: 7 vs 7 (diff: 0)
   Contract: 7,000,000 APY
✅ Matched: Elwyn Fenenbock -> Austin Corbett (Carolina)
   Score: 100.0 | Rating: 75 vs 75 (diff: 0)
   Height: 76" vs 76" (diff: 0") | Weight: 305 vs 305 lbs (diff: 0)
   Handedness: 1 vs 1 (diff: 0) | Years Pro: 7 vs 7 (diff: 0)
   Contract: 3,000,000 APY
✅ Matched: Dekoda Tolleson -> Avonte Maddox (Detroit)
   Score: 100.0 | Rating: 75 vs 75 (diff: 0)
   Height: 69" vs 69" (diff: 0") | Weight: 184 vs 184 lbs (diff: 0)
   Handedness: 1 vs 1 (diff: 0) | Years Pro: 7 vs 7 (diff: 0)
   Contract: 1,422,500 APY
⚠️  No contract: Anton Decoud -> Beanie Bishop Jr (Pittsburgh) - Using defaults
✅ Matched: Brunswick Keisel -> Benjamin Morrison (Tampa Bay)
   Score: 100.0 | Rating: 75 vs 75 (diff: 0)
   Height: 72" vs 72" (diff: 0") | Weight: 193 vs 193 lbs (diff: 0)
   Handedness: 1 vs 1 (diff: 0) | Years Pro: 0 vs 0 (diff: 0)
   Contract: 2,053,992 APY
✅ Matched: Mack Belding -> Benjamin St-Juste (Los Angeles A)
   Score: 100.0 | Rating: 75 vs 75 (diff: 0)
   Height: 75" vs 75" (diff: 0") | Weight: 200 vs 200 lbs (diff: 0)
   Handedness: 1 vs 1 (diff: 0) | Years Pro: 4 vs 4 (diff: 0)
   Contract: 2,500,000 APY
✅ Matched: Jacquies Scroggins -> Bhayshul Tuten (Jacksonville)
   Score: 100.0 | Rating: 75 vs 75 (diff: 0)
   Height: 69" vs 69" (diff: 0") | Weight: 206 vs 206 lbs (diff: 0)
   Handedness: 1 vs 1 (diff: 0) | Years Pro: 0 vs 0 (diff: 0)
   Contract: 1,319,132 APY
✅ Matched: Terrance Garay -> Blake Gillikin (Arizona)
   Score: 100.0 | Rating: 75 vs 75 (diff: 0)
   Height: 74" vs 74" (diff: 0") | Weight: 196 vs 196 lbs (diff: 0)
   Handedness: 1 vs 1 (diff: 0) | Years Pro: 5 vs 5 (diff: 0)
   Contract: 1,850,000 APY
❌ No match: Le'Shai Haggans (New York A) - Using defaults
✅ Matched: Bart Ori -> Bryce Huff (San Francisco)
   Score: 100.0 | Rating: 75 vs 75 (diff: 0)
   Height: 75" vs 75" (diff: 0") | Weight: 255 vs 255 lbs (diff: 0)
   Handedness: 1 vs 1 (diff: 0) | Years Pro: 5 vs 5 (diff: 0)
   Contract: 17,033,333 APY
✅ Matched: Tarzan Villa -> Bryce Young (Carolina)
   Score: 100.0 | Rating: 75 vs 75 (diff: 0)
   Height: 70" vs 70" (diff: 0") | Weight: 204 vs 204 lbs (diff: 0)
   Handedness: 1 vs 1 (diff: 0) | Years Pro: 2 vs 2 (diff: 0)
   Contract: 9,488,768 APY
✅ Matched: Manase Keating -> C.J. Ham (Minnesota)
   Score: 100.0 | Rating: 75 vs 75 (diff: 0)
   Height: 71" vs 71" (diff: 0") | Weight: 250 vs 250 lbs (diff: 0)
   Handedness: 1 vs 1 (diff: 0) | Years Pro: 9 vs 9 (diff: 0)
   Contract: 4,325,000 APY
✅ Matched: Amod Eberts -> Caleb Williams (Chicago)
   Score: 100.0 | Rating: 75 vs 75 (diff: 0)
   Height: 73" vs 73" (diff: 0") | Weight: 214 vs 214 lbs (diff: 0)
   Handedness: 1 vs 1 (diff: 0) | Years Pro: 1 vs 1 (diff: 0)
   Contract: 9,871,515 APY
✅ Matched: Shawnbrey Parquet -> Calen Bullock (Houston)
   Score: 100.0 | Rating: 75 vs 75 (diff: 0)
   Height: 74" vs 74" (diff: 0") | Weight: 188 vs 188 lbs (diff: 0)
   Handedness: 1 vs 1 (diff: 0) | Years Pro: 1 vs 1 (diff: 0)
   Contract: 1,464,250 APY
✅ Matched: Trusse Conner -> Calvin Austin (Pittsburgh)
   Score: 100.0 | Rating: 75 vs 75 (diff: 0)
   Height: 69" vs 69" (diff: 0") | Weight: 162 vs 162 lbs (diff: 0)
   Handedness: 1 vs 1 (diff: 0) | Years Pro: 3 vs 3 (diff: 0)
   Contract: 1,041,085 APY
✅ Matched: Sione Trippi -> Cameron Johnston (Pittsburgh)
   Score: 100.0 | Rating: 75 vs 75 (diff: 0)
   Height: 71" vs 71" (diff: 0") | Weight: 194 vs 194 lbs (diff: 0)
   Handedness: 1 vs 1 (diff: 0) | Years Pro: 7 vs 7 (diff: 0)
   Contract: 3,000,000 APY
✅ Matched: Zackary So'Oto -> Carson Schwesinger (Cleveland)
   Score: 100.0 | Rating: 75 vs 75 (diff: 0)
   Height: 75" vs 75" (diff: 0") | Weight: 242 vs 242 lbs (diff: 0)
   Handedness: 1 vs 1 (diff: 0) | Years Pro: 0 vs 0 (diff: 0)
   Contract: 2,950,100 APY
✅ Matched: Oren Flones -> Clark Phillips III (Atlanta)
   Score: 100.0 | Rating: 75 vs 75 (diff: 0)
   Height: 70" vs 70" (diff: 0") | Weight: 183 vs 183 lbs (diff: 0)
   Handedness: 1 vs 1 (diff: 0) | Years Pro: 2 vs 2 (diff: 0)
   Contract: 1,153,382 APY
✅ Matched: Laquan Englund -> Clelin Ferrell (Washington)
   Score: 100.0 | Rating: 75 vs 75 (diff: 0)
   Height: 76" vs 76" (diff: 0") | Weight: 265 vs 265 lbs (diff: 0)
   Handedness: 1 vs 1 (diff: 0) | Years Pro: 6 vs 6 (diff: 0)
   Contract: 2,000,000 APY
✅ Matched: Jamell Steele -> Coby Bryant (Seattle)
   Score: 100.0 | Rating: 75 vs 75 (diff: 0)
   Height: 73" vs 73" (diff: 0") | Weight: 193 vs 193 lbs (diff: 0)
   Handedness: 1 vs 1 (diff: 0) | Years Pro: 3 vs 3 (diff: 0)
   Contract: 1,116,951 APY
✅ Matched: Kim Sinnott -> Corliss Waitman (Pittsburgh)
   Score: 100.0 | Rating: 75 vs 75 (diff: 0)
   Height: 74" vs 74" (diff: 0") | Weight: 210 vs 210 lbs (diff: 0)
   Handedness: 0 vs 0 (diff: 0) | Years Pro: 5 vs 5 (diff: 0)
   Contract: 985,000 APY
⚠️  No contract: Judson Tippins -> D.J. Chark Jr (Atlanta) - Using defaults
✅ Matched: Dinty Dumas -> Dalton Kincaid (Buffalo)
   Score: 100.0 | Rating: 75 vs 75 (diff: 0)
   Height: 76" vs 76" (diff: 0") | Weight: 240 vs 240 lbs (diff: 0)
   Handedness: 1 vs 1 (diff: 0) | Years Pro: 2 vs 2 (diff: 0)
   Contract: 3,356,756 APY
✅ Matched: Peck Yates -> Darnell Savage (Jacksonville)
   Score: 100.0 | Rating: 75 vs 75 (diff: 0)
   Height: 71" vs 71" (diff: 0") | Weight: 198 vs 198 lbs (diff: 0)
   Handedness: 1 vs 1 (diff: 0) | Years Pro: 6 vs 6 (diff: 0)
   Contract: 7,250,000 APY
✅ Matched: Kavika Liwienski -> David Edwards (Buffalo)
   Score: 100.0 | Rating: 75 vs 75 (diff: 0)
   Height: 78" vs 78" (diff: 0") | Weight: 308 vs 308 lbs (diff: 0)
   Handedness: 1 vs 1 (diff: 0) | Years Pro: 6 vs 6 (diff: 0)
   Contract: 3,000,000 APY
⚠️  No contract: Bivian Nave -> Deatrich Wise Jr (Washington) - Using defaults
✅ Matched: Stuart Fleming -> Deion Jones (Tampa Bay)
   Score: 100.0 | Rating: 75 vs 75 (diff: 0)
   Height: 73" vs 73" (diff: 0") | Weight: 222 vs 222 lbs (diff: 0)
   Handedness: 1 vs 1 (diff: 0) | Years Pro: 9 vs 9 (diff: 0)
   Contract: 1,255,000 APY
❌ No match: Jeremi Asiata (New York N) - Using defaults
✅ Matched: Jerod Heldt -> Derick Hall (Seattle)
   Score: 100.0 | Rating: 75 vs 75 (diff: 0)
   Height: 75" vs 75" (diff: 0") | Weight: 252 vs 252 lbs (diff: 0)
   Handedness: 1 vs 1 (diff: 0) | Years Pro: 2 vs 2 (diff: 0)
   Contract: 2,278,895 APY
❌ No match: Anwar Zusevics (New York A) - Using defaults
✅ Matched: Arrelious Drumstead -> Devin Duvernay (Chicago)
   Score: 100.0 | Rating: 75 vs 75 (diff: 0)
   Height: 71" vs 71" (diff: 0") | Weight: 202 vs 202 lbs (diff: 0)
   Handedness: 1 vs 1 (diff: 0) | Years Pro: 5 vs 5 (diff: 0)
   Contract: 1,337,500 APY
❌ No match: Jermichael Gildea (New York N) - Using defaults
✅ Matched: Raphel Ebli -> Devin Bush (Cleveland)
   Score: 100.0 | Rating: 75 vs 75 (diff: 0)
   Height: 71" vs 71" (diff: 0") | Weight: 234 vs 234 lbs (diff: 0)
   Handedness: 1 vs 1 (diff: 0) | Years Pro: 6 vs 6 (diff: 0)
   Contract: 3,250,000 APY
✅ Matched: Torrian Mcadoo -> Devonte Wyatt (Green Bay)
   Score: 100.0 | Rating: 75 vs 75 (diff: 0)
   Height: 75" vs 75" (diff: 0") | Weight: 304 vs 304 lbs (diff: 0)
   Handedness: 1 vs 1 (diff: 0) | Years Pro: 3 vs 3 (diff: 0)
   Contract: 3,215,296 APY
✅ Matched: Alf Willegale -> Donovan Ezeiruaku (Dallas)
   Score: 100.0 | Rating: 75 vs 75 (diff: 0)
   Height: 75" vs 75" (diff: 0") | Weight: 248 vs 248 lbs (diff: 0)
   Handedness: 1 vs 1 (diff: 0) | Years Pro: 0 vs 0 (diff: 0)
   Contract: 2,538,772 APY
✅ Matched: D'Aundre Chevrier -> Dontayvion Wicks (Green Bay)
   Score: 100.0 | Rating: 75 vs 75 (diff: 0)
   Height: 73" vs 73" (diff: 0") | Weight: 206 vs 206 lbs (diff: 0)
   Handedness: 0 vs 0 (diff: 0) | Years Pro: 2 vs 2 (diff: 0)
   Contract: 1,035,637 APY
✅ Matched: Dequincy Bunz -> Dorian Williams (Buffalo)
   Score: 100.0 | Rating: 75 vs 75 (diff: 0)
   Height: 74" vs 74" (diff: 0") | Weight: 230 vs 230 lbs (diff: 0)
   Handedness: 1 vs 1 (diff: 0) | Years Pro: 2 vs 2 (diff: 0)
   Contract: 1,368,202 APY
✅ Matched: Tutan Isabel -> Elijah Mitchell (Kansas City)
   Score: 100.0 | Rating: 75 vs 75 (diff: 0)
   Height: 70" vs 70" (diff: 0") | Weight: 200 vs 200 lbs (diff: 0)
   Handedness: 1 vs 1 (diff: 0) | Years Pro: 4 vs 4 (diff: 0)
   Contract: 2,500,000 APY
✅ Matched: Eddie Rosdahl -> Emeka Egbuka (Tampa Bay)
   Score: 100.0 | Rating: 75 vs 75 (diff: 0)
   Height: 73" vs 73" (diff: 0") | Weight: 201 vs 201 lbs (diff: 0)
   Handedness: 1 vs 1 (diff: 0) | Years Pro: 0 vs 0 (diff: 0)
   Contract: 4,543,183 APY
✅ Matched: Ookie Harrington -> Eric Stokes (Las Vegas)
   Score: 100.0 | Rating: 75 vs 75 (diff: 0)
   Height: 72" vs 72" (diff: 0") | Weight: 194 vs 194 lbs (diff: 0)
   Handedness: 1 vs 1 (diff: 0) | Years Pro: 4 vs 4 (diff: 0)
   Contract: 3,500,000 APY
⚠️  No contract: Patterson Schibanoff -> Folorunso Fatukasi (Houston) - Using defaults
✅ Matched: Gaylon Woodall -> Garrett Bradbury (New England)
   Score: 100.0 | Rating: 75 vs 75 (diff: 0)
   Height: 75" vs 75" (diff: 0") | Weight: 300 vs 300 lbs (diff: 0)
   Handedness: 1 vs 1 (diff: 0) | Years Pro: 6 vs 6 (diff: 0)
   Contract: 4,750,000 APY
✅ Matched: Kanavis Mcmanus -> Graham Glasgow (Detroit)
   Score: 100.0 | Rating: 75 vs 75 (diff: 0)
   Height: 78" vs 78" (diff: 0") | Weight: 310 vs 310 lbs (diff: 0)
   Handedness: 1 vs 1 (diff: 0) | Years Pro: 9 vs 9 (diff: 0)
   Contract: 6,666,667 APY
✅ Matched: Brit Nunamaker -> Grey Zabel (Seattle)
   Score: 100.0 | Rating: 75 vs 75 (diff: 0)
   Height: 78" vs 78" (diff: 0") | Weight: 312 vs 312 lbs (diff: 0)
   Handedness: 1 vs 1 (diff: 0) | Years Pro: 0 vs 0 (diff: 0)
   Contract: 4,617,865 APY
⚠️  No contract: Ziggy Taves -> Ja'Quan McMillian (Denver) - Using defaults
✅ Matched: Jerron Mertens -> Jack Jones (Miami)
   Score: 100.0 | Rating: 75 vs 75 (diff: 0)
   Height: 71" vs 71" (diff: 0") | Weight: 175 vs 175 lbs (diff: 0)
   Handedness: 1 vs 1 (diff: 0) | Years Pro: 3 vs 3 (diff: 0)
   Contract: 1,100,000 APY
✅ Matched: Putt Wiatrak -> Jahlani Tavai (New England)
   Score: 100.0 | Rating: 75 vs 75 (diff: 0)
   Height: 74" vs 74" (diff: 0") | Weight: 246 vs 246 lbs (diff: 0)
   Handedness: 1 vs 1 (diff: 0) | Years Pro: 6 vs 6 (diff: 0)
   Contract: 5,333,333 APY
✅ Matched: Jarious Jones-Drew -> Jaleel McLaughlin (Denver)
   Score: 100.0 | Rating: 75 vs 75 (diff: 0)
   Height: 67" vs 67" (diff: 0") | Weight: 187 vs 187 lbs (diff: 0)
   Handedness: 1 vs 1 (diff: 0) | Years Pro: 2 vs 2 (diff: 0)
   Contract: 903,333 APY
✅ Matched: Ilia Fifer -> James Pearce Jr. (Atlanta)
   Score: 100.0 | Rating: 75 vs 75 (diff: 0)
   Height: 77" vs 77" (diff: 0") | Weight: 245 vs 245 lbs (diff: 0)
   Handedness: 1 vs 1 (diff: 0) | Years Pro: 0 vs 0 (diff: 0)
   Contract: 4,194,696 APY
✅ Matched: Vickey Carton -> Javon Bullard (Green Bay)
   Score: 100.0 | Rating: 75 vs 75 (diff: 0)
   Height: 71" vs 71" (diff: 0") | Weight: 198 vs 198 lbs (diff: 0)
   Handedness: 1 vs 1 (diff: 0) | Years Pro: 1 vs 1 (diff: 0)
   Contract: 1,676,533 APY
✅ Matched: Sammie Sledge -> Jaylon Jones (Indianapolis)
   Score: 100.0 | Rating: 75 vs 75 (diff: 0)
   Height: 74" vs 74" (diff: 0") | Weight: 200 vs 200 lbs (diff: 0)
   Handedness: 1 vs 1 (diff: 0) | Years Pro: 2 vs 2 (diff: 0)
   Contract: 988,370 APY
❌ No match: Jace Kab (New York N) - Using defaults
✅ Matched: Marshall Marefos -> Johnathan Hankins (Seattle)
   Score: 100.0 | Rating: 75 vs 75 (diff: 0)
   Height: 74" vs 74" (diff: 0") | Weight: 320 vs 320 lbs (diff: 0)
   Handedness: 1 vs 1 (diff: 0) | Years Pro: 12 vs 12 (diff: 0)
   Contract: 2,115,000 APY
❌ No match: Ogemdi Terlep (New York N) - Using defaults
✅ Matched: Ickey Kenney -> Jordan Meredith (Las Vegas)
   Score: 100.0 | Rating: 75 vs 75 (diff: 0)
   Height: 75" vs 75" (diff: 0") | Weight: 300 vs 300 lbs (diff: 0)
   Handedness: 1 vs 1 (diff: 0) | Years Pro: 4 vs 4 (diff: 0)
   Contract: 750,000 APY
✅ Matched: Gus Sintim -> Jordan Stout (Baltimore)
   Score: 100.0 | Rating: 75 vs 75 (diff: 0)
   Height: 75" vs 75" (diff: 0") | Weight: 214 vs 214 lbs (diff: 0)
   Handedness: 1 vs 1 (diff: 0) | Years Pro: 3 vs 3 (diff: 0)
   Contract: 1,089,459 APY
✅ Matched: Dusty Searcey -> Jordan Morgan (Green Bay)
   Score: 100.0 | Rating: 75 vs 75 (diff: 0)
   Height: 77" vs 77" (diff: 0") | Weight: 311 vs 311 lbs (diff: 0)
   Handedness: 1 vs 1 (diff: 0) | Years Pro: 1 vs 1 (diff: 0)
   Contract: 3,546,399 APY
✅ Matched: Yancey Soliai -> Josh Simmons (Kansas City)
   Score: 100.0 | Rating: 75 vs 75 (diff: 0)
   Height: 77" vs 77" (diff: 0") | Weight: 317 vs 317 lbs (diff: 0)
   Handedness: 1 vs 1 (diff: 0) | Years Pro: 0 vs 0 (diff: 0)
   Contract: 3,668,839 APY
✅ Matched: Leslie Robnett -> Joshua Williams (Kansas City)
   Score: 100.0 | Rating: 75 vs 75 (diff: 0)
   Height: 75" vs 75" (diff: 0") | Weight: 193 vs 193 lbs (diff: 0)
   Handedness: 1 vs 1 (diff: 0) | Years Pro: 3 vs 3 (diff: 0)
   Contract: 1,081,565 APY
✅ Matched: Daddy Scoggins -> JuJu Smith-Schuster (Kansas City)
   Score: 100.0 | Rating: 75 vs 75 (diff: 0)
   Height: 73" vs 73" (diff: 0") | Weight: 215 vs 215 lbs (diff: 0)
   Handedness: 1 vs 1 (diff: 0) | Years Pro: 8 vs 8 (diff: 0)
   Contract: 1,422,500 APY
✅ Matched: Demorrio Stein -> Kaleb Johnson (Pittsburgh)
   Score: 100.0 | Rating: 75 vs 75 (diff: 0)
   Height: 73" vs 73" (diff: 0") | Weight: 224 vs 224 lbs (diff: 0)
   Handedness: 1 vs 1 (diff: 0) | Years Pro: 0 vs 0 (diff: 0)
   Contract: 1,593,016 APY
✅ Matched: Regan Duckworth -> Kalif Raymond (Detroit)
   Score: 100.0 | Rating: 75 vs 75 (diff: 0)
   Height: 68" vs 68" (diff: 0") | Weight: 182 vs 182 lbs (diff: 0)
   Handedness: 1 vs 1 (diff: 0) | Years Pro: 8 vs 8 (diff: 0)
   Contract: 5,250,000 APY
⚠️  No contract: Mervyn Peck -> KaVontae Turpin (Dallas) - Using defaults
✅ Matched: Lindsay Day -> Kendre Miller (New Orleans)
   Score: 100.0 | Rating: 75 vs 75 (diff: 0)
   Height: 72" vs 72" (diff: 0") | Weight: 220 vs 220 lbs (diff: 0)
   Handedness: 1 vs 1 (diff: 0) | Years Pro: 2 vs 2 (diff: 0)
   Contract: 1,413,580 APY
✅ Matched: Paco Beckham -> Kenneth Gainwell (Pittsburgh)
   Score: 100.0 | Rating: 75 vs 75 (diff: 0)
   Height: 69" vs 69" (diff: 0") | Weight: 200 vs 200 lbs (diff: 0)
   Handedness: 0 vs 0 (diff: 0) | Years Pro: 4 vs 4 (diff: 0)
   Contract: 1,790,000 APY
✅ Matched: Benjamin Chandler -> Kool-Aid McKinstry (New Orleans)
   Score: 100.0 | Rating: 75 vs 75 (diff: 0)
   Height: 72" vs 72" (diff: 0") | Weight: 196 vs 196 lbs (diff: 0)
   Handedness: 1 vs 1 (diff: 0) | Years Pro: 1 vs 1 (diff: 0)
   Contract: 2,289,277 APY
⚠️  No contract: Orien Mcclendon -> Lloyd Cushenberry III (Tennessee) - Using defaults
✅ Matched: Lupe Olshansky -> Malaki Starks (Baltimore)
   Score: 100.0 | Rating: 75 vs 75 (diff: 0)
   Height: 73" vs 73" (diff: 0") | Weight: 197 vs 197 lbs (diff: 0)
   Handedness: 1 vs 1 (diff: 0) | Years Pro: 0 vs 0 (diff: 0)
   Contract: 4,144,915 APY
✅ Matched: Kellogg Lanza -> Maliek Collins (Cleveland)
   Score: 100.0 | Rating: 75 vs 75 (diff: 0)
   Height: 74" vs 74" (diff: 0") | Weight: 310 vs 310 lbs (diff: 0)
   Handedness: 1 vs 1 (diff: 0) | Years Pro: 9 vs 9 (diff: 0)
   Contract: 10,000,000 APY
✅ Matched: Le'Ron Foldberg -> Marquez Valdes-Scantling (Seattle)
   Score: 100.0 | Rating: 75 vs 75 (diff: 0)
   Height: 76" vs 76" (diff: 0") | Weight: 206 vs 206 lbs (diff: 0)
   Handedness: 1 vs 1 (diff: 0) | Years Pro: 7 vs 7 (diff: 0)
   Contract: 4,000,000 APY
⚠️  No contract: Deshone Fronczek -> Martin Emerson Jr (Cleveland) - Using defaults
✅ Matched: Garo Fraser -> Matt Araiza (Kansas City)
   Score: 100.0 | Rating: 75 vs 75 (diff: 0)
   Height: 73" vs 73" (diff: 0") | Weight: 201 vs 201 lbs (diff: 0)
   Handedness: 0 vs 0 (diff: 0) | Years Pro: 3 vs 3 (diff: 0)
   Contract: 960,000 APY
✅ Matched: Johnie Kuykendall -> Mekhi Blackmon (Minnesota)
   Score: 100.0 | Rating: 75 vs 75 (diff: 0)
   Height: 71" vs 71" (diff: 0") | Weight: 178 vs 178 lbs (diff: 0)
   Handedness: 1 vs 1 (diff: 0) | Years Pro: 2 vs 2 (diff: 0)
   Contract: 1,326,021 APY
✅ Matched: Kelley Gorin -> Michael Hoecht (Buffalo)
   Score: 100.0 | Rating: 75 vs 75 (diff: 0)
   Height: 76" vs 76" (diff: 0") | Weight: 267 vs 267 lbs (diff: 0)
   Handedness: 1 vs 1 (diff: 0) | Years Pro: 5 vs 5 (diff: 0)
   Contract: 7,000,000 APY
⚠️  No contract: Alphonso Fluellen -> Mike Jackson (Carolina) - Using defaults
⚠️  No contract: Murrell Youmans -> Nick Westbrook-Ikhine (Miami) - Using defaults
✅ Matched: Charle Wisener -> Noah Gray (Kansas City)
   Score: 100.0 | Rating: 75 vs 75 (diff: 0)
   Height: 75" vs 75" (diff: 0") | Weight: 240 vs 240 lbs (diff: 0)
   Handedness: 1 vs 1 (diff: 0) | Years Pro: 4 vs 4 (diff: 0)
   Contract: 6,000,000 APY
❌ No match: Galand Artoe (New York A) - Using defaults
✅ Matched: Terrell Fiorentino -> Quentin Lake (Los Angeles N)
   Score: 100.0 | Rating: 75 vs 75 (diff: 0)
   Height: 73" vs 73" (diff: 0") | Weight: 201 vs 201 lbs (diff: 0)
   Handedness: 1 vs 1 (diff: 0) | Years Pro: 3 vs 3 (diff: 0)
   Contract: 948,004 APY
⚠️  No contract: Wayne Whitlatch -> Ray-Ray McCloud III (Atlanta) - Using defaults
✅ Matched: Deron Haymond -> Ricky Pearsall (San Francisco)
   Score: 100.0 | Rating: 75 vs 75 (diff: 0)
   Height: 73" vs 73" (diff: 0") | Weight: 191 vs 191 lbs (diff: 0)
   Handedness: 1 vs 1 (diff: 0) | Years Pro: 1 vs 1 (diff: 0)
   Contract: 3,134,600 APY
✅ Matched: Therrian Landers -> Robert Woods (Pittsburgh)
   Score: 100.0 | Rating: 75 vs 75 (diff: 0)
   Height: 72" vs 72" (diff: 0") | Weight: 195 vs 195 lbs (diff: 0)
   Handedness: 1 vs 1 (diff: 0) | Years Pro: 12 vs 12 (diff: 0)
   Contract: 2,000,000 APY
✅ Matched: Limbo Mcfadden -> Ryan Wright (Minnesota)
   Score: 100.0 | Rating: 75 vs 75 (diff: 0)
   Height: 75" vs 75" (diff: 0") | Weight: 245 vs 245 lbs (diff: 0)
   Handedness: 1 vs 1 (diff: 0) | Years Pro: 3 vs 3 (diff: 0)
   Contract: 1,750,000 APY
✅ Matched: Tracey Buben -> Sam Martin (Carolina)
   Score: 100.0 | Rating: 75 vs 75 (diff: 0)
   Height: 73" vs 73" (diff: 0") | Weight: 211 vs 211 lbs (diff: 0)
   Handedness: 1 vs 1 (diff: 0) | Years Pro: 12 vs 12 (diff: 0)
   Contract: 1,600,000 APY
✅ Matched: Wali Etter -> Samson Ebukam (Indianapolis)
   Score: 100.0 | Rating: 75 vs 75 (diff: 0)
   Height: 75" vs 75" (diff: 0") | Weight: 240 vs 240 lbs (diff: 0)
   Handedness: 1 vs 1 (diff: 0) | Years Pro: 8 vs 8 (diff: 0)
   Contract: 8,000,000 APY
✅ Matched: Homer Skorich -> Sheldon Rankins (Houston)
   Score: 100.0 | Rating: 75 vs 75 (diff: 0)
   Height: 74" vs 74" (diff: 0") | Weight: 305 vs 305 lbs (diff: 0)
   Handedness: 1 vs 1 (diff: 0) | Years Pro: 9 vs 9 (diff: 0)
   Contract: 5,250,000 APY
✅ Matched: Sammy Maslowski -> Teair Tart (Los Angeles A)
   Score: 100.0 | Rating: 75 vs 75 (diff: 0)
   Height: 74" vs 74" (diff: 0") | Weight: 304 vs 304 lbs (diff: 0)
   Handedness: 1 vs 1 (diff: 0) | Years Pro: 5 vs 5 (diff: 0)
   Contract: 4,500,000 APY
✅ Matched: Darin Ruff -> Tory Taylor (Chicago)
   Score: 100.0 | Rating: 75 vs 75 (diff: 0)
   Height: 76" vs 76" (diff: 0") | Weight: 223 vs 223 lbs (diff: 0)
   Handedness: 1 vs 1 (diff: 0) | Years Pro: 1 vs 1 (diff: 0)
   Contract: 1,191,975 APY
✅ Matched: Ham Maskas -> Trevor Lawrence (Jacksonville)
   Score: 100.0 | Rating: 75 vs 75 (diff: 0)
   Height: 78" vs 78" (diff: 0") | Weight: 220 vs 220 lbs (diff: 0)
   Handedness: 1 vs 1 (diff: 0) | Years Pro: 4 vs 4 (diff: 0)
   Contract: 55,000,000 APY
✅ Matched: Rex Rabb -> Trey Amos (Washington)
   Score: 100.0 | Rating: 75 vs 75 (diff: 0)
   Height: 73" vs 73" (diff: 0") | Weight: 195 vs 195 lbs (diff: 0)
   Handedness: 1 vs 1 (diff: 0) | Years Pro: 0 vs 0 (diff: 0)
   Contract: 1,820,005 APY
✅ Matched: Gene Attache -> Tuli Tuipulotu (Los Angeles A)
   Score: 100.0 | Rating: 75 vs 75 (diff: 0)
   Height: 75" vs 75" (diff: 0") | Weight: 266 vs 266 lbs (diff: 0)
   Handedness: 1 vs 1 (diff: 0) | Years Pro: 2 vs 2 (diff: 0)
   Contract: 1,642,846 APY
⚠️  No contract: Khalif Scarbath -> Tutu Atwell (Los Angeles N) - Using defaults
✅ Matched: Revie Mazurek -> Tykee Smith (Tampa Bay)
   Score: 100.0 | Rating: 75 vs 75 (diff: 0)
   Height: 70" vs 70" (diff: 0") | Weight: 202 vs 202 lbs (diff: 0)
   Handedness: 1 vs 1 (diff: 0) | Years Pro: 1 vs 1 (diff: 0)
   Contract: 1,421,755 APY
✅ Matched: Shorty Petitti -> Tyler Conklin (Los Angeles A)
   Score: 100.0 | Rating: 75 vs 75 (diff: 0)
   Height: 75" vs 75" (diff: 0") | Weight: 254 vs 254 lbs (diff: 0)
   Handedness: 1 vs 1 (diff: 0) | Years Pro: 7 vs 7 (diff: 0)
   Contract: 3,000,000 APY
✅ Matched: Thom Mucker -> Tyler Warren (Indianapolis)
   Score: 100.0 | Rating: 75 vs 75 (diff: 0)
   Height: 78" vs 78" (diff: 0") | Weight: 256 vs 256 lbs (diff: 0)
   Handedness: 0 vs 0 (diff: 0) | Years Pro: 0 vs 0 (diff: 0)
   Contract: 5,240,163 APY
✅ Matched: Legarrette Durkota -> Tyrique Stevenson (Chicago)
   Score: 100.0 | Rating: 75 vs 75 (diff: 0)
   Height: 72" vs 72" (diff: 0") | Weight: 204 vs 204 lbs (diff: 0)
   Handedness: 1 vs 1 (diff: 0) | Years Pro: 2 vs 2 (diff: 0)
   Contract: 1,612,375 APY
✅ Matched: Menil Haley -> Uchenna Nwosu (Seattle)
   Score: 100.0 | Rating: 75 vs 75 (diff: 0)
   Height: 74" vs 74" (diff: 0") | Weight: 251 vs 251 lbs (diff: 0)
   Handedness: 1 vs 1 (diff: 0) | Years Pro: 7 vs 7 (diff: 0)
   Contract: 15,000,000 APY
✅ Matched: Torri Doig -> Will Reichard (Minnesota)
   Score: 100.0 | Rating: 75 vs 75 (diff: 0)
   Height: 73" vs 73" (diff: 0") | Weight: 194 vs 194 lbs (diff: 0)
   Handedness: 1 vs 1 (diff: 0) | Years Pro: 1 vs 1 (diff: 0)
   Contract: 1,047,655 APY
✅ Matched: Damik Vatterott -> Will Johnson (Arizona)
   Score: 100.0 | Rating: 75 vs 75 (diff: 0)
   Height: 74" vs 74" (diff: 0") | Weight: 194 vs 194 lbs (diff: 0)
   Handedness: 1 vs 1 (diff: 0) | Years Pro: 0 vs 0 (diff: 0)
   Contract: 2,352,692 APY
✅ Matched: Edmund Stonesifer -> Yetur Gross-Matos (San Francisco)
   Score: 100.0 | Rating: 75 vs 75 (diff: 0)
   Height: 77" vs 77" (diff: 0") | Weight: 265 vs 265 lbs (diff: 0)
   Handedness: 1 vs 1 (diff: 0) | Years Pro: 5 vs 5 (diff: 0)
   Contract: 9,000,000 APY
✅ Matched: Derrel Rodriguez -> Alec Ingold (Miami)
   Score: 100.0 | Rating: 74 vs 74 (diff: 0)
   Height: 73" vs 73" (diff: 0") | Weight: 235 vs 235 lbs (diff: 0)
   Handedness: 1 vs 1 (diff: 0) | Years Pro: 6 vs 6 (diff: 0)
   Contract: 4,066,667 APY
✅ Matched: Gern Brittenum -> Andre James (Los Angeles A)
   Score: 100.0 | Rating: 74 vs 74 (diff: 0)
   Height: 76" vs 76" (diff: 0") | Weight: 300 vs 300 lbs (diff: 0)
   Handedness: 1 vs 1 (diff: 0) | Years Pro: 6 vs 6 (diff: 0)
   Contract: 1,170,000 APY
✅ Matched: Erroll Piro -> Andrew Wingard (Jacksonville)
   Score: 100.0 | Rating: 74 vs 74 (diff: 0)
   Height: 72" vs 72" (diff: 0") | Weight: 200 vs 200 lbs (diff: 0)
   Handedness: 1 vs 1 (diff: 0) | Years Pro: 6 vs 6 (diff: 0)
   Contract: 3,200,000 APY
✅ Matched: Rodrick Shea -> Ashtyn Davis (Miami)
   Score: 100.0 | Rating: 74 vs 74 (diff: 0)
   Height: 73" vs 73" (diff: 0") | Weight: 202 vs 202 lbs (diff: 0)
   Handedness: 1 vs 1 (diff: 0) | Years Pro: 5 vs 5 (diff: 0)
   Contract: 2,500,000 APY
✅ Matched: Corby Mcmahon -> Austin Jackson (Miami)
   Score: 100.0 | Rating: 74 vs 74 (diff: 0)
   Height: 77" vs 77" (diff: 0") | Weight: 320 vs 320 lbs (diff: 0)
   Handedness: 1 vs 1 (diff: 0) | Years Pro: 5 vs 5 (diff: 0)
   Contract: 12,000,000 APY
❌ No match: Crawford Zieman (New York A) - Using defaults
✅ Matched: Spiro Lomack -> Baron Browning (Arizona)
   Score: 100.0 | Rating: 74 vs 74 (diff: 0)
   Height: 75" vs 75" (diff: 0") | Weight: 240 vs 240 lbs (diff: 0)
   Handedness: 1 vs 1 (diff: 0) | Years Pro: 4 vs 4 (diff: 0)
   Contract: 7,500,000 APY
✅ Matched: Birdie Croston -> Ben Powers (Denver)
   Score: 100.0 | Rating: 74 vs 74 (diff: 0)
   Height: 76" vs 76" (diff: 0") | Weight: 310 vs 310 lbs (diff: 0)
   Handedness: 1 vs 1 (diff: 0) | Years Pro: 6 vs 6 (diff: 0)
   Contract: 12,875,000 APY
✅ Matched: Guss Broussard -> Bilal Nichols (Arizona)
   Score: 100.0 | Rating: 74 vs 74 (diff: 0)
   Height: 76" vs 76" (diff: 0") | Weight: 313 vs 313 lbs (diff: 0)
   Handedness: 1 vs 1 (diff: 0) | Years Pro: 7 vs 7 (diff: 0)
   Contract: 7,000,000 APY
✅ Matched: Blue Sobomehin -> Blake Corum (Los Angeles N)
   Score: 100.0 | Rating: 74 vs 74 (diff: 0)
   Height: 68" vs 68" (diff: 0") | Weight: 210 vs 210 lbs (diff: 0)
   Handedness: 1 vs 1 (diff: 0) | Years Pro: 1 vs 1 (diff: 0)
   Contract: 1,440,941 APY
⚠️  No contract: Hurvin Capece -> Bobby Brown III (Carolina) - Using defaults
✅ Matched: Kenrick Brazile -> Brady Christensen (Carolina)
   Score: 100.0 | Rating: 74 vs 74 (diff: 0)
   Height: 78" vs 78" (diff: 0") | Weight: 300 vs 300 lbs (diff: 0)
   Handedness: 1 vs 1 (diff: 0) | Years Pro: 4 vs 4 (diff: 0)
   Contract: 2,787,500 APY
✅ Matched: Rohan Glatz -> Bryan Bresee (New Orleans)
   Score: 100.0 | Rating: 74 vs 74 (diff: 0)
   Height: 77" vs 77" (diff: 0") | Weight: 305 vs 305 lbs (diff: 0)
   Handedness: 1 vs 1 (diff: 0) | Years Pro: 2 vs 2 (diff: 0)
   Contract: 3,065,890 APY
✅ Matched: Alyn Whitmore -> Carrington Valentine (Green Bay)
   Score: 100.0 | Rating: 74 vs 74 (diff: 0)
   Height: 72" vs 72" (diff: 0") | Weight: 189 vs 189 lbs (diff: 0)
   Handedness: 1 vs 1 (diff: 0) | Years Pro: 2 vs 2 (diff: 0)
   Contract: 985,176 APY
✅ Matched: Jairus Ash -> Chad Ryland (Arizona)
   Score: 100.0 | Rating: 74 vs 74 (diff: 0)
   Height: 72" vs 72" (diff: 0") | Weight: 183 vs 183 lbs (diff: 0)
   Handedness: 1 vs 1 (diff: 0) | Years Pro: 2 vs 2 (diff: 0)
   Contract: 915,000 APY
❌ No match: Toddrick Borelli (New York N) - Using defaults
⚠️  No contract: Ivory Reveiz -> Chigoziem Okonkwo (Tennessee) - Using defaults
✅ Matched: Bradie Spurrier -> Christian Izien (Tampa Bay)
   Score: 100.0 | Rating: 74 vs 74 (diff: 0)
   Height: 68" vs 68" (diff: 0") | Weight: 197 vs 197 lbs (diff: 0)
   Handedness: 1 vs 1 (diff: 0) | Years Pro: 2 vs 2 (diff: 0)
   Contract: 901,667 APY
✅ Matched: Armand Sedbrook -> Clyde Edwards-Helaire (New Orleans)
   Score: 100.0 | Rating: 74 vs 74 (diff: 0)
   Height: 67" vs 67" (diff: 0") | Weight: 207 vs 207 lbs (diff: 0)
   Handedness: 1 vs 1 (diff: 0) | Years Pro: 5 vs 5 (diff: 0)
   Contract: 1,170,000 APY
✅ Matched: Sandro Mcgrath -> Cooper Beebe (Dallas)
   Score: 100.0 | Rating: 74 vs 74 (diff: 0)
   Height: 76" vs 76" (diff: 0") | Weight: 335 vs 335 lbs (diff: 0)
   Handedness: 1 vs 1 (diff: 0) | Years Pro: 1 vs 1 (diff: 0)
   Contract: 1,484,930 APY
⚠️  No contract: Zeron Stroughter -> Cornelius Lucas III (Cleveland) - Using defaults
✅ Matched: Demario Piepul -> D.J. Humphries (Los Angeles N)
   Score: 100.0 | Rating: 74 vs 74 (diff: 0)
   Height: 77" vs 77" (diff: 0") | Weight: 307 vs 307 lbs (diff: 0)
   Handedness: 1 vs 1 (diff: 0) | Years Pro: 10 vs 10 (diff: 0)
   Contract: 2,500,000 APY
⚠️  No contract: Rae Cure -> Da'Shawn Hand (Los Angeles A) - Using defaults
✅ Matched: Ephesians Raji -> Damar Hamlin (Buffalo)
   Score: 100.0 | Rating: 74 vs 74 (diff: 0)
   Height: 72" vs 72" (diff: 0") | Weight: 200 vs 200 lbs (diff: 0)
   Handedness: 1 vs 1 (diff: 0) | Years Pro: 4 vs 4 (diff: 0)
   Contract: 2,000,000 APY
✅ Matched: Hoby Roten -> Daniel Whelan (Green Bay)
   Score: 100.0 | Rating: 74 vs 74 (diff: 0)
   Height: 77" vs 77" (diff: 0") | Weight: 216 vs 216 lbs (diff: 0)
   Handedness: 1 vs 1 (diff: 0) | Years Pro: 2 vs 2 (diff: 0)
   Contract: 1,030,000 APY
✅ Matched: Jean-Phillipe Wade -> Darien Porter (Las Vegas)
   Score: 100.0 | Rating: 74 vs 74 (diff: 0)
   Height: 75" vs 75" (diff: 0") | Weight: 195 vs 195 lbs (diff: 0)
   Handedness: 1 vs 1 (diff: 0) | Years Pro: 0 vs 0 (diff: 0)
   Contract: 1,681,024 APY
✅ Matched: Rosevelt Clarke -> DaVon Hamilton (Jacksonville)
   Score: 100.0 | Rating: 74 vs 74 (diff: 0)
   Height: 76" vs 76" (diff: 0") | Weight: 335 vs 335 lbs (diff: 0)
   Handedness: 1 vs 1 (diff: 0) | Years Pro: 5 vs 5 (diff: 0)
   Contract: 11,500,000 APY
✅ Matched: Stephone Saipaia -> Demarcus Robinson (San Francisco)
   Score: 100.0 | Rating: 74 vs 74 (diff: 0)
   Height: 73" vs 73" (diff: 0") | Weight: 203 vs 203 lbs (diff: 0)
   Handedness: 1 vs 1 (diff: 0) | Years Pro: 9 vs 9 (diff: 0)
   Contract: 4,000,000 APY
✅ Matched: Jemeel Mccleon -> Demetrius Knight Jr. (Cincinnati)
   Score: 100.0 | Rating: 74 vs 74 (diff: 0)
   Height: 74" vs 74" (diff: 0") | Weight: 235 vs 235 lbs (diff: 0)
   Handedness: 1 vs 1 (diff: 0) | Years Pro: 0 vs 0 (diff: 0)
   Contract: 2,253,121 APY
✅ Matched: Jahri Sword -> Dennis Gardeck (Jacksonville)
   Score: 100.0 | Rating: 74 vs 74 (diff: 0)
   Height: 72" vs 72" (diff: 0") | Weight: 232 vs 232 lbs (diff: 0)
   Handedness: 1 vs 1 (diff: 0) | Years Pro: 7 vs 7 (diff: 0)
   Contract: 2,000,000 APY
✅ Matched: Darrick Demarie -> Devaughn Vele (Denver)
   Score: 100.0 | Rating: 74 vs 74 (diff: 0)
   Height: 77" vs 77" (diff: 0") | Weight: 210 vs 210 lbs (diff: 0)
   Handedness: 1 vs 1 (diff: 0) | Years Pro: 1 vs 1 (diff: 0)
   Contract: 1,031,120 APY
✅ Matched: Jamin Benners -> Donovan Jackson (Minnesota)
   Score: 100.0 | Rating: 74 vs 74 (diff: 0)
   Height: 76" vs 76" (diff: 0") | Weight: 317 vs 317 lbs (diff: 0)
   Handedness: 1 vs 1 (diff: 0) | Years Pro: 0 vs 0 (diff: 0)
   Contract: 4,294,264 APY
✅ Matched: Thabiti Arrington -> Dylan Sampson (Cleveland)
   Score: 100.0 | Rating: 74 vs 74 (diff: 0)
   Height: 68" vs 68" (diff: 0") | Weight: 199 vs 199 lbs (diff: 0)
   Handedness: 1 vs 1 (diff: 0) | Years Pro: 0 vs 0 (diff: 0)
   Contract: 1,282,641 APY
✅ Matched: Slok Cortez -> Eddie Goldman (Washington)
   Score: 100.0 | Rating: 74 vs 74 (diff: 0)
   Height: 75" vs 75" (diff: 0") | Weight: 332 vs 332 lbs (diff: 0)
   Handedness: 1 vs 1 (diff: 0) | Years Pro: 8 vs 8 (diff: 0)
   Contract: 1,255,000 APY
✅ Matched: Munger Boss -> Emmanuel Ogbah (Jacksonville)
   Score: 100.0 | Rating: 74 vs 74 (diff: 0)
   Height: 76" vs 76" (diff: 0") | Weight: 278 vs 278 lbs (diff: 0)
   Handedness: 1 vs 1 (diff: 0) | Years Pro: 9 vs 9 (diff: 0)
   Contract: 3,250,000 APY
✅ Matched: Noble Roper -> Evan McPherson (Cincinnati)
   Score: 100.0 | Rating: 74 vs 74 (diff: 0)
   Height: 71" vs 71" (diff: 0") | Weight: 185 vs 185 lbs (diff: 0)
   Handedness: 1 vs 1 (diff: 0) | Years Pro: 4 vs 4 (diff: 0)
   Contract: 4,666,667 APY
❌ No match: Mason Crooms (New York N) - Using defaults
✅ Matched: Daryon Grice -> Henry To'oTo'o (Houston)
   Score: 100.0 | Rating: 74 vs 74 (diff: 0)
   Height: 74" vs 74" (diff: 0") | Weight: 228 vs 228 lbs (diff: 0)
   Handedness: 1 vs 1 (diff: 0) | Years Pro: 2 vs 2 (diff: 0)
   Contract: 1,021,244 APY
✅ Matched: Ronyell Macafee -> Ifeatu Melifonwu (Miami)
   Score: 100.0 | Rating: 74 vs 74 (diff: 0)
   Height: 75" vs 75" (diff: 0") | Weight: 213 vs 213 lbs (diff: 0)
   Handedness: 1 vs 1 (diff: 0) | Years Pro: 4 vs 4 (diff: 0)
   Contract: 3,010,000 APY
✅ Matched: Tron Duncan -> Isaiah Simmons (Green Bay)
   Score: 100.0 | Rating: 74 vs 74 (diff: 0)
   Height: 76" vs 76" (diff: 0") | Weight: 238 vs 238 lbs (diff: 0)
   Handedness: 1 vs 1 (diff: 0) | Years Pro: 5 vs 5 (diff: 0)
   Contract: 1,337,500 APY
✅ Matched: Roc Cushing -> Ja'Lynn Polk (New England)
   Score: 100.0 | Rating: 74 vs 74 (diff: 0)
   Height: 74" vs 74" (diff: 0") | Weight: 203 vs 203 lbs (diff: 0)
   Handedness: 1 vs 1 (diff: 0) | Years Pro: 1 vs 1 (diff: 0)
   Contract: 2,423,686 APY
✅ Matched: Terrail Donlin -> Jacob Parrish (Tampa Bay)
   Score: 100.0 | Rating: 74 vs 74 (diff: 0)
   Height: 70" vs 70" (diff: 0") | Weight: 191 vs 191 lbs (diff: 0)
   Handedness: 1 vs 1 (diff: 0) | Years Pro: 0 vs 0 (diff: 0)
   Contract: 1,587,162 APY
✅ Matched: Uhuru Hetherington -> Jake Brendel (San Francisco)
   Score: 100.0 | Rating: 74 vs 74 (diff: 0)
   Height: 76" vs 76" (diff: 0") | Weight: 299 vs 299 lbs (diff: 0)
   Handedness: 1 vs 1 (diff: 0) | Years Pro: 9 vs 9 (diff: 0)
   Contract: 4,125,000 APY
✅ Matched: Jalen Seick -> Jalen McMillan (Tampa Bay)
   Score: 100.0 | Rating: 74 vs 74 (diff: 0)
   Height: 73" vs 73" (diff: 0") | Weight: 197 vs 197 lbs (diff: 0)
   Handedness: 1 vs 1 (diff: 0) | Years Pro: 1 vs 1 (diff: 0)
   Contract: 1,415,756 APY
✅ Matched: Vernon Harrell -> Jalen Nailor (Minnesota)
   Score: 100.0 | Rating: 74 vs 74 (diff: 0)
   Height: 72" vs 72" (diff: 0") | Weight: 190 vs 190 lbs (diff: 0)
   Handedness: 1 vs 1 (diff: 0) | Years Pro: 3 vs 3 (diff: 0)
   Contract: 960,165 APY
✅ Matched: Deljuan Okpokowuruk -> Jamal Adams (Las Vegas)
   Score: 100.0 | Rating: 74 vs 74 (diff: 0)
   Height: 73" vs 73" (diff: 0") | Weight: 213 vs 213 lbs (diff: 0)
   Handedness: 1 vs 1 (diff: 0) | Years Pro: 8 vs 8 (diff: 0)
   Contract: 1,255,000 APY
❌ No match: Nemiah Beattie (New York A) - Using defaults
✅ Matched: Tripp Raible -> Jayden Higgins (Houston)
   Score: 100.0 | Rating: 74 vs 74 (diff: 0)
   Height: 76" vs 76" (diff: 0") | Weight: 214 vs 214 lbs (diff: 0)
   Handedness: 1 vs 1 (diff: 0) | Years Pro: 0 vs 0 (diff: 0)
   Contract: 2,925,206 APY
⚠️  No contract: Kayo Cassiano -> Joe Tryon-Shoyinka (Cleveland) - Using defaults
✅ Matched: Pellom Price -> John Jenkins (Baltimore)
   Score: 100.0 | Rating: 74 vs 74 (diff: 0)
   Height: 75" vs 75" (diff: 0") | Weight: 327 vs 327 lbs (diff: 0)
   Handedness: 1 vs 1 (diff: 0) | Years Pro: 12 vs 12 (diff: 0)
   Contract: 1,750,000 APY
✅ Matched: Miles Cadet -> John Metchie (Houston)
   Score: 100.0 | Rating: 74 vs 74 (diff: 0)
   Height: 71" vs 71" (diff: 0") | Weight: 187 vs 187 lbs (diff: 0)
   Handedness: 1 vs 1 (diff: 0) | Years Pro: 3 vs 3 (diff: 0)
   Contract: 2,017,543 APY
✅ Matched: Bam Etelman -> Johnny Hekker (Tennessee)
   Score: 100.0 | Rating: 74 vs 74 (diff: 0)
   Height: 77" vs 77" (diff: 0") | Weight: 225 vs 225 lbs (diff: 0)
   Handedness: 1 vs 1 (diff: 0) | Years Pro: 13 vs 13 (diff: 0)
   Contract: 1,422,500 APY
✅ Matched: Ryon Mutryn -> Jonah Williams (Arizona)
   Score: 100.0 | Rating: 74 vs 74 (diff: 0)
   Height: 77" vs 77" (diff: 0") | Weight: 312 vs 312 lbs (diff: 0)
   Handedness: 1 vs 1 (diff: 0) | Years Pro: 6 vs 6 (diff: 0)
   Contract: 15,000,000 APY
✅ Matched: Erric Sturgis -> Josh Paschal (Detroit)
   Score: 100.0 | Rating: 74 vs 74 (diff: 0)
   Height: 75" vs 75" (diff: 0") | Weight: 278 vs 278 lbs (diff: 0)
   Handedness: 1 vs 1 (diff: 0) | Years Pro: 3 vs 3 (diff: 0)
   Contract: 1,933,913 APY
✅ Matched: Danieal Morton -> Josh Conerly Jr. (Washington)
   Score: 100.0 | Rating: 74 vs 74 (diff: 0)
   Height: 77" vs 77" (diff: 0") | Weight: 311 vs 311 lbs (diff: 0)
   Handedness: 1 vs 1 (diff: 0) | Years Pro: 0 vs 0 (diff: 0)
   Contract: 3,920,274 APY
✅ Matched: Leo Steber -> Joshua Uche (Philadelphia)
   Score: 100.0 | Rating: 74 vs 74 (diff: 0)
   Height: 75" vs 75" (diff: 0") | Weight: 245 vs 245 lbs (diff: 0)
   Handedness: 1 vs 1 (diff: 0) | Years Pro: 5 vs 5 (diff: 0)
   Contract: 1,920,000 APY
✅ Matched: Damian Comier -> JT Tuimoloau (Indianapolis)
   Score: 100.0 | Rating: 74 vs 74 (diff: 0)
   Height: 76" vs 76" (diff: 0") | Weight: 264 vs 264 lbs (diff: 0)
   Handedness: 1 vs 1 (diff: 0) | Years Pro: 0 vs 0 (diff: 0)
   Contract: 2,485,617 APY
✅ Matched: Hezekiah Nickel -> Juice Scruggs (Houston)
   Score: 100.0 | Rating: 74 vs 74 (diff: 0)
   Height: 75" vs 75" (diff: 0") | Weight: 308 vs 308 lbs (diff: 0)
   Handedness: 1 vs 1 (diff: 0) | Years Pro: 2 vs 2 (diff: 0)
   Contract: 1,524,776 APY
⚠️  No contract: Brandian Henne -> JuJu Brents (Indianapolis) - Using defaults
✅ Matched: Sal Giddens -> Justin Jones (Arizona)
   Score: 100.0 | Rating: 74 vs 74 (diff: 0)
   Height: 75" vs 75" (diff: 0") | Weight: 309 vs 309 lbs (diff: 0)
   Handedness: 1 vs 1 (diff: 0) | Years Pro: 7 vs 7 (diff: 0)
   Contract: 10,388,333 APY
❌ No match: Toimi Guion (New York A) - Using defaults
✅ Matched: Mccoy Alberghini -> Juwan Johnson (New Orleans)
   Score: 100.0 | Rating: 74 vs 74 (diff: 0)
   Height: 76" vs 76" (diff: 0") | Weight: 231 vs 231 lbs (diff: 0)
   Handedness: 1 vs 1 (diff: 0) | Years Pro: 5 vs 5 (diff: 0)
   Contract: 10,250,000 APY
✅ Matched: Martin Adeyanju -> Kaiir Elam (Dallas)
   Score: 100.0 | Rating: 74 vs 74 (diff: 0)
   Height: 73" vs 73" (diff: 0") | Weight: 191 vs 191 lbs (diff: 0)
   Handedness: 1 vs 1 (diff: 0) | Years Pro: 3 vs 3 (diff: 0)
   Contract: 3,422,702 APY
✅ Matched: Jojuan Kassell -> Kayshon Boutte (New England)
   Score: 100.0 | Rating: 74 vs 74 (diff: 0)
   Height: 72" vs 72" (diff: 0") | Weight: 195 vs 195 lbs (diff: 0)
   Handedness: 1 vs 1 (diff: 0) | Years Pro: 2 vs 2 (diff: 0)
   Contract: 1,006,818 APY
✅ Matched: Pard Biletnikoff -> Keaton Mitchell (Baltimore)
   Score: 100.0 | Rating: 74 vs 74 (diff: 0)
   Height: 68" vs 68" (diff: 0") | Weight: 186 vs 186 lbs (diff: 0)
   Handedness: 1 vs 1 (diff: 0) | Years Pro: 2 vs 2 (diff: 0)
   Contract: 904,333 APY
✅ Matched: Antwan Rash -> Kelee Ringo (Philadelphia)
   Score: 100.0 | Rating: 74 vs 74 (diff: 0)
   Height: 74" vs 74" (diff: 0") | Weight: 207 vs 207 lbs (diff: 0)
   Handedness: 1 vs 1 (diff: 0) | Years Pro: 2 vs 2 (diff: 0)
   Contract: 1,165,231 APY
⚠️  No contract: Rashaun Plank -> Kris Jenkins Jr (Cincinnati) - Using defaults
✅ Matched: Shaud Foote -> Levi Onwuzurike (Detroit)
   Score: 100.0 | Rating: 74 vs 74 (diff: 0)
   Height: 75" vs 75" (diff: 0") | Weight: 293 vs 293 lbs (diff: 0)
   Handedness: 1 vs 1 (diff: 0) | Years Pro: 4 vs 4 (diff: 0)
   Contract: 4,000,000 APY
✅ Matched: Caleb Zelencik -> Lucas Patrick (Cincinnati)
   Score: 100.0 | Rating: 74 vs 74 (diff: 0)
   Height: 75" vs 75" (diff: 0") | Weight: 313 vs 313 lbs (diff: 0)
   Handedness: 1 vs 1 (diff: 0) | Years Pro: 9 vs 9 (diff: 0)
   Contract: 2,100,000 APY
✅ Matched: Lonny Dimancheff -> Lukas Van Ness (Green Bay)
   Score: 100.0 | Rating: 74 vs 74 (diff: 0)
   Height: 77" vs 77" (diff: 0") | Weight: 272 vs 272 lbs (diff: 0)
   Handedness: 1 vs 1 (diff: 0) | Years Pro: 2 vs 2 (diff: 0)
   Contract: 4,347,023 APY
✅ Matched: Paschall Howard -> Mack Hollins (New England)
   Score: 100.0 | Rating: 74 vs 74 (diff: 0)
   Height: 76" vs 76" (diff: 0") | Weight: 221 vs 221 lbs (diff: 0)
   Handedness: 0 vs 0 (diff: 0) | Years Pro: 8 vs 8 (diff: 0)
   Contract: 4,200,000 APY
✅ Matched: Spencer Gerak -> Malik Mustapha (San Francisco)
   Score: 100.0 | Rating: 74 vs 74 (diff: 0)
   Height: 70" vs 70" (diff: 0") | Weight: 206 vs 206 lbs (diff: 0)
   Handedness: 1 vs 1 (diff: 0) | Years Pro: 1 vs 1 (diff: 0)
   Contract: 1,189,734 APY
✅ Matched: Eugene Worilds -> Marcus Davenport (Detroit)
   Score: 100.0 | Rating: 74 vs 74 (diff: 0)
   Height: 78" vs 78" (diff: 0") | Weight: 285 vs 285 lbs (diff: 0)
   Handedness: 1 vs 1 (diff: 0) | Years Pro: 7 vs 7 (diff: 0)
   Contract: 2,500,000 APY
✅ Matched: Lester Maualuga -> Mason McCormick (Pittsburgh)
   Score: 100.0 | Rating: 74 vs 74 (diff: 0)
   Height: 77" vs 77" (diff: 0") | Weight: 315 vs 315 lbs (diff: 0)
   Handedness: 1 vs 1 (diff: 0) | Years Pro: 1 vs 1 (diff: 0)
   Contract: 1,196,224 APY
✅ Matched: Vee Holtzman -> Matt Gay (Washington)
   Score: 100.0 | Rating: 74 vs 74 (diff: 0)
   Height: 72" vs 72" (diff: 0") | Weight: 232 vs 232 lbs (diff: 0)
   Handedness: 1 vs 1 (diff: 0) | Years Pro: 6 vs 6 (diff: 0)
   Contract: 4,325,000 APY
✅ Matched: Edmond Manske -> Max Melton (Arizona)
   Score: 100.0 | Rating: 74 vs 74 (diff: 0)
   Height: 71" vs 71" (diff: 0") | Weight: 187 vs 187 lbs (diff: 0)
   Handedness: 1 vs 1 (diff: 0) | Years Pro: 1 vs 1 (diff: 0)
   Contract: 2,222,077 APY
✅ Matched: Vin Landolt -> Mecole Hardman (Green Bay)
   Score: 100.0 | Rating: 74 vs 74 (diff: 0)
   Height: 70" vs 70" (diff: 0") | Weight: 187 vs 187 lbs (diff: 0)
   Handedness: 1 vs 1 (diff: 0) | Years Pro: 6 vs 6 (diff: 0)
   Contract: 1,500,000 APY
⚠️  No contract: Julian Gresham -> Michael Penix Jr (Atlanta) - Using defaults
✅ Matched: Cade Noble -> Mike Hughes (Atlanta)
   Score: 100.0 | Rating: 74 vs 74 (diff: 0)
   Height: 70" vs 70" (diff: 0") | Weight: 189 vs 189 lbs (diff: 0)
   Handedness: 1 vs 1 (diff: 0) | Years Pro: 7 vs 7 (diff: 0)
   Contract: 6,000,000 APY
✅ Matched: Joel Wong -> Miles Sanders (Dallas)
   Score: 100.0 | Rating: 74 vs 74 (diff: 0)
   Height: 71" vs 71" (diff: 0") | Weight: 210 vs 210 lbs (diff: 0)
   Handedness: 1 vs 1 (diff: 0) | Years Pro: 6 vs 6 (diff: 0)
   Contract: 1,337,500 APY
⚠️  No contract: Jeno Jourdain -> Nate Landman (Los Angeles N) - Using defaults
✅ Matched: Ike Quinlan -> Nathan Shepherd (New Orleans)
   Score: 100.0 | Rating: 74 vs 74 (diff: 0)
   Height: 76" vs 76" (diff: 0") | Weight: 315 vs 315 lbs (diff: 0)
   Handedness: 1 vs 1 (diff: 0) | Years Pro: 7 vs 7 (diff: 0)
   Contract: 5,000,000 APY
✅ Matched: Rashaan Olsson -> Nic Scourton (Carolina)
   Score: 100.0 | Rating: 74 vs 74 (diff: 0)
   Height: 75" vs 75" (diff: 0") | Weight: 257 vs 257 lbs (diff: 0)
   Handedness: 1 vs 1 (diff: 0) | Years Pro: 0 vs 0 (diff: 0)
   Contract: 2,153,559 APY
✅ Matched: Chy Ellersick -> Nick Allegretti (Washington)
   Score: 100.0 | Rating: 74 vs 74 (diff: 0)
   Height: 76" vs 76" (diff: 0") | Weight: 310 vs 310 lbs (diff: 0)
   Handedness: 1 vs 1 (diff: 0) | Years Pro: 6 vs 6 (diff: 0)
   Contract: 5,333,333 APY
✅ Matched: Gerald Sileo -> Nick Emmanwori (Seattle)
   Score: 100.0 | Rating: 74 vs 74 (diff: 0)
   Height: 75" vs 75" (diff: 0") | Weight: 220 vs 220 lbs (diff: 0)
   Handedness: 1 vs 1 (diff: 0) | Years Pro: 0 vs 0 (diff: 0)
   Contract: 2,900,315 APY
✅ Matched: Jonte Derby -> Nick Herbig (Pittsburgh)
   Score: 100.0 | Rating: 74 vs 74 (diff: 0)
   Height: 74" vs 74" (diff: 0") | Weight: 240 vs 240 lbs (diff: 0)
   Handedness: 1 vs 1 (diff: 0) | Years Pro: 2 vs 2 (diff: 0)
   Contract: 1,128,230 APY
✅ Matched: Malik Mancha -> Oluwafemi Oladejo (Tennessee)
   Score: 100.0 | Rating: 74 vs 74 (diff: 0)
   Height: 75" vs 75" (diff: 0") | Weight: 261 vs 261 lbs (diff: 0)
   Handedness: 1 vs 1 (diff: 0) | Years Pro: 0 vs 0 (diff: 0)
   Contract: 2,103,775 APY
⚠️  No contract: Evar Haluska -> Quinshon Judkins (Cleveland) - Using defaults
✅ Matched: Burnell Shofner -> Ray Davis (Buffalo)
   Score: 100.0 | Rating: 74 vs 74 (diff: 0)
   Height: 70" vs 70" (diff: 0") | Weight: 216 vs 216 lbs (diff: 0)
   Handedness: 1 vs 1 (diff: 0) | Years Pro: 1 vs 1 (diff: 0)
   Contract: 1,183,297 APY
✅ Matched: Olaniyi Matheson -> RJ Harvey (Denver)
   Score: 100.0 | Rating: 74 vs 74 (diff: 0)
   Height: 68" vs 68" (diff: 0") | Weight: 205 vs 205 lbs (diff: 0)
   Handedness: 1 vs 1 (diff: 0) | Years Pro: 0 vs 0 (diff: 0)
   Contract: 1,839,920 APY
✅ Matched: Brendan Garcia -> Roger Rosengarten (Baltimore)
   Score: 100.0 | Rating: 74 vs 74 (diff: 0)
   Height: 78" vs 78" (diff: 0") | Weight: 300 vs 300 lbs (diff: 0)
   Handedness: 1 vs 1 (diff: 0) | Years Pro: 1 vs 1 (diff: 0)
   Contract: 1,609,329 APY
✅ Matched: Ethan Levitt -> Ross Matiscik (Jacksonville)
   Score: 100.0 | Rating: 74 vs 74 (diff: 0)
   Height: 72" vs 72" (diff: 0") | Weight: 240 vs 240 lbs (diff: 0)
   Handedness: 1 vs 1 (diff: 0) | Years Pro: 5 vs 5 (diff: 0)
   Contract: 1,267,500 APY
✅ Matched: Century Colhouer -> Shavon Revel Jr. (Dallas)
   Score: 100.0 | Rating: 74 vs 74 (diff: 0)
   Height: 74" vs 74" (diff: 0") | Weight: 202 vs 202 lbs (diff: 0)
   Handedness: 1 vs 1 (diff: 0) | Years Pro: 0 vs 0 (diff: 0)
   Contract: 1,626,686 APY
✅ Matched: Kenwin Zizak -> T.J. Sanders (Buffalo)
   Score: 100.0 | Rating: 74 vs 74 (diff: 0)
   Height: 76" vs 76" (diff: 0") | Weight: 305 vs 305 lbs (diff: 0)
   Handedness: 1 vs 1 (diff: 0) | Years Pro: 0 vs 0 (diff: 0)
   Contract: 2,680,102 APY
❌ No match: Laroni Cesario (New York N) - Using defaults
✅ Matched: Hobby Hymes -> Tre Brown (San Francisco)
   Score: 100.0 | Rating: 74 vs 74 (diff: 0)
   Height: 70" vs 70" (diff: 0") | Weight: 185 vs 185 lbs (diff: 0)
   Handedness: 1 vs 1 (diff: 0) | Years Pro: 4 vs 4 (diff: 0)
   Contract: 1,700,000 APY
✅ Matched: Landon Benjamin -> Tre Tucker (Las Vegas)
   Score: 100.0 | Rating: 74 vs 74 (diff: 0)
   Height: 69" vs 69" (diff: 0") | Weight: 185 vs 185 lbs (diff: 0)
   Handedness: 1 vs 1 (diff: 0) | Years Pro: 2 vs 2 (diff: 0)
   Contract: 1,326,021 APY
✅ Matched: Dontarrious Agase -> Tre'Davious White (Buffalo)
   Score: 100.0 | Rating: 74 vs 74 (diff: 0)
   Height: 71" vs 71" (diff: 0") | Weight: 192 vs 192 lbs (diff: 0)
   Handedness: 1 vs 1 (diff: 0) | Years Pro: 8 vs 8 (diff: 0)
   Contract: 3,000,000 APY
✅ Matched: Avon Radecic -> Trevor Penning (New Orleans)
   Score: 100.0 | Rating: 74 vs 74 (diff: 0)
   Height: 79" vs 79" (diff: 0") | Weight: 325 vs 325 lbs (diff: 0)
   Handedness: 1 vs 1 (diff: 0) | Years Pro: 3 vs 3 (diff: 0)
   Contract: 3,535,829 APY
✅ Matched: Trezelle Gonsoulin -> Tyler Bass (Buffalo)
   Score: 100.0 | Rating: 74 vs 74 (diff: 0)
   Height: 70" vs 70" (diff: 0") | Weight: 183 vs 183 lbs (diff: 0)
   Handedness: 1 vs 1 (diff: 0) | Years Pro: 5 vs 5 (diff: 0)
   Contract: 5,100,000 APY
✅ Matched: Tay Muellner -> Tyrel Dodson (Miami)
   Score: 100.0 | Rating: 74 vs 74 (diff: 0)
   Height: 72" vs 72" (diff: 0") | Weight: 237 vs 237 lbs (diff: 0)
   Handedness: 1 vs 1 (diff: 0) | Years Pro: 6 vs 6 (diff: 0)
   Contract: 3,125,000 APY
✅ Matched: Bull Redwine -> Tyrice Knight (Seattle)
   Score: 100.0 | Rating: 74 vs 74 (diff: 0)
   Height: 73" vs 73" (diff: 0") | Weight: 233 vs 233 lbs (diff: 0)
   Handedness: 1 vs 1 (diff: 0) | Years Pro: 1 vs 1 (diff: 0)
   Contract: 1,198,140 APY
✅ Matched: Vernand Beasley -> Will Dissly (Los Angeles A)
   Score: 100.0 | Rating: 74 vs 74 (diff: 0)
   Height: 76" vs 76" (diff: 0") | Weight: 265 vs 265 lbs (diff: 0)
   Handedness: 1 vs 1 (diff: 0) | Years Pro: 7 vs 7 (diff: 0)
   Contract: 4,666,667 APY
✅ Matched: Ndamukong Bernet -> Xavier Legette (Carolina)
   Score: 100.0 | Rating: 74 vs 74 (diff: 0)
   Height: 73" vs 73" (diff: 0") | Weight: 221 vs 221 lbs (diff: 0)
   Handedness: 1 vs 1 (diff: 0) | Years Pro: 1 vs 1 (diff: 0)
   Contract: 3,089,294 APY
✅ Matched: Autry Jolly -> Adam Butler (Las Vegas)
   Score: 100.0 | Rating: 73 vs 73 (diff: 0)
   Height: 76" vs 76" (diff: 0") | Weight: 300 vs 300 lbs (diff: 0)
   Handedness: 1 vs 1 (diff: 0) | Years Pro: 8 vs 8 (diff: 0)
   Contract: 5,500,000 APY
✅ Matched: Alexander Vickers -> Adonai Mitchell (Indianapolis)
   Score: 100.0 | Rating: 73 vs 73 (diff: 0)
   Height: 74" vs 74" (diff: 0") | Weight: 205 vs 205 lbs (diff: 0)
   Handedness: 1 vs 1 (diff: 0) | Years Pro: 1 vs 1 (diff: 0)
   Contract: 1,846,522 APY
✅ Matched: Jesse Gulian -> Alontae Taylor (New Orleans)
   Score: 100.0 | Rating: 73 vs 73 (diff: 0)
   Height: 73" vs 73" (diff: 0") | Weight: 199 vs 199 lbs (diff: 0)
   Handedness: 1 vs 1 (diff: 0) | Years Pro: 3 vs 3 (diff: 0)
   Contract: 1,801,175 APY
✅ Matched: Dino O'Steen -> Andres Borregales (New England)
   Score: 100.0 | Rating: 73 vs 73 (diff: 0)
   Height: 71" vs 71" (diff: 0") | Weight: 202 vs 202 lbs (diff: 0)
   Handedness: 1 vs 1 (diff: 0) | Years Pro: 0 vs 0 (diff: 0)
   Contract: 1,114,121 APY
✅ Matched: Jabari Granderson -> Andrew Billings (Chicago)
   Score: 100.0 | Rating: 73 vs 73 (diff: 0)
   Height: 73" vs 73" (diff: 0") | Weight: 311 vs 311 lbs (diff: 0)
   Handedness: 1 vs 1 (diff: 0) | Years Pro: 9 vs 9 (diff: 0)
   Contract: 4,000,000 APY
✅ Matched: Cece Hurston -> Anthony Bradford (Seattle)
   Score: 100.0 | Rating: 73 vs 73 (diff: 0)
   Height: 77" vs 77" (diff: 0") | Weight: 345 vs 345 lbs (diff: 0)
   Handedness: 1 vs 1 (diff: 0) | Years Pro: 2 vs 2 (diff: 0)
   Contract: 1,160,996 APY
✅ Matched: Arnie Willie -> Anthony Nelson (Tampa Bay)
   Score: 100.0 | Rating: 73 vs 73 (diff: 0)
   Height: 79" vs 79" (diff: 0") | Weight: 271 vs 271 lbs (diff: 0)
   Handedness: 1 vs 1 (diff: 0) | Years Pro: 6 vs 6 (diff: 0)
   Contract: 5,000,000 APY
✅ Matched: Ernie Pureifory -> Ashton Gillotte (Kansas City)
   Score: 100.0 | Rating: 73 vs 73 (diff: 0)
   Height: 75" vs 75" (diff: 0") | Weight: 264 vs 264 lbs (diff: 0)
   Handedness: 1 vs 1 (diff: 0) | Years Pro: 0 vs 0 (diff: 0)
   Contract: 1,686,156 APY
✅ Matched: Pinky Chrape -> Austin Hooper (New England)
   Score: 100.0 | Rating: 73 vs 73 (diff: 0)
   Height: 76" vs 76" (diff: 0") | Weight: 254 vs 254 lbs (diff: 0)
   Handedness: 0 vs 0 (diff: 0) | Years Pro: 9 vs 9 (diff: 0)
   Contract: 5,000,000 APY
✅ Matched: Rusty Ananis -> Azeez Ojulari (Philadelphia)
   Score: 100.0 | Rating: 73 vs 73 (diff: 0)
   Height: 75" vs 75" (diff: 0") | Weight: 240 vs 240 lbs (diff: 0)
   Handedness: 1 vs 1 (diff: 0) | Years Pro: 4 vs 4 (diff: 0)
   Contract: 3,000,000 APY
✅ Matched: Cory Peabody -> Blake Grupe (New Orleans)
   Score: 100.0 | Rating: 73 vs 73 (diff: 0)
   Height: 67" vs 67" (diff: 0") | Weight: 160 vs 160 lbs (diff: 0)
   Handedness: 1 vs 1 (diff: 0) | Years Pro: 2 vs 2 (diff: 0)
   Contract: 899,167 APY
✅ Matched: Timmy Nystrom -> Bradley Bozeman (Los Angeles A)
   Score: 100.0 | Rating: 73 vs 73 (diff: 0)
   Height: 77" vs 77" (diff: 0") | Weight: 317 vs 317 lbs (diff: 0)
   Handedness: 1 vs 1 (diff: 0) | Years Pro: 7 vs 7 (diff: 0)
   Contract: 3,250,000 APY
✅ Matched: Ramses Volek -> Braxton Berrios (Houston)
   Score: 100.0 | Rating: 73 vs 73 (diff: 0)
   Height: 69" vs 69" (diff: 0") | Weight: 190 vs 190 lbs (diff: 0)
   Handedness: 1 vs 1 (diff: 0) | Years Pro: 7 vs 7 (diff: 0)
   Contract: 1,800,000 APY
✅ Matched: Hal Hafen -> Bryce Hall (Tampa Bay)
   Score: 100.0 | Rating: 73 vs 73 (diff: 0)
   Height: 73" vs 73" (diff: 0") | Weight: 202 vs 202 lbs (diff: 0)
   Handedness: 1 vs 1 (diff: 0) | Years Pro: 5 vs 5 (diff: 0)
   Contract: 1,170,000 APY
✅ Matched: Garrison Werl -> Caleb Ransaw (Jacksonville)
   Score: 100.0 | Rating: 73 vs 73 (diff: 0)
   Height: 72" vs 72" (diff: 0") | Weight: 197 vs 197 lbs (diff: 0)
   Handedness: 1 vs 1 (diff: 0) | Years Pro: 0 vs 0 (diff: 0)
   Contract: 1,570,270 APY
❌ No match: Marlon Gradkowski (New York N) - Using defaults
⚠️  No contract: Lamonte Maneri -> Cedrick Wilson Jr (New Orleans) - Using defaults
✅ Matched: Sims Sager -> Chris Moore (Washington)
   Score: 100.0 | Rating: 73 vs 73 (diff: 0)
   Height: 73" vs 73" (diff: 0") | Weight: 200 vs 200 lbs (diff: 0)
   Handedness: 1 vs 1 (diff: 0) | Years Pro: 8 vs 8 (diff: 0)
   Contract: 1,255,000 APY
✅ Matched: Kregg Kellar -> Chris Braswell (Tampa Bay)
   Score: 100.0 | Rating: 73 vs 73 (diff: 0)
   Height: 75" vs 75" (diff: 0") | Weight: 251 vs 251 lbs (diff: 0)
   Handedness: 1 vs 1 (diff: 0) | Years Pro: 1 vs 1 (diff: 0)
   Contract: 1,696,299 APY
✅ Matched: Marquis Mcclure -> Christian Rozeboom (Carolina)
   Score: 100.0 | Rating: 73 vs 73 (diff: 0)
   Height: 74" vs 74" (diff: 0") | Weight: 230 vs 230 lbs (diff: 0)
   Handedness: 1 vs 1 (diff: 0) | Years Pro: 5 vs 5 (diff: 0)
   Contract: 2,500,000 APY
✅ Matched: Harry Haliburton -> Cole Strange (New England)
   Score: 100.0 | Rating: 73 vs 73 (diff: 0)
   Height: 77" vs 77" (diff: 0") | Weight: 305 vs 305 lbs (diff: 0)
   Handedness: 1 vs 1 (diff: 0) | Years Pro: 3 vs 3 (diff: 0)
   Contract: 3,063,992 APY
✅ Matched: Tye Parseghian -> Coleman Shelton (Los Angeles N)
   Score: 100.0 | Rating: 73 vs 73 (diff: 0)
   Height: 76" vs 76" (diff: 0") | Weight: 299 vs 299 lbs (diff: 0)
   Handedness: 1 vs 1 (diff: 0) | Years Pro: 6 vs 6 (diff: 0)
   Contract: 6,000,000 APY
✅ Matched: Nicky Wayne -> Colston Loveland (Chicago)
   Score: 100.0 | Rating: 73 vs 73 (diff: 0)
   Height: 78" vs 78" (diff: 0") | Weight: 248 vs 248 lbs (diff: 0)
   Handedness: 1 vs 1 (diff: 0) | Years Pro: 0 vs 0 (diff: 0)
   Contract: 6,659,002 APY
✅ Matched: Travis Sharper -> Colton McKivitz (San Francisco)
   Score: 100.0 | Rating: 73 vs 73 (diff: 0)
   Height: 78" vs 78" (diff: 0") | Weight: 301 vs 301 lbs (diff: 0)
   Handedness: 1 vs 1 (diff: 0) | Years Pro: 5 vs 5 (diff: 0)
   Contract: 2,305,000 APY
✅ Matched: Edgar Jecha -> Dallas Turner (Minnesota)
   Score: 100.0 | Rating: 73 vs 73 (diff: 0)
   Height: 75" vs 75" (diff: 0") | Weight: 247 vs 247 lbs (diff: 0)
   Handedness: 1 vs 1 (diff: 0) | Years Pro: 1 vs 1 (diff: 0)
   Contract: 3,941,716 APY
✅ Matched: Elvin Mcelmurry -> Damontae Kazee (Cleveland)
   Score: 100.0 | Rating: 73 vs 73 (diff: 0)
   Height: 71" vs 71" (diff: 0") | Weight: 174 vs 174 lbs (diff: 0)
   Handedness: 1 vs 1 (diff: 0) | Years Pro: 8 vs 8 (diff: 0)
   Contract: 1,422,500 APY
❌ No match: Calais Gajan (New York N) - Using defaults
✅ Matched: Biff Wojcik -> Daniel Faalele (Baltimore)
   Score: 100.0 | Rating: 73 vs 73 (diff: 0)
   Height: 80" vs 80" (diff: 0") | Weight: 380 vs 380 lbs (diff: 0)
   Handedness: 1 vs 1 (diff: 0) | Years Pro: 3 vs 3 (diff: 0)
   Contract: 1,115,085 APY
✅ Matched: Juron Spavital -> Darius Robinson (Arizona)
   Score: 100.0 | Rating: 73 vs 73 (diff: 0)
   Height: 77" vs 77" (diff: 0") | Weight: 285 vs 285 lbs (diff: 0)
   Handedness: 1 vs 1 (diff: 0) | Years Pro: 1 vs 1 (diff: 0)
   Contract: 3,467,332 APY
✅ Matched: Richie Lefear -> David Ojabo (Baltimore)
   Score: 100.0 | Rating: 73 vs 73 (diff: 0)
   Height: 76" vs 76" (diff: 0") | Weight: 255 vs 255 lbs (diff: 0)
   Handedness: 1 vs 1 (diff: 0) | Years Pro: 3 vs 3 (diff: 0)
   Contract: 1,977,280 APY
✅ Matched: Fearon Mckoy -> Dayo Odeyingbo (Chicago)
   Score: 100.0 | Rating: 73 vs 73 (diff: 0)
   Height: 78" vs 78" (diff: 0") | Weight: 276 vs 276 lbs (diff: 0)
   Handedness: 1 vs 1 (diff: 0) | Years Pro: 4 vs 4 (diff: 0)
   Contract: 16,000,000 APY
✅ Matched: Sheldon Molk -> Derek Barnett (Houston)
   Score: 100.0 | Rating: 73 vs 73 (diff: 0)
   Height: 75" vs 75" (diff: 0") | Weight: 259 vs 259 lbs (diff: 0)
   Handedness: 1 vs 1 (diff: 0) | Years Pro: 8 vs 8 (diff: 0)
   Contract: 4,000,000 APY
✅ Matched: Jimmy Micka -> Derion Kendrick (Los Angeles N)
   Score: 100.0 | Rating: 73 vs 73 (diff: 0)
   Height: 72" vs 72" (diff: 0") | Weight: 190 vs 190 lbs (diff: 0)
   Handedness: 1 vs 1 (diff: 0) | Years Pro: 3 vs 3 (diff: 0)
   Contract: 1,030,000 APY
✅ Matched: David Boyle -> Derrick Barnes (Detroit)
   Score: 100.0 | Rating: 73 vs 73 (diff: 0)
   Height: 73" vs 73" (diff: 0") | Weight: 245 vs 245 lbs (diff: 0)
   Handedness: 1 vs 1 (diff: 0) | Years Pro: 4 vs 4 (diff: 0)
   Contract: 8,000,000 APY
✅ Matched: Oniel Hutchins -> Divine Deablo (Atlanta)
   Score: 100.0 | Rating: 73 vs 73 (diff: 0)
   Height: 75" vs 75" (diff: 0") | Weight: 226 vs 226 lbs (diff: 0)
   Handedness: 1 vs 1 (diff: 0) | Years Pro: 4 vs 4 (diff: 0)
   Contract: 7,000,000 APY
⚠️  No contract: Anttaj Stegent -> DJ Glaze (Las Vegas) - Using defaults
✅ Matched: Bilal Roder -> Donovan Peoples-Jones (New Orleans)
   Score: 100.0 | Rating: 73 vs 73 (diff: 0)
   Height: 74" vs 74" (diff: 0") | Weight: 204 vs 204 lbs (diff: 0)
   Handedness: 1 vs 1 (diff: 0) | Years Pro: 5 vs 5 (diff: 0)
   Contract: 1,170,000 APY
✅ Matched: Dunta Schoenke -> Ed Ingram (Houston)
   Score: 100.0 | Rating: 73 vs 73 (diff: 0)
   Height: 75" vs 75" (diff: 0") | Weight: 307 vs 307 lbs (diff: 0)
   Handedness: 1 vs 1 (diff: 0) | Years Pro: 3 vs 3 (diff: 0)
   Contract: 1,499,496 APY
✅ Matched: Ted Shegog -> Eric Murray (Jacksonville)
   Score: 100.0 | Rating: 73 vs 73 (diff: 0)
   Height: 71" vs 71" (diff: 0") | Weight: 199 vs 199 lbs (diff: 0)
   Handedness: 1 vs 1 (diff: 0) | Years Pro: 9 vs 9 (diff: 0)
   Contract: 6,500,000 APY
✅ Matched: Wendall Neil -> Eric Wilson (Minnesota)
   Score: 100.0 | Rating: 73 vs 73 (diff: 0)
   Height: 73" vs 73" (diff: 0") | Weight: 230 vs 230 lbs (diff: 0)
   Handedness: 1 vs 1 (diff: 0) | Years Pro: 8 vs 8 (diff: 0)
   Contract: 2,600,000 APY
✅ Matched: Casey Pricer -> Evan Williams (Green Bay)
   Score: 100.0 | Rating: 73 vs 73 (diff: 0)
   Height: 71" vs 71" (diff: 0") | Weight: 200 vs 200 lbs (diff: 0)
   Handedness: 1 vs 1 (diff: 0) | Years Pro: 1 vs 1 (diff: 0)
   Contract: 1,205,720 APY
✅ Matched: Dawan Graves -> Graham Barton (Tampa Bay)
   Score: 100.0 | Rating: 73 vs 73 (diff: 0)
   Height: 77" vs 77" (diff: 0") | Weight: 311 vs 311 lbs (diff: 0)
   Handedness: 1 vs 1 (diff: 0) | Years Pro: 1 vs 1 (diff: 0)
   Contract: 3,506,864 APY
✅ Matched: Brodney Goodwin -> Greg Dortch (Arizona)
   Score: 100.0 | Rating: 73 vs 73 (diff: 0)
   Height: 67" vs 67" (diff: 0") | Weight: 175 vs 175 lbs (diff: 0)
   Handedness: 1 vs 1 (diff: 0) | Years Pro: 7 vs 7 (diff: 0)
   Contract: 3,263,000 APY
✅ Matched: Fay Lay -> Greg Gaines (Tampa Bay)
   Score: 100.0 | Rating: 73 vs 73 (diff: 0)
   Height: 73" vs 73" (diff: 0") | Weight: 312 vs 312 lbs (diff: 0)
   Handedness: 1 vs 1 (diff: 0) | Years Pro: 6 vs 6 (diff: 0)
   Contract: 3,500,000 APY
✅ Matched: Rashon Iupati -> Hunter Renfrow (Carolina)
   Score: 100.0 | Rating: 73 vs 73 (diff: 0)
   Height: 70" vs 70" (diff: 0") | Weight: 185 vs 185 lbs (diff: 0)
   Handedness: 1 vs 1 (diff: 0) | Years Pro: 6 vs 6 (diff: 0)
   Contract: 1,220,000 APY
✅ Matched: Hason Forte -> Isaac Guerendo (San Francisco)
   Score: 100.0 | Rating: 73 vs 73 (diff: 0)
   Height: 72" vs 72" (diff: 0") | Weight: 221 vs 221 lbs (diff: 0)
   Handedness: 1 vs 1 (diff: 0) | Years Pro: 1 vs 1 (diff: 0)
   Contract: 1,181,132 APY
✅ Matched: Bing Herline -> Isaac Yiadom (New Orleans)
   Score: 100.0 | Rating: 73 vs 73 (diff: 0)
   Height: 73" vs 73" (diff: 0") | Weight: 188 vs 188 lbs (diff: 0)
   Handedness: 1 vs 1 (diff: 0) | Years Pro: 7 vs 7 (diff: 0)
   Contract: 3,000,000 APY
✅ Matched: Jessie Schuler -> Isaiah McDuffie (Green Bay)
   Score: 100.0 | Rating: 73 vs 73 (diff: 0)
   Height: 73" vs 73" (diff: 0") | Weight: 227 vs 227 lbs (diff: 0)
   Handedness: 1 vs 1 (diff: 0) | Years Pro: 4 vs 4 (diff: 0)
   Contract: 4,000,000 APY
✅ Matched: Liam Mcevoy -> J.J. McCarthy (Minnesota)
   Score: 100.0 | Rating: 73 vs 73 (diff: 0)
   Height: 75" vs 75" (diff: 0") | Weight: 219 vs 219 lbs (diff: 0)
   Handedness: 1 vs 1 (diff: 0) | Years Pro: 1 vs 1 (diff: 0)
   Contract: 5,463,699 APY
✅ Matched: Walker Maczuzak -> Ja'Marcus Ingram (Buffalo)
   Score: 100.0 | Rating: 73 vs 73 (diff: 0)
   Height: 73" vs 73" (diff: 0") | Weight: 185 vs 185 lbs (diff: 0)
   Handedness: 1 vs 1 (diff: 0) | Years Pro: 2 vs 2 (diff: 0)
   Contract: 976,250 APY
✅ Matched: Dedric Christman -> Jack Bech (Las Vegas)
   Score: 100.0 | Rating: 73 vs 73 (diff: 0)
   Height: 73" vs 73" (diff: 0") | Weight: 214 vs 214 lbs (diff: 0)
   Handedness: 1 vs 1 (diff: 0) | Years Pro: 0 vs 0 (diff: 0)
   Contract: 1,889,704 APY
⚠️  No contract: Brad Ply -> Jacob Martin (Washington) - Using defaults
✅ Matched: Jon Heeter -> Jaden Hicks (Kansas City)
   Score: 100.0 | Rating: 73 vs 73 (diff: 0)
   Height: 74" vs 74" (diff: 0") | Weight: 215 vs 215 lbs (diff: 0)
   Handedness: 1 vs 1 (diff: 0) | Years Pro: 1 vs 1 (diff: 0)
   Contract: 1,137,177 APY
✅ Matched: Dwone Jacquith -> Jahan Dotson (Philadelphia)
   Score: 100.0 | Rating: 73 vs 73 (diff: 0)
   Height: 71" vs 71" (diff: 0") | Weight: 182 vs 182 lbs (diff: 0)
   Handedness: 1 vs 1 (diff: 0) | Years Pro: 3 vs 3 (diff: 0)
   Contract: 2,757,048 APY
✅ Matched: Kipp Selawski -> Jakorian Bennett (Las Vegas)
   Score: 100.0 | Rating: 73 vs 73 (diff: 0)
   Height: 71" vs 71" (diff: 0") | Weight: 195 vs 195 lbs (diff: 0)
   Handedness: 1 vs 1 (diff: 0) | Years Pro: 2 vs 2 (diff: 0)
   Contract: 1,165,899 APY
✅ Matched: Manny Giles -> Jalen Coker (Carolina)
   Score: 100.0 | Rating: 73 vs 73 (diff: 0)
   Height: 73" vs 73" (diff: 0") | Weight: 210 vs 210 lbs (diff: 0)
   Handedness: 1 vs 1 (diff: 0) | Years Pro: 1 vs 1 (diff: 0)
   Contract: 795,000 APY
✅ Matched: Gosder Nagurski -> Jarrian Jones (Jacksonville)
   Score: 100.0 | Rating: 73 vs 73 (diff: 0)
   Height: 72" vs 72" (diff: 0") | Weight: 191 vs 191 lbs (diff: 0)
   Handedness: 1 vs 1 (diff: 0) | Years Pro: 1 vs 1 (diff: 0)
   Contract: 1,399,078 APY
⚠️  No contract: Beau Stromberg -> Jarvis Brownlee Jr (Tennessee) - Using defaults
✅ Matched: Heinie Yearby -> Javon Kinlaw (Washington)
   Score: 100.0 | Rating: 73 vs 73 (diff: 0)
   Height: 77" vs 77" (diff: 0") | Weight: 330 vs 330 lbs (diff: 0)
   Handedness: 1 vs 1 (diff: 0) | Years Pro: 5 vs 5 (diff: 0)
   Contract: 15,000,000 APY
✅ Matched: Kay-Jay Ratigan -> Jaylen Wright (Miami)
   Score: 100.0 | Rating: 73 vs 73 (diff: 0)
   Height: 71" vs 71" (diff: 0") | Weight: 210 vs 210 lbs (diff: 0)
   Handedness: 1 vs 1 (diff: 0) | Years Pro: 1 vs 1 (diff: 0)
   Contract: 1,195,005 APY
✅ Matched: Freeman Cousin -> Jaylin Noel (Houston)
   Score: 100.0 | Rating: 73 vs 73 (diff: 0)
   Height: 70" vs 70" (diff: 0") | Weight: 194 vs 194 lbs (diff: 0)
   Handedness: 1 vs 1 (diff: 0) | Years Pro: 0 vs 0 (diff: 0)
   Contract: 1,616,714 APY
✅ Matched: Olindo Akiu -> Jeremy Reaves (Washington)
   Score: 100.0 | Rating: 73 vs 73 (diff: 0)
   Height: 71" vs 71" (diff: 0") | Weight: 200 vs 200 lbs (diff: 0)
   Handedness: 1 vs 1 (diff: 0) | Years Pro: 7 vs 7 (diff: 0)
   Contract: 5,995,000 APY
✅ Matched: Brodie Fullington -> Jonah Elliss (Denver)
   Score: 100.0 | Rating: 73 vs 73 (diff: 0)
   Height: 74" vs 74" (diff: 0") | Weight: 248 vs 248 lbs (diff: 0)
   Handedness: 1 vs 1 (diff: 0) | Years Pro: 1 vs 1 (diff: 0)
   Contract: 1,467,679 APY
✅ Matched: Spec Bartell -> Jonah Savaiinaea (Miami)
   Score: 100.0 | Rating: 73 vs 73 (diff: 0)
   Height: 76" vs 76" (diff: 0") | Weight: 324 vs 324 lbs (diff: 0)
   Handedness: 1 vs 1 (diff: 0) | Years Pro: 0 vs 0 (diff: 0)
   Contract: 2,830,619 APY
✅ Matched: Phillip Furrey -> Jonathan Bullard (New Orleans)
   Score: 100.0 | Rating: 73 vs 73 (diff: 0)
   Height: 75" vs 75" (diff: 0") | Weight: 290 vs 290 lbs (diff: 0)
   Handedness: 1 vs 1 (diff: 0) | Years Pro: 9 vs 9 (diff: 0)
   Contract: 1,422,500 APY
✅ Matched: Wee Stansbury -> Jordan Burch (Arizona)
   Score: 100.0 | Rating: 73 vs 73 (diff: 0)
   Height: 76" vs 76" (diff: 0") | Weight: 279 vs 279 lbs (diff: 0)
   Handedness: 1 vs 1 (diff: 0) | Years Pro: 0 vs 0 (diff: 0)
   Contract: 1,622,369 APY
✅ Matched: Wesly Rechichar -> Jordan James (San Francisco)
   Score: 100.0 | Rating: 73 vs 73 (diff: 0)
   Height: 70" vs 70" (diff: 0") | Weight: 208 vs 208 lbs (diff: 0)
   Handedness: 1 vs 1 (diff: 0) | Years Pro: 0 vs 0 (diff: 0)
   Contract: 1,159,921 APY
✅ Matched: Ben Delmas -> Jordan Howden (New Orleans)
   Score: 100.0 | Rating: 73 vs 73 (diff: 0)
   Height: 72" vs 72" (diff: 0") | Weight: 209 vs 209 lbs (diff: 0)
   Handedness: 1 vs 1 (diff: 0) | Years Pro: 2 vs 2 (diff: 0)
   Contract: 1,041,682 APY
✅ Matched: Sedric Sulfsted -> Josh Oliver (Minnesota)
   Score: 100.0 | Rating: 73 vs 73 (diff: 0)
   Height: 77" vs 77" (diff: 0") | Weight: 259 vs 259 lbs (diff: 0)
   Handedness: 1 vs 1 (diff: 0) | Years Pro: 6 vs 6 (diff: 0)
   Contract: 7,750,000 APY
✅ Matched: Lee Greisen -> Justin Watson (Houston)
   Score: 100.0 | Rating: 73 vs 73 (diff: 0)
   Height: 74" vs 74" (diff: 0") | Weight: 215 vs 215 lbs (diff: 0)
   Handedness: 1 vs 1 (diff: 0) | Years Pro: 7 vs 7 (diff: 0)
   Contract: 2,500,000 APY
⚠️  No contract: Horace Molinet -> K'Lavon Chaisson (New England) - Using defaults
✅ Matched: Ladairis Pease -> Kelvin Beachum (Arizona)
   Score: 100.0 | Rating: 73 vs 73 (diff: 0)
   Height: 75" vs 75" (diff: 0") | Weight: 308 vs 308 lbs (diff: 0)
   Handedness: 1 vs 1 (diff: 0) | Years Pro: 13 vs 13 (diff: 0)
   Contract: 4,000,000 APY
⚠️  No contract: Baby Easlick -> Kenneth Murray Jr (Dallas) - Using defaults
✅ Matched: D'Marco Crabb -> Kevin Givens (San Francisco)
   Score: 100.0 | Rating: 73 vs 73 (diff: 0)
   Height: 73" vs 73" (diff: 0") | Weight: 285 vs 285 lbs (diff: 0)
   Handedness: 1 vs 1 (diff: 0) | Years Pro: 6 vs 6 (diff: 0)
   Contract: 2,050,000 APY
✅ Matched: Cornelius Wham -> Kirk Cousins (Atlanta)
   Score: 100.0 | Rating: 73 vs 73 (diff: 0)
   Height: 75" vs 75" (diff: 0") | Weight: 205 vs 205 lbs (diff: 0)
   Handedness: 1 vs 1 (diff: 0) | Years Pro: 13 vs 13 (diff: 0)
   Contract: 45,000,000 APY
✅ Matched: Lional Havner -> Kris Abrams-Draine (Denver)
   Score: 100.0 | Rating: 73 vs 73 (diff: 0)
   Height: 71" vs 71" (diff: 0") | Weight: 179 vs 179 lbs (diff: 0)
   Handedness: 1 vs 1 (diff: 0) | Years Pro: 1 vs 1 (diff: 0)
   Contract: 1,092,068 APY
✅ Matched: Maxie Kimmel -> Landon Jackson (Buffalo)
   Score: 100.0 | Rating: 73 vs 73 (diff: 0)
   Height: 78" vs 78" (diff: 0") | Weight: 264 vs 264 lbs (diff: 0)
   Handedness: 1 vs 1 (diff: 0) | Years Pro: 0 vs 0 (diff: 0)
   Contract: 1,654,746 APY
⚠️  No contract: Lacurtis Harold -> Laviska Shenault Jr (Buffalo) - Using defaults
⚠️  No contract: Wiley Korisky -> Lonnie Johnson Jr (Las Vegas) - Using defaults
✅ Matched: Kendrick Maiava -> Malcolm Roach (Denver)
   Score: 100.0 | Rating: 73 vs 73 (diff: 0)
   Height: 75" vs 75" (diff: 0") | Weight: 290 vs 290 lbs (diff: 0)
   Handedness: 1 vs 1 (diff: 0) | Years Pro: 5 vs 5 (diff: 0)
   Contract: 3,500,000 APY
✅ Matched: Verlin Tannen -> Malcolm Koonce (Las Vegas)
   Score: 100.0 | Rating: 73 vs 73 (diff: 0)
   Height: 74" vs 74" (diff: 0") | Weight: 250 vs 250 lbs (diff: 0)
   Handedness: 1 vs 1 (diff: 0) | Years Pro: 4 vs 4 (diff: 0)
   Contract: 11,040,000 APY
✅ Matched: Aundrae Bowie -> Malik Harrison (Pittsburgh)
   Score: 100.0 | Rating: 73 vs 73 (diff: 0)
   Height: 75" vs 75" (diff: 0") | Weight: 259 vs 259 lbs (diff: 0)
   Handedness: 1 vs 1 (diff: 0) | Years Pro: 5 vs 5 (diff: 0)
   Contract: 5,000,000 APY
✅ Matched: Tony Torrey -> Markquese Bell (Dallas)
   Score: 100.0 | Rating: 73 vs 73 (diff: 0)
   Height: 75" vs 75" (diff: 0") | Weight: 205 vs 205 lbs (diff: 0)
   Handedness: 1 vs 1 (diff: 0) | Years Pro: 3 vs 3 (diff: 0)
   Contract: 3,000,000 APY
⚠️  No contract: Howie Sandberg -> MarShawn Lloyd (Green Bay) - Using defaults
✅ Matched: Nick Strozier -> Mazi Smith (Dallas)
   Score: 100.0 | Rating: 73 vs 73 (diff: 0)
   Height: 75" vs 75" (diff: 0") | Weight: 337 vs 337 lbs (diff: 0)
   Handedness: 1 vs 1 (diff: 0) | Years Pro: 2 vs 2 (diff: 0)
   Contract: 3,318,674 APY
✅ Matched: Rayford Winfrey -> Michael Mayer (Las Vegas)
   Score: 100.0 | Rating: 73 vs 73 (diff: 0)
   Height: 76" vs 76" (diff: 0") | Weight: 265 vs 265 lbs (diff: 0)
   Handedness: 1 vs 1 (diff: 0) | Years Pro: 2 vs 2 (diff: 0)
   Contract: 2,328,411 APY
⚠️  No contract: Malcolm Karras -> Mike Ford Jr (Atlanta) - Using defaults
✅ Matched: Winfred Ditka -> Mo Alie-Cox (Indianapolis)
   Score: 100.0 | Rating: 73 vs 73 (diff: 0)
   Height: 77" vs 77" (diff: 0") | Weight: 267 vs 267 lbs (diff: 0)
   Handedness: 1 vs 1 (diff: 0) | Years Pro: 7 vs 7 (diff: 0)
   Contract: 2,200,000 APY
✅ Matched: Kimble Pessolano -> Morgan Fox (Atlanta)
   Score: 100.0 | Rating: 73 vs 73 (diff: 0)
   Height: 75" vs 75" (diff: 0") | Weight: 275 vs 275 lbs (diff: 0)
   Handedness: 1 vs 1 (diff: 0) | Years Pro: 9 vs 9 (diff: 0)
   Contract: 2,750,000 APY
✅ Matched: Frosty Weiss -> Nazeeh Johnson (Kansas City)
   Score: 100.0 | Rating: 73 vs 73 (diff: 0)
   Height: 70" vs 70" (diff: 0") | Weight: 199 vs 199 lbs (diff: 0)
   Handedness: 1 vs 1 (diff: 0) | Years Pro: 3 vs 3 (diff: 0)
   Contract: 1,900,000 APY
✅ Matched: Levon Balasz -> Nohl Williams (Kansas City)
   Score: 100.0 | Rating: 73 vs 73 (diff: 0)
   Height: 72" vs 72" (diff: 0") | Weight: 199 vs 199 lbs (diff: 0)
   Handedness: 1 vs 1 (diff: 0) | Years Pro: 0 vs 0 (diff: 0)
   Contract: 1,583,879 APY
✅ Matched: Holbert Mihajlovich -> O'Cyrus Torrence (Buffalo)
   Score: 100.0 | Rating: 73 vs 73 (diff: 0)
   Height: 77" vs 77" (diff: 0") | Weight: 347 vs 347 lbs (diff: 0)
   Handedness: 1 vs 1 (diff: 0) | Years Pro: 2 vs 2 (diff: 0)
   Contract: 1,555,245 APY
✅ Matched: Loyal Kirchbaum -> Olamide Zaccheaus (Chicago)
   Score: 100.0 | Rating: 73 vs 73 (diff: 0)
   Height: 68" vs 68" (diff: 0") | Weight: 193 vs 193 lbs (diff: 0)
   Handedness: 1 vs 1 (diff: 0) | Years Pro: 6 vs 6 (diff: 0)
   Contract: 1,500,000 APY
✅ Matched: Seneca Frazier -> P.J. Locke (Denver)
   Score: 100.0 | Rating: 73 vs 73 (diff: 0)
   Height: 70" vs 70" (diff: 0") | Weight: 202 vs 202 lbs (diff: 0)
   Handedness: 1 vs 1 (diff: 0) | Years Pro: 6 vs 6 (diff: 0)
   Contract: 3,500,000 APY
✅ Matched: Klaus Legree -> Payton Turner (Dallas)
   Score: 100.0 | Rating: 73 vs 73 (diff: 0)
   Height: 78" vs 78" (diff: 0") | Weight: 270 vs 270 lbs (diff: 0)
   Handedness: 1 vs 1 (diff: 0) | Years Pro: 4 vs 4 (diff: 0)
   Contract: 2,500,000 APY
✅ Matched: Reaves Clements -> Richie Grant (San Francisco)
   Score: 100.0 | Rating: 73 vs 73 (diff: 0)
   Height: 72" vs 72" (diff: 0") | Weight: 200 vs 200 lbs (diff: 0)
   Handedness: 1 vs 1 (diff: 0) | Years Pro: 4 vs 4 (diff: 0)
   Contract: 1,500,000 APY
✅ Matched: Pepper Nead -> Ronnie Hickman (Cleveland)
   Score: 100.0 | Rating: 73 vs 73 (diff: 0)
   Height: 73" vs 73" (diff: 0") | Weight: 209 vs 209 lbs (diff: 0)
   Handedness: 1 vs 1 (diff: 0) | Years Pro: 2 vs 2 (diff: 0)
   Contract: 905,000 APY
❌ No match: Laval Mahan (New York N) - Using defaults
✅ Matched: Buzz Dagata -> Ruke Orhorhoro (Atlanta)
   Score: 100.0 | Rating: 73 vs 73 (diff: 0)
   Height: 76" vs 76" (diff: 0") | Weight: 290 vs 290 lbs (diff: 0)
   Handedness: 1 vs 1 (diff: 0) | Years Pro: 1 vs 1 (diff: 0)
   Contract: 2,479,032 APY
✅ Matched: Woody Hearden -> Ryan Rehkow (Cincinnati)
   Score: 100.0 | Rating: 73 vs 73 (diff: 0)
   Height: 76" vs 76" (diff: 0") | Weight: 235 vs 235 lbs (diff: 0)
   Handedness: 1 vs 1 (diff: 0) | Years Pro: 1 vs 1 (diff: 0)
   Contract: 1,017,500 APY
✅ Matched: Leotis Remo -> Sean Rhyan (Green Bay)
   Score: 100.0 | Rating: 73 vs 73 (diff: 0)
   Height: 77" vs 77" (diff: 0") | Weight: 321 vs 321 lbs (diff: 0)
   Handedness: 1 vs 1 (diff: 0) | Years Pro: 3 vs 3 (diff: 0)
   Contract: 1,280,714 APY
✅ Matched: Vannie Chiaverini -> Starling Thomas V (Arizona)
   Score: 100.0 | Rating: 73 vs 73 (diff: 0)
   Height: 70" vs 70" (diff: 0") | Weight: 194 vs 194 lbs (diff: 0)
   Handedness: 1 vs 1 (diff: 0) | Years Pro: 2 vs 2 (diff: 0)
   Contract: 905,000 APY
✅ Matched: Baraka Yelvington -> Sterling Shepard (Tampa Bay)
   Score: 100.0 | Rating: 73 vs 73 (diff: 0)
   Height: 70" vs 70" (diff: 0") | Weight: 196 vs 196 lbs (diff: 0)
   Handedness: 1 vs 1 (diff: 0) | Years Pro: 9 vs 9 (diff: 0)
   Contract: 1,750,000 APY
✅ Matched: Toussaint Tarr -> Sydney Brown (Philadelphia)
   Score: 100.0 | Rating: 73 vs 73 (diff: 0)
   Height: 70" vs 70" (diff: 0") | Weight: 211 vs 211 lbs (diff: 0)
   Handedness: 1 vs 1 (diff: 0) | Years Pro: 2 vs 2 (diff: 0)
   Contract: 1,436,110 APY
✅ Matched: Rashad Bruton -> Terence Steele (Dallas)
   Score: 100.0 | Rating: 73 vs 73 (diff: 0)
   Height: 78" vs 78" (diff: 0") | Weight: 310 vs 310 lbs (diff: 0)
   Handedness: 1 vs 1 (diff: 0) | Years Pro: 5 vs 5 (diff: 0)
   Contract: 16,500,000 APY
❌ No match: Corbin Mealey (New York A) - Using defaults
⚠️  No contract: Domanick President -> Tim Settle Jr (Houston) - Using defaults
✅ Matched: Cub Beuerlein -> Tre Herndon (Indianapolis)
   Score: 100.0 | Rating: 73 vs 73 (diff: 0)
   Height: 71" vs 71" (diff: 0") | Weight: 190 vs 190 lbs (diff: 0)
   Handedness: 1 vs 1 (diff: 0) | Years Pro: 7 vs 7 (diff: 0)
   Contract: 1,170,000 APY
✅ Matched: Jahvid Hummell -> Trent Sieg (Dallas)
   Score: 100.0 | Rating: 73 vs 73 (diff: 0)
   Height: 75" vs 75" (diff: 0") | Weight: 240 vs 240 lbs (diff: 0)
   Handedness: 1 vs 1 (diff: 0) | Years Pro: 7 vs 7 (diff: 0)
   Contract: 1,483,333 APY
✅ Matched: Marco O'Neal -> Tress Way (Washington)
   Score: 100.0 | Rating: 73 vs 73 (diff: 0)
   Height: 73" vs 73" (diff: 0") | Weight: 220 vs 220 lbs (diff: 0)
   Handedness: 0 vs 0 (diff: 0) | Years Pro: 12 vs 12 (diff: 0)
   Contract: 2,872,500 APY
✅ Matched: Edward Triggs -> Trey Palmer (Tampa Bay)
   Score: 100.0 | Rating: 73 vs 73 (diff: 0)
   Height: 72" vs 72" (diff: 0") | Weight: 192 vs 192 lbs (diff: 0)
   Handedness: 1 vs 1 (diff: 0) | Years Pro: 2 vs 2 (diff: 0)
   Contract: 1,004,823 APY
✅ Matched: Burgess Vaughan -> Ty Johnson (Buffalo)
   Score: 100.0 | Rating: 73 vs 73 (diff: 0)
   Height: 71" vs 71" (diff: 0") | Weight: 210 vs 210 lbs (diff: 0)
   Handedness: 1 vs 1 (diff: 0) | Years Pro: 6 vs 6 (diff: 0)
   Contract: 2,500,000 APY
✅ Matched: Isaiah Sklopan -> Ty Chandler (Minnesota)
   Score: 100.0 | Rating: 73 vs 73 (diff: 0)
   Height: 71" vs 71" (diff: 0") | Weight: 204 vs 204 lbs (diff: 0)
   Handedness: 1 vs 1 (diff: 0) | Years Pro: 3 vs 3 (diff: 0)
   Contract: 989,710 APY
✅ Matched: Ebby Mcquistan -> Tyler Guyton (Dallas)
   Score: 100.0 | Rating: 73 vs 73 (diff: 0)
   Height: 79" vs 79" (diff: 0") | Weight: 327 vs 327 lbs (diff: 0)
   Handedness: 1 vs 1 (diff: 0) | Years Pro: 1 vs 1 (diff: 0)
   Contract: 3,288,952 APY
✅ Matched: Fest Capp -> Tyler Loop (Baltimore)
   Score: 100.0 | Rating: 73 vs 73 (diff: 0)
   Height: 71" vs 71" (diff: 0") | Weight: 191 vs 191 lbs (diff: 0)
   Handedness: 1 vs 1 (diff: 0) | Years Pro: 0 vs 0 (diff: 0)
   Contract: 1,111,193 APY
✅ Matched: Dorin Weimer -> Tyquan Lewis (Indianapolis)
   Score: 100.0 | Rating: 73 vs 73 (diff: 0)
   Height: 75" vs 75" (diff: 0") | Weight: 277 vs 277 lbs (diff: 0)
   Handedness: 1 vs 1 (diff: 0) | Years Pro: 7 vs 7 (diff: 0)
   Contract: 6,000,000 APY
✅ Matched: Kelvin Heffernan -> Tyree Wilson (Las Vegas)
   Score: 100.0 | Rating: 73 vs 73 (diff: 0)
   Height: 78" vs 78" (diff: 0") | Weight: 271 vs 271 lbs (diff: 0)
   Handedness: 1 vs 1 (diff: 0) | Years Pro: 2 vs 2 (diff: 0)
   Contract: 6,251,374 APY
✅ Matched: Chas Prosinski -> Ugo Amadi (New Orleans)
   Score: 100.0 | Rating: 73 vs 73 (diff: 0)
   Height: 69" vs 69" (diff: 0") | Weight: 201 vs 201 lbs (diff: 0)
   Handedness: 1 vs 1 (diff: 0) | Years Pro: 6 vs 6 (diff: 0)
   Contract: 1,280,000 APY
✅ Matched: Karon Yankowski -> Upton Stout (San Francisco)
   Score: 100.0 | Rating: 73 vs 73 (diff: 0)
   Height: 69" vs 69" (diff: 0") | Weight: 181 vs 181 lbs (diff: 0)
   Handedness: 1 vs 1 (diff: 0) | Years Pro: 0 vs 0 (diff: 0)
   Contract: 1,540,296 APY
⚠️  No contract: Donta Lomasney -> Willie Gay (Miami) - Using defaults
✅ Matched: Alameda Conway -> Zamir White (Las Vegas)
   Score: 100.0 | Rating: 73 vs 73 (diff: 0)
   Height: 72" vs 72" (diff: 0") | Weight: 215 vs 215 lbs (diff: 0)
   Handedness: 1 vs 1 (diff: 0) | Years Pro: 3 vs 3 (diff: 0)
   Contract: 1,100,983 APY
✅ Matched: Zak Douglas -> Adisa Isaac (Baltimore)
   Score: 100.0 | Rating: 72 vs 72 (diff: 0)
   Height: 76" vs 76" (diff: 0") | Weight: 254 vs 254 lbs (diff: 0)
   Handedness: 1 vs 1 (diff: 0) | Years Pro: 1 vs 1 (diff: 0)
   Contract: 1,412,009 APY
✅ Matched: Curome Nottage -> Aireontae Ersery (Houston)
   Score: 100.0 | Rating: 72 vs 72 (diff: 0)
   Height: 78" vs 78" (diff: 0") | Weight: 331 vs 331 lbs (diff: 0)
   Handedness: 1 vs 1 (diff: 0) | Years Pro: 0 vs 0 (diff: 0)
   Contract: 2,302,910 APY
✅ Matched: Sisto Bush -> Ameer Abdullah (San Francisco)
   Score: 100.0 | Rating: 72 vs 72 (diff: 0)
   Height: 69" vs 69" (diff: 0") | Weight: 203 vs 203 lbs (diff: 0)
   Handedness: 1 vs 1 (diff: 0) | Years Pro: 10 vs 10 (diff: 0)
   Contract: 1,255,000 APY
✅ Matched: Jammie Shumann -> Andrew Mukuba (Philadelphia)
   Score: 100.0 | Rating: 72 vs 72 (diff: 0)
   Height: 71" vs 71" (diff: 0") | Weight: 186 vs 186 lbs (diff: 0)
   Handedness: 1 vs 1 (diff: 0) | Years Pro: 0 vs 0 (diff: 0)
   Contract: 1,790,136 APY
⚠️  No contract: Mana Seiple -> Anthony Richardson Sr (Indianapolis) - Using defaults
✅ Matched: Reece Younger -> Ashton Dulin (Indianapolis)
   Score: 100.0 | Rating: 72 vs 72 (diff: 0)
   Height: 73" vs 73" (diff: 0") | Weight: 215 vs 215 lbs (diff: 0)
   Handedness: 1 vs 1 (diff: 0) | Years Pro: 6 vs 6 (diff: 0)
   Contract: 3,250,000 APY
⚠️  No contract: Proverb Beckwith -> BJ Ojulari (Arizona) - Using defaults
✅ Matched: Ray Verry -> Blake Brandel (Minnesota)
   Score: 100.0 | Rating: 72 vs 72 (diff: 0)
   Height: 79" vs 79" (diff: 0") | Weight: 315 vs 315 lbs (diff: 0)
   Handedness: 1 vs 1 (diff: 0) | Years Pro: 5 vs 5 (diff: 0)
   Contract: 3,166,667 APY
❌ No match: Kalen Savatsky (New York A) - Using defaults
✅ Matched: Fatty Brannon -> Brenton Strange (Jacksonville)
   Score: 100.0 | Rating: 72 vs 72 (diff: 0)
   Height: 75" vs 75" (diff: 0") | Weight: 247 vs 247 lbs (diff: 0)
   Handedness: 1 vs 1 (diff: 0) | Years Pro: 2 vs 2 (diff: 0)
   Contract: 1,528,583 APY
✅ Matched: Reggie Bristor -> Broderick Jones (Pittsburgh)
   Score: 100.0 | Rating: 72 vs 72 (diff: 0)
   Height: 77" vs 77" (diff: 0") | Weight: 311 vs 311 lbs (diff: 0)
   Handedness: 1 vs 1 (diff: 0) | Years Pro: 2 vs 2 (diff: 0)
   Contract: 4,156,588 APY
✅ Matched: Chilo Townes -> Bud Dupree (Los Angeles A)
   Score: 100.0 | Rating: 72 vs 72 (diff: 0)
   Height: 76" vs 76" (diff: 0") | Weight: 269 vs 269 lbs (diff: 0)
   Handedness: 1 vs 1 (diff: 0) | Years Pro: 10 vs 10 (diff: 0)
   Contract: 6,000,000 APY
✅ Matched: Latham Merlin -> Caelen Carson (Dallas)
   Score: 100.0 | Rating: 72 vs 72 (diff: 0)
   Height: 72" vs 72" (diff: 0") | Weight: 193 vs 193 lbs (diff: 0)
   Handedness: 1 vs 1 (diff: 0) | Years Pro: 1 vs 1 (diff: 0)
   Contract: 1,068,569 APY
✅ Matched: Harris Salave'A -> Cam Lewis (Buffalo)
   Score: 100.0 | Rating: 72 vs 72 (diff: 0)
   Height: 69" vs 69" (diff: 0") | Weight: 183 vs 183 lbs (diff: 0)
   Handedness: 1 vs 1 (diff: 0) | Years Pro: 5 vs 5 (diff: 0)
   Contract: 1,550,000 APY
✅ Matched: Lonzell Kubin -> Cam Hart (Los Angeles A)
   Score: 100.0 | Rating: 72 vs 72 (diff: 0)
   Height: 74" vs 74" (diff: 0") | Weight: 207 vs 207 lbs (diff: 0)
   Handedness: 1 vs 1 (diff: 0) | Years Pro: 1 vs 1 (diff: 0)
   Contract: 1,095,982 APY
⚠️  No contract: Venice Maese -> Cam Ward (Tennessee) - Using defaults
✅ Matched: Butch Goodridge -> Cedric Tillman (Cleveland)
   Score: 100.0 | Rating: 72 vs 72 (diff: 0)
   Height: 75" vs 75" (diff: 0") | Weight: 215 vs 215 lbs (diff: 0)
   Handedness: 1 vs 1 (diff: 0) | Years Pro: 2 vs 2 (diff: 0)
   Contract: 1,403,628 APY
✅ Matched: Fair Magnani -> Christian Haynes (Seattle)
   Score: 100.0 | Rating: 72 vs 72 (diff: 0)
   Height: 75" vs 75" (diff: 0") | Weight: 317 vs 317 lbs (diff: 0)
   Handedness: 1 vs 1 (diff: 0) | Years Pro: 1 vs 1 (diff: 0)
   Contract: 1,450,691 APY
✅ Matched: Elliott Wolff -> Cole Bishop (Buffalo)
   Score: 100.0 | Rating: 72 vs 72 (diff: 0)
   Height: 74" vs 74" (diff: 0") | Weight: 206 vs 206 lbs (diff: 0)
   Handedness: 1 vs 1 (diff: 0) | Years Pro: 1 vs 1 (diff: 0)
   Contract: 1,636,999 APY
✅ Matched: Rube Fry -> Cordell Volson (Cincinnati)
   Score: 100.0 | Rating: 72 vs 72 (diff: 0)
   Height: 78" vs 78" (diff: 0") | Weight: 315 vs 315 lbs (diff: 0)
   Handedness: 1 vs 1 (diff: 0) | Years Pro: 3 vs 3 (diff: 0)
   Contract: 2,600,000 APY
✅ Matched: Leron Lauvao -> Damone Clark (Dallas)
   Score: 100.0 | Rating: 72 vs 72 (diff: 0)
   Height: 75" vs 75" (diff: 0") | Weight: 240 vs 240 lbs (diff: 0)
   Handedness: 1 vs 1 (diff: 0) | Years Pro: 3 vs 3 (diff: 0)
   Contract: 975,638 APY
❌ No match: Tyrell Henricus (New York N) - Using defaults
✅ Matched: Cletidus Hilton -> Darnay Holmes (Las Vegas)
   Score: 100.0 | Rating: 72 vs 72 (diff: 0)
   Height: 70" vs 70" (diff: 0") | Weight: 195 vs 195 lbs (diff: 0)
   Handedness: 1 vs 1 (diff: 0) | Years Pro: 5 vs 5 (diff: 0)
   Contract: 1,195,000 APY
✅ Matched: Ruel Sewell -> Darrell Taylor (Houston)
   Score: 100.0 | Rating: 72 vs 72 (diff: 0)
   Height: 76" vs 76" (diff: 0") | Weight: 267 vs 267 lbs (diff: 0)
   Handedness: 1 vs 1 (diff: 0) | Years Pro: 5 vs 5 (diff: 0)
   Contract: 4,750,000 APY
✅ Matched: Rolf Weathers -> Darrick Forrest (Buffalo)
   Score: 100.0 | Rating: 72 vs 72 (diff: 0)
   Height: 71" vs 71" (diff: 0") | Weight: 200 vs 200 lbs (diff: 0)
   Handedness: 1 vs 1 (diff: 0) | Years Pro: 4 vs 4 (diff: 0)
   Contract: 1,337,500 APY
⚠️  No contract: Kitrick Munnerlyn -> DeAndre Carter (Cleveland) - Using defaults
✅ Matched: Davlin Sherels -> Dillon Radunz (New Orleans)
   Score: 100.0 | Rating: 72 vs 72 (diff: 0)
   Height: 78" vs 78" (diff: 0") | Weight: 301 vs 301 lbs (diff: 0)
   Handedness: 1 vs 1 (diff: 0) | Years Pro: 4 vs 4 (diff: 0)
   Contract: 2,250,000 APY
✅ Matched: Clarke Ramsey -> Dorian Strong (Buffalo)
   Score: 100.0 | Rating: 72 vs 72 (diff: 0)
   Height: 73" vs 73" (diff: 0") | Weight: 185 vs 185 lbs (diff: 0)
   Handedness: 1 vs 1 (diff: 0) | Years Pro: 0 vs 0 (diff: 0)
   Contract: 1,121,339 APY
⚠️  No contract: Jimbo Pourdanesh -> Eli Apple (San Francisco) - Using defaults
⚠️  No contract: Lloyd Hauser -> Ennis Rakestraw Jr (Detroit) - Using defaults
✅ Matched: Alvro Stinnette -> Ethan Pocic (Cleveland)
   Score: 100.0 | Rating: 72 vs 72 (diff: 0)
   Height: 78" vs 78" (diff: 0") | Weight: 320 vs 320 lbs (diff: 0)
   Handedness: 1 vs 1 (diff: 0) | Years Pro: 8 vs 8 (diff: 0)
   Contract: 6,000,000 APY
✅ Matched: Reds Jarmon -> Felix Anudike-Uzomah (Kansas City)
   Score: 100.0 | Rating: 72 vs 72 (diff: 0)
   Height: 76" vs 76" (diff: 0") | Weight: 255 vs 255 lbs (diff: 0)
   Handedness: 1 vs 1 (diff: 0) | Years Pro: 2 vs 2 (diff: 0)
   Contract: 2,954,454 APY
✅ Matched: Monty Holmberg -> Foster Moreau (New Orleans)
   Score: 100.0 | Rating: 72 vs 72 (diff: 0)
   Height: 76" vs 76" (diff: 0") | Weight: 250 vs 250 lbs (diff: 0)
   Handedness: 1 vs 1 (diff: 0) | Years Pro: 6 vs 6 (diff: 0)
   Contract: 4,078,000 APY
✅ Matched: Denard Jolley -> Hunter Luepke (Dallas)
   Score: 100.0 | Rating: 72 vs 72 (diff: 0)
   Height: 73" vs 73" (diff: 0") | Weight: 230 vs 230 lbs (diff: 0)
   Handedness: 1 vs 1 (diff: 0) | Years Pro: 2 vs 2 (diff: 0)
   Contract: 905,000 APY
❌ No match: Torin Shonk (New York A) - Using defaults
✅ Matched: Chris Maddock -> Jack Sanborn (Dallas)
   Score: 100.0 | Rating: 72 vs 72 (diff: 0)
   Height: 74" vs 74" (diff: 0") | Weight: 234 vs 234 lbs (diff: 0)
   Handedness: 1 vs 1 (diff: 0) | Years Pro: 3 vs 3 (diff: 0)
   Contract: 1,500,000 APY
✅ Matched: Lucius Oliver -> Jack Sawyer (Pittsburgh)
   Score: 100.0 | Rating: 72 vs 72 (diff: 0)
   Height: 76" vs 76" (diff: 0") | Weight: 260 vs 260 lbs (diff: 0)
   Handedness: 1 vs 1 (diff: 0) | Years Pro: 0 vs 0 (diff: 0)
   Contract: 1,287,733 APY
✅ Matched: Felto Illman -> Jalen Redmond (Minnesota)
   Score: 100.0 | Rating: 72 vs 72 (diff: 0)
   Height: 74" vs 74" (diff: 0") | Weight: 291 vs 291 lbs (diff: 0)
   Handedness: 1 vs 1 (diff: 0) | Years Pro: 2 vs 2 (diff: 0)
   Contract: 795,000 APY
✅ Matched: Gerry Holliday -> Jamal Agnew (Atlanta)
   Score: 100.0 | Rating: 72 vs 72 (diff: 0)
   Height: 70" vs 70" (diff: 0") | Weight: 190 vs 190 lbs (diff: 0)
   Handedness: 1 vs 1 (diff: 0) | Years Pro: 8 vs 8 (diff: 0)
   Contract: 2,500,000 APY
❌ No match: Singor Whittingham (New York N) - Using defaults
❌ No match: Payton Wolski (New York N) - Using defaults
✅ Matched: Willie Rhea -> Jarquez Hunter (Los Angeles N)
   Score: 100.0 | Rating: 72 vs 72 (diff: 0)
   Height: 69" vs 69" (diff: 0") | Weight: 204 vs 204 lbs (diff: 0)
   Handedness: 1 vs 1 (diff: 0) | Years Pro: 0 vs 0 (diff: 0)
   Contract: 1,299,695 APY
✅ Matched: Pug Bellini -> Jarrett Patterson (Houston)
   Score: 100.0 | Rating: 72 vs 72 (diff: 0)
   Height: 76" vs 76" (diff: 0") | Weight: 310 vs 310 lbs (diff: 0)
   Handedness: 1 vs 1 (diff: 0) | Years Pro: 2 vs 2 (diff: 0)
   Contract: 1,002,493 APY
✅ Matched: Stylez Nafziger -> Jason Pinnock (San Francisco)
   Score: 100.0 | Rating: 72 vs 72 (diff: 0)
   Height: 72" vs 72" (diff: 0") | Weight: 205 vs 205 lbs (diff: 0)
   Handedness: 1 vs 1 (diff: 0) | Years Pro: 4 vs 4 (diff: 0)
   Contract: 2,200,000 APY
✅ Matched: Carlos Sedlock -> Jaydon Blue (Dallas)
   Score: 100.0 | Rating: 72 vs 72 (diff: 0)
   Height: 69" vs 69" (diff: 0") | Weight: 195 vs 195 lbs (diff: 0)
   Handedness: 1 vs 1 (diff: 0) | Years Pro: 0 vs 0 (diff: 0)
   Contract: 1,156,767 APY
✅ Matched: Shawntae Neuheisel -> Jaylin Lane (Washington)
   Score: 100.0 | Rating: 72 vs 72 (diff: 0)
   Height: 70" vs 70" (diff: 0") | Weight: 191 vs 191 lbs (diff: 0)
   Handedness: 1 vs 1 (diff: 0) | Years Pro: 0 vs 0 (diff: 0)
   Contract: 1,278,463 APY
✅ Matched: Parker Mccleskey -> Joey Slye (Tennessee)
   Score: 100.0 | Rating: 72 vs 72 (diff: 0)
   Height: 71" vs 71" (diff: 0") | Weight: 213 vs 213 lbs (diff: 0)
   Handedness: 1 vs 1 (diff: 0) | Years Pro: 6 vs 6 (diff: 0)
   Contract: 1,295,000 APY
✅ Matched: Kam Trout -> Jonas Sanker (New Orleans)
   Score: 100.0 | Rating: 72 vs 72 (diff: 0)
   Height: 73" vs 73" (diff: 0") | Weight: 206 vs 206 lbs (diff: 0)
   Handedness: 1 vs 1 (diff: 0) | Years Pro: 0 vs 0 (diff: 0)
   Contract: 1,561,301 APY
✅ Matched: Trumaine Bohannon -> Jonathan Mingo (Dallas)
   Score: 100.0 | Rating: 72 vs 72 (diff: 0)
   Height: 74" vs 74" (diff: 0") | Weight: 220 vs 220 lbs (diff: 0)
   Handedness: 1 vs 1 (diff: 0) | Years Pro: 2 vs 2 (diff: 0)
   Contract: 2,214,149 APY
✅ Matched: Beanie Doolan -> Jordan Whittington (Los Angeles N)
   Score: 100.0 | Rating: 72 vs 72 (diff: 0)
   Height: 73" vs 73" (diff: 0") | Weight: 205 vs 205 lbs (diff: 0)
   Handedness: 1 vs 1 (diff: 0) | Years Pro: 1 vs 1 (diff: 0)
   Contract: 1,039,597 APY
✅ Matched: Greg Weidner -> Josaiah Stewart (Los Angeles N)
   Score: 100.0 | Rating: 72 vs 72 (diff: 0)
   Height: 73" vs 73" (diff: 0") | Weight: 249 vs 249 lbs (diff: 0)
   Handedness: 1 vs 1 (diff: 0) | Years Pro: 0 vs 0 (diff: 0)
   Contract: 1,568,853 APY
✅ Matched: Mitchell Pivec -> Joseph Ossai (Cincinnati)
   Score: 100.0 | Rating: 72 vs 72 (diff: 0)
   Height: 76" vs 76" (diff: 0") | Weight: 263 vs 263 lbs (diff: 0)
   Handedness: 1 vs 1 (diff: 0) | Years Pro: 4 vs 4 (diff: 0)
   Contract: 6,500,000 APY
✅ Matched: Qasim Ilesic -> Joshua Karty (Los Angeles N)
   Score: 100.0 | Rating: 72 vs 72 (diff: 0)
   Height: 74" vs 74" (diff: 0") | Weight: 207 vs 207 lbs (diff: 0)
   Handedness: 1 vs 1 (diff: 0) | Years Pro: 1 vs 1 (diff: 0)
   Contract: 1,039,597 APY
❌ No match: Montique Eilers (New York N) - Using defaults
✅ Matched: Jarrad Wisdom -> K.J. Osborn (Washington)
   Score: 100.0 | Rating: 72 vs 72 (diff: 0)
   Height: 71" vs 71" (diff: 0") | Weight: 203 vs 203 lbs (diff: 0)
   Handedness: 1 vs 1 (diff: 0) | Years Pro: 5 vs 5 (diff: 0)
   Contract: 1,195,000 APY
✅ Matched: Jovan Majors -> Kingsley Suamataia (Kansas City)
   Score: 100.0 | Rating: 72 vs 72 (diff: 0)
   Height: 77" vs 77" (diff: 0") | Weight: 326 vs 326 lbs (diff: 0)
   Handedness: 1 vs 1 (diff: 0) | Years Pro: 1 vs 1 (diff: 0)
   Contract: 1,605,377 APY
⚠️  No contract: Nicholas Bucher -> KJ Hamler (Buffalo) - Using defaults
✅ Matched: Bud Willis -> Kyle Williams (New England)
   Score: 100.0 | Rating: 72 vs 72 (diff: 0)
   Height: 72" vs 72" (diff: 0") | Weight: 190 vs 190 lbs (diff: 0)
   Handedness: 0 vs 0 (diff: 0) | Years Pro: 0 vs 0 (diff: 0)
   Contract: 1,675,893 APY
✅ Matched: Mikel Sowell -> Layden Robinson (New England)
   Score: 100.0 | Rating: 72 vs 72 (diff: 0)
   Height: 76" vs 76" (diff: 0") | Weight: 315 vs 315 lbs (diff: 0)
   Handedness: 1 vs 1 (diff: 0) | Years Pro: 1 vs 1 (diff: 0)
   Contract: 1,218,018 APY
✅ Matched: Taje Chappuis -> Logan Hall (Tampa Bay)
   Score: 100.0 | Rating: 72 vs 72 (diff: 0)
   Height: 78" vs 78" (diff: 0") | Weight: 283 vs 283 lbs (diff: 0)
   Handedness: 1 vs 1 (diff: 0) | Years Pro: 3 vs 3 (diff: 0)
   Contract: 2,329,114 APY
⚠️  No contract: Gunnard Kichefski -> Mario Edwards Jr (Houston) - Using defaults
✅ Matched: Rashidi Gettis -> Marist Liufau (Dallas)
   Score: 100.0 | Rating: 72 vs 72 (diff: 0)
   Height: 74" vs 74" (diff: 0") | Weight: 234 vs 234 lbs (diff: 0)
   Handedness: 1 vs 1 (diff: 0) | Years Pro: 1 vs 1 (diff: 0)
   Contract: 1,422,879 APY
✅ Matched: Latarence Loewen -> Marshawn Kneeland (Dallas)
   Score: 100.0 | Rating: 72 vs 72 (diff: 0)
   Height: 75" vs 75" (diff: 0") | Weight: 267 vs 267 lbs (diff: 0)
   Handedness: 1 vs 1 (diff: 0) | Years Pro: 1 vs 1 (diff: 0)
   Contract: 1,708,162 APY
✅ Matched: Javor Wilmot -> Marte Mapu (New England)
   Score: 100.0 | Rating: 72 vs 72 (diff: 0)
   Height: 75" vs 75" (diff: 0") | Weight: 230 vs 230 lbs (diff: 0)
   Handedness: 1 vs 1 (diff: 0) | Years Pro: 2 vs 2 (diff: 0)
   Contract: 1,390,927 APY
❌ No match: Lekevin Purdy (New York A) - Using defaults
✅ Matched: Armando Pringley -> Matt Pryor (Philadelphia)
   Score: 100.0 | Rating: 72 vs 72 (diff: 0)
   Height: 79" vs 79" (diff: 0") | Weight: 332 vs 332 lbs (diff: 0)
   Handedness: 1 vs 1 (diff: 0) | Years Pro: 7 vs 7 (diff: 0)
   Contract: 1,355,000 APY
✅ Matched: Hessley Cichowski -> Michael Gallup (Washington)
   Score: 100.0 | Rating: 72 vs 72 (diff: 0)
   Height: 73" vs 73" (diff: 0") | Weight: 198 vs 198 lbs (diff: 0)
   Handedness: 1 vs 1 (diff: 0) | Years Pro: 6 vs 6 (diff: 0)
   Contract: 1,250,000 APY
❌ No match: Blaine Halloran (New York A) - Using defaults
⚠️  No contract: Kellen Duden -> Mike Hall Jr (Cleveland) - Using defaults
✅ Matched: Olie Bordelon -> Nik Needham (Cleveland)
   Score: 100.0 | Rating: 72 vs 72 (diff: 0)
   Height: 73" vs 73" (diff: 0") | Weight: 196 vs 196 lbs (diff: 0)
   Handedness: 1 vs 1 (diff: 0) | Years Pro: 6 vs 6 (diff: 0)
   Contract: 1,170,000 APY
⚠️  No contract: Odessa Oates -> Nyheim Hines (Los Angeles A) - Using defaults
⚠️  No contract: Wop Banaszak -> Ogbo Okoronkwo (Philadelphia) - Using defaults
✅ Matched: Ping Manuwai -> Parker Washington (Jacksonville)
   Score: 100.0 | Rating: 72 vs 72 (diff: 0)
   Height: 70" vs 70" (diff: 0") | Weight: 212 vs 212 lbs (diff: 0)
   Handedness: 1 vs 1 (diff: 0) | Years Pro: 2 vs 2 (diff: 0)
   Contract: 1,008,066 APY
✅ Matched: Waine Banfield -> Patrick Paul (Miami)
   Score: 100.0 | Rating: 72 vs 72 (diff: 0)
   Height: 80" vs 80" (diff: 0") | Weight: 331 vs 331 lbs (diff: 0)
   Handedness: 1 vs 1 (diff: 0) | Years Pro: 1 vs 1 (diff: 0)
   Contract: 1,727,924 APY
⚠️  No contract: Sid Lathon -> Patrick Jones II (Carolina) - Using defaults
✅ Matched: Rufus Bedner -> Princely Umanmielen (Carolina)
   Score: 100.0 | Rating: 72 vs 72 (diff: 0)
   Height: 76" vs 76" (diff: 0") | Weight: 244 vs 244 lbs (diff: 0)
   Handedness: 1 vs 1 (diff: 0) | Years Pro: 0 vs 0 (diff: 0)
   Contract: 1,587,636 APY
✅ Matched: Jug Graf -> Quincy Riley (New Orleans)
   Score: 100.0 | Rating: 72 vs 72 (diff: 0)
   Height: 71" vs 71" (diff: 0") | Weight: 194 vs 194 lbs (diff: 0)
   Handedness: 1 vs 1 (diff: 0) | Years Pro: 0 vs 0 (diff: 0)
   Contract: 1,271,809 APY
✅ Matched: Daunte Keiser -> Roschon Johnson (Chicago)
   Score: 100.0 | Rating: 72 vs 72 (diff: 0)
   Height: 72" vs 72" (diff: 0") | Weight: 225 vs 225 lbs (diff: 0)
   Handedness: 1 vs 1 (diff: 0) | Years Pro: 2 vs 2 (diff: 0)
   Contract: 1,152,172 APY
✅ Matched: Ocie Youboty -> Roy Lopez (Detroit)
   Score: 100.0 | Rating: 72 vs 72 (diff: 0)
   Height: 74" vs 74" (diff: 0") | Weight: 318 vs 318 lbs (diff: 0)
   Handedness: 1 vs 1 (diff: 0) | Years Pro: 4 vs 4 (diff: 0)
   Contract: 3,500,000 APY
✅ Matched: Montrae Woodley -> Shemar Turner (Chicago)
   Score: 100.0 | Rating: 72 vs 72 (diff: 0)
   Height: 75" vs 75" (diff: 0") | Weight: 290 vs 290 lbs (diff: 0)
   Handedness: 1 vs 1 (diff: 0) | Years Pro: 0 vs 0 (diff: 0)
   Contract: 1,805,072 APY
✅ Matched: Verran Sanu -> Skyy Moore (Kansas City)
   Score: 100.0 | Rating: 72 vs 72 (diff: 0)
   Height: 70" vs 70" (diff: 0") | Weight: 195 vs 195 lbs (diff: 0)
   Handedness: 1 vs 1 (diff: 0) | Years Pro: 3 vs 3 (diff: 0)
   Contract: 1,612,625 APY
✅ Matched: Peria Stynchula -> Tre Harris (Los Angeles A)
   Score: 100.0 | Rating: 72 vs 72 (diff: 0)
   Height: 74" vs 74" (diff: 0") | Weight: 205 vs 205 lbs (diff: 0)
   Handedness: 1 vs 1 (diff: 0) | Years Pro: 0 vs 0 (diff: 0)
   Contract: 1,954,424 APY
⚠️  No contract: Cobb Fennema -> Trent Sherfield Sr (Denver) - Using defaults
✅ Matched: Skip Mcclairen -> Trevor Etienne (Carolina)
   Score: 100.0 | Rating: 72 vs 72 (diff: 0)
   Height: 69" vs 69" (diff: 0") | Weight: 198 vs 198 lbs (diff: 0)
   Handedness: 0 vs 0 (diff: 0) | Years Pro: 0 vs 0 (diff: 0)
   Contract: 1,302,186 APY
✅ Matched: Darcy Crick -> Troy Franklin (Denver)
   Score: 100.0 | Rating: 72 vs 72 (diff: 0)
   Height: 74" vs 74" (diff: 0") | Weight: 176 vs 176 lbs (diff: 0)
   Handedness: 1 vs 1 (diff: 0) | Years Pro: 1 vs 1 (diff: 0)
   Contract: 1,218,709 APY
✅ Matched: Momcilo Owusu -> Van Jefferson (Tennessee)
   Score: 100.0 | Rating: 72 vs 72 (diff: 0)
   Height: 73" vs 73" (diff: 0") | Weight: 200 vs 200 lbs (diff: 0)
   Handedness: 1 vs 1 (diff: 0) | Years Pro: 5 vs 5 (diff: 0)
   Contract: 1,670,000 APY
✅ Matched: Kern Brancato -> Will Harris (Washington)
   Score: 100.0 | Rating: 72 vs 72 (diff: 0)
   Height: 73" vs 73" (diff: 0") | Weight: 207 vs 207 lbs (diff: 0)
   Handedness: 1 vs 1 (diff: 0) | Years Pro: 6 vs 6 (diff: 0)
   Contract: 4,000,000 APY
✅ Matched: Derrius Tomich -> Adam Trautman (Denver)
   Score: 100.0 | Rating: 71 vs 71 (diff: 0)
   Height: 77" vs 77" (diff: 0") | Weight: 253 vs 253 lbs (diff: 0)
   Handedness: 1 vs 1 (diff: 0) | Years Pro: 5 vs 5 (diff: 0)
   Contract: 3,750,000 APY
✅ Matched: Levar Reger -> Akayleb Evans (Carolina)
   Score: 100.0 | Rating: 71 vs 71 (diff: 0)
   Height: 74" vs 74" (diff: 0") | Weight: 198 vs 198 lbs (diff: 0)
   Handedness: 1 vs 1 (diff: 0) | Years Pro: 3 vs 3 (diff: 0)
   Contract: 1,105,269 APY
✅ Matched: Steve Kemp -> Akeem Davis-Gaither (Arizona)
   Score: 100.0 | Rating: 71 vs 71 (diff: 0)
   Height: 74" vs 74" (diff: 0") | Weight: 228 vs 228 lbs (diff: 0)
   Handedness: 1 vs 1 (diff: 0) | Years Pro: 5 vs 5 (diff: 0)
   Contract: 5,000,000 APY
✅ Matched: Taz Poage -> Al-Quadin Muhammad (Detroit)
   Score: 100.0 | Rating: 71 vs 71 (diff: 0)
   Height: 76" vs 76" (diff: 0") | Weight: 250 vs 250 lbs (diff: 0)
   Handedness: 1 vs 1 (diff: 0) | Years Pro: 8 vs 8 (diff: 0)
   Contract: 1,422,500 APY
✅ Matched: Kenechi Hoge -> Alex Cappa (Las Vegas)
   Score: 100.0 | Rating: 71 vs 71 (diff: 0)
   Height: 78" vs 78" (diff: 0") | Weight: 310 vs 310 lbs (diff: 0)
   Handedness: 1 vs 1 (diff: 0) | Years Pro: 7 vs 7 (diff: 0)
   Contract: 5,510,000 APY
✅ Matched: Fritz Tuimaunei -> Ambry Thomas (Minnesota)
   Score: 100.0 | Rating: 71 vs 71 (diff: 0)
   Height: 72" vs 72" (diff: 0") | Weight: 190 vs 190 lbs (diff: 0)
   Handedness: 1 vs 1 (diff: 0) | Years Pro: 4 vs 4 (diff: 0)
   Contract: 1,100,000 APY
✅ Matched: Mel Holz -> Andrei Iosivas (Cincinnati)
   Score: 100.0 | Rating: 71 vs 71 (diff: 0)
   Height: 75" vs 75" (diff: 0") | Weight: 212 vs 212 lbs (diff: 0)
   Handedness: 1 vs 1 (diff: 0) | Years Pro: 2 vs 2 (diff: 0)
   Contract: 999,846 APY
✅ Matched: Vance Raffel -> Anthony Belton (Green Bay)
   Score: 100.0 | Rating: 71 vs 71 (diff: 0)
   Height: 78" vs 78" (diff: 0") | Weight: 336 vs 336 lbs (diff: 0)
   Handedness: 1 vs 1 (diff: 0) | Years Pro: 0 vs 0 (diff: 0)
   Contract: 2,004,206 APY
✅ Matched: Ladainian Hopp -> Anton Harrison (Jacksonville)
   Score: 100.0 | Rating: 71 vs 71 (diff: 0)
   Height: 77" vs 77" (diff: 0") | Weight: 315 vs 315 lbs (diff: 0)
   Handedness: 1 vs 1 (diff: 0) | Years Pro: 2 vs 2 (diff: 0)
   Contract: 3,299,630 APY
✅ Matched: Phillippi Ruddy -> Antonio Johnson (Jacksonville)
   Score: 100.0 | Rating: 71 vs 71 (diff: 0)
   Height: 75" vs 75" (diff: 0") | Weight: 195 vs 195 lbs (diff: 0)
   Handedness: 1 vs 1 (diff: 0) | Years Pro: 2 vs 2 (diff: 0)
   Contract: 1,035,458 APY
✅ Matched: Louis Nielsen -> Blake Fisher (Houston)
   Score: 100.0 | Rating: 71 vs 71 (diff: 0)
   Height: 78" vs 78" (diff: 0") | Weight: 312 vs 312 lbs (diff: 0)
   Handedness: 1 vs 1 (diff: 0) | Years Pro: 1 vs 1 (diff: 0)
   Contract: 1,648,857 APY
✅ Matched: Rankin Costa -> Bradyn Swinson (New England)
   Score: 100.0 | Rating: 71 vs 71 (diff: 0)
   Height: 76" vs 76" (diff: 0") | Weight: 255 vs 255 lbs (diff: 0)
   Handedness: 1 vs 1 (diff: 0) | Years Pro: 0 vs 0 (diff: 0)
   Contract: 1,160,199 APY
✅ Matched: Zuriel Valentine -> Bralen Trice (Atlanta)
   Score: 100.0 | Rating: 71 vs 71 (diff: 0)
   Height: 76" vs 76" (diff: 0") | Weight: 274 vs 274 lbs (diff: 0)
   Handedness: 1 vs 1 (diff: 0) | Years Pro: 1 vs 1 (diff: 0)
   Contract: 1,482,435 APY
✅ Matched: Renaldo Toomer -> Brandin Echols (Pittsburgh)
   Score: 100.0 | Rating: 71 vs 71 (diff: 0)
   Height: 70" vs 70" (diff: 0") | Weight: 175 vs 175 lbs (diff: 0)
   Handedness: 1 vs 1 (diff: 0) | Years Pro: 4 vs 4 (diff: 0)
   Contract: 3,000,000 APY
✅ Matched: Wilfred Wallis -> Brandon Dorlus (Atlanta)
   Score: 100.0 | Rating: 71 vs 71 (diff: 0)
   Height: 75" vs 75" (diff: 0") | Weight: 283 vs 283 lbs (diff: 0)
   Handedness: 1 vs 1 (diff: 0) | Years Pro: 1 vs 1 (diff: 0)
   Contract: 1,210,599 APY
✅ Matched: Mareno Blackstock -> Broderick Washington (Baltimore)
   Score: 100.0 | Rating: 71 vs 71 (diff: 0)
   Height: 74" vs 74" (diff: 0") | Weight: 314 vs 314 lbs (diff: 0)
   Handedness: 1 vs 1 (diff: 0) | Years Pro: 5 vs 5 (diff: 0)
   Contract: 5,250,000 APY
✅ Matched: Brody Oshodin -> Cade Mays (Carolina)
   Score: 100.0 | Rating: 71 vs 71 (diff: 0)
   Height: 78" vs 78" (diff: 0") | Weight: 325 vs 325 lbs (diff: 0)
   Handedness: 1 vs 1 (diff: 0) | Years Pro: 3 vs 3 (diff: 0)
   Contract: 3,406,000 APY
✅ Matched: Kedric Heitmann -> Caleb Rogers (Las Vegas)
   Score: 100.0 | Rating: 71 vs 71 (diff: 0)
   Height: 77" vs 77" (diff: 0") | Weight: 312 vs 312 lbs (diff: 0)
   Handedness: 1 vs 1 (diff: 0) | Years Pro: 0 vs 0 (diff: 0)
   Contract: 1,540,296 APY
⚠️  No contract: Na'Il Gulyanics -> Cam Sample (Cincinnati) - Using defaults
✅ Matched: Mondriel Duvall -> Christian Harris (Houston)
   Score: 100.0 | Rating: 71 vs 71 (diff: 0)
   Height: 73" vs 73" (diff: 0") | Weight: 226 vs 226 lbs (diff: 0)
   Handedness: 1 vs 1 (diff: 0) | Years Pro: 3 vs 3 (diff: 0)
   Contract: 1,337,062 APY
✅ Matched: Carel Clarkin -> Corey Ballentine (Indianapolis)
   Score: 100.0 | Rating: 71 vs 71 (diff: 0)
   Height: 71" vs 71" (diff: 0") | Weight: 196 vs 196 lbs (diff: 0)
   Handedness: 1 vs 1 (diff: 0) | Years Pro: 6 vs 6 (diff: 0)
   Contract: 0 APY
✅ Matched: Moses Dancewicz -> Craig Woodson (New England)
   Score: 100.0 | Rating: 71 vs 71 (diff: 0)
   Height: 72" vs 72" (diff: 0") | Weight: 200 vs 200 lbs (diff: 0)
   Handedness: 1 vs 1 (diff: 0) | Years Pro: 0 vs 0 (diff: 0)
   Contract: 1,316,611 APY
✅ Matched: Izel Rucka -> Damarri Mathis (Denver)
   Score: 100.0 | Rating: 71 vs 71 (diff: 0)
   Height: 71" vs 71" (diff: 0") | Weight: 195 vs 195 lbs (diff: 0)
   Handedness: 1 vs 1 (diff: 0) | Years Pro: 3 vs 3 (diff: 0)
   Contract: 1,109,741 APY
✅ Matched: Erwin Sharpton -> Dane Jackson (Buffalo)
   Score: 100.0 | Rating: 71 vs 71 (diff: 0)
   Height: 71" vs 71" (diff: 0") | Weight: 180 vs 180 lbs (diff: 0)
   Handedness: 1 vs 1 (diff: 0) | Years Pro: 5 vs 5 (diff: 0)
   Contract: 1,337,500 APY
✅ Matched: Tag Carlisle -> Daniel Ekuale (Pittsburgh)
   Score: 100.0 | Rating: 71 vs 71 (diff: 0)
   Height: 75" vs 75" (diff: 0") | Weight: 305 vs 305 lbs (diff: 0)
   Handedness: 1 vs 1 (diff: 0) | Years Pro: 7 vs 7 (diff: 0)
   Contract: 2,800,000 APY
✅ Matched: Zebbie Zabel -> Darrynton Evans (Buffalo)
   Score: 100.0 | Rating: 71 vs 71 (diff: 0)
   Height: 70" vs 70" (diff: 0") | Weight: 203 vs 203 lbs (diff: 0)
   Handedness: 1 vs 1 (diff: 0) | Years Pro: 5 vs 5 (diff: 0)
   Contract: 1,210,000 APY
✅ Matched: Mort Louderback -> David Moore (Carolina)
   Score: 100.0 | Rating: 71 vs 71 (diff: 0)
   Height: 72" vs 72" (diff: 0") | Weight: 219 vs 219 lbs (diff: 0)
   Handedness: 1 vs 1 (diff: 0) | Years Pro: 8 vs 8 (diff: 0)
   Contract: 1,422,500 APY
✅ Matched: Kamaal Kirkleski -> Dawuane Smoot (Jacksonville)
   Score: 100.0 | Rating: 71 vs 71 (diff: 0)
   Height: 75" vs 75" (diff: 0") | Weight: 264 vs 264 lbs (diff: 0)
   Handedness: 1 vs 1 (diff: 0) | Years Pro: 8 vs 8 (diff: 0)
   Contract: 1,500,000 APY
✅ Matched: Cedric Dowdell -> Dean Lowry (Pittsburgh)
   Score: 100.0 | Rating: 71 vs 71 (diff: 0)
   Height: 78" vs 78" (diff: 0") | Weight: 296 vs 296 lbs (diff: 0)
   Handedness: 1 vs 1 (diff: 0) | Years Pro: 9 vs 9 (diff: 0)
   Contract: 2,500,000 APY
✅ Matched: Guil Lohmiller -> Dee Alford (Atlanta)
   Score: 100.0 | Rating: 71 vs 71 (diff: 0)
   Height: 71" vs 71" (diff: 0") | Weight: 175 vs 175 lbs (diff: 0)
   Handedness: 1 vs 1 (diff: 0) | Years Pro: 4 vs 4 (diff: 0)
   Contract: 1,500,000 APY
✅ Matched: Jordon Zupek -> Devin Neal (New Orleans)
   Score: 100.0 | Rating: 71 vs 71 (diff: 0)
   Height: 71" vs 71" (diff: 0") | Weight: 213 vs 213 lbs (diff: 0)
   Handedness: 1 vs 1 (diff: 0) | Years Pro: 0 vs 0 (diff: 0)
   Contract: 1,112,828 APY
⚠️  No contract: Jacob Girard -> DJ Johnson (Carolina) - Using defaults
✅ Matched: Vagas Sieracki -> DJ Giddens (Indianapolis)
   Score: 100.0 | Rating: 71 vs 71 (diff: 0)
   Height: 72" vs 72" (diff: 0") | Weight: 212 vs 212 lbs (diff: 0)
   Handedness: 1 vs 1 (diff: 0) | Years Pro: 0 vs 0 (diff: 0)
   Contract: 1,156,186 APY
✅ Matched: Shad Berry -> Drew Sanders (Denver)
   Score: 100.0 | Rating: 71 vs 71 (diff: 0)
   Height: 77" vs 77" (diff: 0") | Weight: 233 vs 233 lbs (diff: 0)
   Handedness: 1 vs 1 (diff: 0) | Years Pro: 2 vs 2 (diff: 0)
   Contract: 1,433,682 APY
✅ Matched: Harvey Mciver -> Dustin Hopkins (Cleveland)
   Score: 100.0 | Rating: 71 vs 71 (diff: 0)
   Height: 74" vs 74" (diff: 0") | Weight: 210 vs 210 lbs (diff: 0)
   Handedness: 1 vs 1 (diff: 0) | Years Pro: 12 vs 12 (diff: 0)
   Contract: 5,300,000 APY
✅ Matched: Qadry Battaglia -> Dylan Fairchild (Cincinnati)
   Score: 100.0 | Rating: 71 vs 71 (diff: 0)
   Height: 77" vs 77" (diff: 0") | Weight: 325 vs 325 lbs (diff: 0)
   Handedness: 1 vs 1 (diff: 0) | Years Pro: 0 vs 0 (diff: 0)
   Contract: 1,605,295 APY
✅ Matched: Clifton Hepburn -> Elic Ayomanor (Tennessee)
   Score: 100.0 | Rating: 71 vs 71 (diff: 0)
   Height: 74" vs 74" (diff: 0") | Weight: 206 vs 206 lbs (diff: 0)
   Handedness: 1 vs 1 (diff: 0) | Years Pro: 0 vs 0 (diff: 0)
   Contract: 1,216,454 APY
✅ Matched: Raul Finnin -> Elijah Jones (Arizona)
   Score: 100.0 | Rating: 71 vs 71 (diff: 0)
   Height: 74" vs 74" (diff: 0") | Weight: 184 vs 184 lbs (diff: 0)
   Handedness: 1 vs 1 (diff: 0) | Years Pro: 1 vs 1 (diff: 0)
   Contract: 1,421,380 APY
❌ No match: Daren Arms (New York N) - Using defaults
✅ Matched: Kraig Laslavic -> Emari Demercado (Arizona)
   Score: 100.0 | Rating: 71 vs 71 (diff: 0)
   Height: 69" vs 69" (diff: 0") | Weight: 215 vs 215 lbs (diff: 0)
   Handedness: 1 vs 1 (diff: 0) | Years Pro: 2 vs 2 (diff: 0)
   Contract: 903,333 APY
⚠️  No contract: Gerrell Drews -> Emmanuel Forbes Jr (Los Angeles N) - Using defaults
⚠️  No contract: Hans Szot -> Greg Joseph (San Francisco) - Using defaults
✅ Matched: Harmon Shurtliffe -> Harold Fannin Jr. (Cleveland)
   Score: 100.0 | Rating: 71 vs 71 (diff: 0)
   Height: 75" vs 75" (diff: 0") | Weight: 241 vs 241 lbs (diff: 0)
   Handedness: 1 vs 1 (diff: 0) | Years Pro: 0 vs 0 (diff: 0)
   Contract: 1,685,722 APY
✅ Matched: Cassidy Wuerffel -> Harrison Bryant (Philadelphia)
   Score: 100.0 | Rating: 71 vs 71 (diff: 0)
   Height: 77" vs 77" (diff: 0") | Weight: 230 vs 230 lbs (diff: 0)
   Handedness: 1 vs 1 (diff: 0) | Years Pro: 5 vs 5 (diff: 0)
   Contract: 1,200,000 APY
✅ Matched: Forey Markham -> Isaiah Hodgins (San Francisco)
   Score: 100.0 | Rating: 71 vs 71 (diff: 0)
   Height: 75" vs 75" (diff: 0") | Weight: 201 vs 201 lbs (diff: 0)
   Handedness: 0 vs 0 (diff: 0) | Years Pro: 5 vs 5 (diff: 0)
   Contract: 1,100,000 APY
✅ Matched: Jasper Vedder -> Israel Mukuamu (Dallas)
   Score: 100.0 | Rating: 71 vs 71 (diff: 0)
   Height: 76" vs 76" (diff: 0") | Weight: 205 vs 205 lbs (diff: 0)
   Handedness: 1 vs 1 (diff: 0) | Years Pro: 4 vs 4 (diff: 0)
   Contract: 1,750,000 APY
✅ Matched: Lavvie Sverchek -> Ja'Sir Taylor (Los Angeles A)
   Score: 100.0 | Rating: 71 vs 71 (diff: 0)
   Height: 70" vs 70" (diff: 0") | Weight: 185 vs 185 lbs (diff: 0)
   Handedness: 1 vs 1 (diff: 0) | Years Pro: 3 vs 3 (diff: 0)
   Contract: 948,003 APY
✅ Matched: Chuckie Mcdowell -> Ja'Tavion Sanders (Carolina)
   Score: 100.0 | Rating: 71 vs 71 (diff: 0)
   Height: 76" vs 76" (diff: 0") | Weight: 243 vs 243 lbs (diff: 0)
   Handedness: 1 vs 1 (diff: 0) | Years Pro: 1 vs 1 (diff: 0)
   Contract: 1,223,559 APY
✅ Matched: Beryl Heckard -> Jack Gibbens (New England)
   Score: 100.0 | Rating: 71 vs 71 (diff: 0)
   Height: 75" vs 75" (diff: 0") | Weight: 242 vs 242 lbs (diff: 0)
   Handedness: 1 vs 1 (diff: 0) | Years Pro: 3 vs 3 (diff: 0)
   Contract: 1,300,000 APY
✅ Matched: Oxie Cornwell -> Jacob Cowing (San Francisco)
   Score: 100.0 | Rating: 71 vs 71 (diff: 0)
   Height: 68" vs 68" (diff: 0") | Weight: 168 vs 168 lbs (diff: 0)
   Handedness: 1 vs 1 (diff: 0) | Years Pro: 1 vs 1 (diff: 0)
   Contract: 1,137,177 APY
✅ Matched: Nello Folz -> Jalen Royals (Kansas City)
   Score: 100.0 | Rating: 71 vs 71 (diff: 0)
   Height: 72" vs 72" (diff: 0") | Weight: 205 vs 205 lbs (diff: 0)
   Handedness: 1 vs 1 (diff: 0) | Years Pro: 0 vs 0 (diff: 0)
   Contract: 1,266,800 APY
✅ Matched: Kevin Maxie -> Jalen Reagor (Los Angeles A)
   Score: 100.0 | Rating: 71 vs 71 (diff: 0)
   Height: 71" vs 71" (diff: 0") | Weight: 197 vs 197 lbs (diff: 0)
   Handedness: 1 vs 1 (diff: 0) | Years Pro: 5 vs 5 (diff: 0)
   Contract: 1,337,500 APY
❌ No match: Mat Mccarty (New York N) - Using defaults
✅ Matched: Quentin Fairs -> Jalyx Hunt (Philadelphia)
   Score: 100.0 | Rating: 71 vs 71 (diff: 0)
   Height: 75" vs 75" (diff: 0") | Weight: 252 vs 252 lbs (diff: 0)
   Handedness: 1 vs 1 (diff: 0) | Years Pro: 1 vs 1 (diff: 0)
   Contract: 1,408,259 APY
✅ Matched: Sebastian Quayle -> James Pierre (Pittsburgh)
   Score: 100.0 | Rating: 71 vs 71 (diff: 0)
   Height: 74" vs 74" (diff: 0") | Weight: 185 vs 185 lbs (diff: 0)
   Handedness: 1 vs 1 (diff: 0) | Years Pro: 5 vs 5 (diff: 0)
   Contract: 1,295,000 APY
✅ Matched: Chevis Tupa -> Jaylon Moore (Kansas City)
   Score: 100.0 | Rating: 71 vs 71 (diff: 0)
   Height: 76" vs 76" (diff: 0") | Weight: 311 vs 311 lbs (diff: 0)
   Handedness: 1 vs 1 (diff: 0) | Years Pro: 4 vs 4 (diff: 0)
   Contract: 15,000,000 APY
✅ Matched: Damione Gilliam -> Jeff Okudah (Minnesota)
   Score: 100.0 | Rating: 71 vs 71 (diff: 0)
   Height: 73" vs 73" (diff: 0") | Weight: 202 vs 202 lbs (diff: 0)
   Handedness: 1 vs 1 (diff: 0) | Years Pro: 5 vs 5 (diff: 0)
   Contract: 2,350,000 APY
✅ Matched: Two-Bits Wilsbach -> Jeremy Crawshaw (Denver)
   Score: 100.0 | Rating: 71 vs 71 (diff: 0)
   Height: 76" vs 76" (diff: 0") | Weight: 205 vs 205 lbs (diff: 0)
   Handedness: 1 vs 1 (diff: 0) | Years Pro: 0 vs 0 (diff: 0)
   Contract: 1,093,570 APY
✅ Matched: Chukky Eeghen -> Jerry Tillery (Kansas City)
   Score: 100.0 | Rating: 71 vs 71 (diff: 0)
   Height: 78" vs 78" (diff: 0") | Weight: 295 vs 295 lbs (diff: 0)
   Handedness: 1 vs 1 (diff: 0) | Years Pro: 6 vs 6 (diff: 0)
   Contract: 1,790,000 APY
✅ Matched: Rickey Schulters -> Joe Milton III (Dallas)
   Score: 100.0 | Rating: 71 vs 71 (diff: 0)
   Height: 77" vs 77" (diff: 0") | Weight: 246 vs 246 lbs (diff: 0)
   Handedness: 1 vs 1 (diff: 0) | Years Pro: 1 vs 1 (diff: 0)
   Contract: 1,050,829 APY
✅ Matched: Rhys Mcenulty -> Joe Flacco (Cleveland)
   Score: 100.0 | Rating: 71 vs 71 (diff: 0)
   Height: 78" vs 78" (diff: 0") | Weight: 245 vs 245 lbs (diff: 0)
   Handedness: 1 vs 1 (diff: 0) | Years Pro: 17 vs 17 (diff: 0)
   Contract: 4,250,000 APY
❌ No match: Orson Cox (New York N) - Using defaults
✅ Matched: Koester Schwarzer -> Jordan Phillips (Miami)
   Score: 100.0 | Rating: 71 vs 71 (diff: 0)
   Height: 74" vs 74" (diff: 0") | Weight: 313 vs 313 lbs (diff: 0)
   Handedness: 1 vs 1 (diff: 0) | Years Pro: 0 vs 0 (diff: 0)
   Contract: 1,164,576 APY
✅ Matched: Chubby Manning -> Josh Jones (Seattle)
   Score: 100.0 | Rating: 71 vs 71 (diff: 0)
   Height: 79" vs 79" (diff: 0") | Weight: 310 vs 310 lbs (diff: 0)
   Handedness: 1 vs 1 (diff: 0) | Years Pro: 5 vs 5 (diff: 0)
   Contract: 4,000,000 APY
✅ Matched: Jammi Leetzow -> Josh Newton (Cincinnati)
   Score: 100.0 | Rating: 71 vs 71 (diff: 0)
   Height: 72" vs 72" (diff: 0") | Weight: 190 vs 190 lbs (diff: 0)
   Handedness: 1 vs 1 (diff: 0) | Years Pro: 1 vs 1 (diff: 0)
   Contract: 1,089,319 APY
❌ No match: Lazarius Mcdougle (New York A) - Using defaults
✅ Matched: Raylee Michael -> Joshua Farmer (New England)
   Score: 100.0 | Rating: 71 vs 71 (diff: 0)
   Height: 75" vs 75" (diff: 0") | Weight: 305 vs 305 lbs (diff: 0)
   Handedness: 1 vs 1 (diff: 0) | Years Pro: 0 vs 0 (diff: 0)
   Contract: 1,216,454 APY
✅ Matched: Chuck Kutler -> Junior Colson (Los Angeles A)
   Score: 100.0 | Rating: 71 vs 71 (diff: 0)
   Height: 74" vs 74" (diff: 0") | Weight: 247 vs 247 lbs (diff: 0)
   Handedness: 1 vs 1 (diff: 0) | Years Pro: 1 vs 1 (diff: 0)
   Contract: 1,506,752 APY
✅ Matched: Isaac Muehlheuser -> Justin Strnad (Denver)
   Score: 100.0 | Rating: 71 vs 71 (diff: 0)
   Height: 75" vs 75" (diff: 0") | Weight: 235 vs 235 lbs (diff: 0)
   Handedness: 1 vs 1 (diff: 0) | Years Pro: 5 vs 5 (diff: 0)
   Contract: 2,787,500 APY
✅ Matched: Leroy Hohn -> Justin Walley (Indianapolis)
   Score: 100.0 | Rating: 71 vs 71 (diff: 0)
   Height: 70" vs 70" (diff: 0") | Weight: 190 vs 190 lbs (diff: 0)
   Handedness: 1 vs 1 (diff: 0) | Years Pro: 0 vs 0 (diff: 0)
   Contract: 1,611,004 APY
✅ Matched: Nnamdi Trudeau -> K.J. Britt (Miami)
   Score: 100.0 | Rating: 71 vs 71 (diff: 0)
   Height: 72" vs 72" (diff: 0") | Weight: 235 vs 235 lbs (diff: 0)
   Handedness: 1 vs 1 (diff: 0) | Years Pro: 4 vs 4 (diff: 0)
   Contract: 1,337,500 APY
✅ Matched: Con Dieter -> Kei'Trel Clark (Arizona)
   Score: 100.0 | Rating: 71 vs 71 (diff: 0)
   Height: 70" vs 70" (diff: 0") | Weight: 181 vs 181 lbs (diff: 0)
   Handedness: 1 vs 1 (diff: 0) | Years Pro: 2 vs 2 (diff: 0)
   Contract: 1,012,153 APY
✅ Matched: Hoss Toorock -> Kendall Lamm (Philadelphia)
   Score: 100.0 | Rating: 71 vs 71 (diff: 0)
   Height: 77" vs 77" (diff: 0") | Weight: 310 vs 310 lbs (diff: 0)
   Handedness: 1 vs 1 (diff: 0) | Years Pro: 10 vs 10 (diff: 0)
   Contract: 1,505,000 APY
✅ Matched: Norris Marion -> Kentavius Street (Atlanta)
   Score: 100.0 | Rating: 71 vs 71 (diff: 0)
   Height: 74" vs 74" (diff: 0") | Weight: 287 vs 287 lbs (diff: 0)
   Handedness: 1 vs 1 (diff: 0) | Years Pro: 7 vs 7 (diff: 0)
   Contract: 1,337,500 APY
✅ Matched: Larry Deroo -> Kevin Winston Jr. (Tennessee)
   Score: 100.0 | Rating: 71 vs 71 (diff: 0)
   Height: 74" vs 74" (diff: 0") | Weight: 213 vs 213 lbs (diff: 0)
   Handedness: 1 vs 1 (diff: 0) | Years Pro: 0 vs 0 (diff: 0)
   Contract: 1,601,248 APY
⚠️  No contract: Daniel Rehnquist -> KhaDarel Hodge (Atlanta) - Using defaults
✅ Matched: Rollin Haslett -> Khalen Saunders (New Orleans)
   Score: 100.0 | Rating: 71 vs 71 (diff: 0)
   Height: 72" vs 72" (diff: 0") | Weight: 324 vs 324 lbs (diff: 0)
   Handedness: 1 vs 1 (diff: 0) | Years Pro: 6 vs 6 (diff: 0)
   Contract: 4,100,000 APY
✅ Matched: Anthone Scheib -> Khyiris Tonga (New England)
   Score: 100.0 | Rating: 71 vs 71 (diff: 0)
   Height: 76" vs 76" (diff: 0") | Weight: 338 vs 338 lbs (diff: 0)
   Handedness: 1 vs 1 (diff: 0) | Years Pro: 4 vs 4 (diff: 0)
   Contract: 2,100,000 APY
✅ Matched: Kenyon Wahlroos -> Kingsley Enagbare (Green Bay)
   Score: 100.0 | Rating: 71 vs 71 (diff: 0)
   Height: 76" vs 76" (diff: 0") | Weight: 258 vs 258 lbs (diff: 0)
   Handedness: 1 vs 1 (diff: 0) | Years Pro: 3 vs 3 (diff: 0)
   Contract: 975,638 APY
✅ Matched: Jerheme Damore -> Kyle Monangai (Chicago)
   Score: 100.0 | Rating: 71 vs 71 (diff: 0)
   Height: 68" vs 68" (diff: 0") | Weight: 211 vs 211 lbs (diff: 0)
   Handedness: 1 vs 1 (diff: 0) | Years Pro: 0 vs 0 (diff: 0)
   Contract: 1,082,035 APY
⚠️  No contract: Gery Kochel -> Kyle Philips (Las Vegas) - Using defaults
✅ Matched: Damen Carnelly -> LeQuint Allen (Jacksonville)
   Score: 100.0 | Rating: 71 vs 71 (diff: 0)
   Height: 72" vs 72" (diff: 0") | Weight: 204 vs 204 lbs (diff: 0)
   Handedness: 1 vs 1 (diff: 0) | Years Pro: 0 vs 0 (diff: 0)
   Contract: 1,079,689 APY
✅ Matched: Koren Bungarda -> Luke Schoonmaker (Dallas)
   Score: 100.0 | Rating: 71 vs 71 (diff: 0)
   Height: 77" vs 77" (diff: 0") | Weight: 250 vs 250 lbs (diff: 0)
   Handedness: 1 vs 1 (diff: 0) | Years Pro: 2 vs 2 (diff: 0)
   Contract: 1,566,672 APY
✅ Matched: Tully Berrang -> Mac McWilliams (Philadelphia)
   Score: 100.0 | Rating: 71 vs 71 (diff: 0)
   Height: 70" vs 70" (diff: 0") | Weight: 191 vs 191 lbs (diff: 0)
   Handedness: 1 vs 1 (diff: 0) | Years Pro: 0 vs 0 (diff: 0)
   Contract: 1,161,030 APY
✅ Matched: Shyrone Schaefering -> Matt Goncalves (Indianapolis)
   Score: 100.0 | Rating: 71 vs 71 (diff: 0)
   Height: 78" vs 78" (diff: 0") | Weight: 317 vs 317 lbs (diff: 0)
   Handedness: 1 vs 1 (diff: 0) | Years Pro: 1 vs 1 (diff: 0)
   Contract: 1,459,760 APY
✅ Matched: Alonzo Cottam -> Matthew Wright (Carolina)
   Score: 100.0 | Rating: 71 vs 71 (diff: 0)
   Height: 71" vs 71" (diff: 0") | Weight: 174 vs 174 lbs (diff: 0)
   Handedness: 1 vs 1 (diff: 0) | Years Pro: 5 vs 5 (diff: 0)
   Contract: 1,170,000 APY
✅ Matched: Kolby Beekman -> Michael Carter (Arizona)
   Score: 100.0 | Rating: 71 vs 71 (diff: 0)
   Height: 68" vs 68" (diff: 0") | Weight: 201 vs 201 lbs (diff: 0)
   Handedness: 1 vs 1 (diff: 0) | Years Pro: 4 vs 4 (diff: 0)
   Contract: 1,187,500 APY
✅ Matched: Mewelde Brightful -> Mike Pennel (Kansas City)
   Score: 100.0 | Rating: 71 vs 71 (diff: 0)
   Height: 76" vs 76" (diff: 0") | Weight: 332 vs 332 lbs (diff: 0)
   Handedness: 1 vs 1 (diff: 0) | Years Pro: 12 vs 12 (diff: 0)
   Contract: 1,422,500 APY
✅ Matched: Kwamie Cassara -> Miles Boykin (Chicago)
   Score: 100.0 | Rating: 71 vs 71 (diff: 0)
   Height: 76" vs 76" (diff: 0") | Weight: 220 vs 220 lbs (diff: 0)
   Handedness: 1 vs 1 (diff: 0) | Years Pro: 6 vs 6 (diff: 0)
   Contract: 1,170,000 APY
✅ Matched: Darcel Rubick -> Netane Muti (Detroit)
   Score: 100.0 | Rating: 71 vs 71 (diff: 0)
   Height: 75" vs 75" (diff: 0") | Weight: 315 vs 315 lbs (diff: 0)
   Handedness: 1 vs 1 (diff: 0) | Years Pro: 5 vs 5 (diff: 0)
   Contract: 1,100,000 APY
✅ Matched: Desean Jaqua -> Neville Gallimore (Indianapolis)
   Score: 100.0 | Rating: 71 vs 71 (diff: 0)
   Height: 74" vs 74" (diff: 0") | Weight: 302 vs 302 lbs (diff: 0)
   Handedness: 1 vs 1 (diff: 0) | Years Pro: 5 vs 5 (diff: 0)
   Contract: 1,337,500 APY
✅ Matched: Clarence Romes -> Nick Martin (San Francisco)
   Score: 100.0 | Rating: 71 vs 71 (diff: 0)
   Height: 72" vs 72" (diff: 0") | Weight: 221 vs 221 lbs (diff: 0)
   Handedness: 1 vs 1 (diff: 0) | Years Pro: 0 vs 0 (diff: 0)
   Contract: 1,640,417 APY
✅ Matched: Wane Gill -> Nick Scott (Carolina)
   Score: 100.0 | Rating: 71 vs 71 (diff: 0)
   Height: 71" vs 71" (diff: 0") | Weight: 200 vs 200 lbs (diff: 0)
   Handedness: 1 vs 1 (diff: 0) | Years Pro: 6 vs 6 (diff: 0)
   Contract: 1,337,500 APY
✅ Matched: Junius Bohling -> Noah Igbinoghene (Washington)
   Score: 100.0 | Rating: 71 vs 71 (diff: 0)
   Height: 71" vs 71" (diff: 0") | Weight: 197 vs 197 lbs (diff: 0)
   Handedness: 1 vs 1 (diff: 0) | Years Pro: 5 vs 5 (diff: 0)
   Contract: 1,500,000 APY
✅ Matched: Jordan Ciccone -> Ollie Gordon II (Miami)
   Score: 100.0 | Rating: 71 vs 71 (diff: 0)
   Height: 73" vs 73" (diff: 0") | Weight: 226 vs 226 lbs (diff: 0)
   Handedness: 1 vs 1 (diff: 0) | Years Pro: 0 vs 0 (diff: 0)
   Contract: 1,118,166 APY
✅ Matched: Elois Shirk -> Omarr Norman-Lott (Kansas City)
   Score: 100.0 | Rating: 71 vs 71 (diff: 0)
   Height: 74" vs 74" (diff: 0") | Weight: 303 vs 303 lbs (diff: 0)
   Handedness: 1 vs 1 (diff: 0) | Years Pro: 0 vs 0 (diff: 0)
   Contract: 1,800,093 APY
✅ Matched: Hust Juzwik -> Ozzy Trapilo (Chicago)
   Score: 100.0 | Rating: 71 vs 71 (diff: 0)
   Height: 80" vs 80" (diff: 0") | Weight: 316 vs 316 lbs (diff: 0)
   Handedness: 1 vs 1 (diff: 0) | Years Pro: 0 vs 0 (diff: 0)
   Contract: 1,929,531 APY
⚠️  No contract: Branden Blailock -> Parris Campbell (Dallas) - Using defaults
✅ Matched: Orrin Piccone -> Percy Butler (Washington)
   Score: 100.0 | Rating: 71 vs 71 (diff: 0)
   Height: 72" vs 72" (diff: 0") | Weight: 191 vs 191 lbs (diff: 0)
   Handedness: 1 vs 1 (diff: 0) | Years Pro: 3 vs 3 (diff: 0)
   Contract: 5,556,000 APY
✅ Matched: Shockmain Parsley -> Pharaoh Brown (Miami)
   Score: 100.0 | Rating: 71 vs 71 (diff: 0)
   Height: 77" vs 77" (diff: 0") | Weight: 246 vs 246 lbs (diff: 0)
   Handedness: 1 vs 1 (diff: 0) | Years Pro: 8 vs 8 (diff: 0)
   Contract: 1,355,000 APY
⚠️  No contract: Reno Tolzien -> Phillip Dorsett II (Las Vegas) - Using defaults
⚠️  No contract: Garland Woody -> Quez Watkins (Arizona) - Using defaults
✅ Matched: William Lawson -> Reid Ferguson (Buffalo)
   Score: 100.0 | Rating: 71 vs 71 (diff: 0)
   Height: 74" vs 74" (diff: 0") | Weight: 235 vs 235 lbs (diff: 0)
   Handedness: 1 vs 1 (diff: 0) | Years Pro: 9 vs 9 (diff: 0)
   Contract: 1,625,000 APY
✅ Matched: Trent Zagers -> Rock Ya-Sin (Detroit)
   Score: 100.0 | Rating: 71 vs 71 (diff: 0)
   Height: 71" vs 71" (diff: 0") | Weight: 192 vs 192 lbs (diff: 0)
   Handedness: 1 vs 1 (diff: 0) | Years Pro: 6 vs 6 (diff: 0)
   Contract: 1,170,000 APY
⚠️  No contract: Trung Perrotti -> Rodney Thomas II (Indianapolis) - Using defaults
✅ Matched: Trevis Andrulewicz -> Ryan Bates (Chicago)
   Score: 100.0 | Rating: 71 vs 71 (diff: 0)
   Height: 76" vs 76" (diff: 0") | Weight: 302 vs 302 lbs (diff: 0)
   Handedness: 1 vs 1 (diff: 0) | Years Pro: 6 vs 6 (diff: 0)
   Contract: 4,250,000 APY
✅ Matched: Eldonta Worden -> Shy Tuttle (Carolina)
   Score: 100.0 | Rating: 71 vs 71 (diff: 0)
   Height: 75" vs 75" (diff: 0") | Weight: 300 vs 300 lbs (diff: 0)
   Handedness: 1 vs 1 (diff: 0) | Years Pro: 6 vs 6 (diff: 0)
   Contract: 6,500,000 APY
✅ Matched: Hoyle Bieniemy -> Sincere McCormick (Las Vegas)
   Score: 100.0 | Rating: 71 vs 71 (diff: 0)
   Height: 69" vs 69" (diff: 0") | Weight: 205 vs 205 lbs (diff: 0)
   Handedness: 1 vs 1 (diff: 0) | Years Pro: 3 vs 3 (diff: 0)
   Contract: 795,000 APY
✅ Matched: Rashid Cherry -> Solomon Thomas (Dallas)
   Score: 100.0 | Rating: 71 vs 71 (diff: 0)
   Height: 75" vs 75" (diff: 0") | Weight: 295 vs 295 lbs (diff: 0)
   Handedness: 1 vs 1 (diff: 0) | Years Pro: 8 vs 8 (diff: 0)
   Contract: 3,000,000 APY
✅ Matched: Marv Krol -> Tahj Brooks (Cincinnati)
   Score: 100.0 | Rating: 71 vs 71 (diff: 0)
   Height: 69" vs 69" (diff: 0") | Weight: 214 vs 214 lbs (diff: 0)
   Handedness: 1 vs 1 (diff: 0) | Years Pro: 0 vs 0 (diff: 0)
   Contract: 1,107,714 APY
✅ Matched: Macey Goeas -> Tai Felton (Minnesota)
   Score: 100.0 | Rating: 71 vs 71 (diff: 0)
   Height: 73" vs 73" (diff: 0") | Weight: 183 vs 183 lbs (diff: 0)
   Handedness: 1 vs 1 (diff: 0) | Years Pro: 0 vs 0 (diff: 0)
   Contract: 1,540,296 APY
✅ Matched: Ahmard Nipp -> Tanoh Kpassagnon (Chicago)
   Score: 100.0 | Rating: 71 vs 71 (diff: 0)
   Height: 79" vs 79" (diff: 0") | Weight: 289 vs 289 lbs (diff: 0)
   Handedness: 1 vs 1 (diff: 0) | Years Pro: 8 vs 8 (diff: 0)
   Contract: 1,255,000 APY
✅ Matched: Dezmon Foschi -> Tate Ratledge (Detroit)
   Score: 100.0 | Rating: 71 vs 71 (diff: 0)
   Height: 79" vs 79" (diff: 0") | Weight: 308 vs 308 lbs (diff: 0)
   Handedness: 1 vs 1 (diff: 0) | Years Pro: 0 vs 0 (diff: 0)
   Contract: 1,914,594 APY
✅ Matched: Lyron Bertagnolli -> Taven Bryan (Cincinnati)
   Score: 100.0 | Rating: 71 vs 71 (diff: 0)
   Height: 76" vs 76" (diff: 0") | Weight: 291 vs 291 lbs (diff: 0)
   Handedness: 1 vs 1 (diff: 0) | Years Pro: 7 vs 7 (diff: 0)
   Contract: 1,422,500 APY
✅ Matched: Reynaldo Selmon -> Tavierre Thomas (Minnesota)
   Score: 100.0 | Rating: 71 vs 71 (diff: 0)
   Height: 70" vs 70" (diff: 0") | Weight: 205 vs 205 lbs (diff: 0)
   Handedness: 1 vs 1 (diff: 0) | Years Pro: 7 vs 7 (diff: 0)
   Contract: 2,000,000 APY
✅ Matched: Jarret Golemgeske -> Teddye Buchanan (Baltimore)
   Score: 100.0 | Rating: 71 vs 71 (diff: 0)
   Height: 74" vs 74" (diff: 0") | Weight: 233 vs 233 lbs (diff: 0)
   Handedness: 1 vs 1 (diff: 0) | Years Pro: 0 vs 0 (diff: 0)
   Contract: 1,275,724 APY
⚠️  No contract: Kordell Pilconis -> Terrace Marshall Jr (Philadelphia) - Using defaults
✅ Matched: Kroy Gamble -> Terrell Burgess (New Orleans)
   Score: 100.0 | Rating: 71 vs 71 (diff: 0)
   Height: 71" vs 71" (diff: 0") | Weight: 202 vs 202 lbs (diff: 0)
   Handedness: 1 vs 1 (diff: 0) | Years Pro: 5 vs 5 (diff: 0)
   Contract: 1,170,000 APY
✅ Matched: Clayton Dimitroff -> Tory Horton (Seattle)
   Score: 100.0 | Rating: 71 vs 71 (diff: 0)
   Height: 75" vs 75" (diff: 0") | Weight: 196 vs 196 lbs (diff: 0)
   Handedness: 1 vs 1 (diff: 0) | Years Pro: 0 vs 0 (diff: 0)
   Contract: 1,141,260 APY
✅ Matched: Gil Owusu-Ansah -> Troy Andersen (Atlanta)
   Score: 100.0 | Rating: 71 vs 71 (diff: 0)
   Height: 76" vs 76" (diff: 0") | Weight: 235 vs 235 lbs (diff: 0)
   Handedness: 1 vs 1 (diff: 0) | Years Pro: 3 vs 3 (diff: 0)
   Contract: 1,525,893 APY
✅ Matched: Regis Sasa -> Ty Hamilton (Los Angeles N)
   Score: 100.0 | Rating: 71 vs 71 (diff: 0)
   Height: 75" vs 75" (diff: 0") | Weight: 299 vs 299 lbs (diff: 0)
   Handedness: 1 vs 1 (diff: 0) | Years Pro: 0 vs 0 (diff: 0)
   Contract: 1,159,647 APY
✅ Matched: Ebenezer Bidwell -> Ty Robinson (Philadelphia)
   Score: 100.0 | Rating: 71 vs 71 (diff: 0)
   Height: 78" vs 78" (diff: 0") | Weight: 288 vs 288 lbs (diff: 0)
   Handedness: 1 vs 1 (diff: 0) | Years Pro: 0 vs 0 (diff: 0)
   Contract: 1,308,917 APY
✅ Matched: Torry Nading -> Tylan Wallace (Baltimore)
   Score: 100.0 | Rating: 71 vs 71 (diff: 0)
   Height: 71" vs 71" (diff: 0") | Weight: 198 vs 198 lbs (diff: 0)
   Handedness: 1 vs 1 (diff: 0) | Years Pro: 4 vs 4 (diff: 0)
   Contract: 2,100,000 APY
✅ Matched: Jewerl Seubert -> Tyler Scott (Chicago)
   Score: 100.0 | Rating: 71 vs 71 (diff: 0)
   Height: 71" vs 71" (diff: 0") | Weight: 185 vs 185 lbs (diff: 0)
   Handedness: 1 vs 1 (diff: 0) | Years Pro: 2 vs 2 (diff: 0)
   Contract: 1,125,863 APY
✅ Matched: Alundis Lookabaugh -> Tyler Davis (Los Angeles N)
   Score: 100.0 | Rating: 71 vs 71 (diff: 0)
   Height: 74" vs 74" (diff: 0") | Weight: 300 vs 300 lbs (diff: 0)
   Handedness: 1 vs 1 (diff: 0) | Years Pro: 1 vs 1 (diff: 0)
   Contract: 1,050,638 APY
✅ Matched: Buford Grooms -> Will Shipley (Philadelphia)
   Score: 100.0 | Rating: 71 vs 71 (diff: 0)
   Height: 71" vs 71" (diff: 0") | Weight: 210 vs 210 lbs (diff: 0)
   Handedness: 1 vs 1 (diff: 0) | Years Pro: 1 vs 1 (diff: 0)
   Contract: 1,184,241 APY
✅ Matched: Jonathan Urban -> Will Levis (Tennessee)
   Score: 100.0 | Rating: 71 vs 71 (diff: 0)
   Height: 76" vs 76" (diff: 0") | Weight: 229 vs 229 lbs (diff: 0)
   Handedness: 1 vs 1 (diff: 0) | Years Pro: 2 vs 2 (diff: 0)
   Contract: 2,385,541 APY
✅ Matched: Hayworth Stocker -> Wyatt Milum (Jacksonville)
   Score: 100.0 | Rating: 71 vs 71 (diff: 0)
   Height: 79" vs 79" (diff: 0") | Weight: 313 vs 313 lbs (diff: 0)
   Handedness: 1 vs 1 (diff: 0) | Years Pro: 0 vs 0 (diff: 0)
   Contract: 1,569,326 APY
✅ Matched: Mac O'Toole -> Xavier Thomas (Arizona)
   Score: 100.0 | Rating: 71 vs 71 (diff: 0)
   Height: 74" vs 74" (diff: 0") | Weight: 245 vs 245 lbs (diff: 0)
   Handedness: 1 vs 1 (diff: 0) | Years Pro: 1 vs 1 (diff: 0)
   Contract: 1,092,656 APY
❌ No match: Peerless Pierotti (New York A) - Using defaults
❌ No match: Lardarius Mcconnell (New York N) - Using defaults
✅ Matched: Henry Studaway -> A.T. Perry (Denver)
   Score: 100.0 | Rating: 70 vs 70 (diff: 0)
   Height: 77" vs 77" (diff: 0") | Weight: 205 vs 205 lbs (diff: 0)
   Handedness: 1 vs 1 (diff: 0) | Years Pro: 2 vs 2 (diff: 0)
   Contract: 1,030,000 APY
✅ Matched: Chukie Hagerty -> Adam Gotsis (Tampa Bay)
   Score: 100.0 | Rating: 70 vs 70 (diff: 0)
   Height: 76" vs 76" (diff: 0") | Weight: 290 vs 290 lbs (diff: 0)
   Handedness: 1 vs 1 (diff: 0) | Years Pro: 9 vs 9 (diff: 0)
   Contract: 1,255,000 APY
✅ Matched: Dimitri Grimsley -> Alex Austin (New England)
   Score: 100.0 | Rating: 70 vs 70 (diff: 0)
   Height: 73" vs 73" (diff: 0") | Weight: 191 vs 191 lbs (diff: 0)
   Handedness: 1 vs 1 (diff: 0) | Years Pro: 2 vs 2 (diff: 0)
   Contract: 1,030,000 APY
✅ Matched: Harald Corker -> Andrew Vorhees (Baltimore)
   Score: 100.0 | Rating: 70 vs 70 (diff: 0)
   Height: 78" vs 78" (diff: 0") | Weight: 310 vs 310 lbs (diff: 0)
   Handedness: 1 vs 1 (diff: 0) | Years Pro: 2 vs 2 (diff: 0)
   Contract: 985,528 APY
✅ Matched: Franky Carey -> Andy Dalton (Carolina)
   Score: 100.0 | Rating: 70 vs 70 (diff: 0)
   Height: 74" vs 74" (diff: 0") | Weight: 220 vs 220 lbs (diff: 0)
   Handedness: 1 vs 1 (diff: 0) | Years Pro: 14 vs 14 (diff: 0)
   Contract: 4,000,000 APY
⚠️  No contract: Linden Kadish -> Audric Estime (Denver) - Using defaults
✅ Matched: Pahl Scarpitto -> Barryn Sorrell (Green Bay)
   Score: 100.0 | Rating: 70 vs 70 (diff: 0)
   Height: 75" vs 75" (diff: 0") | Weight: 256 vs 256 lbs (diff: 0)
   Handedness: 1 vs 1 (diff: 0) | Years Pro: 0 vs 0 (diff: 0)
   Contract: 1,285,463 APY
✅ Matched: Doc Trumpy -> Beaux Limmer (Los Angeles N)
   Score: 100.0 | Rating: 70 vs 70 (diff: 0)
   Height: 77" vs 77" (diff: 0") | Weight: 307 vs 307 lbs (diff: 0)
   Handedness: 1 vs 1 (diff: 0) | Years Pro: 1 vs 1 (diff: 0)
   Contract: 1,039,597 APY
✅ Matched: Zack Burleson -> Ben Sauls (Pittsburgh)
   Score: 100.0 | Rating: 70 vs 70 (diff: 0)
   Height: 70" vs 70" (diff: 0") | Weight: 186 vs 186 lbs (diff: 0)
   Handedness: 0 vs 0 (diff: 0) | Years Pro: 0 vs 0 (diff: 0)
   Contract: 995,000 APY
✅ Matched: Alfredo Tuck -> Ben Skowronek (Pittsburgh)
   Score: 100.0 | Rating: 70 vs 70 (diff: 0)
   Height: 75" vs 75" (diff: 0") | Weight: 224 vs 224 lbs (diff: 0)
   Handedness: 1 vs 1 (diff: 0) | Years Pro: 4 vs 4 (diff: 0)
   Contract: 2,237,500 APY
✅ Matched: Trev Biekert -> Ben Sinnott (Washington)
   Score: 100.0 | Rating: 70 vs 70 (diff: 0)
   Height: 76" vs 76" (diff: 0") | Weight: 250 vs 250 lbs (diff: 0)
   Handedness: 1 vs 1 (diff: 0) | Years Pro: 1 vs 1 (diff: 0)
   Contract: 1,806,988 APY
✅ Matched: Ric Gardin -> Billy Bowman Jr. (Atlanta)
   Score: 100.0 | Rating: 70 vs 70 (diff: 0)
   Height: 70" vs 70" (diff: 0") | Weight: 192 vs 192 lbs (diff: 0)
   Handedness: 1 vs 1 (diff: 0) | Years Pro: 0 vs 0 (diff: 0)
   Contract: 1,296,538 APY
⚠️  No contract: Norbert Steed -> Boogie Basham Jr (Carolina) - Using defaults
✅ Matched: Senio Miklich -> Brennan Jackson (Los Angeles N)
   Score: 100.0 | Rating: 70 vs 70 (diff: 0)
   Height: 76" vs 76" (diff: 0") | Weight: 264 vs 264 lbs (diff: 0)
   Handedness: 1 vs 1 (diff: 0) | Years Pro: 1 vs 1 (diff: 0)
   Contract: 1,087,342 APY
✅ Matched: Ingle Morris -> Bub Means (New Orleans)
   Score: 100.0 | Rating: 70 vs 70 (diff: 0)
   Height: 74" vs 74" (diff: 0") | Weight: 215 vs 215 lbs (diff: 0)
   Handedness: 1 vs 1 (diff: 0) | Years Pro: 1 vs 1 (diff: 0)
   Contract: 1,068,569 APY
✅ Matched: Liffort Christenson -> Byron Young (Philadelphia)
   Score: 100.0 | Rating: 70 vs 70 (diff: 0)
   Height: 75" vs 75" (diff: 0") | Weight: 297 vs 297 lbs (diff: 0)
   Handedness: 1 vs 1 (diff: 0) | Years Pro: 2 vs 2 (diff: 0)
   Contract: 1,417,178 APY
✅ Matched: Darrent Spence -> Cam Jackson (Carolina)
   Score: 100.0 | Rating: 70 vs 70 (diff: 0)
   Height: 78" vs 78" (diff: 0") | Weight: 328 vs 328 lbs (diff: 0)
   Handedness: 1 vs 1 (diff: 0) | Years Pro: 0 vs 0 (diff: 0)
   Contract: 1,168,289 APY
✅ Matched: Enis Abruzzese -> Cameron Mitchell (Cleveland)
   Score: 100.0 | Rating: 70 vs 70 (diff: 0)
   Height: 72" vs 72" (diff: 0") | Weight: 195 vs 195 lbs (diff: 0)
   Handedness: 1 vs 1 (diff: 0) | Years Pro: 2 vs 2 (diff: 0)
   Contract: 1,044,308 APY
⚠️  No contract: Harley Wetz -> Cameron Thomas (Cleveland) - Using defaults
✅ Matched: Hicham Bookout -> Carson Steele (Kansas City)
   Score: 100.0 | Rating: 70 vs 70 (diff: 0)
   Height: 73" vs 73" (diff: 0") | Weight: 225 vs 225 lbs (diff: 0)
   Handedness: 0 vs 0 (diff: 0) | Years Pro: 1 vs 1 (diff: 0)
   Contract: 943,333 APY
❌ No match: Mario Rothwell (New York N) - Using defaults
✅ Matched: Uwe Siano -> Chad Muma (Jacksonville)
   Score: 100.0 | Rating: 70 vs 70 (diff: 0)
   Height: 75" vs 75" (diff: 0") | Weight: 239 vs 239 lbs (diff: 0)
   Handedness: 1 vs 1 (diff: 0) | Years Pro: 3 vs 3 (diff: 0)
   Contract: 1,356,527 APY
✅ Matched: Darnell Umenyiora -> Charles Grant (Las Vegas)
   Score: 100.0 | Rating: 70 vs 70 (diff: 0)
   Height: 77" vs 77" (diff: 0") | Weight: 309 vs 309 lbs (diff: 0)
   Handedness: 1 vs 1 (diff: 0) | Years Pro: 0 vs 0 (diff: 0)
   Contract: 1,540,296 APY
✅ Matched: Delvin Maple -> Charlie Jones (Cincinnati)
   Score: 100.0 | Rating: 70 vs 70 (diff: 0)
   Height: 72" vs 72" (diff: 0") | Weight: 188 vs 188 lbs (diff: 0)
   Handedness: 1 vs 1 (diff: 0) | Years Pro: 2 vs 2 (diff: 0)
   Contract: 1,129,694 APY
✅ Matched: Jo-Lonn Supernaw -> Chau Smith-Wade (Carolina)
   Score: 100.0 | Rating: 70 vs 70 (diff: 0)
   Height: 71" vs 71" (diff: 0") | Weight: 176 vs 176 lbs (diff: 0)
   Handedness: 1 vs 1 (diff: 0) | Years Pro: 1 vs 1 (diff: 0)
   Contract: 1,085,996 APY
✅ Matched: Roderick Dwight -> Chimere Dike (Tennessee)
   Score: 100.0 | Rating: 70 vs 70 (diff: 0)
   Height: 73" vs 73" (diff: 0") | Weight: 196 vs 196 lbs (diff: 0)
   Handedness: 1 vs 1 (diff: 0) | Years Pro: 0 vs 0 (diff: 0)
   Contract: 1,350,238 APY
❌ No match: Kenard Womble (New York N) - Using defaults
✅ Matched: Metz Osemele -> Christian Mahogany (Detroit)
   Score: 100.0 | Rating: 70 vs 70 (diff: 0)
   Height: 75" vs 75" (diff: 0") | Weight: 314 vs 314 lbs (diff: 0)
   Handedness: 1 vs 1 (diff: 0) | Years Pro: 1 vs 1 (diff: 0)
   Contract: 1,039,597 APY
✅ Matched: Tuufuli Lungren -> Colby Parkinson (Los Angeles N)
   Score: 100.0 | Rating: 70 vs 70 (diff: 0)
   Height: 79" vs 79" (diff: 0") | Weight: 251 vs 251 lbs (diff: 0)
   Handedness: 1 vs 1 (diff: 0) | Years Pro: 5 vs 5 (diff: 0)
   Contract: 7,500,000 APY
✅ Matched: Delles Janik -> Collin Oliver (Green Bay)
   Score: 100.0 | Rating: 70 vs 70 (diff: 0)
   Height: 74" vs 74" (diff: 0") | Weight: 240 vs 240 lbs (diff: 0)
   Handedness: 1 vs 1 (diff: 0) | Years Pro: 0 vs 0 (diff: 0)
   Contract: 1,151,021 APY
✅ Matched: Kelcie Taibi -> Dadrion Taylor-Demerson (Arizona)
   Score: 100.0 | Rating: 70 vs 70 (diff: 0)
   Height: 71" vs 71" (diff: 0") | Weight: 195 vs 195 lbs (diff: 0)
   Handedness: 1 vs 1 (diff: 0) | Years Pro: 1 vs 1 (diff: 0)
   Contract: 1,216,711 APY
✅ Matched: Florian Mcginest -> Damien Martinez (Seattle)
   Score: 100.0 | Rating: 70 vs 70 (diff: 0)
   Height: 72" vs 72" (diff: 0") | Weight: 217 vs 217 lbs (diff: 0)
   Handedness: 1 vs 1 (diff: 0) | Years Pro: 0 vs 0 (diff: 0)
   Contract: 1,084,736 APY
✅ Matched: Mao Mcilhenny -> Daniel Brunskill (Miami)
   Score: 100.0 | Rating: 70 vs 70 (diff: 0)
   Height: 77" vs 77" (diff: 0") | Weight: 300 vs 300 lbs (diff: 0)
   Handedness: 1 vs 1 (diff: 0) | Years Pro: 8 vs 8 (diff: 0)
   Contract: 1,170,000 APY
❌ No match: Todd Bunting (New York N) - Using defaults
✅ Matched: Cris Ames -> Danny Stutsman (New Orleans)
   Score: 100.0 | Rating: 70 vs 70 (diff: 0)
   Height: 75" vs 75" (diff: 0") | Weight: 233 vs 233 lbs (diff: 0)
   Handedness: 1 vs 1 (diff: 0) | Years Pro: 0 vs 0 (diff: 0)
   Contract: 1,307,091 APY
✅ Matched: Wally Niehaus -> Dante Pettis (New Orleans)
   Score: 100.0 | Rating: 70 vs 70 (diff: 0)
   Height: 73" vs 73" (diff: 0") | Weight: 195 vs 195 lbs (diff: 0)
   Handedness: 1 vs 1 (diff: 0) | Years Pro: 7 vs 7 (diff: 0)
   Contract: 1,337,500 APY
✅ Matched: Jodie Strada -> Dante Stills (Arizona)
   Score: 100.0 | Rating: 70 vs 70 (diff: 0)
   Height: 76" vs 76" (diff: 0") | Weight: 286 vs 286 lbs (diff: 0)
   Handedness: 1 vs 1 (diff: 0) | Years Pro: 2 vs 2 (diff: 0)
   Contract: 993,334 APY
✅ Matched: Ran Ruether -> Dawand Jones (Cleveland)
   Score: 100.0 | Rating: 70 vs 70 (diff: 0)
   Height: 80" vs 80" (diff: 0") | Weight: 375 vs 375 lbs (diff: 0)
   Handedness: 1 vs 1 (diff: 0) | Years Pro: 2 vs 2 (diff: 0)
   Contract: 1,158,083 APY
✅ Matched: Tobin Dodge -> DeAngelo Malone (Atlanta)
   Score: 100.0 | Rating: 70 vs 70 (diff: 0)
   Height: 76" vs 76" (diff: 0") | Weight: 240 vs 240 lbs (diff: 0)
   Handedness: 1 vs 1 (diff: 0) | Years Pro: 3 vs 3 (diff: 0)
   Contract: 1,307,396 APY
✅ Matched: Adger Klingel -> Denzel Burke (Arizona)
   Score: 100.0 | Rating: 70 vs 70 (diff: 0)
   Height: 71" vs 71" (diff: 0") | Weight: 186 vs 186 lbs (diff: 0)
   Handedness: 1 vs 1 (diff: 0) | Years Pro: 0 vs 0 (diff: 0)
   Contract: 1,130,054 APY
✅ Matched: Obie Kalina -> Derius Davis (Los Angeles A)
   Score: 100.0 | Rating: 70 vs 70 (diff: 0)
   Height: 68" vs 68" (diff: 0") | Weight: 165 vs 165 lbs (diff: 0)
   Handedness: 1 vs 1 (diff: 0) | Years Pro: 2 vs 2 (diff: 0)
   Contract: 1,137,983 APY
✅ Matched: Peaches Koenen -> Deshaun Watson (Cleveland)
   Score: 100.0 | Rating: 70 vs 70 (diff: 0)
   Height: 75" vs 75" (diff: 0") | Weight: 223 vs 223 lbs (diff: 0)
   Handedness: 1 vs 1 (diff: 0) | Years Pro: 8 vs 8 (diff: 0)
   Contract: 46,000,000 APY
✅ Matched: Swanson Ontko -> Deuce Vaughn (Dallas)
   Score: 100.0 | Rating: 70 vs 70 (diff: 0)
   Height: 66" vs 66" (diff: 0") | Weight: 176 vs 176 lbs (diff: 0)
   Handedness: 1 vs 1 (diff: 0) | Years Pro: 2 vs 2 (diff: 0)
   Contract: 993,334 APY
✅ Matched: Geoffrey Gunn -> Devin White (Las Vegas)
   Score: 100.0 | Rating: 70 vs 70 (diff: 0)
   Height: 72" vs 72" (diff: 0") | Weight: 237 vs 237 lbs (diff: 0)
   Handedness: 1 vs 1 (diff: 0) | Years Pro: 6 vs 6 (diff: 0)
   Contract: 1,170,000 APY
✅ Matched: Beattie Maeder -> Devontez Walker (Baltimore)
   Score: 100.0 | Rating: 70 vs 70 (diff: 0)
   Height: 74" vs 74" (diff: 0") | Weight: 193 vs 193 lbs (diff: 0)
   Handedness: 1 vs 1 (diff: 0) | Years Pro: 1 vs 1 (diff: 0)
   Contract: 1,204,463 APY
✅ Matched: Merril Kosel -> DeWayne Carter (Buffalo)
   Score: 100.0 | Rating: 70 vs 70 (diff: 0)
   Height: 74" vs 74" (diff: 0") | Weight: 302 vs 302 lbs (diff: 0)
   Handedness: 1 vs 1 (diff: 0) | Years Pro: 1 vs 1 (diff: 0)
   Contract: 1,404,512 APY
✅ Matched: Geoff Boddie -> Duke Shelley (Indianapolis)
   Score: 100.0 | Rating: 70 vs 70 (diff: 0)
   Height: 69" vs 69" (diff: 0") | Weight: 176 vs 176 lbs (diff: 0)
   Handedness: 1 vs 1 (diff: 0) | Years Pro: 6 vs 6 (diff: 0)
   Contract: 1,170,000 APY
✅ Matched: Brock Righetti -> Durham Smythe (Chicago)
   Score: 100.0 | Rating: 70 vs 70 (diff: 0)
   Height: 78" vs 78" (diff: 0") | Weight: 246 vs 246 lbs (diff: 0)
   Handedness: 1 vs 1 (diff: 0) | Years Pro: 7 vs 7 (diff: 0)
   Contract: 2,500,000 APY
✅ Matched: Dub Lackman -> Emery Jones Jr. (Baltimore)
   Score: 100.0 | Rating: 70 vs 70 (diff: 0)
   Height: 77" vs 77" (diff: 0") | Weight: 315 vs 315 lbs (diff: 0)
   Handedness: 1 vs 1 (diff: 0) | Years Pro: 0 vs 0 (diff: 0)
   Contract: 1,568,380 APY
⚠️  No contract: Kamar Sack -> Erick All Jr (Cincinnati) - Using defaults
⚠️  No contract: Jeremiah Gilberry -> Gardner Minshew II (Kansas City) - Using defaults
✅ Matched: Kiwaukee Frahm -> Isaiah McGuire (Cleveland)
   Score: 100.0 | Rating: 70 vs 70 (diff: 0)
   Height: 76" vs 76" (diff: 0") | Weight: 271 vs 271 lbs (diff: 0)
   Handedness: 1 vs 1 (diff: 0) | Years Pro: 2 vs 2 (diff: 0)
   Contract: 1,137,983 APY
✅ Matched: Peyton Groomes -> Isaiah Foskey (New Orleans)
   Score: 100.0 | Rating: 70 vs 70 (diff: 0)
   Height: 77" vs 77" (diff: 0") | Weight: 265 vs 265 lbs (diff: 0)
   Handedness: 1 vs 1 (diff: 0) | Years Pro: 2 vs 2 (diff: 0)
   Contract: 2,183,680 APY
✅ Matched: Johnny Jurich -> Jacoby Brissett (Arizona)
   Score: 100.0 | Rating: 70 vs 70 (diff: 0)
   Height: 76" vs 76" (diff: 0") | Weight: 235 vs 235 lbs (diff: 0)
   Handedness: 1 vs 1 (diff: 0) | Years Pro: 9 vs 9 (diff: 0)
   Contract: 6,250,000 APY
✅ Matched: Kevan Kraus -> Jaden Crumedy (Carolina)
   Score: 100.0 | Rating: 70 vs 70 (diff: 0)
   Height: 76" vs 76" (diff: 0") | Weight: 301 vs 301 lbs (diff: 0)
   Handedness: 1 vs 1 (diff: 0) | Years Pro: 1 vs 1 (diff: 0)
   Contract: 1,049,106 APY
⚠️  No contract: Levert Seurer -> Jamaree Caldwell (Los Angeles A) - Using defaults
✅ Matched: Sherman Dewveall -> Jaquelin Roy (New England)
   Score: 100.0 | Rating: 70 vs 70 (diff: 0)
   Height: 75" vs 75" (diff: 0") | Weight: 305 vs 305 lbs (diff: 0)
   Handedness: 1 vs 1 (diff: 0) | Years Pro: 2 vs 2 (diff: 0)
   Contract: 915,000 APY
✅ Matched: Timothy Dyson -> Jared Wiley (Kansas City)
   Score: 100.0 | Rating: 70 vs 70 (diff: 0)
   Height: 78" vs 78" (diff: 0") | Weight: 249 vs 249 lbs (diff: 0)
   Handedness: 1 vs 1 (diff: 0) | Years Pro: 1 vs 1 (diff: 0)
   Contract: 1,177,155 APY
✅ Matched: Damion Mansfield -> Jaylin Smith (Houston)
   Score: 100.0 | Rating: 70 vs 70 (diff: 0)
   Height: 71" vs 71" (diff: 0") | Weight: 187 vs 187 lbs (diff: 0)
   Handedness: 1 vs 1 (diff: 0) | Years Pro: 0 vs 0 (diff: 0)
   Contract: 1,540,296 APY
✅ Matched: Darrelle Mcdonnell -> Jaylon Jones (Arizona)
   Score: 100.0 | Rating: 70 vs 70 (diff: 0)
   Height: 71" vs 71" (diff: 0") | Weight: 190 vs 190 lbs (diff: 0)
   Handedness: 1 vs 1 (diff: 0) | Years Pro: 3 vs 3 (diff: 0)
   Contract: 988,370 APY
✅ Matched: Claude Janiak -> Jaylon Carlies (Indianapolis)
   Score: 100.0 | Rating: 70 vs 70 (diff: 0)
   Height: 75" vs 75" (diff: 0") | Weight: 227 vs 227 lbs (diff: 0)
   Handedness: 1 vs 1 (diff: 0) | Years Pro: 1 vs 1 (diff: 0)
   Contract: 1,089,060 APY
✅ Matched: Sugarfoot Kuczynski -> Jermaine Burton (Cincinnati)
   Score: 100.0 | Rating: 70 vs 70 (diff: 0)
   Height: 72" vs 72" (diff: 0") | Weight: 196 vs 196 lbs (diff: 0)
   Handedness: 1 vs 1 (diff: 0) | Years Pro: 1 vs 1 (diff: 0)
   Contract: 1,455,224 APY
⚠️  No contract: Whitey Hennings -> Joe Noteboom (Baltimore) - Using defaults
✅ Matched: Hugo Fulhage -> Jordan Jefferson (Jacksonville)
   Score: 100.0 | Rating: 70 vs 70 (diff: 0)
   Height: 75" vs 75" (diff: 0") | Weight: 305 vs 305 lbs (diff: 0)
   Handedness: 1 vs 1 (diff: 0) | Years Pro: 1 vs 1 (diff: 0)
   Contract: 1,200,769 APY
✅ Matched: Tim Kersten -> Jowon Briggs (Cleveland)
   Score: 100.0 | Rating: 70 vs 70 (diff: 0)
   Height: 73" vs 73" (diff: 0") | Weight: 313 vs 313 lbs (diff: 0)
   Handedness: 1 vs 1 (diff: 0) | Years Pro: 1 vs 1 (diff: 0)
   Contract: 795,000 APY
✅ Matched: Jordy Pifferini -> Justin Eboigbe (Los Angeles A)
   Score: 100.0 | Rating: 70 vs 70 (diff: 0)
   Height: 77" vs 77" (diff: 0") | Weight: 297 vs 297 lbs (diff: 0)
   Handedness: 1 vs 1 (diff: 0) | Years Pro: 1 vs 1 (diff: 0)
   Contract: 1,214,753 APY
✅ Matched: Russ Minnis -> Kalel Mullings (Tennessee)
   Score: 100.0 | Rating: 70 vs 70 (diff: 0)
   Height: 74" vs 74" (diff: 0") | Weight: 226 vs 226 lbs (diff: 0)
   Handedness: 1 vs 1 (diff: 0) | Years Pro: 0 vs 0 (diff: 0)
   Contract: 1,109,627 APY
✅ Matched: Javon Israel -> Karl Brooks (Green Bay)
   Score: 100.0 | Rating: 70 vs 70 (diff: 0)
   Height: 75" vs 75" (diff: 0") | Weight: 296 vs 296 lbs (diff: 0)
   Handedness: 1 vs 1 (diff: 0) | Years Pro: 2 vs 2 (diff: 0)
   Contract: 1,013,007 APY
✅ Matched: Gerris Tew -> KeAndre Lambert-Smith (Los Angeles A)
   Score: 100.0 | Rating: 70 vs 70 (diff: 0)
   Height: 73" vs 73" (diff: 0") | Weight: 190 vs 190 lbs (diff: 0)
   Handedness: 1 vs 1 (diff: 0) | Years Pro: 0 vs 0 (diff: 0)
   Contract: 1,152,001 APY
✅ Matched: Wilson Bullock -> Kendall Sheffield (Miami)
   Score: 100.0 | Rating: 70 vs 70 (diff: 0)
   Height: 70" vs 70" (diff: 0") | Weight: 212 vs 212 lbs (diff: 0)
   Handedness: 1 vs 1 (diff: 0) | Years Pro: 6 vs 6 (diff: 0)
   Contract: 1,170,000 APY
✅ Matched: Pettis Spilis -> Khristian Boyd (New Orleans)
   Score: 100.0 | Rating: 70 vs 70 (diff: 0)
   Height: 74" vs 74" (diff: 0") | Weight: 320 vs 320 lbs (diff: 0)
   Handedness: 1 vs 1 (diff: 0) | Years Pro: 1 vs 1 (diff: 0)
   Contract: 1,049,707 APY
✅ Matched: Bon Feldman -> Kindle Vildor (Tampa Bay)
   Score: 100.0 | Rating: 70 vs 70 (diff: 0)
   Height: 70" vs 70" (diff: 0") | Weight: 189 vs 189 lbs (diff: 0)
   Handedness: 1 vs 1 (diff: 0) | Years Pro: 5 vs 5 (diff: 0)
   Contract: 1,337,500 APY
⚠️  No contract: Jojo Strenger -> Lajohntay Wester (Baltimore) - Using defaults
✅ Matched: Blake Dottley -> Leki Fotu (Las Vegas)
   Score: 100.0 | Rating: 70 vs 70 (diff: 0)
   Height: 77" vs 77" (diff: 0") | Weight: 334 vs 334 lbs (diff: 0)
   Handedness: 1 vs 1 (diff: 0) | Years Pro: 5 vs 5 (diff: 0)
   Contract: 1,439,500 APY
✅ Matched: Davey Shedd -> Lewis Cine (Philadelphia)
   Score: 100.0 | Rating: 70 vs 70 (diff: 0)
   Height: 74" vs 74" (diff: 0") | Weight: 202 vs 202 lbs (diff: 0)
   Handedness: 1 vs 1 (diff: 0) | Years Pro: 3 vs 3 (diff: 0)
   Contract: 1,030,000 APY
✅ Matched: Delton Hindman -> Logan Lee (Pittsburgh)
   Score: 100.0 | Rating: 70 vs 70 (diff: 0)
   Height: 77" vs 77" (diff: 0") | Weight: 286 vs 286 lbs (diff: 0)
   Handedness: 1 vs 1 (diff: 0) | Years Pro: 1 vs 1 (diff: 0)
   Contract: 1,060,018 APY
✅ Matched: Sidney Kinderdine -> Luke McCaffrey (Washington)
   Score: 100.0 | Rating: 70 vs 70 (diff: 0)
   Height: 74" vs 74" (diff: 0") | Weight: 198 vs 198 lbs (diff: 0)
   Handedness: 1 vs 1 (diff: 0) | Years Pro: 1 vs 1 (diff: 0)
   Contract: 1,399,078 APY
✅ Matched: Lin Roan -> Luke Musgrave (Green Bay)
   Score: 100.0 | Rating: 70 vs 70 (diff: 0)
   Height: 78" vs 78" (diff: 0") | Weight: 253 vs 253 lbs (diff: 0)
   Handedness: 1 vs 1 (diff: 0) | Years Pro: 2 vs 2 (diff: 0)
   Contract: 2,118,933 APY
⚠️  No contract: Keaton Stephens -> M.J. Stewart Jr (Houston) - Using defaults
❌ No match: Dimitrius Rehberg (New York A) - Using defaults
✅ Matched: Aveion Norgard -> Malik Washington (Miami)
   Score: 100.0 | Rating: 70 vs 70 (diff: 0)
   Height: 69" vs 69" (diff: 0") | Weight: 191 vs 191 lbs (diff: 0)
   Handedness: 1 vs 1 (diff: 0) | Years Pro: 1 vs 1 (diff: 0)
   Contract: 1,054,890 APY
⚠️  No contract: Triandos Ostroski -> Matthew Hayball (New Orleans) - Using defaults
✅ Matched: Stockar Wells -> Mekhi Wingo (Detroit)
   Score: 100.0 | Rating: 70 vs 70 (diff: 0)
   Height: 73" vs 73" (diff: 0") | Weight: 295 vs 295 lbs (diff: 0)
   Handedness: 1 vs 1 (diff: 0) | Years Pro: 1 vs 1 (diff: 0)
   Contract: 1,051,700 APY
✅ Matched: Remi Weigel -> Michael Burton (Denver)
   Score: 100.0 | Rating: 70 vs 70 (diff: 0)
   Height: 72" vs 72" (diff: 0") | Weight: 247 vs 247 lbs (diff: 0)
   Handedness: 1 vs 1 (diff: 0) | Years Pro: 10 vs 10 (diff: 0)
   Contract: 1,422,500 APY
✅ Matched: James-Michael Sullivan -> Mike Edwards (Kansas City)
   Score: 100.0 | Rating: 70 vs 70 (diff: 0)
   Height: 70" vs 70" (diff: 0") | Weight: 205 vs 205 lbs (diff: 0)
   Handedness: 1 vs 1 (diff: 0) | Years Pro: 6 vs 6 (diff: 0)
   Contract: 926,750 APY
✅ Matched: Rupert Bailey -> Mohamed Kamara (Miami)
   Score: 100.0 | Rating: 70 vs 70 (diff: 0)
   Height: 73" vs 73" (diff: 0") | Weight: 248 vs 248 lbs (diff: 0)
   Handedness: 1 vs 1 (diff: 0) | Years Pro: 1 vs 1 (diff: 0)
   Contract: 1,085,218 APY
✅ Matched: Danario Korver -> Montaric Brown (Jacksonville)
   Score: 100.0 | Rating: 70 vs 70 (diff: 0)
   Height: 72" vs 72" (diff: 0") | Weight: 190 vs 190 lbs (diff: 0)
   Handedness: 1 vs 1 (diff: 0) | Years Pro: 3 vs 3 (diff: 0)
   Contract: 943,995 APY
✅ Matched: Packie Ness -> Mykal Walker (Arizona)
   Score: 100.0 | Rating: 70 vs 70 (diff: 0)
   Height: 75" vs 75" (diff: 0") | Weight: 230 vs 230 lbs (diff: 0)
   Handedness: 1 vs 1 (diff: 0) | Years Pro: 5 vs 5 (diff: 0)
   Contract: 1,790,000 APY
✅ Matched: Alden Elway -> Myles Murphy (Cincinnati)
   Score: 100.0 | Rating: 70 vs 70 (diff: 0)
   Height: 77" vs 77" (diff: 0") | Weight: 275 vs 275 lbs (diff: 0)
   Handedness: 0 vs 0 (diff: 0) | Years Pro: 2 vs 2 (diff: 0)
   Contract: 3,146,816 APY
✅ Matched: Jerrott Rooney -> Nick McCloud (Chicago)
   Score: 100.0 | Rating: 70 vs 70 (diff: 0)
   Height: 72" vs 72" (diff: 0") | Weight: 193 vs 193 lbs (diff: 0)
   Handedness: 1 vs 1 (diff: 0) | Years Pro: 4 vs 4 (diff: 0)
   Contract: 1,320,000 APY
✅ Matched: Huey Lockett -> Nick Moore (Baltimore)
   Score: 100.0 | Rating: 70 vs 70 (diff: 0)
   Height: 74" vs 74" (diff: 0") | Weight: 253 vs 253 lbs (diff: 0)
   Handedness: 1 vs 1 (diff: 0) | Years Pro: 5 vs 5 (diff: 0)
   Contract: 1,247,500 APY
✅ Matched: Dosey Lens -> Oren Burks (Cincinnati)
   Score: 100.0 | Rating: 70 vs 70 (diff: 0)
   Height: 75" vs 75" (diff: 0") | Weight: 233 vs 233 lbs (diff: 0)
   Handedness: 1 vs 1 (diff: 0) | Years Pro: 7 vs 7 (diff: 0)
   Contract: 2,500,000 APY
❌ No match: Devier Scanlan (New York A) - Using defaults
❌ No match: Tyrone Mcphee (New York N) - Using defaults
✅ Matched: Atari Bratton -> Robert Jones (Dallas)
   Score: 100.0 | Rating: 70 vs 70 (diff: 0)
   Height: 76" vs 76" (diff: 0") | Weight: 325 vs 325 lbs (diff: 0)
   Handedness: 1 vs 1 (diff: 0) | Years Pro: 4 vs 4 (diff: 0)
   Contract: 3,750,000 APY
✅ Matched: Ronnie Wrightman -> Roman Wilson (Pittsburgh)
   Score: 100.0 | Rating: 70 vs 70 (diff: 0)
   Height: 72" vs 72" (diff: 0") | Weight: 185 vs 185 lbs (diff: 0)
   Handedness: 1 vs 1 (diff: 0) | Years Pro: 1 vs 1 (diff: 0)
   Contract: 1,436,292 APY
✅ Matched: Mercury Brazell -> Royce Newman (Arizona)
   Score: 100.0 | Rating: 70 vs 70 (diff: 0)
   Height: 77" vs 77" (diff: 0") | Weight: 310 vs 310 lbs (diff: 0)
   Handedness: 1 vs 1 (diff: 0) | Years Pro: 4 vs 4 (diff: 0)
   Contract: 1,337,500 APY
⚠️  No contract: Grey Jagade -> Russell Gage Jr (San Francisco) - Using defaults
✅ Matched: Mickey Badar -> Ryan Fitzgerald (Carolina)
   Score: 100.0 | Rating: 70 vs 70 (diff: 0)
   Height: 71" vs 71" (diff: 0") | Weight: 194 vs 194 lbs (diff: 0)
   Handedness: 1 vs 1 (diff: 0) | Years Pro: 0 vs 0 (diff: 0)
   Contract: 993,333 APY
✅ Matched: Jess Hillenbrand -> Sai'vion Jones (Denver)
   Score: 100.0 | Rating: 70 vs 70 (diff: 0)
   Height: 77" vs 77" (diff: 0") | Weight: 283 vs 283 lbs (diff: 0)
   Handedness: 1 vs 1 (diff: 0) | Years Pro: 0 vs 0 (diff: 0)
   Contract: 1,540,296 APY
✅ Matched: Keyshawn Ghent -> Sam Mustipher (Tennessee)
   Score: 100.0 | Rating: 70 vs 70 (diff: 0)
   Height: 74" vs 74" (diff: 0") | Weight: 306 vs 306 lbs (diff: 0)
   Handedness: 1 vs 1 (diff: 0) | Years Pro: 6 vs 6 (diff: 0)
   Contract: 1,125,000 APY
✅ Matched: Herm Griffiths -> Savion Williams (Green Bay)
   Score: 100.0 | Rating: 70 vs 70 (diff: 0)
   Height: 76" vs 76" (diff: 0") | Weight: 222 vs 222 lbs (diff: 0)
   Handedness: 1 vs 1 (diff: 0) | Years Pro: 0 vs 0 (diff: 0)
   Contract: 1,573,114 APY
⚠️  No contract: Kheeston Mastrogany -> Scott Miller (Pittsburgh) - Using defaults
✅ Matched: Bernard Brooks -> Shaun Wade (Chicago)
   Score: 100.0 | Rating: 70 vs 70 (diff: 0)
   Height: 73" vs 73" (diff: 0") | Weight: 191 vs 191 lbs (diff: 0)
   Handedness: 1 vs 1 (diff: 0) | Years Pro: 4 vs 4 (diff: 0)
   Contract: 1,100,000 APY
✅ Matched: Luis Skeate -> Tanor Bortolini (Indianapolis)
   Score: 100.0 | Rating: 70 vs 70 (diff: 0)
   Height: 76" vs 76" (diff: 0") | Weight: 303 vs 303 lbs (diff: 0)
   Handedness: 1 vs 1 (diff: 0) | Years Pro: 1 vs 1 (diff: 0)
   Contract: 1,199,968 APY
✅ Matched: Gary Bryan -> Tavius Robinson (Baltimore)
   Score: 100.0 | Rating: 70 vs 70 (diff: 0)
   Height: 78" vs 78" (diff: 0") | Weight: 258 vs 258 lbs (diff: 0)
   Handedness: 1 vs 1 (diff: 0) | Years Pro: 2 vs 2 (diff: 0)
   Contract: 1,140,141 APY
✅ Matched: Tristan Conklin -> Tommy Tremble (Carolina)
   Score: 100.0 | Rating: 70 vs 70 (diff: 0)
   Height: 76" vs 76" (diff: 0") | Weight: 250 vs 250 lbs (diff: 0)
   Handedness: 1 vs 1 (diff: 0) | Years Pro: 4 vs 4 (diff: 0)
   Contract: 5,250,000 APY
❌ No match: Remy Maul (New York N) - Using defaults
✅ Matched: Bert Feichtinger -> Trenton Irwin (Jacksonville)
   Score: 100.0 | Rating: 70 vs 70 (diff: 0)
   Height: 74" vs 74" (diff: 0") | Weight: 200 vs 200 lbs (diff: 0)
   Handedness: 0 vs 0 (diff: 0) | Years Pro: 5 vs 5 (diff: 0)
   Contract: 1,170,000 APY
✅ Matched: Bobby Stockton -> Trevin Wallace (Carolina)
   Score: 100.0 | Rating: 70 vs 70 (diff: 0)
   Height: 74" vs 74" (diff: 0") | Weight: 241 vs 241 lbs (diff: 0)
   Handedness: 1 vs 1 (diff: 0) | Years Pro: 1 vs 1 (diff: 0)
   Contract: 1,489,959 APY
⚠️  No contract: Darby Foster -> Trey Pipkins III (Los Angeles A) - Using defaults
✅ Matched: France Waldroup -> Troy Dye (Los Angeles A)
   Score: 100.0 | Rating: 70 vs 70 (diff: 0)
   Height: 75" vs 75" (diff: 0") | Weight: 231 vs 231 lbs (diff: 0)
   Handedness: 1 vs 1 (diff: 0) | Years Pro: 5 vs 5 (diff: 0)
   Contract: 2,750,000 APY
❌ No match: Mcneil Turpin (New York N) - Using defaults
✅ Matched: Arch Rodgers -> Wanya Morris (Kansas City)
   Score: 100.0 | Rating: 70 vs 70 (diff: 0)
   Height: 77" vs 77" (diff: 0") | Weight: 307 vs 307 lbs (diff: 0)
   Handedness: 1 vs 1 (diff: 0) | Years Pro: 2 vs 2 (diff: 0)
   Contract: 1,342,089 APY
✅ Matched: Winfield Torrence -> Woody Marks (Houston)
   Score: 100.0 | Rating: 70 vs 70 (diff: 0)
   Height: 70" vs 70" (diff: 0") | Weight: 213 vs 213 lbs (diff: 0)
   Handedness: 1 vs 1 (diff: 0) | Years Pro: 0 vs 0 (diff: 0)
   Contract: 1,300,942 APY
✅ Matched: Backnor Stahlman -> Xavier Watts (Atlanta)
   Score: 100.0 | Rating: 70 vs 70 (diff: 0)
   Height: 72" vs 72" (diff: 0") | Weight: 205 vs 205 lbs (diff: 0)
   Handedness: 1 vs 1 (diff: 0) | Years Pro: 0 vs 0 (diff: 0)
   Contract: 1,547,139 APY
✅ Matched: Neely Abraham -> Zach Cunningham (Detroit)
   Score: 100.0 | Rating: 70 vs 70 (diff: 0)
   Height: 75" vs 75" (diff: 0") | Weight: 237 vs 237 lbs (diff: 0)
   Handedness: 1 vs 1 (diff: 0) | Years Pro: 8 vs 8 (diff: 0)
   Contract: 1,255,000 APY
✅ Matched: Keshawn Dilweg -> Zach Harrison (Atlanta)
   Score: 100.0 | Rating: 70 vs 70 (diff: 0)
   Height: 78" vs 78" (diff: 0") | Weight: 272 vs 272 lbs (diff: 0)
   Handedness: 1 vs 1 (diff: 0) | Years Pro: 2 vs 2 (diff: 0)
   Contract: 1,392,112 APY
✅ Matched: Oliver Mcgrorty -> Zah Frazier (Chicago)
   Score: 100.0 | Rating: 70 vs 70 (diff: 0)
   Height: 75" vs 75" (diff: 0") | Weight: 186 vs 186 lbs (diff: 0)
   Handedness: 1 vs 1 (diff: 0) | Years Pro: 0 vs 0 (diff: 0)
   Contract: 1,130,054 APY
✅ Matched: Marcell Womack -> Zak Zinter (Cleveland)
   Score: 100.0 | Rating: 70 vs 70 (diff: 0)
   Height: 78" vs 78" (diff: 0") | Weight: 315 vs 315 lbs (diff: 0)
   Handedness: 1 vs 1 (diff: 0) | Years Pro: 1 vs 1 (diff: 0)
   Contract: 1,433,685 APY
✅ Matched: J'Vonne Belk -> Zonovan Knight (Arizona)
   Score: 100.0 | Rating: 70 vs 70 (diff: 0)
   Height: 70" vs 70" (diff: 0") | Weight: 209 vs 209 lbs (diff: 0)
   Handedness: 1 vs 1 (diff: 0) | Years Pro: 3 vs 3 (diff: 0)
   Contract: 1,030,000 APY
❌ No match: Bucky Hartenstine (New York N) - Using defaults
✅ Matched: Selvin Nonnemaker -> Ainias Smith (Philadelphia)
   Score: 100.0 | Rating: 69 vs 69 (diff: 0)
   Height: 69" vs 69" (diff: 0") | Weight: 176 vs 176 lbs (diff: 0)
   Handedness: 1 vs 1 (diff: 0) | Years Pro: 1 vs 1 (diff: 0)
   Contract: 1,088,574 APY
✅ Matched: Rondy Hagenbuckle -> Andre Dillard (San Francisco)
   Score: 100.0 | Rating: 69 vs 69 (diff: 0)
   Height: 77" vs 77" (diff: 0") | Weight: 315 vs 315 lbs (diff: 0)
   Handedness: 1 vs 1 (diff: 0) | Years Pro: 6 vs 6 (diff: 0)
   Contract: 1,170,000 APY
❌ No match: Marsharne Speyrer (New York A) - Using defaults
⚠️  No contract: Derek Corbett -> Andrew Booth Jr (Dallas) - Using defaults
✅ Matched: Godfrey Rule -> Anthony Gould (Indianapolis)
   Score: 100.0 | Rating: 69 vs 69 (diff: 0)
   Height: 68" vs 68" (diff: 0") | Weight: 174 vs 174 lbs (diff: 0)
   Handedness: 1 vs 1 (diff: 0) | Years Pro: 1 vs 1 (diff: 0)
   Contract: 1,093,166 APY
✅ Matched: Kamil Thielemann -> Artie Burns (Miami)
   Score: 100.0 | Rating: 69 vs 69 (diff: 0)
   Height: 72" vs 72" (diff: 0") | Weight: 187 vs 187 lbs (diff: 0)
   Handedness: 1 vs 1 (diff: 0) | Years Pro: 9 vs 9 (diff: 0)
   Contract: 1,355,000 APY
❌ No match: Tramaine Ehrmann (New York A) - Using defaults
✅ Matched: Dajohn Overstreet -> Austin Booker (Chicago)
   Score: 100.0 | Rating: 69 vs 69 (diff: 0)
   Height: 77" vs 77" (diff: 0") | Weight: 253 vs 253 lbs (diff: 0)
   Handedness: 1 vs 1 (diff: 0) | Years Pro: 1 vs 1 (diff: 0)
   Contract: 1,092,285 APY
✅ Matched: Boris Mackert -> Ben Bartch (San Francisco)
   Score: 100.0 | Rating: 69 vs 69 (diff: 0)
   Height: 78" vs 78" (diff: 0") | Weight: 315 vs 315 lbs (diff: 0)
   Handedness: 1 vs 1 (diff: 0) | Years Pro: 5 vs 5 (diff: 0)
   Contract: 1,337,500 APY
✅ Matched: Arnaz Stevenson -> Ben Bredeson (Tampa Bay)
   Score: 100.0 | Rating: 69 vs 69 (diff: 0)
   Height: 77" vs 77" (diff: 0") | Weight: 315 vs 315 lbs (diff: 0)
   Handedness: 1 vs 1 (diff: 0) | Years Pro: 5 vs 5 (diff: 0)
   Contract: 7,333,333 APY
✅ Matched: Theron Uhrinyak -> Bilhal Kone (Baltimore)
   Score: 100.0 | Rating: 69 vs 69 (diff: 0)
   Height: 73" vs 73" (diff: 0") | Weight: 190 vs 190 lbs (diff: 0)
   Handedness: 1 vs 1 (diff: 0) | Years Pro: 0 vs 0 (diff: 0)
   Contract: 1,119,286 APY
✅ Matched: Plunkett Salas -> Bo Richter (Minnesota)
   Score: 100.0 | Rating: 69 vs 69 (diff: 0)
   Height: 73" vs 73" (diff: 0") | Weight: 248 vs 248 lbs (diff: 0)
   Handedness: 1 vs 1 (diff: 0) | Years Pro: 1 vs 1 (diff: 0)
   Contract: 795,000 APY
✅ Matched: Buckets Downing -> Brad Robbins (Buffalo)
   Score: 100.0 | Rating: 69 vs 69 (diff: 0)
   Height: 73" vs 73" (diff: 0") | Weight: 203 vs 203 lbs (diff: 0)
   Handedness: 1 vs 1 (diff: 0) | Years Pro: 2 vs 2 (diff: 0)
   Contract: 960,000 APY
✅ Matched: Rubin Tuthill -> Brashard Smith (Kansas City)
   Score: 100.0 | Rating: 69 vs 69 (diff: 0)
   Height: 70" vs 70" (diff: 0") | Weight: 194 vs 194 lbs (diff: 0)
   Handedness: 1 vs 1 (diff: 0) | Years Pro: 0 vs 0 (diff: 0)
   Contract: 1,083,369 APY
✅ Matched: Jeromey Dibble -> Cam Smith (Miami)
   Score: 100.0 | Rating: 69 vs 69 (diff: 0)
   Height: 72" vs 72" (diff: 0") | Weight: 180 vs 180 lbs (diff: 0)
   Handedness: 1 vs 1 (diff: 0) | Years Pro: 2 vs 2 (diff: 0)
   Contract: 1,757,106 APY
✅ Matched: Elmer Vactor -> Carlos Watkins (Tennessee)
   Score: 100.0 | Rating: 69 vs 69 (diff: 0)
   Height: 75" vs 75" (diff: 0") | Weight: 305 vs 305 lbs (diff: 0)
   Handedness: 1 vs 1 (diff: 0) | Years Pro: 8 vs 8 (diff: 0)
   Contract: 1,235,000 APY
✅ Matched: Horse Colon -> Casey Toohill (Houston)
   Score: 100.0 | Rating: 69 vs 69 (diff: 0)
   Height: 77" vs 77" (diff: 0") | Weight: 254 vs 254 lbs (diff: 0)
   Handedness: 1 vs 1 (diff: 0) | Years Pro: 5 vs 5 (diff: 0)
   Contract: 1,337,500 APY
✅ Matched: Bradley Brunet -> Cedric Gray (Tennessee)
   Score: 100.0 | Rating: 69 vs 69 (diff: 0)
   Height: 74" vs 74" (diff: 0") | Weight: 234 vs 234 lbs (diff: 0)
   Handedness: 1 vs 1 (diff: 0) | Years Pro: 1 vs 1 (diff: 0)
   Contract: 1,213,623 APY
✅ Matched: Char-Ron Stofa -> Channing Tindall (Miami)
   Score: 100.0 | Rating: 69 vs 69 (diff: 0)
   Height: 74" vs 74" (diff: 0") | Weight: 232 vs 232 lbs (diff: 0)
   Handedness: 1 vs 1 (diff: 0) | Years Pro: 3 vs 3 (diff: 0)
   Contract: 1,261,227 APY
✅ Matched: Pooh Koeninger -> Charles Snowden (Las Vegas)
   Score: 100.0 | Rating: 69 vs 69 (diff: 0)
   Height: 79" vs 79" (diff: 0") | Weight: 240 vs 240 lbs (diff: 0)
   Handedness: 1 vs 1 (diff: 0) | Years Pro: 4 vs 4 (diff: 0)
   Contract: 960,000 APY
✅ Matched: Daryll Chipley -> Chris Smith (Detroit)
   Score: 100.0 | Rating: 69 vs 69 (diff: 0)
   Height: 73" vs 73" (diff: 0") | Weight: 316 vs 316 lbs (diff: 0)
   Handedness: 1 vs 1 (diff: 0) | Years Pro: 2 vs 2 (diff: 0)
   Contract: 960,000 APY
✅ Matched: Toy Judd -> Cody Simon (Arizona)
   Score: 100.0 | Rating: 69 vs 69 (diff: 0)
   Height: 74" vs 74" (diff: 0") | Weight: 232 vs 232 lbs (diff: 0)
   Handedness: 1 vs 1 (diff: 0) | Years Pro: 0 vs 0 (diff: 0)
   Contract: 1,301,190 APY
✅ Matched: Itula Fann -> Cody Ford (Cincinnati)
   Score: 100.0 | Rating: 69 vs 69 (diff: 0)
   Height: 75" vs 75" (diff: 0") | Weight: 345 vs 345 lbs (diff: 0)
   Handedness: 1 vs 1 (diff: 0) | Years Pro: 6 vs 6 (diff: 0)
   Contract: 3,000,000 APY
✅ Matched: Armond Puetz -> Collin Johnson (Las Vegas)
   Score: 100.0 | Rating: 69 vs 69 (diff: 0)
   Height: 78" vs 78" (diff: 0") | Weight: 220 vs 220 lbs (diff: 0)
   Handedness: 1 vs 1 (diff: 0) | Years Pro: 5 vs 5 (diff: 0)
   Contract: 1,170,000 APY
✅ Matched: Dallas Motl -> Daniel Jones (Indianapolis)
   Score: 100.0 | Rating: 69 vs 69 (diff: 0)
   Height: 77" vs 77" (diff: 0") | Weight: 230 vs 230 lbs (diff: 0)
   Handedness: 1 vs 1 (diff: 0) | Years Pro: 6 vs 6 (diff: 0)
   Contract: 14,000,000 APY
✅ Matched: Gayle Ruzich -> Darius Rush (Kansas City)
   Score: 100.0 | Rating: 69 vs 69 (diff: 0)
   Height: 74" vs 74" (diff: 0") | Weight: 198 vs 198 lbs (diff: 0)
   Handedness: 1 vs 1 (diff: 0) | Years Pro: 2 vs 2 (diff: 0)
   Contract: 1,030,000 APY
✅ Matched: Shawne Harewood -> David Walker (Tampa Bay)
   Score: 100.0 | Rating: 69 vs 69 (diff: 0)
   Height: 73" vs 73" (diff: 0") | Weight: 263 vs 263 lbs (diff: 0)
   Handedness: 1 vs 1 (diff: 0) | Years Pro: 0 vs 0 (diff: 0)
   Contract: 1,290,815 APY
⚠️  No contract: Roydell Volk -> David Long Jr (Indianapolis) - Using defaults
✅ Matched: Greyson Karas -> David Bell (Cleveland)
   Score: 100.0 | Rating: 69 vs 69 (diff: 0)
   Height: 73" vs 73" (diff: 0") | Weight: 212 vs 212 lbs (diff: 0)
   Handedness: 1 vs 1 (diff: 0) | Years Pro: 3 vs 3 (diff: 0)
   Contract: 1,222,000 APY
✅ Matched: Pesky Geddes -> Decamerion Richardson (Las Vegas)
   Score: 100.0 | Rating: 69 vs 69 (diff: 0)
   Height: 74" vs 74" (diff: 0") | Weight: 195 vs 195 lbs (diff: 0)
   Handedness: 1 vs 1 (diff: 0) | Years Pro: 1 vs 1 (diff: 0)
   Contract: 1,205,254 APY
⚠️  No contract: Cary Gordy -> Dee Eskridge (Miami) - Using defaults
✅ Matched: Curry Greco -> DeMarcco Hellams (Atlanta)
   Score: 100.0 | Rating: 69 vs 69 (diff: 0)
   Height: 73" vs 73" (diff: 0") | Weight: 213 vs 213 lbs (diff: 0)
   Handedness: 1 vs 1 (diff: 0) | Years Pro: 2 vs 2 (diff: 0)
   Contract: 986,575 APY
⚠️  No contract: Javier Vrabel -> Demetric Felton Jr (Washington) - Using defaults
✅ Matched: Tavian Hale -> Deone Walker (Buffalo)
   Score: 100.0 | Rating: 69 vs 69 (diff: 0)
   Height: 80" vs 80" (diff: 0") | Weight: 328 vs 328 lbs (diff: 0)
   Handedness: 1 vs 1 (diff: 0) | Years Pro: 0 vs 0 (diff: 0)
   Contract: 1,311,760 APY
✅ Matched: Damone Heywood -> Dominique Robinson (Chicago)
   Score: 100.0 | Rating: 69 vs 69 (diff: 0)
   Height: 77" vs 77" (diff: 0") | Weight: 253 vs 253 lbs (diff: 0)
   Handedness: 1 vs 1 (diff: 0) | Years Pro: 3 vs 3 (diff: 0)
   Contract: 983,289 APY
✅ Matched: Toniu Dykes -> Elijah Roberts (Tampa Bay)
   Score: 100.0 | Rating: 69 vs 69 (diff: 0)
   Height: 76" vs 76" (diff: 0") | Weight: 285 vs 285 lbs (diff: 0)
   Handedness: 1 vs 1 (diff: 0) | Years Pro: 0 vs 0 (diff: 0)
   Contract: 1,152,448 APY
✅ Matched: Danan Colmer -> Eyioma Uwazurike (Denver)
   Score: 100.0 | Rating: 69 vs 69 (diff: 0)
   Height: 78" vs 78" (diff: 0") | Weight: 320 vs 320 lbs (diff: 0)
   Handedness: 1 vs 1 (diff: 0) | Years Pro: 3 vs 3 (diff: 0)
   Contract: 1,106,467 APY
✅ Matched: Shaunard Maclin -> Grant Calcaterra (Philadelphia)
   Score: 100.0 | Rating: 69 vs 69 (diff: 0)
   Height: 76" vs 76" (diff: 0") | Weight: 240 vs 240 lbs (diff: 0)
   Handedness: 1 vs 1 (diff: 0) | Years Pro: 3 vs 3 (diff: 0)
   Contract: 958,536 APY
❌ No match: Leger Mccullough (New York N) - Using defaults
❌ No match: Lovell Felker (New York A) - Using defaults
✅ Matched: Hew Brockel -> Hassan Haskins (Los Angeles A)
   Score: 100.0 | Rating: 69 vs 69 (diff: 0)
   Height: 74" vs 74" (diff: 0") | Weight: 228 vs 228 lbs (diff: 0)
   Handedness: 1 vs 1 (diff: 0) | Years Pro: 3 vs 3 (diff: 0)
   Contract: 1,088,055 APY
✅ Matched: Tavares Monachino -> Ian Thomas (Las Vegas)
   Score: 100.0 | Rating: 69 vs 69 (diff: 0)
   Height: 76" vs 76" (diff: 0") | Weight: 260 vs 260 lbs (diff: 0)
   Handedness: 1 vs 1 (diff: 0) | Years Pro: 7 vs 7 (diff: 0)
   Contract: 1,524,500 APY
✅ Matched: Miller Cope -> Isaiah Adams (Arizona)
   Score: 100.0 | Rating: 69 vs 69 (diff: 0)
   Height: 77" vs 77" (diff: 0") | Weight: 320 vs 320 lbs (diff: 0)
   Handedness: 1 vs 1 (diff: 0) | Years Pro: 1 vs 1 (diff: 0)
   Contract: 1,493,695 APY
❌ No match: Keyonta Mickey (New York A) - Using defaults
✅ Matched: Burle Fuller -> Israel Abanikanda (Green Bay)
   Score: 100.0 | Rating: 69 vs 69 (diff: 0)
   Height: 71" vs 71" (diff: 0") | Weight: 215 vs 215 lbs (diff: 0)
   Handedness: 1 vs 1 (diff: 0) | Years Pro: 2 vs 2 (diff: 0)
   Contract: 1,044,944 APY
✅ Matched: Aaron Arnoux -> Jack Kiser (Jacksonville)
   Score: 100.0 | Rating: 69 vs 69 (diff: 0)
   Height: 74" vs 74" (diff: 0") | Weight: 229 vs 229 lbs (diff: 0)
   Handedness: 1 vs 1 (diff: 0) | Years Pro: 0 vs 0 (diff: 0)
   Contract: 1,314,148 APY
✅ Matched: Terrelle Partee -> Jake Bobo (Seattle)
   Score: 100.0 | Rating: 69 vs 69 (diff: 0)
   Height: 76" vs 76" (diff: 0") | Weight: 207 vs 207 lbs (diff: 0)
   Handedness: 1 vs 1 (diff: 0) | Years Pro: 2 vs 2 (diff: 0)
   Contract: 901,667 APY
✅ Matched: Thad Ashley -> Jake Moody (San Francisco)
   Score: 100.0 | Rating: 69 vs 69 (diff: 0)
   Height: 73" vs 73" (diff: 0") | Weight: 210 vs 210 lbs (diff: 0)
   Handedness: 1 vs 1 (diff: 0) | Years Pro: 2 vs 2 (diff: 0)
   Contract: 1,363,520 APY
✅ Matched: Asa Vitiello -> Jamari Thrash (Cleveland)
   Score: 100.0 | Rating: 69 vs 69 (diff: 0)
   Height: 72" vs 72" (diff: 0") | Weight: 188 vs 188 lbs (diff: 0)
   Handedness: 1 vs 1 (diff: 0) | Years Pro: 1 vs 1 (diff: 0)
   Contract: 1,086,352 APY
⚠️  No contract: Labrandon Rostosky -> James Houston IV (Dallas) - Using defaults
✅ Matched: Kendell Babich -> James Burnip (New Orleans)
   Score: 100.0 | Rating: 69 vs 69 (diff: 0)
   Height: 78" vs 78" (diff: 0") | Weight: 235 vs 235 lbs (diff: 0)
   Handedness: 1 vs 1 (diff: 0) | Years Pro: 0 vs 0 (diff: 0)
   Contract: 991,667 APY
✅ Matched: Hall Cowne -> Jared Wilson (New England)
   Score: 100.0 | Rating: 69 vs 69 (diff: 0)
   Height: 75" vs 75" (diff: 0") | Weight: 310 vs 310 lbs (diff: 0)
   Handedness: 1 vs 1 (diff: 0) | Years Pro: 0 vs 0 (diff: 0)
   Contract: 1,551,858 APY
✅ Matched: Mikhael Harkey -> Jason Marshall Jr. (Miami)
   Score: 100.0 | Rating: 69 vs 69 (diff: 0)
   Height: 72" vs 72" (diff: 0") | Weight: 194 vs 194 lbs (diff: 0)
   Handedness: 1 vs 1 (diff: 0) | Years Pro: 0 vs 0 (diff: 0)
   Contract: 1,156,323 APY
✅ Matched: Coye Pozderac -> Javon Baker (New England)
   Score: 100.0 | Rating: 69 vs 69 (diff: 0)
   Height: 73" vs 73" (diff: 0") | Weight: 202 vs 202 lbs (diff: 0)
   Handedness: 1 vs 1 (diff: 0) | Years Pro: 1 vs 1 (diff: 0)
   Contract: 1,209,149 APY
✅ Matched: Eber Mcglynn -> Javon Solomon (Buffalo)
   Score: 100.0 | Rating: 69 vs 69 (diff: 0)
   Height: 73" vs 73" (diff: 0") | Weight: 246 vs 246 lbs (diff: 0)
   Handedness: 1 vs 1 (diff: 0) | Years Pro: 1 vs 1 (diff: 0)
   Contract: 1,068,569 APY
✅ Matched: Deacon Truax -> Jay Ward (Minnesota)
   Score: 100.0 | Rating: 69 vs 69 (diff: 0)
   Height: 73" vs 73" (diff: 0") | Weight: 188 vs 188 lbs (diff: 0)
   Handedness: 1 vs 1 (diff: 0) | Years Pro: 2 vs 2 (diff: 0)
   Contract: 1,123,386 APY
✅ Matched: Lonie Fleischmann -> Jelani Woods (Indianapolis)
   Score: 100.0 | Rating: 69 vs 69 (diff: 0)
   Height: 79" vs 79" (diff: 0") | Weight: 253 vs 253 lbs (diff: 0)
   Handedness: 1 vs 1 (diff: 0) | Years Pro: 3 vs 3 (diff: 0)
   Contract: 1,343,118 APY
❌ No match: Ed Sagapolutele (New York N) - Using defaults
⚠️  No contract: Roland Decicco -> Jeremiah Pharms Jr (New England) - Using defaults
✅ Matched: Gardner Dupree -> Jeremy McNichols (Washington)
   Score: 100.0 | Rating: 69 vs 69 (diff: 0)
   Height: 69" vs 69" (diff: 0") | Weight: 205 vs 205 lbs (diff: 0)
   Handedness: 1 vs 1 (diff: 0) | Years Pro: 9 vs 9 (diff: 0)
   Contract: 1,337,500 APY
✅ Matched: Graham Chamberlin -> Joe Andreessen (Buffalo)
   Score: 100.0 | Rating: 69 vs 69 (diff: 0)
   Height: 73" vs 73" (diff: 0") | Weight: 240 vs 240 lbs (diff: 0)
   Handedness: 1 vs 1 (diff: 0) | Years Pro: 1 vs 1 (diff: 0)
   Contract: 944,167 APY
✅ Matched: Tupe Meads -> John Parker Romo (New England)
   Score: 100.0 | Rating: 69 vs 69 (diff: 0)
   Height: 71" vs 71" (diff: 0") | Weight: 175 vs 175 lbs (diff: 0)
   Handedness: 1 vs 1 (diff: 0) | Years Pro: 2 vs 2 (diff: 0)
   Contract: 960,000 APY
✅ Matched: Tyronne Brocklin -> Jon Weeks (San Francisco)
   Score: 100.0 | Rating: 69 vs 69 (diff: 0)
   Height: 70" vs 70" (diff: 0") | Weight: 242 vs 242 lbs (diff: 0)
   Handedness: 1 vs 1 (diff: 0) | Years Pro: 15 vs 15 (diff: 0)
   Contract: 1,422,500 APY
✅ Matched: Ruvell Feacher -> Jonah Laulu (Las Vegas)
   Score: 100.0 | Rating: 69 vs 69 (diff: 0)
   Height: 77" vs 77" (diff: 0") | Weight: 292 vs 292 lbs (diff: 0)
   Handedness: 1 vs 1 (diff: 0) | Years Pro: 1 vs 1 (diff: 0)
   Contract: 1,031,130 APY
✅ Matched: Frostee Faulkner -> Jordan Watkins (San Francisco)
   Score: 100.0 | Rating: 69 vs 69 (diff: 0)
   Height: 71" vs 71" (diff: 0") | Weight: 196 vs 196 lbs (diff: 0)
   Handedness: 1 vs 1 (diff: 0) | Years Pro: 0 vs 0 (diff: 0)
   Contract: 1,216,454 APY
✅ Matched: Dutch Tomlinson -> Jordan Elliott (San Francisco)
   Score: 100.0 | Rating: 69 vs 69 (diff: 0)
   Height: 76" vs 76" (diff: 0") | Weight: 303 vs 303 lbs (diff: 0)
   Handedness: 1 vs 1 (diff: 0) | Years Pro: 5 vs 5 (diff: 0)
   Contract: 3,500,000 APY
✅ Matched: Dee Pitta -> Jordan Hancock (Buffalo)
   Score: 100.0 | Rating: 69 vs 69 (diff: 0)
   Height: 72" vs 72" (diff: 0") | Weight: 186 vs 186 lbs (diff: 0)
   Handedness: 1 vs 1 (diff: 0) | Years Pro: 0 vs 0 (diff: 0)
   Contract: 1,130,054 APY
✅ Matched: Sol Burger -> Josh Hayes (Tampa Bay)
   Score: 100.0 | Rating: 69 vs 69 (diff: 0)
   Height: 71" vs 71" (diff: 0") | Weight: 180 vs 180 lbs (diff: 0)
   Handedness: 1 vs 1 (diff: 0) | Years Pro: 2 vs 2 (diff: 0)
   Contract: 1,011,093 APY
✅ Matched: Jarrod Martell -> Josh Butler (Dallas)
   Score: 100.0 | Rating: 69 vs 69 (diff: 0)
   Height: 71" vs 71" (diff: 0") | Weight: 182 vs 182 lbs (diff: 0)
   Handedness: 1 vs 1 (diff: 0) | Years Pro: 2 vs 2 (diff: 0)
   Contract: 877,500 APY
✅ Matched: Estes Sabal -> Josh Whyle (Tennessee)
   Score: 100.0 | Rating: 69 vs 69 (diff: 0)
   Height: 79" vs 79" (diff: 0") | Weight: 248 vs 248 lbs (diff: 0)
   Handedness: 1 vs 1 (diff: 0) | Years Pro: 2 vs 2 (diff: 0)
   Contract: 1,041,343 APY
✅ Matched: Solon Wendell -> Joshua Dobbs (New England)
   Score: 100.0 | Rating: 69 vs 69 (diff: 0)
   Height: 75" vs 75" (diff: 0") | Weight: 220 vs 220 lbs (diff: 0)
   Handedness: 1 vs 1 (diff: 0) | Years Pro: 8 vs 8 (diff: 0)
   Contract: 4,000,000 APY
✅ Matched: Clendon Draft -> Julian Okwara (Cleveland)
   Score: 100.0 | Rating: 69 vs 69 (diff: 0)
   Height: 77" vs 77" (diff: 0") | Weight: 250 vs 250 lbs (diff: 0)
   Handedness: 1 vs 1 (diff: 0) | Years Pro: 5 vs 5 (diff: 0)
   Contract: 1,337,500 APY
✅ Matched: Shantee Zofko -> Kendrick Green (Buffalo)
   Score: 100.0 | Rating: 69 vs 69 (diff: 0)
   Height: 76" vs 76" (diff: 0") | Weight: 315 vs 315 lbs (diff: 0)
   Handedness: 1 vs 1 (diff: 0) | Years Pro: 4 vs 4 (diff: 0)
   Contract: 1,200,000 APY
✅ Matched: Johndale Hare -> Kenyon Green (Philadelphia)
   Score: 100.0 | Rating: 69 vs 69 (diff: 0)
   Height: 76" vs 76" (diff: 0") | Weight: 323 vs 323 lbs (diff: 0)
   Handedness: 1 vs 1 (diff: 0) | Years Pro: 3 vs 3 (diff: 0)
   Contract: 3,988,351 APY
✅ Matched: Riki Shipley -> Konata Mumpfield (Los Angeles N)
   Score: 100.0 | Rating: 69 vs 69 (diff: 0)
   Height: 71" vs 71" (diff: 0") | Weight: 186 vs 186 lbs (diff: 0)
   Handedness: 1 vs 1 (diff: 0) | Years Pro: 0 vs 0 (diff: 0)
   Contract: 1,077,134 APY
✅ Matched: Willy Mcauliffe -> Kyle Kennard (Los Angeles A)
   Score: 100.0 | Rating: 69 vs 69 (diff: 0)
   Height: 76" vs 76" (diff: 0") | Weight: 254 vs 254 lbs (diff: 0)
   Handedness: 1 vs 1 (diff: 0) | Years Pro: 0 vs 0 (diff: 0)
   Contract: 1,282,641 APY
✅ Matched: Etric Murakowski -> Kylen Granson (Philadelphia)
   Score: 100.0 | Rating: 69 vs 69 (diff: 0)
   Height: 74" vs 74" (diff: 0") | Weight: 242 vs 242 lbs (diff: 0)
   Handedness: 1 vs 1 (diff: 0) | Years Pro: 4 vs 4 (diff: 0)
   Contract: 1,750,000 APY
✅ Matched: Zollie Barfield -> Kyu Blu Kelly (Las Vegas)
   Score: 100.0 | Rating: 69 vs 69 (diff: 0)
   Height: 72" vs 72" (diff: 0") | Weight: 192 vs 192 lbs (diff: 0)
   Handedness: 1 vs 1 (diff: 0) | Years Pro: 2 vs 2 (diff: 0)
   Contract: 972,500 APY
✅ Matched: Ugo Romboli -> L.J. Collier (Arizona)
   Score: 100.0 | Rating: 69 vs 69 (diff: 0)
   Height: 74" vs 74" (diff: 0") | Weight: 291 vs 291 lbs (diff: 0)
   Handedness: 1 vs 1 (diff: 0) | Years Pro: 6 vs 6 (diff: 0)
   Contract: 3,000,000 APY
✅ Matched: Israel Atkeson -> Lathan Ransom (Carolina)
   Score: 100.0 | Rating: 69 vs 69 (diff: 0)
   Height: 72" vs 72" (diff: 0") | Weight: 203 vs 203 lbs (diff: 0)
   Handedness: 1 vs 1 (diff: 0) | Years Pro: 0 vs 0 (diff: 0)
   Contract: 1,289,279 APY
✅ Matched: Tody Skinner -> Levi Drake Rodriguez (Minnesota)
   Score: 100.0 | Rating: 69 vs 69 (diff: 0)
   Height: 76" vs 76" (diff: 0") | Weight: 290 vs 290 lbs (diff: 0)
   Handedness: 1 vs 1 (diff: 0) | Years Pro: 1 vs 1 (diff: 0)
   Contract: 1,031,497 APY
✅ Matched: Cannonball Parsons -> Maason Smith (Jacksonville)
   Score: 100.0 | Rating: 69 vs 69 (diff: 0)
   Height: 78" vs 78" (diff: 0") | Weight: 310 vs 310 lbs (diff: 0)
   Handedness: 1 vs 1 (diff: 0) | Years Pro: 1 vs 1 (diff: 0)
   Contract: 2,004,650 APY
✅ Matched: Tyrus Moje -> Mac Jones (San Francisco)
   Score: 100.0 | Rating: 69 vs 69 (diff: 0)
   Height: 75" vs 75" (diff: 0") | Weight: 214 vs 214 lbs (diff: 0)
   Handedness: 1 vs 1 (diff: 0) | Years Pro: 4 vs 4 (diff: 0)
   Contract: 4,205,000 APY
✅ Matched: Bill Lovuolo -> Maddux Trujillo (Indianapolis)
   Score: 100.0 | Rating: 69 vs 69 (diff: 0)
   Height: 72" vs 72" (diff: 0") | Weight: 172 vs 172 lbs (diff: 0)
   Handedness: 1 vs 1 (diff: 0) | Years Pro: 0 vs 0 (diff: 0)
   Contract: 994,167 APY
✅ Matched: Courtney Pruett -> Marco Wilson (Cincinnati)
   Score: 100.0 | Rating: 69 vs 69 (diff: 0)
   Height: 72" vs 72" (diff: 0") | Weight: 191 vs 191 lbs (diff: 0)
   Handedness: 1 vs 1 (diff: 0) | Years Pro: 4 vs 4 (diff: 0)
   Contract: 1,520,000 APY
✅ Matched: Hebron Lahr -> Marcus Mariota (Washington)
   Score: 100.0 | Rating: 69 vs 69 (diff: 0)
   Height: 76" vs 76" (diff: 0") | Weight: 222 vs 222 lbs (diff: 0)
   Handedness: 1 vs 1 (diff: 0) | Years Pro: 10 vs 10 (diff: 0)
   Contract: 8,000,000 APY
✅ Matched: Dermontti Tandy -> Marcus Harris (Tennessee)
   Score: 100.0 | Rating: 69 vs 69 (diff: 0)
   Height: 71" vs 71" (diff: 0") | Weight: 188 vs 188 lbs (diff: 0)
   Handedness: 1 vs 1 (diff: 0) | Years Pro: 0 vs 0 (diff: 0)
   Contract: 1,113,254 APY
✅ Matched: Vern Francisco -> Marques Sigle (San Francisco)
   Score: 100.0 | Rating: 69 vs 69 (diff: 0)
   Height: 71" vs 71" (diff: 0") | Weight: 199 vs 199 lbs (diff: 0)
   Handedness: 1 vs 1 (diff: 0) | Years Pro: 0 vs 0 (diff: 0)
   Contract: 1,150,594 APY
✅ Matched: Lyndell Cobb -> McKinnley Jackson (Cincinnati)
   Score: 100.0 | Rating: 69 vs 69 (diff: 0)
   Height: 74" vs 74" (diff: 0") | Weight: 325 vs 325 lbs (diff: 0)
   Handedness: 1 vs 1 (diff: 0) | Years Pro: 1 vs 1 (diff: 0)
   Contract: 1,399,078 APY
✅ Matched: Shirley Wilkin -> Miles Frazier (Detroit)
   Score: 100.0 | Rating: 69 vs 69 (diff: 0)
   Height: 78" vs 78" (diff: 0") | Weight: 317 vs 317 lbs (diff: 0)
   Handedness: 1 vs 1 (diff: 0) | Years Pro: 0 vs 0 (diff: 0)
   Contract: 1,130,054 APY
✅ Matched: Ellis Hixon -> Nehemiah Pritchett (Seattle)
   Score: 100.0 | Rating: 69 vs 69 (diff: 0)
   Height: 72" vs 72" (diff: 0") | Weight: 190 vs 190 lbs (diff: 0)
   Handedness: 1 vs 1 (diff: 0) | Years Pro: 1 vs 1 (diff: 0)
   Contract: 1,099,768 APY
✅ Matched: Juran Cotney -> Nick Bellore (Washington)
   Score: 100.0 | Rating: 69 vs 69 (diff: 0)
   Height: 73" vs 73" (diff: 0") | Weight: 250 vs 250 lbs (diff: 0)
   Handedness: 1 vs 1 (diff: 0) | Years Pro: 14 vs 14 (diff: 0)
   Contract: 2,100,000 APY
✅ Matched: Donald Jarvi -> Nick Hampton (Los Angeles N)
   Score: 100.0 | Rating: 69 vs 69 (diff: 0)
   Height: 74" vs 74" (diff: 0") | Weight: 250 vs 250 lbs (diff: 0)
   Handedness: 1 vs 1 (diff: 0) | Years Pro: 2 vs 2 (diff: 0)
   Contract: 1,034,776 APY
⚠️  No contract: Royal Casteel -> Olusegun Oluwatimi (Seattle) - Using defaults
✅ Matched: Coy Ostendarp -> Pat Bryant (Denver)
   Score: 100.0 | Rating: 69 vs 69 (diff: 0)
   Height: 74" vs 74" (diff: 0") | Weight: 204 vs 204 lbs (diff: 0)
   Handedness: 1 vs 1 (diff: 0) | Years Pro: 0 vs 0 (diff: 0)
   Contract: 1,645,270 APY
⚠️  No contract: Latario Olive -> Pierre Strong Jr (Cleveland) - Using defaults
✅ Matched: Chauncey Andersen -> Raheim Sanders (Los Angeles A)
   Score: 100.0 | Rating: 69 vs 69 (diff: 0)
   Height: 72" vs 72" (diff: 0") | Weight: 217 vs 217 lbs (diff: 0)
   Handedness: 1 vs 1 (diff: 0) | Years Pro: 0 vs 0 (diff: 0)
   Contract: 990,000 APY
✅ Matched: Ty Bouie -> Ricky Stromberg (Chicago)
   Score: 100.0 | Rating: 69 vs 69 (diff: 0)
   Height: 76" vs 76" (diff: 0") | Weight: 313 vs 313 lbs (diff: 0)
   Handedness: 1 vs 1 (diff: 0) | Years Pro: 2 vs 2 (diff: 0)
   Contract: 960,000 APY
✅ Matched: Brendon Byrne -> Robert Rochell (Dallas)
   Score: 100.0 | Rating: 69 vs 69 (diff: 0)
   Height: 74" vs 74" (diff: 0") | Weight: 195 vs 195 lbs (diff: 0)
   Handedness: 1 vs 1 (diff: 0) | Years Pro: 4 vs 4 (diff: 0)
   Contract: 1,170,000 APY
✅ Matched: Akin Gunnels -> Robert Longerbeam (Baltimore)
   Score: 100.0 | Rating: 69 vs 69 (diff: 0)
   Height: 71" vs 71" (diff: 0") | Weight: 175 vs 175 lbs (diff: 0)
   Handedness: 1 vs 1 (diff: 0) | Years Pro: 0 vs 0 (diff: 0)
   Contract: 1,093,570 APY
✅ Matched: Floyd Berthusen -> Ronnie Bell (Detroit)
   Score: 100.0 | Rating: 69 vs 69 (diff: 0)
   Height: 72" vs 72" (diff: 0") | Weight: 192 vs 192 lbs (diff: 0)
   Handedness: 1 vs 1 (diff: 0) | Years Pro: 2 vs 2 (diff: 0)
   Contract: 1,030,000 APY
✅ Matched: Neal Toran -> Salvon Ahmed (Indianapolis)
   Score: 100.0 | Rating: 69 vs 69 (diff: 0)
   Height: 71" vs 71" (diff: 0") | Weight: 197 vs 197 lbs (diff: 0)
   Handedness: 1 vs 1 (diff: 0) | Years Pro: 5 vs 5 (diff: 0)
   Contract: 1,170,000 APY
⚠️  No contract: Jethro Wehba -> Sam Franklin Jr (Denver) - Using defaults
✅ Matched: Montell Sacca -> Scott Matlock (Los Angeles A)
   Score: 100.0 | Rating: 69 vs 69 (diff: 0)
   Height: 76" vs 76" (diff: 0") | Weight: 296 vs 296 lbs (diff: 0)
   Handedness: 1 vs 1 (diff: 0) | Years Pro: 2 vs 2 (diff: 0)
   Contract: 1,003,074 APY
✅ Matched: Zeph Schottel -> Spencer Shrader (Indianapolis)
   Score: 100.0 | Rating: 69 vs 69 (diff: 0)
   Height: 74" vs 74" (diff: 0") | Weight: 201 vs 201 lbs (diff: 0)
   Handedness: 1 vs 1 (diff: 0) | Years Pro: 1 vs 1 (diff: 0)
   Contract: 1,255,000 APY
✅ Matched: Bunny Mandarich -> Spencer Rattler (New Orleans)
   Score: 100.0 | Rating: 69 vs 69 (diff: 0)
   Height: 73" vs 73" (diff: 0") | Weight: 211 vs 211 lbs (diff: 0)
   Handedness: 1 vs 1 (diff: 0) | Years Pro: 1 vs 1 (diff: 0)
   Contract: 1,089,120 APY
⚠️  No contract: Lane Cureton -> T.J. Slaton (Cincinnati) - Using defaults
✅ Matched: Cosey Kapitansky -> T.J. Tampa (Baltimore)
   Score: 100.0 | Rating: 69 vs 69 (diff: 0)
   Height: 74" vs 74" (diff: 0") | Weight: 200 vs 200 lbs (diff: 0)
   Handedness: 1 vs 1 (diff: 0) | Years Pro: 1 vs 1 (diff: 0)
   Contract: 1,179,614 APY
✅ Matched: Rip Ledyard -> Ta'Quon Graham (Atlanta)
   Score: 100.0 | Rating: 69 vs 69 (diff: 0)
   Height: 76" vs 76" (diff: 0") | Weight: 294 vs 294 lbs (diff: 0)
   Handedness: 1 vs 1 (diff: 0) | Years Pro: 4 vs 4 (diff: 0)
   Contract: 2,787,500 APY
✅ Matched: Mose D'Amato -> Terell Smith (Chicago)
   Score: 100.0 | Rating: 69 vs 69 (diff: 0)
   Height: 73" vs 73" (diff: 0") | Weight: 207 vs 207 lbs (diff: 0)
   Handedness: 1 vs 1 (diff: 0) | Years Pro: 2 vs 2 (diff: 0)
   Contract: 1,028,971 APY
⚠️  No contract: Vick Champion -> Terrance Ferguson (Los Angeles N) - Using defaults
✅ Matched: Junie Bratkowski -> Tez Johnson (Tampa Bay)
   Score: 100.0 | Rating: 69 vs 69 (diff: 0)
   Height: 70" vs 70" (diff: 0") | Weight: 160 vs 160 lbs (diff: 0)
   Handedness: 1 vs 1 (diff: 0) | Years Pro: 0 vs 0 (diff: 0)
   Contract: 1,080,985 APY
✅ Matched: Ramsey Levoir -> Tommy Eichenberg (Las Vegas)
   Score: 100.0 | Rating: 69 vs 69 (diff: 0)
   Height: 74" vs 74" (diff: 0") | Weight: 233 vs 233 lbs (diff: 0)
   Handedness: 1 vs 1 (diff: 0) | Years Pro: 1 vs 1 (diff: 0)
   Contract: 1,089,428 APY
✅ Matched: Tarek Hartwig -> Travis Homer (Chicago)
   Score: 100.0 | Rating: 69 vs 69 (diff: 0)
   Height: 70" vs 70" (diff: 0") | Weight: 202 vs 202 lbs (diff: 0)
   Handedness: 1 vs 1 (diff: 0) | Years Pro: 6 vs 6 (diff: 0)
   Contract: 1,750,000 APY
✅ Matched: Hamza Fuamatu-Ma'Afala -> Tre Flowers (Chicago)
   Score: 100.0 | Rating: 69 vs 69 (diff: 0)
   Height: 75" vs 75" (diff: 0") | Weight: 200 vs 200 lbs (diff: 0)
   Handedness: 1 vs 1 (diff: 0) | Years Pro: 7 vs 7 (diff: 0)
   Contract: 1,255,000 APY
✅ Matched: Yonel Noyes -> Tyler Badie (Denver)
   Score: 100.0 | Rating: 69 vs 69 (diff: 0)
   Height: 68" vs 68" (diff: 0") | Weight: 197 vs 197 lbs (diff: 0)
   Handedness: 1 vs 1 (diff: 0) | Years Pro: 3 vs 3 (diff: 0)
   Contract: 795,000 APY
✅ Matched: Aeneas Shockley -> Tyler Hall (Seattle)
   Score: 100.0 | Rating: 69 vs 69 (diff: 0)
   Height: 70" vs 70" (diff: 0") | Weight: 190 vs 190 lbs (diff: 0)
   Handedness: 1 vs 1 (diff: 0) | Years Pro: 5 vs 5 (diff: 0)
   Contract: 1,170,000 APY
❌ No match: Blair Lehman (New York A) - Using defaults
✅ Matched: Earnest Addams -> Tyler Steen (Philadelphia)
   Score: 100.0 | Rating: 69 vs 69 (diff: 0)
   Height: 78" vs 78" (diff: 0") | Weight: 321 vs 321 lbs (diff: 0)
   Handedness: 1 vs 1 (diff: 0) | Years Pro: 2 vs 2 (diff: 0)
   Contract: 1,437,611 APY
❌ No match: Torrey Enke (New York A) - Using defaults
❌ No match: Vernice Collett (New York A) - Using defaults
⚠️  No contract: Alvin Henning -> Velus Jones Jr (New Orleans) - Using defaults
✅ Matched: Lon Pettway -> Vernon Broughton (New Orleans)
   Score: 100.0 | Rating: 69 vs 69 (diff: 0)
   Height: 77" vs 77" (diff: 0") | Weight: 311 vs 311 lbs (diff: 0)
   Handedness: 1 vs 1 (diff: 0) | Years Pro: 0 vs 0 (diff: 0)
   Contract: 1,659,449 APY
✅ Matched: Lecharls Sodaski -> Xavier Hutchinson (Houston)
   Score: 100.0 | Rating: 69 vs 69 (diff: 0)
   Height: 75" vs 75" (diff: 0") | Weight: 205 vs 205 lbs (diff: 0)
   Handedness: 1 vs 1 (diff: 0) | Years Pro: 2 vs 2 (diff: 0)
   Contract: 1,000,926 APY
✅ Matched: Fuzzy Broda -> Xavier Restrepo (Tennessee)
   Score: 100.0 | Rating: 69 vs 69 (diff: 0)
   Height: 70" vs 70" (diff: 0") | Weight: 202 vs 202 lbs (diff: 0)
   Handedness: 1 vs 1 (diff: 0) | Years Pro: 0 vs 0 (diff: 0)
   Contract: 995,000 APY
✅ Matched: Torrin Sandy -> Yasir Abdullah (Jacksonville)
   Score: 100.0 | Rating: 69 vs 69 (diff: 0)
   Height: 73" vs 73" (diff: 0") | Weight: 234 vs 234 lbs (diff: 0)
   Handedness: 1 vs 1 (diff: 0) | Years Pro: 2 vs 2 (diff: 0)
   Contract: 1,051,304 APY
✅ Matched: Robin Betters -> Yosh Nijman (Carolina)
   Score: 100.0 | Rating: 69 vs 69 (diff: 0)
   Height: 79" vs 79" (diff: 0") | Weight: 314 vs 314 lbs (diff: 0)
   Handedness: 1 vs 1 (diff: 0) | Years Pro: 6 vs 6 (diff: 0)
   Contract: 4,000,000 APY
⚠️  No contract: Orian Kompara -> A.J. Green III (Los Angeles N) - Using defaults
✅ Matched: Leander Testerman -> Aeneas Peebles (Baltimore)
   Score: 100.0 | Rating: 68 vs 68 (diff: 0)
   Height: 73" vs 73" (diff: 0") | Weight: 282 vs 282 lbs (diff: 0)
   Handedness: 1 vs 1 (diff: 0) | Years Pro: 0 vs 0 (diff: 0)
   Contract: 1,093,570 APY
✅ Matched: Roddrick Ealy -> Ahmed Hassanein (Detroit)
   Score: 100.0 | Rating: 68 vs 68 (diff: 0)
   Height: 75" vs 75" (diff: 0") | Weight: 267 vs 267 lbs (diff: 0)
   Handedness: 1 vs 1 (diff: 0) | Years Pro: 0 vs 0 (diff: 0)
   Contract: 1,107,473 APY
✅ Matched: Mckinley Devaughn -> Aidan O'Connell (Las Vegas)
   Score: 100.0 | Rating: 68 vs 68 (diff: 0)
   Height: 75" vs 75" (diff: 0") | Weight: 210 vs 210 lbs (diff: 0)
   Handedness: 1 vs 1 (diff: 0) | Years Pro: 2 vs 2 (diff: 0)
   Contract: 1,087,345 APY
✅ Matched: Dre' Trigilio -> Amani Oruwariye (Tennessee)
   Score: 100.0 | Rating: 68 vs 68 (diff: 0)
   Height: 74" vs 74" (diff: 0") | Weight: 205 vs 205 lbs (diff: 0)
   Handedness: 1 vs 1 (diff: 0) | Years Pro: 6 vs 6 (diff: 0)
   Contract: 1,170,000 APY
✅ Matched: Harrison Widmer -> Anthony Miller (Baltimore)
   Score: 100.0 | Rating: 68 vs 68 (diff: 0)
   Height: 71" vs 71" (diff: 0") | Weight: 199 vs 199 lbs (diff: 0)
   Handedness: 1 vs 1 (diff: 0) | Years Pro: 7 vs 7 (diff: 0)
   Contract: 1,170,000 APY
✅ Matched: Stone Delong -> Antwaun Powell-Ryland (Philadelphia)
   Score: 100.0 | Rating: 68 vs 68 (diff: 0)
   Height: 75" vs 75" (diff: 0") | Weight: 258 vs 258 lbs (diff: 0)
   Handedness: 1 vs 1 (diff: 0) | Years Pro: 0 vs 0 (diff: 0)
   Contract: 1,093,570 APY
❌ No match: Pervis Yamini (New York A) - Using defaults
✅ Matched: Joey Fishel -> Barrett Carter (Cincinnati)
   Score: 100.0 | Rating: 68 vs 68 (diff: 0)
   Height: 72" vs 72" (diff: 0") | Weight: 232 vs 232 lbs (diff: 0)
   Handedness: 1 vs 1 (diff: 0) | Years Pro: 0 vs 0 (diff: 0)
   Contract: 1,295,529 APY
✅ Matched: Fernanza Mosebar -> Ben Cleveland (Baltimore)
   Score: 100.0 | Rating: 68 vs 68 (diff: 0)
   Height: 78" vs 78" (diff: 0") | Weight: 370 vs 370 lbs (diff: 0)
   Handedness: 1 vs 1 (diff: 0) | Years Pro: 4 vs 4 (diff: 0)
   Contract: 1,170,000 APY
✅ Matched: Jaret Willy -> Benito Jones (Miami)
   Score: 100.0 | Rating: 68 vs 68 (diff: 0)
   Height: 73" vs 73" (diff: 0") | Weight: 329 vs 329 lbs (diff: 0)
   Handedness: 1 vs 1 (diff: 0) | Years Pro: 5 vs 5 (diff: 0)
   Contract: 2,000,000 APY
✅ Matched: Gasper Crouch -> Brenden Rice (Los Angeles A)
   Score: 100.0 | Rating: 68 vs 68 (diff: 0)
   Height: 75" vs 75" (diff: 0") | Weight: 210 vs 210 lbs (diff: 0)
   Handedness: 1 vs 1 (diff: 0) | Years Pro: 1 vs 1 (diff: 0)
   Contract: 1,033,648 APY
✅ Matched: Germane Caffey -> Brevin Jordan (Houston)
   Score: 100.0 | Rating: 68 vs 68 (diff: 0)
   Height: 75" vs 75" (diff: 0") | Weight: 245 vs 245 lbs (diff: 0)
   Handedness: 1 vs 1 (diff: 0) | Years Pro: 4 vs 4 (diff: 0)
   Contract: 2,100,000 APY
❌ No match: Matthew Stablein (New York N) - Using defaults
✅ Matched: London Hons -> Caedan Wallace (New England)
   Score: 100.0 | Rating: 68 vs 68 (diff: 0)
   Height: 77" vs 77" (diff: 0") | Weight: 314 vs 314 lbs (diff: 0)
   Handedness: 1 vs 1 (diff: 0) | Years Pro: 1 vs 1 (diff: 0)
   Contract: 1,510,826 APY
✅ Matched: Honolulu Brackens -> Calvin Throckmorton (Denver)
   Score: 100.0 | Rating: 68 vs 68 (diff: 0)
   Height: 77" vs 77" (diff: 0") | Weight: 309 vs 309 lbs (diff: 0)
   Handedness: 1 vs 1 (diff: 0) | Years Pro: 5 vs 5 (diff: 0)
   Contract: 1,170,000 APY
✅ Matched: Hines Kremer -> Carl Davis (Washington)
   Score: 100.0 | Rating: 68 vs 68 (diff: 0)
   Height: 77" vs 77" (diff: 0") | Weight: 320 vs 320 lbs (diff: 0)
   Handedness: 1 vs 1 (diff: 0) | Years Pro: 10 vs 10 (diff: 0)
   Contract: 1,255,000 APY
✅ Matched: Kink Stroth -> Cedric Johnson (Cincinnati)
   Score: 100.0 | Rating: 68 vs 68 (diff: 0)
   Height: 75" vs 75" (diff: 0") | Weight: 265 vs 265 lbs (diff: 0)
   Handedness: 1 vs 1 (diff: 0) | Years Pro: 1 vs 1 (diff: 0)
   Contract: 1,039,597 APY
✅ Matched: Marsh Fencik -> Chris Paul Jr. (Los Angeles N)
   Score: 100.0 | Rating: 68 vs 68 (diff: 0)
   Height: 73" vs 73" (diff: 0") | Weight: 222 vs 222 lbs (diff: 0)
   Handedness: 1 vs 1 (diff: 0) | Years Pro: 0 vs 0 (diff: 0)
   Contract: 1,130,054 APY
⚠️  No contract: Keshon Sampson -> Chris Rodriguez Jr (Washington) - Using defaults
✅ Matched: Marquice Brupbacher -> Christian Elliss (New England)
   Score: 100.0 | Rating: 68 vs 68 (diff: 0)
   Height: 75" vs 75" (diff: 0") | Weight: 231 vs 231 lbs (diff: 0)
   Handedness: 1 vs 1 (diff: 0) | Years Pro: 4 vs 4 (diff: 0)
   Contract: 6,754,000 APY
✅ Matched: Az-Zahir Magner -> Chuma Edoga (Jacksonville)
   Score: 100.0 | Rating: 68 vs 68 (diff: 0)
   Height: 75" vs 75" (diff: 0") | Weight: 308 vs 308 lbs (diff: 0)
   Handedness: 1 vs 1 (diff: 0) | Years Pro: 6 vs 6 (diff: 0)
   Contract: 3,500,000 APY
✅ Matched: Weslye Starr -> CJ West (San Francisco)
   Score: 100.0 | Rating: 68 vs 68 (diff: 0)
   Height: 73" vs 73" (diff: 0") | Weight: 316 vs 316 lbs (diff: 0)
   Handedness: 1 vs 1 (diff: 0) | Years Pro: 0 vs 0 (diff: 0)
   Contract: 1,302,772 APY
✅ Matched: Shadwick Bacchus -> Cooper Rush (Baltimore)
   Score: 100.0 | Rating: 68 vs 68 (diff: 0)
   Height: 75" vs 75" (diff: 0") | Weight: 225 vs 225 lbs (diff: 0)
   Handedness: 1 vs 1 (diff: 0) | Years Pro: 8 vs 8 (diff: 0)
   Contract: 3,100,000 APY
✅ Matched: Hinkey Roehnelt -> Craig Reynolds (Detroit)
   Score: 100.0 | Rating: 68 vs 68 (diff: 0)
   Height: 71" vs 71" (diff: 0") | Weight: 215 vs 215 lbs (diff: 0)
   Handedness: 1 vs 1 (diff: 0) | Years Pro: 7 vs 7 (diff: 0)
   Contract: 1,320,000 APY
⚠️  No contract: Sweeny Veldheer -> D'Anthony Bell (Seattle) - Using defaults
✅ Matched: Jaymar Smeach -> D.J. James (New England)
   Score: 100.0 | Rating: 68 vs 68 (diff: 0)
   Height: 72" vs 72" (diff: 0") | Weight: 175 vs 175 lbs (diff: 0)
   Handedness: 1 vs 1 (diff: 0) | Years Pro: 1 vs 1 (diff: 0)
   Contract: 840,000 APY
✅ Matched: Carlyle Aughtman -> Daniel Hardy (Chicago)
   Score: 100.0 | Rating: 68 vs 68 (diff: 0)
   Height: 75" vs 75" (diff: 0") | Weight: 240 vs 240 lbs (diff: 0)
   Handedness: 1 vs 1 (diff: 0) | Years Pro: 3 vs 3 (diff: 0)
   Contract: 1,030,000 APY
✅ Matched: Edgerrin Blumenstock -> Daniel Scott (Indianapolis)
   Score: 100.0 | Rating: 68 vs 68 (diff: 0)
   Height: 73" vs 73" (diff: 0") | Weight: 208 vs 208 lbs (diff: 0)
   Handedness: 1 vs 1 (diff: 0) | Years Pro: 2 vs 2 (diff: 0)
   Contract: 1,036,959 APY
⚠️  No contract: Antowain Aiello -> Darrell Luter Jr (San Francisco) - Using defaults
✅ Matched: Randall Holman -> David Quessenberry (Los Angeles N)
   Score: 100.0 | Rating: 68 vs 68 (diff: 0)
   Height: 77" vs 77" (diff: 0") | Weight: 310 vs 310 lbs (diff: 0)
   Handedness: 1 vs 1 (diff: 0) | Years Pro: 8 vs 8 (diff: 0)
   Contract: 1,330,000 APY
✅ Matched: Jamize Langhorne -> Deane Leonard (Los Angeles A)
   Score: 100.0 | Rating: 68 vs 68 (diff: 0)
   Height: 72" vs 72" (diff: 0") | Weight: 195 vs 195 lbs (diff: 0)
   Handedness: 1 vs 1 (diff: 0) | Years Pro: 3 vs 3 (diff: 0)
   Contract: 939,916 APY
✅ Matched: Pres Stratton -> DeeJay Dallas (Arizona)
   Score: 100.0 | Rating: 68 vs 68 (diff: 0)
   Height: 70" vs 70" (diff: 0") | Weight: 214 vs 214 lbs (diff: 0)
   Handedness: 1 vs 1 (diff: 0) | Years Pro: 5 vs 5 (diff: 0)
   Contract: 2,750,000 APY
✅ Matched: Lasalle Crusan -> Dell Pettus (New England)
   Score: 100.0 | Rating: 68 vs 68 (diff: 0)
   Height: 71" vs 71" (diff: 0") | Weight: 200 vs 200 lbs (diff: 0)
   Handedness: 1 vs 1 (diff: 0) | Years Pro: 1 vs 1 (diff: 0)
   Contract: 946,333 APY
✅ Matched: Marshay Incognito -> Desmond Ridder (Cincinnati)
   Score: 100.0 | Rating: 68 vs 68 (diff: 0)
   Height: 75" vs 75" (diff: 0") | Weight: 207 vs 207 lbs (diff: 0)
   Handedness: 1 vs 1 (diff: 0) | Years Pro: 3 vs 3 (diff: 0)
   Contract: 1,100,000 APY
✅ Matched: Edwin Lininger -> Donald Parham (Pittsburgh)
   Score: 100.0 | Rating: 68 vs 68 (diff: 0)
   Height: 80" vs 80" (diff: 0") | Weight: 237 vs 237 lbs (diff: 0)
   Handedness: 1 vs 1 (diff: 0) | Years Pro: 5 vs 5 (diff: 0)
   Contract: 1,170,000 APY
✅ Matched: Tuffy Frye -> Dondrea Tillman (Denver)
   Score: 100.0 | Rating: 68 vs 68 (diff: 0)
   Height: 75" vs 75" (diff: 0") | Weight: 270 vs 270 lbs (diff: 0)
   Handedness: 1 vs 1 (diff: 0) | Years Pro: 2 vs 2 (diff: 0)
   Contract: 960,000 APY
❌ No match: Prince Kirksey (New York A) - Using defaults
✅ Matched: Maury Drechsler -> Dont'e Thornton Jr. (Las Vegas)
   Score: 100.0 | Rating: 68 vs 68 (diff: 0)
   Height: 77" vs 77" (diff: 0") | Weight: 205 vs 205 lbs (diff: 0)
   Handedness: 1 vs 1 (diff: 0) | Years Pro: 0 vs 0 (diff: 0)
   Contract: 1,312,725 APY
✅ Matched: Ahtyba Bequette -> Donte Kent (Pittsburgh)
   Score: 100.0 | Rating: 68 vs 68 (diff: 0)
   Height: 70" vs 70" (diff: 0") | Weight: 187 vs 187 lbs (diff: 0)
   Handedness: 1 vs 1 (diff: 0) | Years Pro: 0 vs 0 (diff: 0)
   Contract: 1,083,363 APY
✅ Matched: Bryant Heyward-Bey -> Drew Sample (Cincinnati)
   Score: 100.0 | Rating: 68 vs 68 (diff: 0)
   Height: 77" vs 77" (diff: 0") | Weight: 255 vs 255 lbs (diff: 0)
   Handedness: 1 vs 1 (diff: 0) | Years Pro: 6 vs 6 (diff: 0)
   Contract: 3,500,000 APY
✅ Matched: Eagle Locklear -> Efton Chism III (New England)
   Score: 100.0 | Rating: 68 vs 68 (diff: 0)
   Height: 71" vs 71" (diff: 0") | Weight: 193 vs 193 lbs (diff: 0)
   Handedness: 1 vs 1 (diff: 0) | Years Pro: 0 vs 0 (diff: 0)
   Contract: 996,667 APY
✅ Matched: Michael Ayi -> Elijah Wilkinson (Atlanta)
   Score: 100.0 | Rating: 68 vs 68 (diff: 0)
   Height: 76" vs 76" (diff: 0") | Weight: 329 vs 329 lbs (diff: 0)
   Handedness: 1 vs 1 (diff: 0) | Years Pro: 8 vs 8 (diff: 0)
   Contract: 1,422,500 APY
✅ Matched: Darryll Newsom -> Elijah Arroyo (Seattle)
   Score: 100.0 | Rating: 68 vs 68 (diff: 0)
   Height: 77" vs 77" (diff: 0") | Weight: 254 vs 254 lbs (diff: 0)
   Handedness: 0 vs 0 (diff: 0) | Years Pro: 0 vs 0 (diff: 0)
   Contract: 2,203,342 APY
✅ Matched: Selvish Busch -> Elijah Hicks (Chicago)
   Score: 100.0 | Rating: 68 vs 68 (diff: 0)
   Height: 71" vs 71" (diff: 0") | Weight: 200 vs 200 lbs (diff: 0)
   Handedness: 1 vs 1 (diff: 0) | Years Pro: 3 vs 3 (diff: 0)
   Contract: 934,252 APY
❌ No match: Cid Crosby (New York N) - Using defaults
✅ Matched: Jarron Weeden -> Fadil Diggs (New Orleans)
   Score: 100.0 | Rating: 68 vs 68 (diff: 0)
   Height: 76" vs 76" (diff: 0") | Weight: 257 vs 257 lbs (diff: 0)
   Handedness: 1 vs 1 (diff: 0) | Years Pro: 0 vs 0 (diff: 0)
   Contract: 1,075,418 APY
✅ Matched: Egypt Widseth -> Isaac TeSlaa (Detroit)
   Score: 100.0 | Rating: 68 vs 68 (diff: 0)
   Height: 76" vs 76" (diff: 0") | Weight: 214 vs 214 lbs (diff: 0)
   Handedness: 1 vs 1 (diff: 0) | Years Pro: 0 vs 0 (diff: 0)
   Contract: 1,666,113 APY
✅ Matched: Art Wanless -> Isaiah Pola-Mao (Las Vegas)
   Score: 100.0 | Rating: 68 vs 68 (diff: 0)
   Height: 76" vs 76" (diff: 0") | Weight: 211 vs 211 lbs (diff: 0)
   Handedness: 1 vs 1 (diff: 0) | Years Pro: 3 vs 3 (diff: 0)
   Contract: 3,725,000 APY
✅ Matched: Khreem Stautzenberger -> Jackson Slater (Tennessee)
   Score: 100.0 | Rating: 68 vs 68 (diff: 0)
   Height: 75" vs 75" (diff: 0") | Weight: 311 vs 311 lbs (diff: 0)
   Handedness: 1 vs 1 (diff: 0) | Years Pro: 0 vs 0 (diff: 0)
   Contract: 1,140,153 APY
✅ Matched: Kelly Toone -> Jacob Phillips (Indianapolis)
   Score: 100.0 | Rating: 68 vs 68 (diff: 0)
   Height: 75" vs 75" (diff: 0") | Weight: 228 vs 228 lbs (diff: 0)
   Handedness: 1 vs 1 (diff: 0) | Years Pro: 5 vs 5 (diff: 0)
   Contract: 1,100,000 APY
✅ Matched: Jacquizz Gorgal -> Jacob Bobenmoyer (Las Vegas)
   Score: 100.0 | Rating: 68 vs 68 (diff: 0)
   Height: 74" vs 74" (diff: 0") | Weight: 235 vs 235 lbs (diff: 0)
   Handedness: 1 vs 1 (diff: 0) | Years Pro: 5 vs 5 (diff: 0)
   Contract: 1,271,667 APY
✅ Matched: Joseph Pellegrini -> Jake Browning (Cincinnati)
   Score: 100.0 | Rating: 68 vs 68 (diff: 0)
   Height: 74" vs 74" (diff: 0") | Weight: 209 vs 209 lbs (diff: 0)
   Handedness: 1 vs 1 (diff: 0) | Years Pro: 5 vs 5 (diff: 0)
   Contract: 972,500 APY
⚠️  No contract: Sheddrick Ugoh -> Jalen Cropper (Dallas) - Using defaults
✅ Matched: Pat Cochran -> Jalen Travis (Indianapolis)
   Score: 100.0 | Rating: 68 vs 68 (diff: 0)
   Height: 80" vs 80" (diff: 0") | Weight: 339 vs 339 lbs (diff: 0)
   Handedness: 1 vs 1 (diff: 0) | Years Pro: 0 vs 0 (diff: 0)
   Contract: 1,029,318 APY
✅ Matched: Aric Bosarge -> Jalyn Holmes (Washington)
   Score: 100.0 | Rating: 68 vs 68 (diff: 0)
   Height: 77" vs 77" (diff: 0") | Weight: 283 vs 283 lbs (diff: 0)
   Handedness: 1 vs 1 (diff: 0) | Years Pro: 7 vs 7 (diff: 0)
   Contract: 1,337,500 APY
✅ Matched: Conrad Comstock -> James Lynch (Tennessee)
   Score: 100.0 | Rating: 68 vs 68 (diff: 0)
   Height: 76" vs 76" (diff: 0") | Weight: 295 vs 295 lbs (diff: 0)
   Handedness: 1 vs 1 (diff: 0) | Years Pro: 5 vs 5 (diff: 0)
   Contract: 1,170,000 APY
⚠️  No contract: White Ta'Ufo'Ou -> James Proche II (Tennessee) - Using defaults
✅ Matched: Alcides Morey -> Jammie Robinson (Arizona)
   Score: 100.0 | Rating: 68 vs 68 (diff: 0)
   Height: 71" vs 71" (diff: 0") | Weight: 190 vs 190 lbs (diff: 0)
   Handedness: 1 vs 1 (diff: 0) | Years Pro: 2 vs 2 (diff: 0)
   Contract: 1,042,383 APY
❌ No match: Tunch Childs (New York N) - Using defaults
❌ No match: Marty Pucci (New York A) - Using defaults
✅ Matched: Jody Shay -> Jaylen Reed (Houston)
   Score: 100.0 | Rating: 68 vs 68 (diff: 0)
   Height: 72" vs 72" (diff: 0") | Weight: 211 vs 211 lbs (diff: 0)
   Handedness: 1 vs 1 (diff: 0) | Years Pro: 0 vs 0 (diff: 0)
   Contract: 1,110,950 APY
❌ No match: Kynan Bangs (New York A) - Using defaults
✅ Matched: Quinn Duckett -> Jha'Quan Jackson (Tennessee)
   Score: 100.0 | Rating: 68 vs 68 (diff: 0)
   Height: 69" vs 69" (diff: 0") | Weight: 188 vs 188 lbs (diff: 0)
   Handedness: 1 vs 1 (diff: 0) | Years Pro: 1 vs 1 (diff: 0)
   Contract: 1,055,917 APY
✅ Matched: Menz Scifres -> Jihad Ward (Tennessee)
   Score: 100.0 | Rating: 68 vs 68 (diff: 0)
   Height: 77" vs 77" (diff: 0") | Weight: 287 vs 287 lbs (diff: 0)
   Handedness: 1 vs 1 (diff: 0) | Years Pro: 9 vs 9 (diff: 0)
   Contract: 1,405,000 APY
✅ Matched: Natu Mcchesney -> Johnny Wilson (Philadelphia)
   Score: 100.0 | Rating: 68 vs 68 (diff: 0)
   Height: 79" vs 79" (diff: 0") | Weight: 231 vs 231 lbs (diff: 0)
   Handedness: 1 vs 1 (diff: 0) | Years Pro: 1 vs 1 (diff: 0)
   Contract: 1,054,252 APY
✅ Matched: Jerrell Jacobson -> Johnny Mundt (Jacksonville)
   Score: 100.0 | Rating: 68 vs 68 (diff: 0)
   Height: 76" vs 76" (diff: 0") | Weight: 233 vs 233 lbs (diff: 0)
   Handedness: 1 vs 1 (diff: 0) | Years Pro: 8 vs 8 (diff: 0)
   Contract: 2,750,000 APY
❌ No match: Deral Polley (New York N) - Using defaults
✅ Matched: Asante Epps -> Kiran Amegadjie (Chicago)
   Score: 100.0 | Rating: 68 vs 68 (diff: 0)
   Height: 77" vs 77" (diff: 0") | Weight: 326 vs 326 lbs (diff: 0)
   Handedness: 1 vs 1 (diff: 0) | Years Pro: 1 vs 1 (diff: 0)
   Contract: 1,478,581 APY
❌ No match: Tiny Eisenhauer (New York N) - Using defaults
✅ Matched: Lenvil Garland -> Laquon Treadwell (Indianapolis)
   Score: 100.0 | Rating: 68 vs 68 (diff: 0)
   Height: 74" vs 74" (diff: 0") | Weight: 215 vs 215 lbs (diff: 0)
   Handedness: 1 vs 1 (diff: 0) | Years Pro: 8 vs 8 (diff: 0)
   Contract: 1,255,000 APY
❌ No match: Jyles Gaechter (New York N) - Using defaults
✅ Matched: Sankar Wagner -> Luke Fortner (Jacksonville)
   Score: 100.0 | Rating: 68 vs 68 (diff: 0)
   Height: 78" vs 78" (diff: 0") | Weight: 307 vs 307 lbs (diff: 0)
   Handedness: 1 vs 1 (diff: 0) | Years Pro: 3 vs 3 (diff: 0)
   Contract: 1,500,000 APY
❌ No match: Trai Chirico (New York A) - Using defaults
✅ Matched: Smokey Reckmack -> Marlon Tuipulotu (Kansas City)
   Score: 100.0 | Rating: 68 vs 68 (diff: 0)
   Height: 74" vs 74" (diff: 0") | Weight: 307 vs 307 lbs (diff: 0)
   Handedness: 1 vs 1 (diff: 0) | Years Pro: 4 vs 4 (diff: 0)
   Contract: 1,337,500 APY
✅ Matched: Amari Kopcha -> Matt Henningsen (Denver)
   Score: 100.0 | Rating: 68 vs 68 (diff: 0)
   Height: 75" vs 75" (diff: 0") | Weight: 291 vs 291 lbs (diff: 0)
   Handedness: 1 vs 1 (diff: 0) | Years Pro: 3 vs 3 (diff: 0)
   Contract: 1,100,000 APY
✅ Matched: Eben Grottkau -> Matt Peart (Denver)
   Score: 100.0 | Rating: 68 vs 68 (diff: 0)
   Height: 79" vs 79" (diff: 0") | Weight: 318 vs 318 lbs (diff: 0)
   Handedness: 1 vs 1 (diff: 0) | Years Pro: 5 vs 5 (diff: 0)
   Contract: 3,500,000 APY
❌ No match: Haywood Borum (New York A) - Using defaults
✅ Matched: Nels Baughan -> Michael Jordan (Tampa Bay)
   Score: 100.0 | Rating: 68 vs 68 (diff: 0)
   Height: 78" vs 78" (diff: 0") | Weight: 315 vs 315 lbs (diff: 0)
   Handedness: 1 vs 1 (diff: 0) | Years Pro: 6 vs 6 (diff: 0)
   Contract: 1,170,000 APY
✅ Matched: Merlin Osweiler -> Mike Morris (Seattle)
   Score: 100.0 | Rating: 68 vs 68 (diff: 0)
   Height: 78" vs 78" (diff: 0") | Weight: 292 vs 292 lbs (diff: 0)
   Handedness: 1 vs 1 (diff: 0) | Years Pro: 2 vs 2 (diff: 0)
   Contract: 1,043,019 APY
❌ No match: Deji Liles (New York N) - Using defaults
✅ Matched: Mally Kampman -> Monty Rice (New England)
   Score: 100.0 | Rating: 68 vs 68 (diff: 0)
   Height: 72" vs 72" (diff: 0") | Weight: 233 vs 233 lbs (diff: 0)
   Handedness: 1 vs 1 (diff: 0) | Years Pro: 4 vs 4 (diff: 0)
   Contract: 1,055,000 APY
✅ Matched: Obert Jammer -> Moro Ojomo (Philadelphia)
   Score: 100.0 | Rating: 68 vs 68 (diff: 0)
   Height: 75" vs 75" (diff: 0") | Weight: 292 vs 292 lbs (diff: 0)
   Handedness: 1 vs 1 (diff: 0) | Years Pro: 2 vs 2 (diff: 0)
   Contract: 979,446 APY
✅ Matched: Carmine Mccain -> Myles Bryant (Houston)
   Score: 100.0 | Rating: 68 vs 68 (diff: 0)
   Height: 69" vs 69" (diff: 0") | Weight: 185 vs 185 lbs (diff: 0)
   Handedness: 1 vs 1 (diff: 0) | Years Pro: 5 vs 5 (diff: 0)
   Contract: 1,337,500 APY
✅ Matched: Diddie Fiedler -> Nathaniel Watson (Cleveland)
   Score: 100.0 | Rating: 68 vs 68 (diff: 0)
   Height: 74" vs 74" (diff: 0") | Weight: 245 vs 245 lbs (diff: 0)
   Handedness: 1 vs 1 (diff: 0) | Years Pro: 1 vs 1 (diff: 0)
   Contract: 795,000 APY
✅ Matched: Roell Boyce -> Nick Leverett (Arizona)
   Score: 100.0 | Rating: 68 vs 68 (diff: 0)
   Height: 76" vs 76" (diff: 0") | Weight: 310 vs 310 lbs (diff: 0)
   Handedness: 1 vs 1 (diff: 0) | Years Pro: 5 vs 5 (diff: 0)
   Contract: 1,112,500 APY
✅ Matched: Traye Barbolak -> Oronde Gadsden II (Los Angeles A)
   Score: 100.0 | Rating: 68 vs 68 (diff: 0)
   Height: 77" vs 77" (diff: 0") | Weight: 241 vs 241 lbs (diff: 0)
   Handedness: 1 vs 1 (diff: 0) | Years Pro: 0 vs 0 (diff: 0)
   Contract: 1,143,509 APY
✅ Matched: Myron Napier -> Otito Ogbonnia (Los Angeles A)
   Score: 100.0 | Rating: 68 vs 68 (diff: 0)
   Height: 76" vs 76" (diff: 0") | Weight: 320 vs 320 lbs (diff: 0)
   Handedness: 1 vs 1 (diff: 0) | Years Pro: 3 vs 3 (diff: 0)
   Contract: 994,720 APY
✅ Matched: Ivy Lafary -> Owen Pappoe (Arizona)
   Score: 100.0 | Rating: 68 vs 68 (diff: 0)
   Height: 72" vs 72" (diff: 0") | Weight: 225 vs 225 lbs (diff: 0)
   Handedness: 1 vs 1 (diff: 0) | Years Pro: 2 vs 2 (diff: 0)
   Contract: 1,021,244 APY
✅ Matched: Kerry Hood -> Phil Mafah (Dallas)
   Score: 100.0 | Rating: 68 vs 68 (diff: 0)
   Height: 73" vs 73" (diff: 0") | Weight: 234 vs 234 lbs (diff: 0)
   Handedness: 0 vs 0 (diff: 0) | Years Pro: 0 vs 0 (diff: 0)
   Contract: 1,077,883 APY
✅ Matched: Pierre Lokanc -> Rakim Jarrett (Tampa Bay)
   Score: 100.0 | Rating: 68 vs 68 (diff: 0)
   Height: 72" vs 72" (diff: 0") | Weight: 190 vs 190 lbs (diff: 0)
   Handedness: 1 vs 1 (diff: 0) | Years Pro: 2 vs 2 (diff: 0)
   Contract: 906,667 APY
❌ No match: Martellus Steinkemper (New York A) - Using defaults
✅ Matched: Santo Dar -> Rasheen Ali (Baltimore)
   Score: 100.0 | Rating: 68 vs 68 (diff: 0)
   Height: 71" vs 71" (diff: 0") | Weight: 206 vs 206 lbs (diff: 0)
   Handedness: 1 vs 1 (diff: 0) | Years Pro: 1 vs 1 (diff: 0)
   Contract: 1,077,467 APY
✅ Matched: Ostell Kreamcheck -> Robert Hainsey (Jacksonville)
   Score: 100.0 | Rating: 68 vs 68 (diff: 0)
   Height: 76" vs 76" (diff: 0") | Weight: 306 vs 306 lbs (diff: 0)
   Handedness: 1 vs 1 (diff: 0) | Years Pro: 4 vs 4 (diff: 0)
   Contract: 7,000,000 APY
⚠️  No contract: Lars Mcbride -> Robert Tonyan (Kansas City) - Using defaults
✅ Matched: Arthur Burnham -> Russ Yeast (Houston)
   Score: 100.0 | Rating: 68 vs 68 (diff: 0)
   Height: 70" vs 70" (diff: 0") | Weight: 195 vs 195 lbs (diff: 0)
   Handedness: 1 vs 1 (diff: 0) | Years Pro: 3 vs 3 (diff: 0)
   Contract: 1,100,000 APY
✅ Matched: Rushen Marcus -> Ryan Flournoy (Dallas)
   Score: 100.0 | Rating: 68 vs 68 (diff: 0)
   Height: 73" vs 73" (diff: 0") | Weight: 200 vs 200 lbs (diff: 0)
   Handedness: 1 vs 1 (diff: 0) | Years Pro: 1 vs 1 (diff: 0)
   Contract: 1,039,597 APY
✅ Matched: Erk Bickett -> Rylie Mills (Seattle)
   Score: 100.0 | Rating: 68 vs 68 (diff: 0)
   Height: 77" vs 77" (diff: 0") | Weight: 296 vs 296 lbs (diff: 0)
   Handedness: 1 vs 1 (diff: 0) | Years Pro: 0 vs 0 (diff: 0)
   Contract: 1,166,875 APY
✅ Matched: Waldo Mikula -> Sam Okuayinonu (San Francisco)
   Score: 100.0 | Rating: 68 vs 68 (diff: 0)
   Height: 73" vs 73" (diff: 0") | Weight: 269 vs 269 lbs (diff: 0)
   Handedness: 1 vs 1 (diff: 0) | Years Pro: 3 vs 3 (diff: 0)
   Contract: 1,030,000 APY
✅ Matched: Walt Beach -> Sheldon Day (Washington)
   Score: 100.0 | Rating: 68 vs 68 (diff: 0)
   Height: 73" vs 73" (diff: 0") | Weight: 294 vs 294 lbs (diff: 0)
   Handedness: 1 vs 1 (diff: 0) | Years Pro: 9 vs 9 (diff: 0)
   Contract: 1,322,500 APY
✅ Matched: Golden Goldberg -> Sione Vaki (Detroit)
   Score: 100.0 | Rating: 68 vs 68 (diff: 0)
   Height: 72" vs 72" (diff: 0") | Weight: 208 vs 208 lbs (diff: 0)
   Handedness: 1 vs 1 (diff: 0) | Years Pro: 1 vs 1 (diff: 0)
   Contract: 1,168,386 APY
✅ Matched: Deuce Mustard -> SirVocea Dennis (Tampa Bay)
   Score: 100.0 | Rating: 68 vs 68 (diff: 0)
   Height: 72" vs 72" (diff: 0") | Weight: 226 vs 226 lbs (diff: 0)
   Handedness: 1 vs 1 (diff: 0) | Years Pro: 2 vs 2 (diff: 0)
   Contract: 1,039,331 APY
✅ Matched: Deveron Kotal -> Smael Mondon Jr. (Philadelphia)
   Score: 100.0 | Rating: 68 vs 68 (diff: 0)
   Height: 74" vs 74" (diff: 0") | Weight: 224 vs 224 lbs (diff: 0)
   Handedness: 1 vs 1 (diff: 0) | Years Pro: 0 vs 0 (diff: 0)
   Contract: 1,148,865 APY
✅ Matched: Winston Bugenhagen -> Spencer Burford (San Francisco)
   Score: 100.0 | Rating: 68 vs 68 (diff: 0)
   Height: 76" vs 76" (diff: 0") | Weight: 300 vs 300 lbs (diff: 0)
   Handedness: 1 vs 1 (diff: 0) | Years Pro: 3 vs 3 (diff: 0)
   Contract: 1,083,014 APY
⚠️  No contract: Gardie Keathley -> Steven Sims (Seattle) - Using defaults
✅ Matched: Galen Elmendorf -> Tahj Washington (Miami)
   Score: 100.0 | Rating: 68 vs 68 (diff: 0)
   Height: 70" vs 70" (diff: 0") | Weight: 174 vs 174 lbs (diff: 0)
   Handedness: 1 vs 1 (diff: 0) | Years Pro: 1 vs 1 (diff: 0)
   Contract: 1,026,109 APY
⚠️  No contract: Hermit Longua -> Thayer Munford Jr (Las Vegas) - Using defaults
✅ Matched: Lamichael Parson -> Theo Jackson (Minnesota)
   Score: 100.0 | Rating: 68 vs 68 (diff: 0)
   Height: 73" vs 73" (diff: 0") | Weight: 198 vs 198 lbs (diff: 0)
   Handedness: 1 vs 1 (diff: 0) | Years Pro: 3 vs 3 (diff: 0)
   Contract: 3,105,000 APY
✅ Matched: Moe Izzo -> Tip Reiman (Arizona)
   Score: 100.0 | Rating: 68 vs 68 (diff: 0)
   Height: 76" vs 76" (diff: 0") | Weight: 273 vs 273 lbs (diff: 0)
   Handedness: 1 vs 1 (diff: 0) | Years Pro: 1 vs 1 (diff: 0)
   Contract: 1,447,478 APY
✅ Matched: Ace Vasicek -> Tonka Hemingway (Las Vegas)
   Score: 100.0 | Rating: 68 vs 68 (diff: 0)
   Height: 75" vs 75" (diff: 0") | Weight: 284 vs 284 lbs (diff: 0)
   Handedness: 1 vs 1 (diff: 0) | Years Pro: 0 vs 0 (diff: 0)
   Contract: 1,216,454 APY
✅ Matched: Saxon Huzvar -> Tremon Smith (Houston)
   Score: 100.0 | Rating: 68 vs 68 (diff: 0)
   Height: 72" vs 72" (diff: 0") | Weight: 190 vs 190 lbs (diff: 0)
   Handedness: 1 vs 1 (diff: 0) | Years Pro: 8 vs 8 (diff: 0)
   Contract: 3,250,000 APY
✅ Matched: Damon Cappadona -> Trey Taylor (Las Vegas)
   Score: 100.0 | Rating: 68 vs 68 (diff: 0)
   Height: 73" vs 73" (diff: 0") | Weight: 206 vs 206 lbs (diff: 0)
   Handedness: 1 vs 1 (diff: 0) | Years Pro: 1 vs 1 (diff: 0)
   Contract: 1,034,682 APY
✅ Matched: Moose Goff -> Troy Reeder (Los Angeles N)
   Score: 100.0 | Rating: 68 vs 68 (diff: 0)
   Height: 75" vs 75" (diff: 0") | Weight: 245 vs 245 lbs (diff: 0)
   Handedness: 1 vs 1 (diff: 0) | Years Pro: 6 vs 6 (diff: 0)
   Contract: 1,170,000 APY
⚠️  No contract: Kai Ilg -> Trystan Colon (Detroit) - Using defaults
✅ Matched: Rohn Pisarcik -> Tyler Shough (New Orleans)
   Score: 100.0 | Rating: 68 vs 68 (diff: 0)
   Height: 77" vs 77" (diff: 0") | Weight: 225 vs 225 lbs (diff: 0)
   Handedness: 1 vs 1 (diff: 0) | Years Pro: 0 vs 0 (diff: 0)
   Contract: 2,701,180 APY
✅ Matched: Dorsey Greaves -> Tyler Goodson (Indianapolis)
   Score: 100.0 | Rating: 68 vs 68 (diff: 0)
   Height: 69" vs 69" (diff: 0") | Weight: 197 vs 197 lbs (diff: 0)
   Handedness: 1 vs 1 (diff: 0) | Years Pro: 3 vs 3 (diff: 0)
   Contract: 1,030,000 APY
✅ Matched: Breezy Busing -> Tyler Lacy (Jacksonville)
   Score: 100.0 | Rating: 68 vs 68 (diff: 0)
   Height: 76" vs 76" (diff: 0") | Weight: 285 vs 285 lbs (diff: 0)
   Handedness: 1 vs 1 (diff: 0) | Years Pro: 2 vs 2 (diff: 0)
   Contract: 1,131,781 APY
✅ Matched: Haven Brandes -> Tyquan Thornton (Kansas City)
   Score: 100.0 | Rating: 68 vs 68 (diff: 0)
   Height: 74" vs 74" (diff: 0") | Weight: 182 vs 182 lbs (diff: 0)
   Handedness: 1 vs 1 (diff: 0) | Years Pro: 3 vs 3 (diff: 0)
   Contract: 1,100,000 APY
✅ Matched: Leonta Zolak -> Will Sheppard (Green Bay)
   Score: 100.0 | Rating: 68 vs 68 (diff: 0)
   Height: 75" vs 75" (diff: 0") | Weight: 203 vs 203 lbs (diff: 0)
   Handedness: 1 vs 1 (diff: 0) | Years Pro: 0 vs 0 (diff: 0)
   Contract: 988,333 APY
✅ Matched: Martez Manzini -> Zacch Pickens (Chicago)
   Score: 100.0 | Rating: 68 vs 68 (diff: 0)
   Height: 76" vs 76" (diff: 0") | Weight: 300 vs 300 lbs (diff: 0)
   Handedness: 1 vs 1 (diff: 0) | Years Pro: 2 vs 2 (diff: 0)
   Contract: 1,440,948 APY
✅ Matched: Artose Cartwright -> A.J. Barner (Seattle)
   Score: 100.0 | Rating: 67 vs 67 (diff: 0)
   Height: 78" vs 78" (diff: 0") | Weight: 251 vs 251 lbs (diff: 0)
   Handedness: 1 vs 1 (diff: 0) | Years Pro: 1 vs 1 (diff: 0)
   Contract: 1,193,777 APY
⚠️  No contract: Jaby Olerich -> Andy Isabella (San Francisco) - Using defaults
✅ Matched: Donn Kyle -> Braeden Daniels (Miami)
   Score: 100.0 | Rating: 67 vs 67 (diff: 0)
   Height: 76" vs 76" (diff: 0") | Weight: 297 vs 297 lbs (diff: 0)
   Handedness: 1 vs 1 (diff: 0) | Years Pro: 2 vs 2 (diff: 0)
   Contract: 937,500 APY
❌ No match: Tad Meester (New York A) - Using defaults
✅ Matched: Jabaal Silvestro -> Brandon Parker (Atlanta)
   Score: 100.0 | Rating: 67 vs 67 (diff: 0)
   Height: 80" vs 80" (diff: 0") | Weight: 320 vs 320 lbs (diff: 0)
   Handedness: 1 vs 1 (diff: 0) | Years Pro: 7 vs 7 (diff: 0)
   Contract: 1,170,000 APY
✅ Matched: Logan Mcmanis -> C.J. Goodwin (Dallas)
   Score: 100.0 | Rating: 67 vs 67 (diff: 0)
   Height: 75" vs 75" (diff: 0") | Weight: 190 vs 190 lbs (diff: 0)
   Handedness: 1 vs 1 (diff: 0) | Years Pro: 11 vs 11 (diff: 0)
   Contract: 1,422,500 APY
✅ Matched: Garry Kadela -> Cade Stover (Houston)
   Score: 100.0 | Rating: 67 vs 67 (diff: 0)
   Height: 76" vs 76" (diff: 0") | Weight: 247 vs 247 lbs (diff: 0)
   Handedness: 1 vs 1 (diff: 0) | Years Pro: 1 vs 1 (diff: 0)
   Contract: 1,189,734 APY
✅ Matched: Dalva Puente -> Carson Vinson (Baltimore)
   Score: 100.0 | Rating: 67 vs 67 (diff: 0)
   Height: 79" vs 79" (diff: 0") | Weight: 314 vs 314 lbs (diff: 0)
   Handedness: 1 vs 1 (diff: 0) | Years Pro: 0 vs 0 (diff: 0)
   Contract: 1,167,399 APY
✅ Matched: Ogden Chester -> Chandler Brayboy (Jacksonville)
   Score: 100.0 | Rating: 67 vs 67 (diff: 0)
   Height: 72" vs 72" (diff: 0") | Weight: 205 vs 205 lbs (diff: 0)
   Handedness: 1 vs 1 (diff: 0) | Years Pro: 0 vs 0 (diff: 0)
   Contract: 993,333 APY
✅ Matched: Ron Speer -> Charley Hughlett (Philadelphia)
   Score: 100.0 | Rating: 67 vs 67 (diff: 0)
   Height: 76" vs 76" (diff: 0") | Weight: 248 vs 248 lbs (diff: 0)
   Handedness: 1 vs 1 (diff: 0) | Years Pro: 11 vs 11 (diff: 0)
   Contract: 1,422,500 APY
✅ Matched: Brodrick Crable -> Chris Rumph II (New Orleans)
   Score: 100.0 | Rating: 67 vs 67 (diff: 0)
   Height: 74" vs 74" (diff: 0") | Weight: 244 vs 244 lbs (diff: 0)
   Handedness: 1 vs 1 (diff: 0) | Years Pro: 4 vs 4 (diff: 0)
   Contract: 1,100,000 APY
✅ Matched: Stanley Thornbladh -> Christian Jones (Arizona)
   Score: 100.0 | Rating: 67 vs 67 (diff: 0)
   Height: 77" vs 77" (diff: 0") | Weight: 318 vs 318 lbs (diff: 0)
   Handedness: 1 vs 1 (diff: 0) | Years Pro: 1 vs 1 (diff: 0)
   Contract: 1,082,614 APY
✅ Matched: Dorne Mcpherson -> Christopher Smith II (Las Vegas)
   Score: 100.0 | Rating: 67 vs 67 (diff: 0)
   Height: 71" vs 71" (diff: 0") | Weight: 195 vs 195 lbs (diff: 0)
   Handedness: 1 vs 1 (diff: 0) | Years Pro: 2 vs 2 (diff: 0)
   Contract: 1,021,244 APY
❌ No match: Navy Pignatelli (New York A) - Using defaults
✅ Matched: Erron Phipps -> Cody Schrader (Los Angeles N)
   Score: 100.0 | Rating: 67 vs 67 (diff: 0)
   Height: 69" vs 69" (diff: 0") | Weight: 214 vs 214 lbs (diff: 0)
   Handedness: 1 vs 1 (diff: 0) | Years Pro: 1 vs 1 (diff: 0)
   Contract: 947,333 APY
✅ Matched: Colt Estandia -> Colby Wooden (Green Bay)
   Score: 100.0 | Rating: 67 vs 67 (diff: 0)
   Height: 76" vs 76" (diff: 0") | Weight: 273 vs 273 lbs (diff: 0)
   Handedness: 1 vs 1 (diff: 0) | Years Pro: 2 vs 2 (diff: 0)
   Contract: 1,151,982 APY
✅ Matched: Hasson Alvarez -> Cornelius Johnson (Green Bay)
   Score: 100.0 | Rating: 67 vs 67 (diff: 0)
   Height: 75" vs 75" (diff: 0") | Weight: 208 vs 208 lbs (diff: 0)
   Handedness: 1 vs 1 (diff: 0) | Years Pro: 1 vs 1 (diff: 0)
   Contract: 840,000 APY
⚠️  No contract: Shine Natkin -> Cory Trice Jr (Pittsburgh) - Using defaults
❌ No match: Takeo Nwokorie (New York N) - Using defaults
✅ Matched: Bug Medved -> Dallis Flowers (San Francisco)
   Score: 100.0 | Rating: 67 vs 67 (diff: 0)
   Height: 73" vs 73" (diff: 0") | Weight: 196 vs 196 lbs (diff: 0)
   Handedness: 1 vs 1 (diff: 0) | Years Pro: 3 vs 3 (diff: 0)
   Contract: 1,100,000 APY
✅ Matched: Lewis Sensanbaugher -> Dante Trader Jr. (Miami)
   Score: 100.0 | Rating: 67 vs 67 (diff: 0)
   Height: 71" vs 71" (diff: 0") | Weight: 200 vs 200 lbs (diff: 0)
   Handedness: 1 vs 1 (diff: 0) | Years Pro: 0 vs 0 (diff: 0)
   Contract: 1,153,696 APY
✅ Matched: Ramzee Hinton -> Dare Ogunbowale (Houston)
   Score: 100.0 | Rating: 67 vs 67 (diff: 0)
   Height: 71" vs 71" (diff: 0") | Weight: 205 vs 205 lbs (diff: 0)
   Handedness: 1 vs 1 (diff: 0) | Years Pro: 8 vs 8 (diff: 0)
   Contract: 1,800,000 APY
⚠️  No contract: Dyshod Palelei -> De'Antre Prince (Jacksonville) - Using defaults
✅ Matched: Marvell Gabbert -> Dee Winters (San Francisco)
   Score: 100.0 | Rating: 67 vs 67 (diff: 0)
   Height: 71" vs 71" (diff: 0") | Weight: 227 vs 227 lbs (diff: 0)
   Handedness: 1 vs 1 (diff: 0) | Years Pro: 2 vs 2 (diff: 0)
   Contract: 993,334 APY
✅ Matched: Myrt Biedermann -> Dominic Lovett (Detroit)
   Score: 100.0 | Rating: 67 vs 67 (diff: 0)
   Height: 70" vs 70" (diff: 0") | Weight: 185 vs 185 lbs (diff: 0)
   Handedness: 1 vs 1 (diff: 0) | Years Pro: 0 vs 0 (diff: 0)
   Contract: 1,076,693 APY
⚠️  No contract: Hollis Whelan -> Dominique Hampton (Washington) - Using defaults
✅ Matched: Garth Cockrell -> Dylan Horton (Houston)
   Score: 100.0 | Rating: 67 vs 67 (diff: 0)
   Height: 76" vs 76" (diff: 0") | Weight: 275 vs 275 lbs (diff: 0)
   Handedness: 1 vs 1 (diff: 0) | Years Pro: 2 vs 2 (diff: 0)
   Contract: 1,160,259 APY
✅ Matched: Babe Riggle -> Edefuan Ulofoshio (Buffalo)
   Score: 100.0 | Rating: 67 vs 67 (diff: 0)
   Height: 73" vs 73" (diff: 0") | Weight: 236 vs 236 lbs (diff: 0)
   Handedness: 1 vs 1 (diff: 0) | Years Pro: 1 vs 1 (diff: 0)
   Contract: 1,083,506 APY
✅ Matched: Stafon Ta'Amu -> Elijah Klein (Tampa Bay)
   Score: 100.0 | Rating: 67 vs 67 (diff: 0)
   Height: 76" vs 76" (diff: 0") | Weight: 319 vs 319 lbs (diff: 0)
   Handedness: 1 vs 1 (diff: 0) | Years Pro: 1 vs 1 (diff: 0)
   Contract: 1,039,597 APY
⚠️  No contract: Spain Sylvester -> Eric Scott Jr (Kansas City) - Using defaults
✅ Matched: Hubert Schuette -> Eric Saubert (Seattle)
   Score: 100.0 | Rating: 67 vs 67 (diff: 0)
   Height: 77" vs 77" (diff: 0") | Weight: 253 vs 253 lbs (diff: 0)
   Handedness: 1 vs 1 (diff: 0) | Years Pro: 8 vs 8 (diff: 0)
   Contract: 1,422,500 APY
✅ Matched: Lucas Rozumek -> Ethan Bonner (Miami)
   Score: 100.0 | Rating: 67 vs 67 (diff: 0)
   Height: 73" vs 73" (diff: 0") | Weight: 186 vs 186 lbs (diff: 0)
   Handedness: 1 vs 1 (diff: 0) | Years Pro: 2 vs 2 (diff: 0)
   Contract: 972,500 APY
✅ Matched: Solomon Nolting -> Evan Anderson (San Francisco)
   Score: 100.0 | Rating: 67 vs 67 (diff: 0)
   Height: 73" vs 73" (diff: 0") | Weight: 320 vs 320 lbs (diff: 0)
   Handedness: 1 vs 1 (diff: 0) | Years Pro: 1 vs 1 (diff: 0)
   Contract: 960,000 APY
✅ Matched: Reb Slough -> Gabriel Murphy (Minnesota)
   Score: 100.0 | Rating: 67 vs 67 (diff: 0)
   Height: 74" vs 74" (diff: 0") | Weight: 247 vs 247 lbs (diff: 0)
   Handedness: 1 vs 1 (diff: 0) | Years Pro: 1 vs 1 (diff: 0)
   Contract: 840,000 APY
✅ Matched: Fendi Jasper -> Giovanni Manu (Detroit)
   Score: 100.0 | Rating: 67 vs 67 (diff: 0)
   Height: 79" vs 79" (diff: 0") | Weight: 354 vs 354 lbs (diff: 0)
   Handedness: 1 vs 1 (diff: 0) | Years Pro: 1 vs 1 (diff: 0)
   Contract: 1,186,414 APY
✅ Matched: Markell Visger -> Gunnar Helm (Tennessee)
   Score: 100.0 | Rating: 67 vs 67 (diff: 0)
   Height: 77" vs 77" (diff: 0") | Weight: 241 vs 241 lbs (diff: 0)
   Handedness: 1 vs 1 (diff: 0) | Years Pro: 0 vs 0 (diff: 0)
   Contract: 1,293,227 APY
❌ No match: Sedrick Daukas (New York N) - Using defaults
⚠️  No contract: Obafemi Willson -> Irv Smith Jr (Houston) - Using defaults
✅ Matched: Marquise Julian -> Isaiah Williams (Cincinnati)
   Score: 100.0 | Rating: 67 vs 67 (diff: 0)
   Height: 73" vs 73" (diff: 0") | Weight: 206 vs 206 lbs (diff: 0)
   Handedness: 1 vs 1 (diff: 0) | Years Pro: 1 vs 1 (diff: 0)
   Contract: 948,333 APY
✅ Matched: Leif Banaszek -> Jackson Carman (Miami)
   Score: 100.0 | Rating: 67 vs 67 (diff: 0)
   Height: 77" vs 77" (diff: 0") | Weight: 322 vs 322 lbs (diff: 0)
   Handedness: 1 vs 1 (diff: 0) | Years Pro: 4 vs 4 (diff: 0)
   Contract: 1,170,000 APY
✅ Matched: Irving Kopay -> Jakob Johnson (Houston)
   Score: 100.0 | Rating: 67 vs 67 (diff: 0)
   Height: 75" vs 75" (diff: 0") | Weight: 255 vs 255 lbs (diff: 0)
   Handedness: 1 vs 1 (diff: 0) | Years Pro: 6 vs 6 (diff: 0)
   Contract: 1,180,000 APY
✅ Matched: Kyries Boston -> Jalen Rivers (Cincinnati)
   Score: 100.0 | Rating: 67 vs 67 (diff: 0)
   Height: 78" vs 78" (diff: 0") | Weight: 319 vs 319 lbs (diff: 0)
   Handedness: 1 vs 1 (diff: 0) | Years Pro: 0 vs 0 (diff: 0)
   Contract: 1,155,245 APY
✅ Matched: Shante Sanzenbacher -> Jalen Brooks (Dallas)
   Score: 100.0 | Rating: 67 vs 67 (diff: 0)
   Height: 74" vs 74" (diff: 0") | Weight: 205 vs 205 lbs (diff: 0)
   Handedness: 1 vs 1 (diff: 0) | Years Pro: 2 vs 2 (diff: 0)
   Contract: 980,590 APY
✅ Matched: Ahmad Aguirre -> Jamaree Salyer (Los Angeles A)
   Score: 100.0 | Rating: 67 vs 67 (diff: 0)
   Height: 76" vs 76" (diff: 0") | Weight: 325 vs 325 lbs (diff: 0)
   Handedness: 1 vs 1 (diff: 0) | Years Pro: 3 vs 3 (diff: 0)
   Contract: 958,982 APY
✅ Matched: Veno Supulski -> James Williams (Tennessee)
   Score: 100.0 | Rating: 67 vs 67 (diff: 0)
   Height: 76" vs 76" (diff: 0") | Weight: 231 vs 231 lbs (diff: 0)
   Handedness: 1 vs 1 (diff: 0) | Years Pro: 1 vs 1 (diff: 0)
   Contract: 1,027,373 APY
✅ Matched: Averell Scarlett -> James Winchester (Kansas City)
   Score: 100.0 | Rating: 67 vs 67 (diff: 0)
   Height: 75" vs 75" (diff: 0") | Weight: 209 vs 209 lbs (diff: 0)
   Handedness: 1 vs 1 (diff: 0) | Years Pro: 10 vs 10 (diff: 0)
   Contract: 1,650,000 APY
✅ Matched: Father Scheuer -> Jamie Sheriff (Seattle)
   Score: 100.0 | Rating: 67 vs 67 (diff: 0)
   Height: 73" vs 73" (diff: 0") | Weight: 254 vs 254 lbs (diff: 0)
   Handedness: 1 vs 1 (diff: 0) | Years Pro: 1 vs 1 (diff: 0)
   Contract: 840,000 APY
❌ No match: Flash Barron (New York A) - Using defaults
✅ Matched: Izzy Jimoh -> Jamree Kromah (Chicago)
   Score: 100.0 | Rating: 67 vs 67 (diff: 0)
   Height: 75" vs 75" (diff: 0") | Weight: 275 vs 275 lbs (diff: 0)
   Handedness: 1 vs 1 (diff: 0) | Years Pro: 1 vs 1 (diff: 0)
   Contract: 960,000 APY
✅ Matched: Elnardo Arkin -> Jarrett Kingston (Carolina)
   Score: 100.0 | Rating: 67 vs 67 (diff: 0)
   Height: 76" vs 76" (diff: 0") | Weight: 308 vs 308 lbs (diff: 0)
   Handedness: 1 vs 1 (diff: 0) | Years Pro: 1 vs 1 (diff: 0)
   Contract: 1,039,597 APY
✅ Matched: Blanche Wendryhoski -> Jason Brownlee (Kansas City)
   Score: 100.0 | Rating: 67 vs 67 (diff: 0)
   Height: 74" vs 74" (diff: 0") | Weight: 198 vs 198 lbs (diff: 0)
   Handedness: 1 vs 1 (diff: 0) | Years Pro: 2 vs 2 (diff: 0)
   Contract: 960,000 APY
✅ Matched: Dana Macioszczyk -> Javon Foster (Jacksonville)
   Score: 100.0 | Rating: 67 vs 67 (diff: 0)
   Height: 77" vs 77" (diff: 0") | Weight: 313 vs 313 lbs (diff: 0)
   Handedness: 1 vs 1 (diff: 0) | Years Pro: 1 vs 1 (diff: 0)
   Contract: 1,204,266 APY
✅ Matched: Kareem Burgess -> Jaylan Ford (New Orleans)
   Score: 100.0 | Rating: 67 vs 67 (diff: 0)
   Height: 75" vs 75" (diff: 0") | Weight: 242 vs 242 lbs (diff: 0)
   Handedness: 1 vs 1 (diff: 0) | Years Pro: 1 vs 1 (diff: 0)
   Contract: 1,068,569 APY
✅ Matched: Demar Pense -> Jaylen McCollough (Los Angeles N)
   Score: 100.0 | Rating: 67 vs 67 (diff: 0)
   Height: 72" vs 72" (diff: 0") | Weight: 202 vs 202 lbs (diff: 0)
   Handedness: 1 vs 1 (diff: 0) | Years Pro: 1 vs 1 (diff: 0)
   Contract: 948,333 APY
❌ No match: Filip Tice (New York A) - Using defaults
✅ Matched: Dowe Mcinnis -> Jaylinn Hawkins (New England)
   Score: 100.0 | Rating: 67 vs 67 (diff: 0)
   Height: 73" vs 73" (diff: 0") | Weight: 208 vs 208 lbs (diff: 0)
   Handedness: 1 vs 1 (diff: 0) | Years Pro: 5 vs 5 (diff: 0)
   Contract: 1,800,000 APY
✅ Matched: Dolph Critchfield -> Jaylon Smith (Las Vegas)
   Score: 100.0 | Rating: 67 vs 67 (diff: 0)
   Height: 74" vs 74" (diff: 0") | Weight: 240 vs 240 lbs (diff: 0)
   Handedness: 1 vs 1 (diff: 0) | Years Pro: 9 vs 9 (diff: 0)
   Contract: 1,255,000 APY
✅ Matched: Errol Zuttah -> JD Bertrand (Atlanta)
   Score: 100.0 | Rating: 67 vs 67 (diff: 0)
   Height: 73" vs 73" (diff: 0") | Weight: 235 vs 235 lbs (diff: 0)
   Handedness: 1 vs 1 (diff: 0) | Years Pro: 1 vs 1 (diff: 0)
   Contract: 1,092,506 APY
✅ Matched: Romeo Degree -> Jeffrey Bassa (Kansas City)
   Score: 100.0 | Rating: 67 vs 67 (diff: 0)
   Height: 73" vs 73" (diff: 0") | Weight: 228 vs 228 lbs (diff: 0)
   Handedness: 1 vs 1 (diff: 0) | Years Pro: 0 vs 0 (diff: 0)
   Contract: 1,153,413 APY
⚠️  No contract: Orville June -> Jeremiah Trotter Jr (Philadelphia) - Using defaults
⚠️  No contract: Ki-Jana Buksar -> Jimmy Horn Jr (Carolina) - Using defaults
✅ Matched: Adam Chrebet -> Jimmy Garoppolo (Los Angeles N)
   Score: 100.0 | Rating: 67 vs 67 (diff: 0)
   Height: 74" vs 74" (diff: 0") | Weight: 225 vs 225 lbs (diff: 0)
   Handedness: 1 vs 1 (diff: 0) | Years Pro: 11 vs 11 (diff: 0)
   Contract: 3,005,000 APY
✅ Matched: Carleton Mesak -> JJ Pegues (Las Vegas)
   Score: 100.0 | Rating: 67 vs 67 (diff: 0)
   Height: 75" vs 75" (diff: 0") | Weight: 309 vs 309 lbs (diff: 0)
   Handedness: 1 vs 1 (diff: 0) | Years Pro: 0 vs 0 (diff: 0)
   Contract: 1,116,785 APY
✅ Matched: Kirk Whitted -> Jonah Williams (New Orleans)
   Score: 100.0 | Rating: 67 vs 67 (diff: 0)
   Height: 77" vs 77" (diff: 0") | Weight: 275 vs 275 lbs (diff: 0)
   Handedness: 1 vs 1 (diff: 0) | Years Pro: 5 vs 5 (diff: 0)
   Contract: 15,000,000 APY
✅ Matched: Edell Isselhardt -> Jordan Magee (Washington)
   Score: 100.0 | Rating: 67 vs 67 (diff: 0)
   Height: 74" vs 74" (diff: 0") | Weight: 228 vs 228 lbs (diff: 0)
   Handedness: 1 vs 1 (diff: 0) | Years Pro: 1 vs 1 (diff: 0)
   Contract: 1,097,807 APY
✅ Matched: Scrapper Joachim -> Jose Ramirez (Tampa Bay)
   Score: 100.0 | Rating: 67 vs 67 (diff: 0)
   Height: 74" vs 74" (diff: 0") | Weight: 242 vs 242 lbs (diff: 0)
   Handedness: 1 vs 1 (diff: 0) | Years Pro: 2 vs 2 (diff: 0)
   Contract: 795,000 APY
✅ Matched: Peter Jencks -> Justin Skule (Minnesota)
   Score: 100.0 | Rating: 67 vs 67 (diff: 0)
   Height: 78" vs 78" (diff: 0") | Weight: 315 vs 315 lbs (diff: 0)
   Handedness: 1 vs 1 (diff: 0) | Years Pro: 6 vs 6 (diff: 0)
   Contract: 2,000,000 APY
✅ Matched: Norb Trost -> Kamal Hadden (Green Bay)
   Score: 100.0 | Rating: 67 vs 67 (diff: 0)
   Height: 73" vs 73" (diff: 0") | Weight: 192 vs 192 lbs (diff: 0)
   Handedness: 1 vs 1 (diff: 0) | Years Pro: 1 vs 1 (diff: 0)
   Contract: 840,000 APY
❌ No match: Babatunde Schwedes (New York A) - Using defaults
✅ Matched: Fungy Burney -> Kenny Pickett (Cleveland)
   Score: 100.0 | Rating: 67 vs 67 (diff: 0)
   Height: 75" vs 75" (diff: 0") | Weight: 225 vs 225 lbs (diff: 0)
   Handedness: 1 vs 1 (diff: 0) | Years Pro: 3 vs 3 (diff: 0)
   Contract: 3,516,976 APY
✅ Matched: Gino Atwater -> Khalid Kareem (Atlanta)
   Score: 100.0 | Rating: 67 vs 67 (diff: 0)
   Height: 76" vs 76" (diff: 0") | Weight: 268 vs 268 lbs (diff: 0)
   Handedness: 1 vs 1 (diff: 0) | Years Pro: 5 vs 5 (diff: 0)
   Contract: 1,170,000 APY
✅ Matched: Lynell Keefer -> Kimani Vidal (Los Angeles A)
   Score: 100.0 | Rating: 67 vs 67 (diff: 0)
   Height: 68" vs 68" (diff: 0") | Weight: 213 vs 213 lbs (diff: 0)
   Handedness: 1 vs 1 (diff: 0) | Years Pro: 1 vs 1 (diff: 0)
   Contract: 1,056,859 APY
✅ Matched: Rodger Holcombe -> Kitan Oladapo (Green Bay)
   Score: 100.0 | Rating: 67 vs 67 (diff: 0)
   Height: 74" vs 74" (diff: 0") | Weight: 216 vs 216 lbs (diff: 0)
   Handedness: 1 vs 1 (diff: 0) | Years Pro: 1 vs 1 (diff: 0)
   Contract: 1,068,569 APY
❌ No match: Rocky Woodruff (New York A) - Using defaults
✅ Matched: Herbie Cogdill -> Kurt Hinish (Houston)
   Score: 100.0 | Rating: 67 vs 67 (diff: 0)
   Height: 74" vs 74" (diff: 0") | Weight: 300 vs 300 lbs (diff: 0)
   Handedness: 1 vs 1 (diff: 0) | Years Pro: 3 vs 3 (diff: 0)
   Contract: 1,800,000 APY
✅ Matched: Dalton Prestel -> LaBryan Ray (Carolina)
   Score: 100.0 | Rating: 67 vs 67 (diff: 0)
   Height: 76" vs 76" (diff: 0") | Weight: 290 vs 290 lbs (diff: 0)
   Handedness: 1 vs 1 (diff: 0) | Years Pro: 2 vs 2 (diff: 0)
   Contract: 1,030,000 APY
✅ Matched: Bruce Houser -> Larrell Murchison (Los Angeles N)
   Score: 100.0 | Rating: 67 vs 67 (diff: 0)
   Height: 74" vs 74" (diff: 0") | Weight: 297 vs 297 lbs (diff: 0)
   Handedness: 1 vs 1 (diff: 0) | Years Pro: 5 vs 5 (diff: 0)
   Contract: 1,170,000 APY
✅ Matched: Sherrill Gainor -> Liam Eichenberg (Miami)
   Score: 100.0 | Rating: 67 vs 67 (diff: 0)
   Height: 77" vs 77" (diff: 0") | Weight: 306 vs 306 lbs (diff: 0)
   Handedness: 1 vs 1 (diff: 0) | Years Pro: 4 vs 4 (diff: 0)
   Contract: 2,225,000 APY
✅ Matched: Ira Asbury -> Marcus Harris (Buffalo)
   Score: 100.0 | Rating: 67 vs 67 (diff: 0)
   Height: 74" vs 74" (diff: 0") | Weight: 286 vs 286 lbs (diff: 0)
   Handedness: 1 vs 1 (diff: 0) | Years Pro: 1 vs 1 (diff: 0)
   Contract: 840,000 APY
✅ Matched: Jacky Stanciel -> Mason Rudolph (Pittsburgh)
   Score: 100.0 | Rating: 67 vs 67 (diff: 0)
   Height: 77" vs 77" (diff: 0") | Weight: 235 vs 235 lbs (diff: 0)
   Handedness: 1 vs 1 (diff: 0) | Years Pro: 7 vs 7 (diff: 0)
   Contract: 3,750,000 APY
✅ Matched: Tito Mitrione -> Matt Hennessy (San Francisco)
   Score: 100.0 | Rating: 67 vs 67 (diff: 0)
   Height: 75" vs 75" (diff: 0") | Weight: 307 vs 307 lbs (diff: 0)
   Handedness: 1 vs 1 (diff: 0) | Years Pro: 5 vs 5 (diff: 0)
   Contract: 1,185,000 APY
✅ Matched: Polly Mcquilken -> Matthew Butler (Miami)
   Score: 100.0 | Rating: 67 vs 67 (diff: 0)
   Height: 76" vs 76" (diff: 0") | Weight: 295 vs 295 lbs (diff: 0)
   Handedness: 1 vs 1 (diff: 0) | Years Pro: 3 vs 3 (diff: 0)
   Contract: 0 APY
✅ Matched: Joselio Ballou -> Micah Robinson (Green Bay)
   Score: 100.0 | Rating: 67 vs 67 (diff: 0)
   Height: 71" vs 71" (diff: 0") | Weight: 183 vs 183 lbs (diff: 0)
   Handedness: 1 vs 1 (diff: 0) | Years Pro: 0 vs 0 (diff: 0)
   Contract: 1,078,460 APY
✅ Matched: Corl Barnikow -> Miles Killebrew (Pittsburgh)
   Score: 100.0 | Rating: 67 vs 67 (diff: 0)
   Height: 74" vs 74" (diff: 0") | Weight: 222 vs 222 lbs (diff: 0)
   Handedness: 1 vs 1 (diff: 0) | Years Pro: 9 vs 9 (diff: 0)
   Contract: 3,250,000 APY
✅ Matched: Andre Sansen -> Mitchell Evans (Carolina)
   Score: 100.0 | Rating: 67 vs 67 (diff: 0)
   Height: 77" vs 77" (diff: 0") | Weight: 253 vs 253 lbs (diff: 0)
   Handedness: 1 vs 1 (diff: 0) | Years Pro: 0 vs 0 (diff: 0)
   Contract: 1,147,742 APY
✅ Matched: Romby Dufft -> Mitchell Fraboni (Denver)
   Score: 100.0 | Rating: 67 vs 67 (diff: 0)
   Height: 74" vs 74" (diff: 0") | Weight: 223 vs 223 lbs (diff: 0)
   Handedness: 1 vs 1 (diff: 0) | Years Pro: 4 vs 4 (diff: 0)
   Contract: 1,391,667 APY
✅ Matched: Carnell Kolodziej -> Mohamoud Diabate (Cleveland)
   Score: 100.0 | Rating: 67 vs 67 (diff: 0)
   Height: 76" vs 76" (diff: 0") | Weight: 225 vs 225 lbs (diff: 0)
   Handedness: 1 vs 1 (diff: 0) | Years Pro: 2 vs 2 (diff: 0)
   Contract: 906,667 APY
✅ Matched: Eldridge Berton -> Myles Harden (Cleveland)
   Score: 100.0 | Rating: 67 vs 67 (diff: 0)
   Height: 71" vs 71" (diff: 0") | Weight: 195 vs 195 lbs (diff: 0)
   Handedness: 1 vs 1 (diff: 0) | Years Pro: 1 vs 1 (diff: 0)
   Contract: 1,032,583 APY
✅ Matched: Khary Pietrosante -> Nick Nash (Atlanta)
   Score: 100.0 | Rating: 67 vs 67 (diff: 0)
   Height: 75" vs 75" (diff: 0") | Weight: 203 vs 203 lbs (diff: 0)
   Handedness: 1 vs 1 (diff: 0) | Years Pro: 0 vs 0 (diff: 0)
   Contract: 995,000 APY
✅ Matched: Brooks Germaine -> Nikko Remigio (Kansas City)
   Score: 100.0 | Rating: 67 vs 67 (diff: 0)
   Height: 69" vs 69" (diff: 0") | Weight: 187 vs 187 lbs (diff: 0)
   Handedness: 1 vs 1 (diff: 0) | Years Pro: 2 vs 2 (diff: 0)
   Contract: 915,000 APY
✅ Matched: Emanuel Marko -> Olisaemeka Udoh (Tennessee)
   Score: 100.0 | Rating: 67 vs 67 (diff: 0)
   Height: 78" vs 78" (diff: 0") | Weight: 320 vs 320 lbs (diff: 0)
   Handedness: 1 vs 1 (diff: 0) | Years Pro: 6 vs 6 (diff: 0)
   Contract: 2,000,000 APY
✅ Matched: Akwasi Addai -> Parry Nickerson (Philadelphia)
   Score: 100.0 | Rating: 67 vs 67 (diff: 0)
   Height: 70" vs 70" (diff: 0") | Weight: 182 vs 182 lbs (diff: 0)
   Handedness: 1 vs 1 (diff: 0) | Years Pro: 7 vs 7 (diff: 0)
   Contract: 1,170,000 APY
✅ Matched: Dunstan Speelman -> Perrion Winfrey (Dallas)
   Score: 100.0 | Rating: 67 vs 67 (diff: 0)
   Height: 76" vs 76" (diff: 0") | Weight: 290 vs 290 lbs (diff: 0)
   Handedness: 1 vs 1 (diff: 0) | Years Pro: 3 vs 3 (diff: 0)
   Contract: 1,017,500 APY
✅ Matched: Tebucky Grady -> Que Robinson (Denver)
   Score: 100.0 | Rating: 67 vs 67 (diff: 0)
   Height: 76" vs 76" (diff: 0") | Weight: 243 vs 243 lbs (diff: 0)
   Handedness: 1 vs 1 (diff: 0) | Years Pro: 0 vs 0 (diff: 0)
   Contract: 1,263,564 APY
✅ Matched: Ching Griffing -> Quinton Bohanna (Seattle)
   Score: 100.0 | Rating: 67 vs 67 (diff: 0)
   Height: 76" vs 76" (diff: 0") | Weight: 360 vs 360 lbs (diff: 0)
   Handedness: 1 vs 1 (diff: 0) | Years Pro: 4 vs 4 (diff: 0)
   Contract: 1,100,000 APY
❌ No match: Marrio Coronado (New York A) - Using defaults
✅ Matched: Hassan Cordill -> R.J. Mickens (Los Angeles A)
   Score: 100.0 | Rating: 67 vs 67 (diff: 0)
   Height: 72" vs 72" (diff: 0") | Weight: 199 vs 199 lbs (diff: 0)
   Handedness: 1 vs 1 (diff: 0) | Years Pro: 0 vs 0 (diff: 0)
   Contract: 1,093,570 APY
✅ Matched: Vyto Plump -> Raheem Blackshear (Carolina)
   Score: 100.0 | Rating: 67 vs 67 (diff: 0)
   Height: 69" vs 69" (diff: 0") | Weight: 190 vs 190 lbs (diff: 0)
   Handedness: 1 vs 1 (diff: 0) | Years Pro: 3 vs 3 (diff: 0)
   Contract: 1,100,000 APY
✅ Matched: Tam Fultz -> Ricky White III (Seattle)
   Score: 100.0 | Rating: 67 vs 67 (diff: 0)
   Height: 73" vs 73" (diff: 0") | Weight: 181 vs 181 lbs (diff: 0)
   Handedness: 1 vs 1 (diff: 0) | Years Pro: 0 vs 0 (diff: 0)
   Contract: 1,078,175 APY
✅ Matched: Eason Sherman -> Ronnie Rivers (Los Angeles N)
   Score: 100.0 | Rating: 67 vs 67 (diff: 0)
   Height: 69" vs 69" (diff: 0") | Weight: 195 vs 195 lbs (diff: 0)
   Handedness: 1 vs 1 (diff: 0) | Years Pro: 3 vs 3 (diff: 0)
   Contract: 1,100,000 APY
✅ Matched: Theotis Yagiello -> Ruben Hyppolite II (Chicago)
   Score: 100.0 | Rating: 67 vs 67 (diff: 0)
   Height: 72" vs 72" (diff: 0") | Weight: 236 vs 236 lbs (diff: 0)
   Handedness: 1 vs 1 (diff: 0) | Years Pro: 0 vs 0 (diff: 0)
   Contract: 1,269,897 APY
✅ Matched: Darrien Gachkar -> Saahdiq Charles (Dallas)
   Score: 100.0 | Rating: 67 vs 67 (diff: 0)
   Height: 76" vs 76" (diff: 0") | Weight: 322 vs 322 lbs (diff: 0)
   Handedness: 1 vs 1 (diff: 0) | Years Pro: 4 vs 4 (diff: 0)
   Contract: 1,170,000 APY
✅ Matched: Allama Ashton -> Samori Toure (Chicago)
   Score: 100.0 | Rating: 67 vs 67 (diff: 0)
   Height: 73" vs 73" (diff: 0") | Weight: 191 vs 191 lbs (diff: 0)
   Handedness: 1 vs 1 (diff: 0) | Years Pro: 3 vs 3 (diff: 0)
   Contract: 1,030,000 APY
✅ Matched: Jay Deriggi -> Shedeur Sanders (Cleveland)
   Score: 100.0 | Rating: 67 vs 67 (diff: 0)
   Height: 74" vs 74" (diff: 0") | Weight: 212 vs 212 lbs (diff: 0)
   Handedness: 1 vs 1 (diff: 0) | Years Pro: 0 vs 0 (diff: 0)
   Contract: 1,161,845 APY
✅ Matched: Devale Jetmore -> Shemar Bartholomew (Carolina)
   Score: 100.0 | Rating: 67 vs 67 (diff: 0)
   Height: 72" vs 72" (diff: 0") | Weight: 200 vs 200 lbs (diff: 0)
   Handedness: 1 vs 1 (diff: 0) | Years Pro: 1 vs 1 (diff: 0)
   Contract: 946,667 APY
⚠️  No contract: Fate Inman -> Shemar Jean-Charles (Seattle) - Using defaults
✅ Matched: Dell Atogwe -> Simi Fehoko (Arizona)
   Score: 100.0 | Rating: 67 vs 67 (diff: 0)
   Height: 75" vs 75" (diff: 0") | Weight: 220 vs 220 lbs (diff: 0)
   Handedness: 1 vs 1 (diff: 0) | Years Pro: 4 vs 4 (diff: 0)
   Contract: 1,750,000 APY
✅ Matched: Delawrence Fiske -> T.J. Bass (Dallas)
   Score: 100.0 | Rating: 67 vs 67 (diff: 0)
   Height: 76" vs 76" (diff: 0") | Weight: 325 vs 325 lbs (diff: 0)
   Handedness: 1 vs 1 (diff: 0) | Years Pro: 2 vs 2 (diff: 0)
   Contract: 901,667 APY
⚠️  No contract: Sha'Reff Carl -> Thomas Booker IV (Philadelphia) - Using defaults
✅ Matched: Freddie Echols -> Tim Smith (Indianapolis)
   Score: 100.0 | Rating: 67 vs 67 (diff: 0)
   Height: 76" vs 76" (diff: 0") | Weight: 306 vs 306 lbs (diff: 0)
   Handedness: 1 vs 1 (diff: 0) | Years Pro: 0 vs 0 (diff: 0)
   Contract: 1,108,590 APY
✅ Matched: Alfonzo Cordovano -> Tommy Togiai (Houston)
   Score: 100.0 | Rating: 67 vs 67 (diff: 0)
   Height: 74" vs 74" (diff: 0") | Weight: 296 vs 296 lbs (diff: 0)
   Handedness: 1 vs 1 (diff: 0) | Years Pro: 4 vs 4 (diff: 0)
   Contract: 985,000 APY
⚠️  No contract: Adolph Vinatieri -> Tony Brown II (Cleveland) - Using defaults
⚠️  No contract: Barret Sucic -> Tony Fields II (Los Angeles N) - Using defaults
✅ Matched: Dimp Cecil -> Trey Sermon (Pittsburgh)
   Score: 100.0 | Rating: 67 vs 67 (diff: 0)
   Height: 72" vs 72" (diff: 0") | Weight: 215 vs 215 lbs (diff: 0)
   Handedness: 1 vs 1 (diff: 0) | Years Pro: 4 vs 4 (diff: 0)
   Contract: 1,170,000 APY
✅ Matched: Reshad Vacanti -> Trikweze Bridges (Los Angeles A)
   Score: 100.0 | Rating: 67 vs 67 (diff: 0)
   Height: 75" vs 75" (diff: 0") | Weight: 196 vs 196 lbs (diff: 0)
   Handedness: 1 vs 1 (diff: 0) | Years Pro: 0 vs 0 (diff: 0)
   Contract: 1,075,418 APY
✅ Matched: Von Angulo -> Ventrell Miller (Jacksonville)
   Score: 100.0 | Rating: 67 vs 67 (diff: 0)
   Height: 72" vs 72" (diff: 0") | Weight: 221 vs 221 lbs (diff: 0)
   Handedness: 1 vs 1 (diff: 0) | Years Pro: 2 vs 2 (diff: 0)
   Contract: 1,144,234 APY
✅ Matched: Morris Rentz -> Winston Reid (Cleveland)
   Score: 100.0 | Rating: 67 vs 67 (diff: 0)
   Height: 72" vs 72" (diff: 0") | Weight: 225 vs 225 lbs (diff: 0)
   Handedness: 1 vs 1 (diff: 0) | Years Pro: 1 vs 1 (diff: 0)
   Contract: 960,000 APY
✅ Matched: Zebrie Poole -> Yahya Black (Pittsburgh)
   Score: 100.0 | Rating: 67 vs 67 (diff: 0)
   Height: 78" vs 78" (diff: 0") | Weight: 336 vs 336 lbs (diff: 0)
   Handedness: 1 vs 1 (diff: 0) | Years Pro: 0 vs 0 (diff: 0)
   Contract: 1,144,959 APY
✅ Matched: Tucker Hibler -> Zach Wilson (Miami)
   Score: 100.0 | Rating: 67 vs 67 (diff: 0)
   Height: 74" vs 74" (diff: 0") | Weight: 214 vs 214 lbs (diff: 0)
   Handedness: 1 vs 1 (diff: 0) | Years Pro: 4 vs 4 (diff: 0)
   Contract: 6,000,000 APY
✅ Matched: Toni Hiemstra -> Zech McPhearson (Jacksonville)
   Score: 100.0 | Rating: 67 vs 67 (diff: 0)
   Height: 71" vs 71" (diff: 0") | Weight: 191 vs 191 lbs (diff: 0)
   Handedness: 1 vs 1 (diff: 0) | Years Pro: 4 vs 4 (diff: 0)
   Contract: 1,030,000 APY
✅ Matched: Hunk Toston -> Alec Anderson (Buffalo)
   Score: 100.0 | Rating: 66 vs 66 (diff: 0)
   Height: 77" vs 77" (diff: 0") | Weight: 305 vs 305 lbs (diff: 0)
   Handedness: 1 vs 1 (diff: 0) | Years Pro: 2 vs 2 (diff: 0)
   Contract: 1,030,000 APY
✅ Matched: Deshea Leahy -> Alex Forsyth (Denver)
   Score: 100.0 | Rating: 66 vs 66 (diff: 0)
   Height: 76" vs 76" (diff: 0") | Weight: 312 vs 312 lbs (diff: 0)
   Handedness: 1 vs 1 (diff: 0) | Years Pro: 2 vs 2 (diff: 0)
   Contract: 979,444 APY
✅ Matched: Ulysses Bengen -> Alex Wright (Cleveland)
   Score: 100.0 | Rating: 66 vs 66 (diff: 0)
   Height: 77" vs 77" (diff: 0") | Weight: 267 vs 267 lbs (diff: 0)
   Handedness: 1 vs 1 (diff: 0) | Years Pro: 3 vs 3 (diff: 0)
   Contract: 1,323,394 APY
✅ Matched: Dinger Stensrud -> Ali Gaye (Tennessee)
   Score: 100.0 | Rating: 66 vs 66 (diff: 0)
   Height: 78" vs 78" (diff: 0") | Weight: 263 vs 263 lbs (diff: 0)
   Handedness: 1 vs 1 (diff: 0) | Years Pro: 2 vs 2 (diff: 0)
   Contract: 795,000 APY
✅ Matched: Dou Schuhmacher -> Anfernee Orji (Tennessee)
   Score: 100.0 | Rating: 66 vs 66 (diff: 0)
   Height: 74" vs 74" (diff: 0") | Weight: 230 vs 230 lbs (diff: 0)
   Handedness: 1 vs 1 (diff: 0) | Years Pro: 2 vs 2 (diff: 0)
   Contract: 877,500 APY
✅ Matched: Manuel Quillan -> Blake Watson (Denver)
   Score: 100.0 | Rating: 66 vs 66 (diff: 0)
   Height: 69" vs 69" (diff: 0") | Weight: 195 vs 195 lbs (diff: 0)
   Handedness: 1 vs 1 (diff: 0) | Years Pro: 1 vs 1 (diff: 0)
   Contract: 877,500 APY
✅ Matched: Woodrow Loberg -> Brenden Schooler (New England)
   Score: 100.0 | Rating: 66 vs 66 (diff: 0)
   Height: 73" vs 73" (diff: 0") | Weight: 205 vs 205 lbs (diff: 0)
   Handedness: 1 vs 1 (diff: 0) | Years Pro: 3 vs 3 (diff: 0)
   Contract: 3,000,000 APY
⚠️  No contract: Griff Walik -> Brenton Cox (Green Bay) - Using defaults
⚠️  No contract: Jermelle Stanfill -> Brian Asamoah II (Minnesota) - Using defaults
✅ Matched: Jake Mcbath -> Brock Wright (Detroit)
   Score: 100.0 | Rating: 66 vs 66 (diff: 0)
   Height: 76" vs 76" (diff: 0") | Weight: 255 vs 255 lbs (diff: 0)
   Handedness: 1 vs 1 (diff: 0) | Years Pro: 4 vs 4 (diff: 0)
   Contract: 4,000,000 APY
✅ Matched: Cyril Squyres -> Brock Hoffman (Dallas)
   Score: 100.0 | Rating: 66 vs 66 (diff: 0)
   Height: 76" vs 76" (diff: 0") | Weight: 302 vs 302 lbs (diff: 0)
   Handedness: 1 vs 1 (diff: 0) | Years Pro: 3 vs 3 (diff: 0)
   Contract: 1,100,000 APY
✅ Matched: Tomur Civiletto -> Bryce Cabeldue (Seattle)
   Score: 100.0 | Rating: 66 vs 66 (diff: 0)
   Height: 77" vs 77" (diff: 0") | Weight: 308 vs 308 lbs (diff: 0)
   Handedness: 1 vs 1 (diff: 0) | Years Pro: 0 vs 0 (diff: 0)
   Contract: 1,108,065 APY
❌ No match: Chansi Borland (New York A) - Using defaults
✅ Matched: Aqib Belin -> Cameron Goode (Miami)
   Score: 100.0 | Rating: 66 vs 66 (diff: 0)
   Height: 75" vs 75" (diff: 0") | Weight: 245 vs 245 lbs (diff: 0)
   Handedness: 1 vs 1 (diff: 0) | Years Pro: 3 vs 3 (diff: 0)
   Contract: 832,500 APY
✅ Matched: Vann Donahue -> Cameron Williams (Philadelphia)
   Score: 100.0 | Rating: 66 vs 66 (diff: 0)
   Height: 78" vs 78" (diff: 0") | Weight: 334 vs 334 lbs (diff: 0)
   Handedness: 1 vs 1 (diff: 0) | Years Pro: 0 vs 0 (diff: 0)
   Contract: 1,100,393 APY
❌ No match: Derwin Purnell (New York A) - Using defaults
✅ Matched: Garnell Burris -> Casey Washington (Atlanta)
   Score: 100.0 | Rating: 66 vs 66 (diff: 0)
   Height: 72" vs 72" (diff: 0") | Weight: 200 vs 200 lbs (diff: 0)
   Handedness: 1 vs 1 (diff: 0) | Years Pro: 1 vs 1 (diff: 0)
   Contract: 1,053,399 APY
✅ Matched: Tre' Crumpler -> Charlie Kolar (Baltimore)
   Score: 100.0 | Rating: 66 vs 66 (diff: 0)
   Height: 78" vs 78" (diff: 0") | Weight: 250 vs 250 lbs (diff: 0)
   Handedness: 1 vs 1 (diff: 0) | Years Pro: 3 vs 3 (diff: 0)
   Contract: 1,091,221 APY
✅ Matched: Larron Kadziel -> Chris Brooks (Green Bay)
   Score: 100.0 | Rating: 66 vs 66 (diff: 0)
   Height: 73" vs 73" (diff: 0") | Weight: 223 vs 223 lbs (diff: 0)
   Handedness: 1 vs 1 (diff: 0) | Years Pro: 2 vs 2 (diff: 0)
   Contract: 915,000 APY
✅ Matched: Merritt Stuckey -> Chris Collier (Las Vegas)
   Score: 100.0 | Rating: 66 vs 66 (diff: 0)
   Height: 71" vs 71" (diff: 0") | Weight: 210 vs 210 lbs (diff: 0)
   Handedness: 1 vs 1 (diff: 0) | Years Pro: 1 vs 1 (diff: 0)
   Contract: 877,500 APY
✅ Matched: Hersh Ragunas -> Connor Heyward (Pittsburgh)
   Score: 100.0 | Rating: 66 vs 66 (diff: 0)
   Height: 72" vs 72" (diff: 0") | Weight: 230 vs 230 lbs (diff: 0)
   Handedness: 1 vs 1 (diff: 0) | Years Pro: 3 vs 3 (diff: 0)
   Contract: 953,806 APY
✅ Matched: Mekeli Hallen -> Daijahn Anthony (Cincinnati)
   Score: 100.0 | Rating: 66 vs 66 (diff: 0)
   Height: 72" vs 72" (diff: 0") | Weight: 205 vs 205 lbs (diff: 0)
   Handedness: 1 vs 1 (diff: 0) | Years Pro: 1 vs 1 (diff: 0)
   Contract: 1,034,446 APY
✅ Matched: Darrius Hardwick -> Damarion Williams (Seattle)
   Score: 100.0 | Rating: 66 vs 66 (diff: 0)
   Height: 70" vs 70" (diff: 0") | Weight: 180 vs 180 lbs (diff: 0)
   Handedness: 1 vs 1 (diff: 0) | Years Pro: 3 vs 3 (diff: 0)
   Contract: 1,030,000 APY
✅ Matched: Plato Mallard -> Dan Jackson (Detroit)
   Score: 100.0 | Rating: 66 vs 66 (diff: 0)
   Height: 72" vs 72" (diff: 0") | Weight: 194 vs 194 lbs (diff: 0)
   Handedness: 1 vs 1 (diff: 0) | Years Pro: 0 vs 0 (diff: 0)
   Contract: 1,082,906 APY
✅ Matched: Jock Ziff -> Daniel Thomas (Jacksonville)
   Score: 100.0 | Rating: 66 vs 66 (diff: 0)
   Height: 70" vs 70" (diff: 0") | Weight: 215 vs 215 lbs (diff: 0)
   Handedness: 1 vs 1 (diff: 0) | Years Pro: 5 vs 5 (diff: 0)
   Contract: 2,000,000 APY
✅ Matched: Cornell Samuda -> Darren Hall (Arizona)
   Score: 100.0 | Rating: 66 vs 66 (diff: 0)
   Height: 72" vs 72" (diff: 0") | Weight: 190 vs 190 lbs (diff: 0)
   Handedness: 1 vs 1 (diff: 0) | Years Pro: 4 vs 4 (diff: 0)
   Contract: 1,100,000 APY
✅ Matched: Roynell Kapp -> Davis Allen (Los Angeles N)
   Score: 100.0 | Rating: 66 vs 66 (diff: 0)
   Height: 78" vs 78" (diff: 0") | Weight: 250 vs 250 lbs (diff: 0)
   Handedness: 1 vs 1 (diff: 0) | Years Pro: 2 vs 2 (diff: 0)
   Contract: 1,021,244 APY
✅ Matched: Chimdi Cumbie -> Dennis Houston (Tampa Bay)
   Score: 100.0 | Rating: 66 vs 66 (diff: 0)
   Height: 73" vs 73" (diff: 0") | Weight: 198 vs 198 lbs (diff: 0)
   Handedness: 1 vs 1 (diff: 0) | Years Pro: 3 vs 3 (diff: 0)
   Contract: 840,000 APY
✅ Matched: Bibbles Ulbrich -> Dillon Gabriel (Cleveland)
   Score: 100.0 | Rating: 66 vs 66 (diff: 0)
   Height: 72" vs 72" (diff: 0") | Weight: 205 vs 205 lbs (diff: 0)
   Handedness: 0 vs 0 (diff: 0) | Years Pro: 0 vs 0 (diff: 0)
   Contract: 1,556,581 APY
✅ Matched: Sergio Stepanovich -> Drew Lock (Seattle)
   Score: 100.0 | Rating: 66 vs 66 (diff: 0)
   Height: 76" vs 76" (diff: 0") | Weight: 228 vs 228 lbs (diff: 0)
   Handedness: 1 vs 1 (diff: 0) | Years Pro: 6 vs 6 (diff: 0)
   Contract: 2,500,000 APY
✅ Matched: Zuck Emerick -> Dwight McGlothern (Minnesota)
   Score: 100.0 | Rating: 66 vs 66 (diff: 0)
   Height: 74" vs 74" (diff: 0") | Weight: 185 vs 185 lbs (diff: 0)
   Handedness: 1 vs 1 (diff: 0) | Years Pro: 1 vs 1 (diff: 0)
   Contract: 946,667 APY
❌ No match: Ricardo Basrak (New York A) - Using defaults
⚠️  No contract: Pike Onkotz -> Earnest Brown IV (Dallas) - Using defaults
✅ Matched: Budge Babin -> Eli Pancol (Jacksonville)
   Score: 100.0 | Rating: 66 vs 66 (diff: 0)
   Height: 73" vs 73" (diff: 0") | Weight: 205 vs 205 lbs (diff: 0)
   Handedness: 1 vs 1 (diff: 0) | Years Pro: 0 vs 0 (diff: 0)
   Contract: 993,667 APY
⚠️  No contract: Everett Dillahunt -> Erick Hallett II (Detroit) - Using defaults
✅ Matched: Gill Bartlewski -> Esezi Otomewo (Pittsburgh)
   Score: 100.0 | Rating: 66 vs 66 (diff: 0)
   Height: 77" vs 77" (diff: 0") | Weight: 282 vs 282 lbs (diff: 0)
   Handedness: 1 vs 1 (diff: 0) | Years Pro: 3 vs 3 (diff: 0)
   Contract: 1,030,000 APY
✅ Matched: Amos Cowan -> Evan Hull (Pittsburgh)
   Score: 100.0 | Rating: 66 vs 66 (diff: 0)
   Height: 70" vs 70" (diff: 0") | Weight: 214 vs 214 lbs (diff: 0)
   Handedness: 1 vs 1 (diff: 0) | Years Pro: 2 vs 2 (diff: 0)
   Contract: 960,000 APY
❌ No match: Tedy Leisle (New York A) - Using defaults
✅ Matched: Anthony Ehrhardt -> Gage Larvadain (Cleveland)
   Score: 100.0 | Rating: 66 vs 66 (diff: 0)
   Height: 68" vs 68" (diff: 0") | Weight: 171 vs 171 lbs (diff: 0)
   Handedness: 1 vs 1 (diff: 0) | Years Pro: 0 vs 0 (diff: 0)
   Contract: 991,667 APY
✅ Matched: Dustin Planutis -> Hendon Hooker (Detroit)
   Score: 100.0 | Rating: 66 vs 66 (diff: 0)
   Height: 75" vs 75" (diff: 0") | Weight: 221 vs 221 lbs (diff: 0)
   Handedness: 1 vs 1 (diff: 0) | Years Pro: 2 vs 2 (diff: 0)
   Contract: 1,429,755 APY
✅ Matched: Mackenzy Barnum -> Hunter Nourzad (Kansas City)
   Score: 100.0 | Rating: 66 vs 66 (diff: 0)
   Height: 75" vs 75" (diff: 0") | Weight: 315 vs 315 lbs (diff: 0)
   Handedness: 1 vs 1 (diff: 0) | Years Pro: 1 vs 1 (diff: 0)
   Contract: 1,080,458 APY
✅ Matched: Shannon Pena -> Isaac Ukwu (Detroit)
   Score: 100.0 | Rating: 66 vs 66 (diff: 0)
   Height: 75" vs 75" (diff: 0") | Weight: 265 vs 265 lbs (diff: 0)
   Handedness: 1 vs 1 (diff: 0) | Years Pro: 1 vs 1 (diff: 0)
   Contract: 840,000 APY
✅ Matched: Antrel Gallaher -> Isaiah Dunn (Green Bay)
   Score: 100.0 | Rating: 66 vs 66 (diff: 0)
   Height: 72" vs 72" (diff: 0") | Weight: 193 vs 193 lbs (diff: 0)
   Handedness: 1 vs 1 (diff: 0) | Years Pro: 4 vs 4 (diff: 0)
   Contract: 1,030,000 APY
✅ Matched: Bap Riddell -> Isaiah Thomas (Cincinnati)
   Score: 100.0 | Rating: 66 vs 66 (diff: 0)
   Height: 77" vs 77" (diff: 0") | Weight: 266 vs 266 lbs (diff: 0)
   Handedness: 1 vs 1 (diff: 0) | Years Pro: 3 vs 3 (diff: 0)
   Contract: 972,500 APY
✅ Matched: Herkie Muir -> J.J. Taylor (Houston)
   Score: 100.0 | Rating: 66 vs 66 (diff: 0)
   Height: 66" vs 66" (diff: 0") | Weight: 185 vs 185 lbs (diff: 0)
   Handedness: 1 vs 1 (diff: 0) | Years Pro: 5 vs 5 (diff: 0)
   Contract: 1,100,000 APY
✅ Matched: Sabby Fieldings -> Ja'Tyre Carter (Carolina)
   Score: 100.0 | Rating: 66 vs 66 (diff: 0)
   Height: 75" vs 75" (diff: 0") | Weight: 311 vs 311 lbs (diff: 0)
   Handedness: 1 vs 1 (diff: 0) | Years Pro: 3 vs 3 (diff: 0)
   Contract: 1,030,000 APY
✅ Matched: Corey Cassel -> Jacolby George (Carolina)
   Score: 100.0 | Rating: 66 vs 66 (diff: 0)
   Height: 71" vs 71" (diff: 0") | Weight: 174 vs 174 lbs (diff: 0)
   Handedness: 1 vs 1 (diff: 0) | Years Pro: 0 vs 0 (diff: 0)
   Contract: 990,833 APY
✅ Matched: Demingo Bowden -> Jake Andrews (Houston)
   Score: 100.0 | Rating: 66 vs 66 (diff: 0)
   Height: 75" vs 75" (diff: 0") | Weight: 305 vs 305 lbs (diff: 0)
   Handedness: 1 vs 1 (diff: 0) | Years Pro: 2 vs 2 (diff: 0)
   Contract: 1,162,086 APY
✅ Matched: Terence Kerbow -> Jalyn Armour-Davis (Baltimore)
   Score: 100.0 | Rating: 66 vs 66 (diff: 0)
   Height: 73" vs 73" (diff: 0") | Weight: 195 vs 195 lbs (diff: 0)
   Handedness: 1 vs 1 (diff: 0) | Years Pro: 3 vs 3 (diff: 0)
   Contract: 1,105,082 APY
✅ Matched: Keever Moulds -> Jamal Hill (Houston)
   Score: 100.0 | Rating: 66 vs 66 (diff: 0)
   Height: 72" vs 72" (diff: 0") | Weight: 226 vs 226 lbs (diff: 0)
   Handedness: 1 vs 1 (diff: 0) | Years Pro: 1 vs 1 (diff: 0)
   Contract: 1,052,348 APY
✅ Matched: Haloti Beason -> Janarius Robinson (Kansas City)
   Score: 100.0 | Rating: 66 vs 66 (diff: 0)
   Height: 77" vs 77" (diff: 0") | Weight: 260 vs 260 lbs (diff: 0)
   Handedness: 1 vs 1 (diff: 0) | Years Pro: 4 vs 4 (diff: 0)
   Contract: 1,100,000 APY
❌ No match: De'Mond Atessis (New York A) - Using defaults
✅ Matched: Reese Zimmerman -> Jashaun Corbin (Atlanta)
   Score: 100.0 | Rating: 66 vs 66 (diff: 0)
   Height: 72" vs 72" (diff: 0") | Weight: 221 vs 221 lbs (diff: 0)
   Handedness: 1 vs 1 (diff: 0) | Years Pro: 3 vs 3 (diff: 0)
   Contract: 960,000 APY
✅ Matched: Faye Schouman -> Javontae Jean-Baptiste (Washington)
   Score: 100.0 | Rating: 66 vs 66 (diff: 0)
   Height: 77" vs 77" (diff: 0") | Weight: 260 vs 260 lbs (diff: 0)
   Handedness: 1 vs 1 (diff: 0) | Years Pro: 1 vs 1 (diff: 0)
   Contract: 1,035,297 APY
✅ Matched: Boomer Tigges -> Jaylen Key (Cincinnati)
   Score: 100.0 | Rating: 66 vs 66 (diff: 0)
   Height: 74" vs 74" (diff: 0") | Weight: 210 vs 210 lbs (diff: 0)
   Handedness: 1 vs 1 (diff: 0) | Years Pro: 1 vs 1 (diff: 0)
   Contract: 840,000 APY
✅ Matched: Dud Blaise -> JL Skinner (Denver)
   Score: 100.0 | Rating: 66 vs 66 (diff: 0)
   Height: 76" vs 76" (diff: 0") | Weight: 220 vs 220 lbs (diff: 0)
   Handedness: 1 vs 1 (diff: 0) | Years Pro: 2 vs 2 (diff: 0)
   Contract: 1,009,055 APY
✅ Matched: Staley Swilley -> Joe Bachie (Indianapolis)
   Score: 100.0 | Rating: 66 vs 66 (diff: 0)
   Height: 73" vs 73" (diff: 0") | Weight: 235 vs 235 lbs (diff: 0)
   Handedness: 1 vs 1 (diff: 0) | Years Pro: 5 vs 5 (diff: 0)
   Contract: 1,170,000 APY
✅ Matched: Winnie Karlis -> John Bates (Washington)
   Score: 100.0 | Rating: 66 vs 66 (diff: 0)
   Height: 78" vs 78" (diff: 0") | Weight: 259 vs 259 lbs (diff: 0)
   Handedness: 1 vs 1 (diff: 0) | Years Pro: 4 vs 4 (diff: 0)
   Contract: 7,000,000 APY
⚠️  No contract: Booth Paschal -> John Ridgeway III (New Orleans) - Using defaults
✅ Matched: Rickie Pennington -> Jon Gaines II (Arizona)
   Score: 100.0 | Rating: 66 vs 66 (diff: 0)
   Height: 76" vs 76" (diff: 0") | Weight: 303 vs 303 lbs (diff: 0)
   Handedness: 1 vs 1 (diff: 0) | Years Pro: 2 vs 2 (diff: 0)
   Contract: 1,143,060 APY
✅ Matched: Latin Cosner -> Jonathan Harris (Minnesota)
   Score: 100.0 | Rating: 66 vs 66 (diff: 0)
   Height: 77" vs 77" (diff: 0") | Weight: 295 vs 295 lbs (diff: 0)
   Handedness: 1 vs 1 (diff: 0) | Years Pro: 6 vs 6 (diff: 0)
   Contract: 1,170,000 APY
✅ Matched: Tawambi Hergert -> Jonathan Garvin (San Francisco)
   Score: 100.0 | Rating: 66 vs 66 (diff: 0)
   Height: 76" vs 76" (diff: 0") | Weight: 257 vs 257 lbs (diff: 0)
   Handedness: 1 vs 1 (diff: 0) | Years Pro: 5 vs 5 (diff: 0)
   Contract: 1,100,000 APY
✅ Matched: Adimchinobe Mostardi -> Josh Jobe (Seattle)
   Score: 100.0 | Rating: 66 vs 66 (diff: 0)
   Height: 71" vs 71" (diff: 0") | Weight: 190 vs 190 lbs (diff: 0)
   Handedness: 1 vs 1 (diff: 0) | Years Pro: 3 vs 3 (diff: 0)
   Contract: 2,000,000 APY
✅ Matched: Edd Salscheider -> Josh Wallace (Los Angeles N)
   Score: 100.0 | Rating: 66 vs 66 (diff: 0)
   Height: 71" vs 71" (diff: 0") | Weight: 189 vs 189 lbs (diff: 0)
   Handedness: 1 vs 1 (diff: 0) | Years Pro: 1 vs 1 (diff: 0)
   Contract: 963,333 APY
✅ Matched: Stu Epperson -> Juanyeh Thomas (Dallas)
   Score: 100.0 | Rating: 66 vs 66 (diff: 0)
   Height: 75" vs 75" (diff: 0") | Weight: 217 vs 217 lbs (diff: 0)
   Handedness: 1 vs 1 (diff: 0) | Years Pro: 3 vs 3 (diff: 0)
   Contract: 1,030,000 APY
✅ Matched: Kwame O'Hara -> Kaden Prather (Buffalo)
   Score: 100.0 | Rating: 66 vs 66 (diff: 0)
   Height: 76" vs 76" (diff: 0") | Weight: 204 vs 204 lbs (diff: 0)
   Handedness: 1 vs 1 (diff: 0) | Years Pro: 0 vs 0 (diff: 0)
   Contract: 1,077,592 APY
✅ Matched: O'Brien Laughton -> Kaevon Merriweather (Tampa Bay)
   Score: 100.0 | Rating: 66 vs 66 (diff: 0)
   Height: 72" vs 72" (diff: 0") | Weight: 207 vs 207 lbs (diff: 0)
   Handedness: 1 vs 1 (diff: 0) | Years Pro: 2 vs 2 (diff: 0)
   Contract: 1,030,000 APY
✅ Matched: Blaise Magnusson -> Kain Medrano (Washington)
   Score: 100.0 | Rating: 66 vs 66 (diff: 0)
   Height: 75" vs 75" (diff: 0") | Weight: 222 vs 222 lbs (diff: 0)
   Handedness: 1 vs 1 (diff: 0) | Years Pro: 0 vs 0 (diff: 0)
   Contract: 1,102,086 APY
✅ Matched: Hayden Kingery -> Keith Kirkwood (Baltimore)
   Score: 100.0 | Rating: 66 vs 66 (diff: 0)
   Height: 75" vs 75" (diff: 0") | Weight: 210 vs 210 lbs (diff: 0)
   Handedness: 1 vs 1 (diff: 0) | Years Pro: 7 vs 7 (diff: 0)
   Contract: 1,170,000 APY
✅ Matched: Donovan Trotter -> Kevon Seymour (Washington)
   Score: 100.0 | Rating: 66 vs 66 (diff: 0)
   Height: 72" vs 72" (diff: 0") | Weight: 188 vs 188 lbs (diff: 0)
   Handedness: 1 vs 1 (diff: 0) | Years Pro: 8 vs 8 (diff: 0)
   Contract: 1,170,000 APY
✅ Matched: Omensky Prude -> Kitan Crawford (Arizona)
   Score: 100.0 | Rating: 66 vs 66 (diff: 0)
   Height: 71" vs 71" (diff: 0") | Weight: 202 vs 202 lbs (diff: 0)
   Handedness: 1 vs 1 (diff: 0) | Years Pro: 0 vs 0 (diff: 0)
   Contract: 1,084,473 APY
✅ Matched: Laurent Blanton -> Kyle McCord (Philadelphia)
   Score: 100.0 | Rating: 66 vs 66 (diff: 0)
   Height: 75" vs 75" (diff: 0") | Weight: 220 vs 220 lbs (diff: 0)
   Handedness: 1 vs 1 (diff: 0) | Years Pro: 0 vs 0 (diff: 0)
   Contract: 1,115,308 APY
✅ Matched: Noe Shavers -> Kyonte Hamilton (Houston)
   Score: 100.0 | Rating: 66 vs 66 (diff: 0)
   Height: 75" vs 75" (diff: 0") | Weight: 305 vs 305 lbs (diff: 0)
   Handedness: 1 vs 1 (diff: 0) | Years Pro: 0 vs 0 (diff: 0)
   Contract: 1,084,582 APY
✅ Matched: Arian Nealy -> Larry Borom (Miami)
   Score: 100.0 | Rating: 66 vs 66 (diff: 0)
   Height: 77" vs 77" (diff: 0") | Weight: 333 vs 333 lbs (diff: 0)
   Handedness: 1 vs 1 (diff: 0) | Years Pro: 4 vs 4 (diff: 0)
   Contract: 2,500,000 APY
✅ Matched: Jovon Alcorn -> Lucas Niang (Washington)
   Score: 100.0 | Rating: 66 vs 66 (diff: 0)
   Height: 78" vs 78" (diff: 0") | Weight: 315 vs 315 lbs (diff: 0)
   Handedness: 1 vs 1 (diff: 0) | Years Pro: 5 vs 5 (diff: 0)
   Contract: 1,100,000 APY
✅ Matched: Mustafah Tausch -> Luke Newman (Chicago)
   Score: 100.0 | Rating: 66 vs 66 (diff: 0)
   Height: 76" vs 76" (diff: 0") | Weight: 308 vs 308 lbs (diff: 0)
   Handedness: 1 vs 1 (diff: 0) | Years Pro: 0 vs 0 (diff: 0)
   Contract: 1,107,515 APY
✅ Matched: Emilio Hargrove -> Luke Gifford (San Francisco)
   Score: 100.0 | Rating: 66 vs 66 (diff: 0)
   Height: 75" vs 75" (diff: 0") | Weight: 243 vs 243 lbs (diff: 0)
   Handedness: 1 vs 1 (diff: 0) | Years Pro: 6 vs 6 (diff: 0)
   Contract: 1,800,000 APY
✅ Matched: Ruffin Pupunu -> Luke Wypler (Cleveland)
   Score: 100.0 | Rating: 66 vs 66 (diff: 0)
   Height: 75" vs 75" (diff: 0") | Weight: 303 vs 303 lbs (diff: 0)
   Handedness: 1 vs 1 (diff: 0) | Years Pro: 2 vs 2 (diff: 0)
   Contract: 1,004,993 APY
✅ Matched: Rashied Risien -> Malik Heath (Green Bay)
   Score: 100.0 | Rating: 66 vs 66 (diff: 0)
   Height: 74" vs 74" (diff: 0") | Weight: 215 vs 215 lbs (diff: 0)
   Handedness: 1 vs 1 (diff: 0) | Years Pro: 2 vs 2 (diff: 0)
   Contract: 901,333 APY
⚠️  No contract: Corvey Fontenot -> Marcellas Dial Jr (New England) - Using defaults
❌ No match: Dameyune Spear (New York N) - Using defaults
✅ Matched: Mark Twedell -> Mason Tipton (New Orleans)
   Score: 100.0 | Rating: 66 vs 66 (diff: 0)
   Height: 70" vs 70" (diff: 0") | Weight: 182 vs 182 lbs (diff: 0)
   Handedness: 1 vs 1 (diff: 0) | Years Pro: 1 vs 1 (diff: 0)
   Contract: 946,667 APY
✅ Matched: Bubby Zaninelli -> Max Scharping (Pittsburgh)
   Score: 100.0 | Rating: 66 vs 66 (diff: 0)
   Height: 78" vs 78" (diff: 0") | Weight: 325 vs 325 lbs (diff: 0)
   Handedness: 1 vs 1 (diff: 0) | Years Pro: 6 vs 6 (diff: 0)
   Contract: 1,337,500 APY
✅ Matched: Seth Noppenberg -> McTelvin Agim (Cincinnati)
   Score: 100.0 | Rating: 66 vs 66 (diff: 0)
   Height: 75" vs 75" (diff: 0") | Weight: 300 vs 300 lbs (diff: 0)
   Handedness: 1 vs 1 (diff: 0) | Years Pro: 5 vs 5 (diff: 0)
   Contract: 1,030,000 APY
✅ Matched: Wymon Fears -> Michael Deiter (Washington)
   Score: 100.0 | Rating: 66 vs 66 (diff: 0)
   Height: 78" vs 78" (diff: 0") | Weight: 315 vs 315 lbs (diff: 0)
   Handedness: 1 vs 1 (diff: 0) | Years Pro: 6 vs 6 (diff: 0)
   Contract: 1,337,500 APY
⚠️  No contract: Bracy Randall -> Mike Strachan (Washington) - Using defaults
✅ Matched: Lonnie Troupe -> Morgan Cox (Tennessee)
   Score: 100.0 | Rating: 66 vs 66 (diff: 0)
   Height: 76" vs 76" (diff: 0") | Weight: 233 vs 233 lbs (diff: 0)
   Handedness: 1 vs 1 (diff: 0) | Years Pro: 16 vs 16 (diff: 0)
   Contract: 1,422,500 APY
⚠️  No contract: Gump Stitser -> Myles Price (Minnesota) - Using defaults
✅ Matched: Sheepy Martinovich -> Nahshon Wright (Chicago)
   Score: 100.0 | Rating: 66 vs 66 (diff: 0)
   Height: 76" vs 76" (diff: 0") | Weight: 185 vs 185 lbs (diff: 0)
   Handedness: 1 vs 1 (diff: 0) | Years Pro: 4 vs 4 (diff: 0)
   Contract: 1,100,000 APY
✅ Matched: Burnie Vance -> Nathan Thomas (Dallas)
   Score: 100.0 | Rating: 66 vs 66 (diff: 0)
   Height: 77" vs 77" (diff: 0") | Weight: 332 vs 332 lbs (diff: 0)
   Handedness: 1 vs 1 (diff: 0) | Years Pro: 1 vs 1 (diff: 0)
   Contract: 1,031,493 APY
✅ Matched: Central Swinton -> Nick Gargiulo (Denver)
   Score: 100.0 | Rating: 66 vs 66 (diff: 0)
   Height: 77" vs 77" (diff: 0") | Weight: 310 vs 310 lbs (diff: 0)
   Handedness: 1 vs 1 (diff: 0) | Years Pro: 1 vs 1 (diff: 0)
   Contract: 1,046,500 APY
✅ Matched: Verne Mccloskey -> Nick Niemann (Houston)
   Score: 100.0 | Rating: 66 vs 66 (diff: 0)
   Height: 75" vs 75" (diff: 0") | Weight: 244 vs 244 lbs (diff: 0)
   Handedness: 1 vs 1 (diff: 0) | Years Pro: 4 vs 4 (diff: 0)
   Contract: 3,000,000 APY
✅ Matched: Topper Ghiaciuc -> Noah Sewell (Chicago)
   Score: 100.0 | Rating: 66 vs 66 (diff: 0)
   Height: 74" vs 74" (diff: 0") | Weight: 253 vs 253 lbs (diff: 0)
   Handedness: 1 vs 1 (diff: 0) | Years Pro: 2 vs 2 (diff: 0)
   Contract: 1,041,237 APY
⚠️  No contract: Domenik Tullis -> Otis Reese IV (Tennessee) - Using defaults
✅ Matched: Dennit Zehrer -> Patrick Johnson (Philadelphia)
   Score: 100.0 | Rating: 66 vs 66 (diff: 0)
   Height: 74" vs 74" (diff: 0") | Weight: 248 vs 248 lbs (diff: 0)
   Handedness: 1 vs 1 (diff: 0) | Years Pro: 4 vs 4 (diff: 0)
   Contract: 1,275,000 APY
✅ Matched: Haruki Patton -> Rayuan Lane III (Jacksonville)
   Score: 100.0 | Rating: 66 vs 66 (diff: 0)
   Height: 71" vs 71" (diff: 0") | Weight: 201 vs 201 lbs (diff: 0)
   Handedness: 1 vs 1 (diff: 0) | Years Pro: 0 vs 0 (diff: 0)
   Contract: 1,105,544 APY
✅ Matched: Creig Merillat -> Rico Payton (New Orleans)
   Score: 100.0 | Rating: 66 vs 66 (diff: 0)
   Height: 71" vs 71" (diff: 0") | Weight: 182 vs 182 lbs (diff: 0)
   Handedness: 1 vs 1 (diff: 0) | Years Pro: 1 vs 1 (diff: 0)
   Contract: 948,333 APY
✅ Matched: Donnie Zachary -> Robbie Ouzts (Seattle)
   Score: 100.0 | Rating: 66 vs 66 (diff: 0)
   Height: 76" vs 76" (diff: 0") | Weight: 274 vs 274 lbs (diff: 0)
   Handedness: 1 vs 1 (diff: 0) | Years Pro: 0 vs 0 (diff: 0)
   Contract: 1,130,054 APY
✅ Matched: Selwyn Swinney -> Ryan Miller (Tampa Bay)
   Score: 100.0 | Rating: 66 vs 66 (diff: 0)
   Height: 73" vs 73" (diff: 0") | Weight: 221 vs 221 lbs (diff: 0)
   Handedness: 1 vs 1 (diff: 0) | Years Pro: 2 vs 2 (diff: 0)
   Contract: 795,000 APY
✅ Matched: Sam Edds -> Sam Roberts (Carolina)
   Score: 100.0 | Rating: 66 vs 66 (diff: 0)
   Height: 77" vs 77" (diff: 0") | Weight: 295 vs 295 lbs (diff: 0)
   Handedness: 1 vs 1 (diff: 0) | Years Pro: 3 vs 3 (diff: 0)
   Contract: 1,042,500 APY
✅ Matched: Weldon Wooten -> Sam Webb (Las Vegas)
   Score: 100.0 | Rating: 66 vs 66 (diff: 0)
   Height: 72" vs 72" (diff: 0") | Weight: 202 vs 202 lbs (diff: 0)
   Handedness: 1 vs 1 (diff: 0) | Years Pro: 3 vs 3 (diff: 0)
   Contract: 985,000 APY
✅ Matched: Karl Smolinski -> Sanoussi Kane (Baltimore)
   Score: 100.0 | Rating: 66 vs 66 (diff: 0)
   Height: 71" vs 71" (diff: 0") | Weight: 207 vs 207 lbs (diff: 0)
   Handedness: 1 vs 1 (diff: 0) | Years Pro: 1 vs 1 (diff: 0)
   Contract: 1,025,733 APY
✅ Matched: Captain Burnell -> Sataoa Laumea (Seattle)
   Score: 100.0 | Rating: 66 vs 66 (diff: 0)
   Height: 76" vs 76" (diff: 0") | Weight: 311 vs 311 lbs (diff: 0)
   Handedness: 1 vs 1 (diff: 0) | Years Pro: 1 vs 1 (diff: 0)
   Contract: 1,059,129 APY
✅ Matched: Shiloh Nissley -> Sean Tucker (Tampa Bay)
   Score: 100.0 | Rating: 66 vs 66 (diff: 0)
   Height: 70" vs 70" (diff: 0") | Weight: 210 vs 210 lbs (diff: 0)
   Handedness: 1 vs 1 (diff: 0) | Years Pro: 2 vs 2 (diff: 0)
   Contract: 898,333 APY
✅ Matched: Lenzie Shell -> Sedrick Van Pran-Granger (Buffalo)
   Score: 100.0 | Rating: 66 vs 66 (diff: 0)
   Height: 76" vs 76" (diff: 0") | Weight: 310 vs 310 lbs (diff: 0)
   Handedness: 1 vs 1 (diff: 0) | Years Pro: 1 vs 1 (diff: 0)
   Contract: 1,093,813 APY
✅ Matched: Jairo Prisby -> Segun Olubi (Indianapolis)
   Score: 100.0 | Rating: 66 vs 66 (diff: 0)
   Height: 72" vs 72" (diff: 0") | Weight: 225 vs 225 lbs (diff: 0)
   Handedness: 1 vs 1 (diff: 0) | Years Pro: 3 vs 3 (diff: 0)
   Contract: 1,030,000 APY
✅ Matched: Dean Corsetti -> Shane Zylstra (Detroit)
   Score: 100.0 | Rating: 66 vs 66 (diff: 0)
   Height: 77" vs 77" (diff: 0") | Weight: 215 vs 215 lbs (diff: 0)
   Handedness: 1 vs 1 (diff: 0) | Years Pro: 4 vs 4 (diff: 0)
   Contract: 1,100,000 APY
✅ Matched: Eli Boeke -> Shemar James (Dallas)
   Score: 100.0 | Rating: 66 vs 66 (diff: 0)
   Height: 74" vs 74" (diff: 0") | Weight: 222 vs 222 lbs (diff: 0)
   Handedness: 1 vs 1 (diff: 0) | Years Pro: 0 vs 0 (diff: 0)
   Contract: 1,155,859 APY
✅ Matched: Jamey Diettrich -> Siran Neal (San Francisco)
   Score: 100.0 | Rating: 66 vs 66 (diff: 0)
   Height: 72" vs 72" (diff: 0") | Weight: 206 vs 206 lbs (diff: 0)
   Handedness: 1 vs 1 (diff: 0) | Years Pro: 7 vs 7 (diff: 0)
   Contract: 2,000,000 APY
⚠️  No contract: Nip Winkler -> Sua Opeta (Tampa Bay) - Using defaults
✅ Matched: Merle Meuth -> Tanner Hudson (Cincinnati)
   Score: 100.0 | Rating: 66 vs 66 (diff: 0)
   Height: 77" vs 77" (diff: 0") | Weight: 239 vs 239 lbs (diff: 0)
   Handedness: 1 vs 1 (diff: 0) | Years Pro: 7 vs 7 (diff: 0)
   Contract: 1,255,000 APY
✅ Matched: Deonte Macphee -> Taylor Heinicke (Los Angeles A)
   Score: 100.0 | Rating: 66 vs 66 (diff: 0)
   Height: 73" vs 73" (diff: 0") | Weight: 210 vs 210 lbs (diff: 0)
   Handedness: 1 vs 1 (diff: 0) | Years Pro: 10 vs 10 (diff: 0)
   Contract: 2,500,000 APY
✅ Matched: Maugaula Sortet -> Tejhaun Palmer (Arizona)
   Score: 100.0 | Rating: 66 vs 66 (diff: 0)
   Height: 74" vs 74" (diff: 0") | Weight: 210 vs 210 lbs (diff: 0)
   Handedness: 1 vs 1 (diff: 0) | Years Pro: 1 vs 1 (diff: 0)
   Contract: 840,000 APY
✅ Matched: Dane Stroud -> Thomas Incoom (Carolina)
   Score: 100.0 | Rating: 66 vs 66 (diff: 0)
   Height: 74" vs 74" (diff: 0") | Weight: 265 vs 265 lbs (diff: 0)
   Handedness: 1 vs 1 (diff: 0) | Years Pro: 2 vs 2 (diff: 0)
   Contract: 1,030,000 APY
✅ Matched: Deion Kearse -> Trevor Keegan (Philadelphia)
   Score: 100.0 | Rating: 66 vs 66 (diff: 0)
   Height: 78" vs 78" (diff: 0") | Weight: 305 vs 305 lbs (diff: 0)
   Handedness: 1 vs 1 (diff: 0) | Years Pro: 1 vs 1 (diff: 0)
   Contract: 1,068,569 APY
✅ Matched: Shayne Jeffers -> Tyler Ott (Washington)
   Score: 100.0 | Rating: 66 vs 66 (diff: 0)
   Height: 75" vs 75" (diff: 0") | Weight: 253 vs 253 lbs (diff: 0)
   Handedness: 1 vs 1 (diff: 0) | Years Pro: 10 vs 10 (diff: 0)
   Contract: 1,463,333 APY
✅ Matched: Augie Zoia -> Tyrion Ingram-Dawkins (Minnesota)
   Score: 100.0 | Rating: 66 vs 66 (diff: 0)
   Height: 77" vs 77" (diff: 0") | Weight: 276 vs 276 lbs (diff: 0)
   Handedness: 1 vs 1 (diff: 0) | Years Pro: 0 vs 0 (diff: 0)
   Contract: 1,169,344 APY
✅ Matched: Johnson Jamieson -> Warren Brinson (Green Bay)
   Score: 100.0 | Rating: 66 vs 66 (diff: 0)
   Height: 77" vs 77" (diff: 0") | Weight: 315 vs 315 lbs (diff: 0)
   Handedness: 1 vs 1 (diff: 0) | Years Pro: 0 vs 0 (diff: 0)
   Contract: 1,106,596 APY
✅ Matched: Rink Willhite -> Xavier Weaver (Arizona)
   Score: 100.0 | Rating: 66 vs 66 (diff: 0)
   Height: 72" vs 72" (diff: 0") | Weight: 180 vs 180 lbs (diff: 0)
   Handedness: 1 vs 1 (diff: 0) | Years Pro: 1 vs 1 (diff: 0)
   Contract: 953,333 APY
✅ Matched: Demarco Wolter -> Zayne Anderson (Green Bay)
   Score: 100.0 | Rating: 66 vs 66 (diff: 0)
   Height: 74" vs 74" (diff: 0") | Weight: 206 vs 206 lbs (diff: 0)
   Handedness: 1 vs 1 (diff: 0) | Years Pro: 4 vs 4 (diff: 0)
   Contract: 1,170,000 APY
✅ Matched: Carmen Douthard -> Ajani Cornelius (Dallas)
   Score: 100.0 | Rating: 65 vs 65 (diff: 0)
   Height: 77" vs 77" (diff: 0") | Weight: 312 vs 312 lbs (diff: 0)
   Handedness: 1 vs 1 (diff: 0) | Years Pro: 0 vs 0 (diff: 0)
   Contract: 1,103,494 APY
✅ Matched: Andy Zamberlin -> Andre Carter II (Las Vegas)
   Score: 100.0 | Rating: 65 vs 65 (diff: 0)
   Height: 78" vs 78" (diff: 0") | Weight: 256 vs 256 lbs (diff: 0)
   Handedness: 1 vs 1 (diff: 0) | Years Pro: 2 vs 2 (diff: 0)
   Contract: 972,500 APY
❌ No match: Merwin Borchardt (New York N) - Using defaults
✅ Matched: Terreal Richard -> Asim Richards (Dallas)
   Score: 100.0 | Rating: 65 vs 65 (diff: 0)
   Height: 76" vs 76" (diff: 0") | Weight: 307 vs 307 lbs (diff: 0)
   Handedness: 1 vs 1 (diff: 0) | Years Pro: 2 vs 2 (diff: 0)
   Contract: 1,021,244 APY
✅ Matched: Harp Graybill -> Austin Brinkman (Houston)
   Score: 100.0 | Rating: 65 vs 65 (diff: 0)
   Height: 75" vs 75" (diff: 0") | Weight: 242 vs 242 lbs (diff: 0)
   Handedness: 1 vs 1 (diff: 0) | Years Pro: 0 vs 0 (diff: 0)
   Contract: 991,667 APY
✅ Matched: Waymond Mccrary -> Blake Freeland (Indianapolis)
   Score: 100.0 | Rating: 65 vs 65 (diff: 0)
   Height: 80" vs 80" (diff: 0") | Weight: 302 vs 302 lbs (diff: 0)
   Handedness: 1 vs 1 (diff: 0) | Years Pro: 2 vs 2 (diff: 0)
   Contract: 1,163,970 APY
✅ Matched: Clure Traynham -> Bo Melton (Green Bay)
   Score: 100.0 | Rating: 65 vs 65 (diff: 0)
   Height: 71" vs 71" (diff: 0") | Weight: 189 vs 189 lbs (diff: 0)
   Handedness: 1 vs 1 (diff: 0) | Years Pro: 3 vs 3 (diff: 0)
   Contract: 1,030,000 APY
✅ Matched: Jap Arbanas -> Brandon Codrington (Buffalo)
   Score: 100.0 | Rating: 65 vs 65 (diff: 0)
   Height: 68" vs 68" (diff: 0") | Weight: 176 vs 176 lbs (diff: 0)
   Handedness: 1 vs 1 (diff: 0) | Years Pro: 1 vs 1 (diff: 0)
   Contract: 943,333 APY
✅ Matched: Chalmers Goodburn -> Brandon Johnson (Pittsburgh)
   Score: 100.0 | Rating: 65 vs 65 (diff: 0)
   Height: 74" vs 74" (diff: 0") | Weight: 195 vs 195 lbs (diff: 0)
   Handedness: 1 vs 1 (diff: 0) | Years Pro: 3 vs 3 (diff: 0)
   Contract: 1,100,000 APY
✅ Matched: Jeroy Bertelsen -> Branson Taylor (Los Angeles A)
   Score: 100.0 | Rating: 65 vs 65 (diff: 0)
   Height: 78" vs 78" (diff: 0") | Weight: 275 vs 275 lbs (diff: 0)
   Handedness: 1 vs 1 (diff: 0) | Years Pro: 0 vs 0 (diff: 0)
   Contract: 1,106,303 APY
✅ Matched: Lenoy Oliker -> Britain Covey (Los Angeles N)
   Score: 100.0 | Rating: 65 vs 65 (diff: 0)
   Height: 68" vs 68" (diff: 0") | Weight: 173 vs 173 lbs (diff: 0)
   Handedness: 1 vs 1 (diff: 0) | Years Pro: 3 vs 3 (diff: 0)
   Contract: 1,100,000 APY
✅ Matched: Torrance Mattioli -> Brodric Martin (Detroit)
   Score: 100.0 | Rating: 65 vs 65 (diff: 0)
   Height: 77" vs 77" (diff: 0") | Weight: 330 vs 330 lbs (diff: 0)
   Handedness: 1 vs 1 (diff: 0) | Years Pro: 2 vs 2 (diff: 0)
   Contract: 1,326,022 APY
✅ Matched: Tashard Fenner -> Bryce Oliver (Tennessee)
   Score: 100.0 | Rating: 65 vs 65 (diff: 0)
   Height: 73" vs 73" (diff: 0") | Weight: 214 vs 214 lbs (diff: 0)
   Handedness: 1 vs 1 (diff: 0) | Years Pro: 1 vs 1 (diff: 0)
   Contract: 795,000 APY
✅ Matched: Syndric Risley -> Cameron Latu (Philadelphia)
   Score: 100.0 | Rating: 65 vs 65 (diff: 0)
   Height: 77" vs 77" (diff: 0") | Weight: 244 vs 244 lbs (diff: 0)
   Handedness: 1 vs 1 (diff: 0) | Years Pro: 2 vs 2 (diff: 0)
   Contract: 840,000 APY
✅ Matched: Hook Landrigan -> Charles Woods (Los Angeles N)
   Score: 100.0 | Rating: 65 vs 65 (diff: 0)
   Height: 71" vs 71" (diff: 0") | Weight: 185 vs 185 lbs (diff: 0)
   Handedness: 1 vs 1 (diff: 0) | Years Pro: 1 vs 1 (diff: 0)
   Contract: 960,000 APY
✅ Matched: Secdrick Bartos -> Charlie Woerner (Atlanta)
   Score: 100.0 | Rating: 65 vs 65 (diff: 0)
   Height: 77" vs 77" (diff: 0") | Weight: 241 vs 241 lbs (diff: 0)
   Handedness: 1 vs 1 (diff: 0) | Years Pro: 5 vs 5 (diff: 0)
   Contract: 4,000,000 APY
✅ Matched: Knox Ryans -> Chase Lucas (San Francisco)
   Score: 100.0 | Rating: 65 vs 65 (diff: 0)
   Height: 72" vs 72" (diff: 0") | Weight: 176 vs 176 lbs (diff: 0)
   Handedness: 1 vs 1 (diff: 0) | Years Pro: 3 vs 3 (diff: 0)
   Contract: 1,030,000 APY
✅ Matched: Marquez Muster -> Chase Lundt (Buffalo)
   Score: 100.0 | Rating: 65 vs 65 (diff: 0)
   Height: 80" vs 80" (diff: 0") | Weight: 303 vs 303 lbs (diff: 0)
   Handedness: 1 vs 1 (diff: 0) | Years Pro: 0 vs 0 (diff: 0)
   Contract: 1,101,231 APY
✅ Matched: Demetric Boley -> Chigozie Anusiem (Cleveland)
   Score: 100.0 | Rating: 65 vs 65 (diff: 0)
   Height: 73" vs 73" (diff: 0") | Weight: 200 vs 200 lbs (diff: 0)
   Handedness: 1 vs 1 (diff: 0) | Years Pro: 1 vs 1 (diff: 0)
   Contract: 795,000 APY
❌ No match: Murray Crouse (New York N) - Using defaults
✅ Matched: Noel Peacock -> Christian Braswell (Jacksonville)
   Score: 100.0 | Rating: 65 vs 65 (diff: 0)
   Height: 70" vs 70" (diff: 0") | Weight: 181 vs 181 lbs (diff: 0)
   Handedness: 1 vs 1 (diff: 0) | Years Pro: 2 vs 2 (diff: 0)
   Contract: 1,030,000 APY
✅ Matched: Jacoby Readon -> Dalton Tucker (Indianapolis)
   Score: 100.0 | Rating: 65 vs 65 (diff: 0)
   Height: 78" vs 78" (diff: 0") | Weight: 307 vs 307 lbs (diff: 0)
   Handedness: 1 vs 1 (diff: 0) | Years Pro: 1 vs 1 (diff: 0)
   Contract: 956,667 APY
✅ Matched: D'Anthony Erehart -> Danny Pinter (Indianapolis)
   Score: 100.0 | Rating: 65 vs 65 (diff: 0)
   Height: 76" vs 76" (diff: 0") | Weight: 306 vs 306 lbs (diff: 0)
   Handedness: 1 vs 1 (diff: 0) | Years Pro: 5 vs 5 (diff: 0)
   Contract: 1,667,500 APY
✅ Matched: Chavis Jarostchuk -> Dareke Young (Seattle)
   Score: 100.0 | Rating: 65 vs 65 (diff: 0)
   Height: 74" vs 74" (diff: 0") | Weight: 224 vs 224 lbs (diff: 0)
   Handedness: 1 vs 1 (diff: 0) | Years Pro: 3 vs 3 (diff: 0)
   Contract: 940,275 APY
⚠️  No contract: Karim Reinfeldt -> David Sills V (Atlanta) - Using defaults
✅ Matched: Sloan Landrum -> Davis Mills (Houston)
   Score: 100.0 | Rating: 65 vs 65 (diff: 0)
   Height: 76" vs 76" (diff: 0") | Weight: 225 vs 225 lbs (diff: 0)
   Handedness: 1 vs 1 (diff: 0) | Years Pro: 4 vs 4 (diff: 0)
   Contract: 5,000,000 APY
❌ No match: Montae Heenan (New York N) - Using defaults
✅ Matched: Ainsley Bahan -> Del'Shawn Phillips (Los Angeles A)
   Score: 100.0 | Rating: 65 vs 65 (diff: 0)
   Height: 74" vs 74" (diff: 0") | Weight: 230 vs 230 lbs (diff: 0)
   Handedness: 1 vs 1 (diff: 0) | Years Pro: 6 vs 6 (diff: 0)
   Contract: 2,000,000 APY
✅ Matched: Ozzie Jancik -> Delarrin Turner-Yell (Denver)
   Score: 100.0 | Rating: 65 vs 65 (diff: 0)
   Height: 71" vs 71" (diff: 0") | Weight: 200 vs 200 lbs (diff: 0)
   Handedness: 1 vs 1 (diff: 0) | Years Pro: 3 vs 3 (diff: 0)
   Contract: 998,264 APY
✅ Matched: Wyatt Buie -> Demani Richardson (Carolina)
   Score: 100.0 | Rating: 65 vs 65 (diff: 0)
   Height: 73" vs 73" (diff: 0") | Weight: 214 vs 214 lbs (diff: 0)
   Handedness: 1 vs 1 (diff: 0) | Years Pro: 1 vs 1 (diff: 0)
   Contract: 795,000 APY
✅ Matched: Clem Paulescu -> DeMarvin Leal (Pittsburgh)
   Score: 100.0 | Rating: 65 vs 65 (diff: 0)
   Height: 76" vs 76" (diff: 0") | Weight: 290 vs 290 lbs (diff: 0)
   Handedness: 1 vs 1 (diff: 0) | Years Pro: 3 vs 3 (diff: 0)
   Contract: 1,296,724 APY
✅ Matched: Allie Wiper -> Demontrey Jacobs (New England)
   Score: 100.0 | Rating: 65 vs 65 (diff: 0)
   Height: 78" vs 78" (diff: 0") | Weight: 315 vs 315 lbs (diff: 0)
   Handedness: 1 vs 1 (diff: 0) | Years Pro: 2 vs 2 (diff: 0)
   Contract: 795,000 APY
✅ Matched: Donnel Koy -> Deon Bush (Kansas City)
   Score: 100.0 | Rating: 65 vs 65 (diff: 0)
   Height: 72" vs 72" (diff: 0") | Weight: 200 vs 200 lbs (diff: 0)
   Handedness: 1 vs 1 (diff: 0) | Years Pro: 9 vs 9 (diff: 0)
   Contract: 1,255,000 APY
✅ Matched: Lance Drayton -> Devon Key (Denver)
   Score: 100.0 | Rating: 65 vs 65 (diff: 0)
   Height: 72" vs 72" (diff: 0") | Weight: 208 vs 208 lbs (diff: 0)
   Handedness: 1 vs 1 (diff: 0) | Years Pro: 4 vs 4 (diff: 0)
   Contract: 960,000 APY
✅ Matched: Jamir Kinscherf -> Dez Fitzpatrick (Los Angeles A)
   Score: 100.0 | Rating: 65 vs 65 (diff: 0)
   Height: 74" vs 74" (diff: 0") | Weight: 208 vs 208 lbs (diff: 0)
   Handedness: 1 vs 1 (diff: 0) | Years Pro: 4 vs 4 (diff: 0)
   Contract: 1,030,000 APY
⚠️  No contract: Emmuel Grygo -> DJ Ivey (Cincinnati) - Using defaults
✅ Matched: Sage Alzado -> Drake Thomas (Seattle)
   Score: 100.0 | Rating: 65 vs 65 (diff: 0)
   Height: 71" vs 71" (diff: 0") | Weight: 228 vs 228 lbs (diff: 0)
   Handedness: 1 vs 1 (diff: 0) | Years Pro: 2 vs 2 (diff: 0)
   Contract: 903,333 APY
⚠️  No contract: Braylon Waterfield -> Drew Ogletree (Indianapolis) - Using defaults
✅ Matched: Tyjuan Mchale -> Drew Kendall (Philadelphia)
   Score: 100.0 | Rating: 65 vs 65 (diff: 0)
   Height: 76" vs 76" (diff: 0") | Weight: 308 vs 308 lbs (diff: 0)
   Handedness: 1 vs 1 (diff: 0) | Years Pro: 0 vs 0 (diff: 0)
   Contract: 1,138,769 APY
✅ Matched: Truck Mclain -> Dylan Laube (Las Vegas)
   Score: 100.0 | Rating: 65 vs 65 (diff: 0)
   Height: 70" vs 70" (diff: 0") | Weight: 208 vs 208 lbs (diff: 0)
   Handedness: 1 vs 1 (diff: 0) | Years Pro: 1 vs 1 (diff: 0)
   Contract: 1,043,798 APY
❌ No match: Milo Darche (New York N) - Using defaults
✅ Matched: Fabian Grefe -> Eli Ricks (Philadelphia)
   Score: 100.0 | Rating: 65 vs 65 (diff: 0)
   Height: 74" vs 74" (diff: 0") | Weight: 188 vs 188 lbs (diff: 0)
   Handedness: 1 vs 1 (diff: 0) | Years Pro: 2 vs 2 (diff: 0)
   Contract: 901,667 APY
✅ Matched: Lam Munford -> Elijah Cooks (Philadelphia)
   Score: 100.0 | Rating: 65 vs 65 (diff: 0)
   Height: 75" vs 75" (diff: 0") | Weight: 215 vs 215 lbs (diff: 0)
   Handedness: 1 vs 1 (diff: 0) | Years Pro: 2 vs 2 (diff: 0)
   Contract: 960,000 APY
❌ No match: Silvio Ajirotutu (New York N) - Using defaults
✅ Matched: Ivan Mackie -> Elijah Higgins (Arizona)
   Score: 100.0 | Rating: 65 vs 65 (diff: 0)
   Height: 75" vs 75" (diff: 0") | Weight: 235 vs 235 lbs (diff: 0)
   Handedness: 1 vs 1 (diff: 0) | Years Pro: 2 vs 2 (diff: 0)
   Contract: 1,003,971 APY
✅ Matched: Derrick Cota -> Emanuel Wilson (Green Bay)
   Score: 100.0 | Rating: 65 vs 65 (diff: 0)
   Height: 71" vs 71" (diff: 0") | Weight: 226 vs 226 lbs (diff: 0)
   Handedness: 1 vs 1 (diff: 0) | Years Pro: 2 vs 2 (diff: 0)
   Contract: 1,030,000 APY
⚠️  No contract: Lamanzer Runnels -> Eric Johnson II (Indianapolis) - Using defaults
❌ No match: Lovett Barnard (New York A) - Using defaults
✅ Matched: Madison Cumberland -> Erik Ezukanma (Miami)
   Score: 100.0 | Rating: 65 vs 65 (diff: 0)
   Height: 74" vs 74" (diff: 0") | Weight: 206 vs 206 lbs (diff: 0)
   Handedness: 1 vs 1 (diff: 0) | Years Pro: 3 vs 3 (diff: 0)
   Contract: 1,042,500 APY
✅ Matched: Jumpy Phenix -> Gregory Junior (Green Bay)
   Score: 100.0 | Rating: 65 vs 65 (diff: 0)
   Height: 72" vs 72" (diff: 0") | Weight: 190 vs 190 lbs (diff: 0)
   Handedness: 1 vs 1 (diff: 0) | Years Pro: 3 vs 3 (diff: 0)
   Contract: 1,030,000 APY
✅ Matched: Jan Widick -> Hayden Conner (Arizona)
   Score: 100.0 | Rating: 65 vs 65 (diff: 0)
   Height: 78" vs 78" (diff: 0") | Weight: 322 vs 322 lbs (diff: 0)
   Handedness: 1 vs 1 (diff: 0) | Years Pro: 0 vs 0 (diff: 0)
   Contract: 1,093,570 APY
✅ Matched: Syd Green -> Hunter Wohler (Indianapolis)
   Score: 100.0 | Rating: 65 vs 65 (diff: 0)
   Height: 74" vs 74" (diff: 0") | Weight: 213 vs 213 lbs (diff: 0)
   Handedness: 1 vs 1 (diff: 0) | Years Pro: 0 vs 0 (diff: 0)
   Contract: 1,082,767 APY
✅ Matched: Marquette Sparkman -> Isaiah Bolden (New England)
   Score: 100.0 | Rating: 65 vs 65 (diff: 0)
   Height: 74" vs 74" (diff: 0") | Weight: 205 vs 205 lbs (diff: 0)
   Handedness: 1 vs 1 (diff: 0) | Years Pro: 2 vs 2 (diff: 0)
   Contract: 795,000 APY
✅ Matched: Guido Crespino -> Isaiahh Loudermilk (Pittsburgh)
   Score: 100.0 | Rating: 65 vs 65 (diff: 0)
   Height: 79" vs 79" (diff: 0") | Weight: 293 vs 293 lbs (diff: 0)
   Handedness: 1 vs 1 (diff: 0) | Years Pro: 4 vs 4 (diff: 0)
   Contract: 1,627,500 APY
✅ Matched: Frankie Beckley -> Ja'Quinden Jackson (Jacksonville)
   Score: 100.0 | Rating: 65 vs 65 (diff: 0)
   Height: 74" vs 74" (diff: 0") | Weight: 236 vs 236 lbs (diff: 0)
   Handedness: 1 vs 1 (diff: 0) | Years Pro: 0 vs 0 (diff: 0)
   Contract: 989,333 APY
✅ Matched: Beasley Mcglockton -> Jacob Monk (Green Bay)
   Score: 100.0 | Rating: 65 vs 65 (diff: 0)
   Height: 75" vs 75" (diff: 0") | Weight: 308 vs 308 lbs (diff: 0)
   Handedness: 1 vs 1 (diff: 0) | Years Pro: 1 vs 1 (diff: 0)
   Contract: 1,080,404 APY
✅ Matched: Adewale Bercich -> Jaheim Bell (New England)
   Score: 100.0 | Rating: 65 vs 65 (diff: 0)
   Height: 74" vs 74" (diff: 0") | Weight: 241 vs 241 lbs (diff: 0)
   Handedness: 1 vs 1 (diff: 0) | Years Pro: 1 vs 1 (diff: 0)
   Contract: 1,031,648 APY
❌ No match: Barlow London (New York N) - Using defaults
✅ Matched: Demeco Grove -> Jalen Milroe (Seattle)
   Score: 100.0 | Rating: 65 vs 65 (diff: 0)
   Height: 74" vs 74" (diff: 0") | Weight: 216 vs 216 lbs (diff: 0)
   Handedness: 1 vs 1 (diff: 0) | Years Pro: 0 vs 0 (diff: 0)
   Contract: 1,566,022 APY
✅ Matched: Saul Boniol -> Jalen Graham (San Francisco)
   Score: 100.0 | Rating: 65 vs 65 (diff: 0)
   Height: 75" vs 75" (diff: 0") | Weight: 220 vs 220 lbs (diff: 0)
   Handedness: 1 vs 1 (diff: 0) | Years Pro: 2 vs 2 (diff: 0)
   Contract: 1,030,000 APY
✅ Matched: James Locklin -> James Mitchell (Carolina)
   Score: 100.0 | Rating: 65 vs 65 (diff: 0)
   Height: 75" vs 75" (diff: 0") | Weight: 255 vs 255 lbs (diff: 0)
   Handedness: 1 vs 1 (diff: 0) | Years Pro: 3 vs 3 (diff: 0)
   Contract: 1,030,000 APY
✅ Matched: Gordie Fink -> Jaret Patterson (Los Angeles A)
   Score: 100.0 | Rating: 65 vs 65 (diff: 0)
   Height: 68" vs 68" (diff: 0") | Weight: 195 vs 195 lbs (diff: 0)
   Handedness: 1 vs 1 (diff: 0) | Years Pro: 4 vs 4 (diff: 0)
   Contract: 1,030,000 APY
✅ Matched: Elbie Hawkins -> Jay Toia (Dallas)
   Score: 100.0 | Rating: 65 vs 65 (diff: 0)
   Height: 75" vs 75" (diff: 0") | Weight: 341 vs 341 lbs (diff: 0)
   Handedness: 1 vs 1 (diff: 0) | Years Pro: 0 vs 0 (diff: 0)
   Contract: 1,088,279 APY
✅ Matched: Carl Pead -> Jerrick Reed II (Seattle)
   Score: 100.0 | Rating: 65 vs 65 (diff: 0)
   Height: 70" vs 70" (diff: 0") | Weight: 196 vs 196 lbs (diff: 0)
   Handedness: 1 vs 1 (diff: 0) | Years Pro: 2 vs 2 (diff: 0)
   Contract: 1,003,701 APY
✅ Matched: Corrie Billock -> Jordan McFadden (Chicago)
   Score: 100.0 | Rating: 65 vs 65 (diff: 0)
   Height: 74" vs 74" (diff: 0") | Weight: 303 vs 303 lbs (diff: 0)
   Handedness: 1 vs 1 (diff: 0) | Years Pro: 2 vs 2 (diff: 0)
   Contract: 1,038,035 APY
✅ Matched: Ezell Read -> Jordan Jackson (Denver)
   Score: 100.0 | Rating: 65 vs 65 (diff: 0)
   Height: 76" vs 76" (diff: 0") | Weight: 294 vs 294 lbs (diff: 0)
   Handedness: 1 vs 1 (diff: 0) | Years Pro: 3 vs 3 (diff: 0)
   Contract: 960,000 APY
✅ Matched: Rudy Uperesa -> Josh Blackwell (Chicago)
   Score: 100.0 | Rating: 65 vs 65 (diff: 0)
   Height: 71" vs 71" (diff: 0") | Weight: 180 vs 180 lbs (diff: 0)
   Handedness: 1 vs 1 (diff: 0) | Years Pro: 3 vs 3 (diff: 0)
   Contract: 2,500,000 APY
✅ Matched: Duke Spradlin -> Josiah Deguara (Arizona)
   Score: 100.0 | Rating: 65 vs 65 (diff: 0)
   Height: 74" vs 74" (diff: 0") | Weight: 238 vs 238 lbs (diff: 0)
   Handedness: 1 vs 1 (diff: 0) | Years Pro: 5 vs 5 (diff: 0)
   Contract: 1,170,000 APY
✅ Matched: Olin Copper -> Julian Ashby (New England)
   Score: 100.0 | Rating: 65 vs 65 (diff: 0)
   Height: 73" vs 73" (diff: 0") | Weight: 231 vs 231 lbs (diff: 0)
   Handedness: 1 vs 1 (diff: 0) | Years Pro: 0 vs 0 (diff: 0)
   Contract: 1,075,418 APY
✅ Matched: Cloyce Bullman -> Julius Chestnut (Tennessee)
   Score: 100.0 | Rating: 65 vs 65 (diff: 0)
   Height: 71" vs 71" (diff: 0") | Weight: 228 vs 228 lbs (diff: 0)
   Handedness: 1 vs 1 (diff: 0) | Years Pro: 3 vs 3 (diff: 0)
   Contract: 1,100,000 APY
✅ Matched: Ricot Menasco -> Kalen King (Green Bay)
   Score: 100.0 | Rating: 65 vs 65 (diff: 0)
   Height: 71" vs 71" (diff: 0") | Weight: 191 vs 191 lbs (diff: 0)
   Handedness: 1 vs 1 (diff: 0) | Years Pro: 1 vs 1 (diff: 0)
   Contract: 840,000 APY
✅ Matched: Gregory Delevan -> Kalia Davis (San Francisco)
   Score: 100.0 | Rating: 65 vs 65 (diff: 0)
   Height: 74" vs 74" (diff: 0") | Weight: 310 vs 310 lbs (diff: 0)
   Handedness: 1 vs 1 (diff: 0) | Years Pro: 3 vs 3 (diff: 0)
   Contract: 948,004 APY
✅ Matched: Daryle Poto -> Keith Taylor (Atlanta)
   Score: 100.0 | Rating: 65 vs 65 (diff: 0)
   Height: 75" vs 75" (diff: 0") | Weight: 195 vs 195 lbs (diff: 0)
   Handedness: 1 vs 1 (diff: 0) | Years Pro: 4 vs 4 (diff: 0)
   Contract: 1,100,000 APY
✅ Matched: De Zeno -> Kendall Milton (Cincinnati)
   Score: 100.0 | Rating: 65 vs 65 (diff: 0)
   Height: 73" vs 73" (diff: 0") | Weight: 230 vs 230 lbs (diff: 0)
   Handedness: 1 vs 1 (diff: 0) | Years Pro: 1 vs 1 (diff: 0)
   Contract: 877,500 APY
❌ No match: Kole Tamburo (New York A) - Using defaults
⚠️  No contract: Boss Quin -> KJ Henry (Cleveland) - Using defaults
✅ Matched: Rayna Sinkovitz -> Ko Kieft (Tampa Bay)
   Score: 100.0 | Rating: 65 vs 65 (diff: 0)
   Height: 77" vs 77" (diff: 0") | Weight: 265 vs 265 lbs (diff: 0)
   Handedness: 1 vs 1 (diff: 0) | Years Pro: 3 vs 3 (diff: 0)
   Contract: 948,004 APY
✅ Matched: Keydrick Portilla -> Kobe Hudson (Carolina)
   Score: 100.0 | Rating: 65 vs 65 (diff: 0)
   Height: 73" vs 73" (diff: 0") | Weight: 193 vs 193 lbs (diff: 0)
   Handedness: 1 vs 1 (diff: 0) | Years Pro: 0 vs 0 (diff: 0)
   Contract: 995,000 APY
✅ Matched: Felix Rouse -> Kobee Minor (New England)
   Score: 100.0 | Rating: 65 vs 65 (diff: 0)
   Height: 71" vs 71" (diff: 0") | Weight: 188 vs 188 lbs (diff: 0)
   Handedness: 1 vs 1 (diff: 0) | Years Pro: 0 vs 0 (diff: 0)
   Contract: 1,075,418 APY
✅ Matched: Brian Conover -> KT Leveston (Los Angeles N)
   Score: 100.0 | Rating: 65 vs 65 (diff: 0)
   Height: 76" vs 76" (diff: 0") | Weight: 337 vs 337 lbs (diff: 0)
   Handedness: 1 vs 1 (diff: 0) | Years Pro: 1 vs 1 (diff: 0)
   Contract: 1,025,184 APY
✅ Matched: Blondy Deters -> Lawrence Cager (Washington)
   Score: 100.0 | Rating: 65 vs 65 (diff: 0)
   Height: 77" vs 77" (diff: 0") | Weight: 220 vs 220 lbs (diff: 0)
   Handedness: 1 vs 1 (diff: 0) | Years Pro: 5 vs 5 (diff: 0)
   Contract: 1,100,000 APY
❌ No match: Wilbert Skudin (New York A) - Using defaults
✅ Matched: Shevin Cousineau -> Malik Taylor (Detroit)
   Score: 100.0 | Rating: 65 vs 65 (diff: 0)
   Height: 75" vs 75" (diff: 0") | Weight: 220 vs 220 lbs (diff: 0)
   Handedness: 1 vs 1 (diff: 0) | Years Pro: 5 vs 5 (diff: 0)
   Contract: 1,100,000 APY
✅ Matched: Frederick Gomes -> Malik Willis (Green Bay)
   Score: 100.0 | Rating: 65 vs 65 (diff: 0)
   Height: 73" vs 73" (diff: 0") | Weight: 219 vs 219 lbs (diff: 0)
   Handedness: 1 vs 1 (diff: 0) | Years Pro: 3 vs 3 (diff: 0)
   Contract: 1,290,025 APY
✅ Matched: Taiwan Beson -> Markees Watts (Tampa Bay)
   Score: 100.0 | Rating: 65 vs 65 (diff: 0)
   Height: 73" vs 73" (diff: 0") | Weight: 240 vs 240 lbs (diff: 0)
   Handedness: 1 vs 1 (diff: 0) | Years Pro: 2 vs 2 (diff: 0)
   Contract: 898,333 APY
✅ Matched: Clifford Mumphord -> Matt Dickerson (Miami)
   Score: 100.0 | Rating: 65 vs 65 (diff: 0)
   Height: 77" vs 77" (diff: 0") | Weight: 292 vs 292 lbs (diff: 0)
   Handedness: 1 vs 1 (diff: 0) | Years Pro: 7 vs 7 (diff: 0)
   Contract: 1,170,000 APY
✅ Matched: Durant Miles -> Maxen Hook (Philadelphia)
   Score: 100.0 | Rating: 65 vs 65 (diff: 0)
   Height: 73" vs 73" (diff: 0") | Weight: 201 vs 201 lbs (diff: 0)
   Handedness: 1 vs 1 (diff: 0) | Years Pro: 0 vs 0 (diff: 0)
   Contract: 998,333 APY
✅ Matched: Damane Irvin -> Michael Jerrell (Seattle)
   Score: 100.0 | Rating: 65 vs 65 (diff: 0)
   Height: 77" vs 77" (diff: 0") | Weight: 294 vs 294 lbs (diff: 0)
   Handedness: 1 vs 1 (diff: 0) | Years Pro: 1 vs 1 (diff: 0)
   Contract: 1,045,015 APY
✅ Matched: Dario Hobson -> Michael Barrett (Las Vegas)
   Score: 100.0 | Rating: 65 vs 65 (diff: 0)
   Height: 72" vs 72" (diff: 0") | Weight: 232 vs 232 lbs (diff: 0)
   Handedness: 1 vs 1 (diff: 0) | Years Pro: 1 vs 1 (diff: 0)
   Contract: 840,000 APY
✅ Matched: Bear Reichenbach -> Mike White (Buffalo)
   Score: 100.0 | Rating: 65 vs 65 (diff: 0)
   Height: 77" vs 77" (diff: 0") | Weight: 218 vs 218 lbs (diff: 0)
   Handedness: 1 vs 1 (diff: 0) | Years Pro: 8 vs 8 (diff: 0)
   Contract: 1,190,000 APY
✅ Matched: Delphfrine Shoate -> Mike Greene (Tampa Bay)
   Score: 100.0 | Rating: 65 vs 65 (diff: 0)
   Height: 75" vs 75" (diff: 0") | Weight: 293 vs 293 lbs (diff: 0)
   Handedness: 1 vs 1 (diff: 0) | Years Pro: 3 vs 3 (diff: 0)
   Contract: 1,030,000 APY
✅ Matched: Da'Quan Spriggs -> Myles Adams (Detroit)
   Score: 100.0 | Rating: 65 vs 65 (diff: 0)
   Height: 74" vs 74" (diff: 0") | Weight: 290 vs 290 lbs (diff: 0)
   Handedness: 1 vs 1 (diff: 0) | Years Pro: 5 vs 5 (diff: 0)
   Contract: 985,000 APY
✅ Matched: Darwin Wilds -> Myles Hinton (Philadelphia)
   Score: 100.0 | Rating: 65 vs 65 (diff: 0)
   Height: 79" vs 79" (diff: 0") | Weight: 325 vs 325 lbs (diff: 0)
   Handedness: 1 vs 1 (diff: 0) | Years Pro: 0 vs 0 (diff: 0)
   Contract: 1,108,316 APY
✅ Matched: Lorenzo Nease -> Myles Cole (Jacksonville)
   Score: 100.0 | Rating: 65 vs 65 (diff: 0)
   Height: 78" vs 78" (diff: 0") | Weight: 280 vs 280 lbs (diff: 0)
   Handedness: 1 vs 1 (diff: 0) | Years Pro: 1 vs 1 (diff: 0)
   Contract: 1,031,019 APY
✅ Matched: Gabe Charles -> Naquan Jones (Los Angeles A)
   Score: 100.0 | Rating: 65 vs 65 (diff: 0)
   Height: 75" vs 75" (diff: 0") | Weight: 313 vs 313 lbs (diff: 0)
   Handedness: 1 vs 1 (diff: 0) | Years Pro: 4 vs 4 (diff: 0)
   Contract: 1,835,000 APY
✅ Matched: Kid Cortes -> Nephi Sewell (New Orleans)
   Score: 100.0 | Rating: 65 vs 65 (diff: 0)
   Height: 72" vs 72" (diff: 0") | Weight: 228 vs 228 lbs (diff: 0)
   Handedness: 1 vs 1 (diff: 0) | Years Pro: 3 vs 3 (diff: 0)
   Contract: 1,100,000 APY
⚠️  No contract: Marcellus Balog -> Rejzohn Wright (New Orleans) - Using defaults
✅ Matched: Tiquan Cooney -> Riley Leonard (Indianapolis)
   Score: 100.0 | Rating: 65 vs 65 (diff: 0)
   Height: 76" vs 76" (diff: 0") | Weight: 216 vs 216 lbs (diff: 0)
   Handedness: 1 vs 1 (diff: 0) | Years Pro: 0 vs 0 (diff: 0)
   Contract: 1,108,811 APY
✅ Matched: Ducky Isaia -> Ryan Neuzil (Atlanta)
   Score: 100.0 | Rating: 65 vs 65 (diff: 0)
   Height: 75" vs 75" (diff: 0") | Weight: 301 vs 301 lbs (diff: 0)
   Handedness: 0 vs 0 (diff: 0) | Years Pro: 4 vs 4 (diff: 0)
   Contract: 4,750,000 APY
✅ Matched: Derreck Layman -> Sam Howell (Minnesota)
   Score: 100.0 | Rating: 65 vs 65 (diff: 0)
   Height: 73" vs 73" (diff: 0") | Weight: 220 vs 220 lbs (diff: 0)
   Handedness: 1 vs 1 (diff: 0) | Years Pro: 3 vs 3 (diff: 0)
   Contract: 1,005,400 APY
✅ Matched: Tyji Toeaina -> Taki Taimani (Minnesota)
   Score: 100.0 | Rating: 65 vs 65 (diff: 0)
   Height: 74" vs 74" (diff: 0") | Weight: 325 vs 325 lbs (diff: 0)
   Handedness: 1 vs 1 (diff: 0) | Years Pro: 1 vs 1 (diff: 0)
   Contract: 945,000 APY
✅ Matched: Rosie Hayward -> Tariq Castro-Fields (Philadelphia)
   Score: 100.0 | Rating: 65 vs 65 (diff: 0)
   Height: 73" vs 73" (diff: 0") | Weight: 197 vs 197 lbs (diff: 0)
   Handedness: 1 vs 1 (diff: 0) | Years Pro: 3 vs 3 (diff: 0)
   Contract: 1,100,000 APY
✅ Matched: Airese Stedman -> Tatum Bethune (San Francisco)
   Score: 100.0 | Rating: 65 vs 65 (diff: 0)
   Height: 72" vs 72" (diff: 0") | Weight: 227 vs 227 lbs (diff: 0)
   Handedness: 1 vs 1 (diff: 0) | Years Pro: 1 vs 1 (diff: 0)
   Contract: 1,025,452 APY
❌ No match: Tori Snowden (New York N) - Using defaults
⚠️  No contract: Iheanyi Kuehn -> Timmy Horne (Tennessee) - Using defaults
✅ Matched: Konrad Mccorvey -> Titus Leo (Tennessee)
   Score: 100.0 | Rating: 65 vs 65 (diff: 0)
   Height: 75" vs 75" (diff: 0") | Weight: 245 vs 245 lbs (diff: 0)
   Handedness: 1 vs 1 (diff: 0) | Years Pro: 2 vs 2 (diff: 0)
   Contract: 960,000 APY
✅ Matched: Buddy Sapolu -> Tommy Akingbesote (Dallas)
   Score: 100.0 | Rating: 65 vs 65 (diff: 0)
   Height: 76" vs 76" (diff: 0") | Weight: 306 vs 306 lbs (diff: 0)
   Handedness: 1 vs 1 (diff: 0) | Years Pro: 0 vs 0 (diff: 0)
   Contract: 1,075,756 APY
✅ Matched: Cap Sturdivant -> Travis Bell (Minnesota)
   Score: 100.0 | Rating: 65 vs 65 (diff: 0)
   Height: 72" vs 72" (diff: 0") | Weight: 310 vs 310 lbs (diff: 0)
   Handedness: 1 vs 1 (diff: 0) | Years Pro: 2 vs 2 (diff: 0)
   Contract: 960,000 APY
✅ Matched: Ashlee Alphin -> Truman Jones (New England)
   Score: 100.0 | Rating: 65 vs 65 (diff: 0)
   Height: 75" vs 75" (diff: 0") | Weight: 250 vs 250 lbs (diff: 0)
   Handedness: 1 vs 1 (diff: 0) | Years Pro: 2 vs 2 (diff: 0)
   Contract: 795,000 APY
✅ Matched: Danny Brookshier -> Ty'Ron Hopper (Green Bay)
   Score: 100.0 | Rating: 65 vs 65 (diff: 0)
   Height: 74" vs 74" (diff: 0") | Weight: 228 vs 228 lbs (diff: 0)
   Handedness: 1 vs 1 (diff: 0) | Years Pro: 1 vs 1 (diff: 0)
   Contract: 1,419,506 APY
✅ Matched: Cully Renn -> Tycen Anderson (Cincinnati)
   Score: 100.0 | Rating: 65 vs 65 (diff: 0)
   Height: 74" vs 74" (diff: 0") | Weight: 209 vs 209 lbs (diff: 0)
   Handedness: 1 vs 1 (diff: 0) | Years Pro: 3 vs 3 (diff: 0)
   Contract: 991,521 APY
✅ Matched: Clint Higgins -> Tyler Owens (Washington)
   Score: 100.0 | Rating: 65 vs 65 (diff: 0)
   Height: 74" vs 74" (diff: 0") | Weight: 213 vs 213 lbs (diff: 0)
   Handedness: 1 vs 1 (diff: 0) | Years Pro: 1 vs 1 (diff: 0)
   Contract: 943,333 APY
✅ Matched: Daryn Raab -> Tyrek Funderburk (Tampa Bay)
   Score: 100.0 | Rating: 65 vs 65 (diff: 0)
   Height: 71" vs 71" (diff: 0") | Weight: 186 vs 186 lbs (diff: 0)
   Handedness: 1 vs 1 (diff: 0) | Years Pro: 1 vs 1 (diff: 0)
   Contract: 950,000 APY
✅ Matched: Maurice Alward -> Tyreke Smith (Seattle)
   Score: 100.0 | Rating: 65 vs 65 (diff: 0)
   Height: 75" vs 75" (diff: 0") | Weight: 255 vs 255 lbs (diff: 0)
   Handedness: 1 vs 1 (diff: 0) | Years Pro: 3 vs 3 (diff: 0)
   Contract: 960,000 APY
✅ Matched: Sale Jackson -> Tyrell Shavers (Buffalo)
   Score: 100.0 | Rating: 65 vs 65 (diff: 0)
   Height: 76" vs 76" (diff: 0") | Weight: 211 vs 211 lbs (diff: 0)
   Handedness: 1 vs 1 (diff: 0) | Years Pro: 2 vs 2 (diff: 0)
   Contract: 1,021,000 APY
✅ Matched: Dondre Walls -> Tyrese Robinson (New England)
   Score: 100.0 | Rating: 65 vs 65 (diff: 0)
   Height: 75" vs 75" (diff: 0") | Weight: 319 vs 319 lbs (diff: 0)
   Handedness: 1 vs 1 (diff: 0) | Years Pro: 2 vs 2 (diff: 0)
   Contract: 795,000 APY
✅ Matched: Ratcliff Iaquaniello -> Vederian Lowe (New England)
   Score: 100.0 | Rating: 65 vs 65 (diff: 0)
   Height: 78" vs 78" (diff: 0") | Weight: 320 vs 320 lbs (diff: 0)
   Handedness: 1 vs 1 (diff: 0) | Years Pro: 3 vs 3 (diff: 0)
   Contract: 964,468 APY
⚠️  No contract: Pots Youngfleish -> Warren McClendon Jr (Los Angeles N) - Using defaults
✅ Matched: Rich Jamerson -> Will Mallory (Indianapolis)
   Score: 100.0 | Rating: 65 vs 65 (diff: 0)
   Height: 76" vs 76" (diff: 0") | Weight: 239 vs 239 lbs (diff: 0)
   Handedness: 1 vs 1 (diff: 0) | Years Pro: 2 vs 2 (diff: 0)
   Contract: 1,032,648 APY
✅ Matched: Abdul Stankavage -> Will Clapp (New Orleans)
   Score: 100.0 | Rating: 65 vs 65 (diff: 0)
   Height: 77" vs 77" (diff: 0") | Weight: 311 vs 311 lbs (diff: 0)
   Handedness: 1 vs 1 (diff: 0) | Years Pro: 7 vs 7 (diff: 0)
   Contract: 1,422,500 APY
✅ Matched: Shelley Ninowski -> Zach Carter (Las Vegas)
   Score: 100.0 | Rating: 65 vs 65 (diff: 0)
   Height: 76" vs 76" (diff: 0") | Weight: 290 vs 290 lbs (diff: 0)
   Handedness: 1 vs 1 (diff: 0) | Years Pro: 3 vs 3 (diff: 0)
   Contract: 1,100,000 APY
❌ No match: Too Weatherwax (New York A) - Using defaults
✅ Matched: Ken Dowtin -> Zeek Biggers (Miami)
   Score: 100.0 | Rating: 65 vs 65 (diff: 0)
   Height: 78" vs 78" (diff: 0") | Weight: 321 vs 321 lbs (diff: 0)
   Handedness: 1 vs 1 (diff: 0) | Years Pro: 0 vs 0 (diff: 0)
   Contract: 1,075,418 APY
✅ Matched: Dorsett Mickell -> Zemaiah Vaughn (Minnesota)
   Score: 100.0 | Rating: 65 vs 65 (diff: 0)
   Height: 75" vs 75" (diff: 0") | Weight: 186 vs 186 lbs (diff: 0)
   Handedness: 1 vs 1 (diff: 0) | Years Pro: 0 vs 0 (diff: 0)
   Contract: 993,333 APY
✅ Matched: Yo Konopasek -> Zion Logue (Buffalo)
   Score: 100.0 | Rating: 65 vs 65 (diff: 0)
   Height: 77" vs 77" (diff: 0") | Weight: 295 vs 295 lbs (diff: 0)
   Handedness: 1 vs 1 (diff: 0) | Years Pro: 1 vs 1 (diff: 0)
   Contract: 1,019,500 APY
✅ Matched: Gilvanni Kovac -> Adetomiwa Adebawore (Indianapolis)
   Score: 100.0 | Rating: 64 vs 64 (diff: 0)
   Height: 74" vs 74" (diff: 0") | Weight: 282 vs 282 lbs (diff: 0)
   Handedness: 1 vs 1 (diff: 0) | Years Pro: 2 vs 2 (diff: 0)
   Contract: 1,159,227 APY
✅ Matched: Hise Moselle -> Adin Huntington (Cleveland)
   Score: 100.0 | Rating: 64 vs 64 (diff: 0)
   Height: 73" vs 73" (diff: 0") | Weight: 281 vs 281 lbs (diff: 0)
   Handedness: 1 vs 1 (diff: 0) | Years Pro: 0 vs 0 (diff: 0)
   Contract: 995,000 APY
✅ Matched: Dexter Dinapoli -> Alex Palczewski (Denver)
   Score: 100.0 | Rating: 64 vs 64 (diff: 0)
   Height: 78" vs 78" (diff: 0") | Weight: 314 vs 314 lbs (diff: 0)
   Handedness: 1 vs 1 (diff: 0) | Years Pro: 2 vs 2 (diff: 0)
   Contract: 905,000 APY
✅ Matched: Dixon Monty -> Alex Bachman (Las Vegas)
   Score: 100.0 | Rating: 64 vs 64 (diff: 0)
   Height: 71" vs 71" (diff: 0") | Weight: 190 vs 190 lbs (diff: 0)
   Handedness: 1 vs 1 (diff: 0) | Years Pro: 5 vs 5 (diff: 0)
   Contract: 1,030,000 APY
✅ Matched: Cedrick Coffey -> Allan George (Washington)
   Score: 100.0 | Rating: 64 vs 64 (diff: 0)
   Height: 71" vs 71" (diff: 0") | Weight: 191 vs 191 lbs (diff: 0)
   Handedness: 1 vs 1 (diff: 0) | Years Pro: 3 vs 3 (diff: 0)
   Contract: 960,000 APY
⚠️  No contract: Dameane Alban -> Amari Burney (Tennessee) - Using defaults
✅ Matched: Speedy Drungo -> Andrew Rupcich (Tennessee)
   Score: 100.0 | Rating: 64 vs 64 (diff: 0)
   Height: 78" vs 78" (diff: 0") | Weight: 318 vs 318 lbs (diff: 0)
   Handedness: 1 vs 1 (diff: 0) | Years Pro: 3 vs 3 (diff: 0)
   Contract: 1,030,000 APY
❌ No match: Mosi Blados (New York N) - Using defaults
✅ Matched: Kwante Marts -> Bailey Zappe (Kansas City)
   Score: 100.0 | Rating: 64 vs 64 (diff: 0)
   Height: 73" vs 73" (diff: 0") | Weight: 220 vs 220 lbs (diff: 0)
   Handedness: 1 vs 1 (diff: 0) | Years Pro: 3 vs 3 (diff: 0)
   Contract: 1,100,000 APY
✅ Matched: Marlion Kirk -> Bill Murray (Chicago)
   Score: 100.0 | Rating: 64 vs 64 (diff: 0)
   Height: 76" vs 76" (diff: 0") | Weight: 307 vs 307 lbs (diff: 0)
   Handedness: 1 vs 1 (diff: 0) | Years Pro: 2 vs 2 (diff: 0)
   Contract: 1,030,000 APY
✅ Matched: Makoa Mcfarland -> Blake Hance (Tennessee)
   Score: 100.0 | Rating: 64 vs 64 (diff: 0)
   Height: 77" vs 77" (diff: 0") | Weight: 310 vs 310 lbs (diff: 0)
   Handedness: 1 vs 1 (diff: 0) | Years Pro: 5 vs 5 (diff: 0)
   Contract: 1,320,000 APY
✅ Matched: Wray Mcburrows -> Brenden Bates (Cleveland)
   Score: 100.0 | Rating: 64 vs 64 (diff: 0)
   Height: 76" vs 76" (diff: 0") | Weight: 255 vs 255 lbs (diff: 0)
   Handedness: 1 vs 1 (diff: 0) | Years Pro: 1 vs 1 (diff: 0)
   Contract: 877,500 APY
✅ Matched: Pid Winston -> Brevyn Spann-Ford (Dallas)
   Score: 100.0 | Rating: 64 vs 64 (diff: 0)
   Height: 79" vs 79" (diff: 0") | Weight: 260 vs 260 lbs (diff: 0)
   Handedness: 1 vs 1 (diff: 0) | Years Pro: 1 vs 1 (diff: 0)
   Contract: 950,000 APY
✅ Matched: Ladell Koons -> C.J. Hanson (Kansas City)
   Score: 100.0 | Rating: 64 vs 64 (diff: 0)
   Height: 77" vs 77" (diff: 0") | Weight: 300 vs 300 lbs (diff: 0)
   Handedness: 1 vs 1 (diff: 0) | Years Pro: 1 vs 1 (diff: 0)
   Contract: 1,026,196 APY
✅ Matched: Billy Rickards -> Caleb Murphy (Los Angeles A)
   Score: 100.0 | Rating: 64 vs 64 (diff: 0)
   Height: 75" vs 75" (diff: 0") | Weight: 254 vs 254 lbs (diff: 0)
   Handedness: 1 vs 1 (diff: 0) | Years Pro: 2 vs 2 (diff: 0)
   Contract: 1,030,000 APY
✅ Matched: Amon Ellington -> Calvin Anderson (Pittsburgh)
   Score: 100.0 | Rating: 64 vs 64 (diff: 0)
   Height: 77" vs 77" (diff: 0") | Weight: 300 vs 300 lbs (diff: 0)
   Handedness: 1 vs 1 (diff: 0) | Years Pro: 6 vs 6 (diff: 0)
   Contract: 2,000,000 APY
✅ Matched: Jarred Upchurch -> Cam Lampkin (Los Angeles N)
   Score: 100.0 | Rating: 64 vs 64 (diff: 0)
   Height: 70" vs 70" (diff: 0") | Weight: 176 vs 176 lbs (diff: 0)
   Handedness: 1 vs 1 (diff: 0) | Years Pro: 1 vs 1 (diff: 0)
   Contract: 960,000 APY
✅ Matched: Tauren Larsen -> Cam Jones (Kansas City)
   Score: 100.0 | Rating: 64 vs 64 (diff: 0)
   Height: 74" vs 74" (diff: 0") | Weight: 227 vs 227 lbs (diff: 0)
   Handedness: 1 vs 1 (diff: 0) | Years Pro: 2 vs 2 (diff: 0)
   Contract: 903,333 APY
✅ Matched: Devard Alstott -> Carson Bruener (Pittsburgh)
   Score: 100.0 | Rating: 64 vs 64 (diff: 0)
   Height: 73" vs 73" (diff: 0") | Weight: 227 vs 227 lbs (diff: 0)
   Handedness: 1 vs 1 (diff: 0) | Years Pro: 0 vs 0 (diff: 0)
   Contract: 1,084,235 APY
✅ Matched: Vinson Rackers -> Casey Rogers (Buffalo)
   Score: 100.0 | Rating: 64 vs 64 (diff: 0)
   Height: 76" vs 76" (diff: 0") | Weight: 305 vs 305 lbs (diff: 0)
   Handedness: 1 vs 1 (diff: 0) | Years Pro: 1 vs 1 (diff: 0)
   Contract: 960,000 APY
✅ Matched: Dirt Palazzi -> Chandler Zavala (Carolina)
   Score: 100.0 | Rating: 64 vs 64 (diff: 0)
   Height: 75" vs 75" (diff: 0") | Weight: 322 vs 322 lbs (diff: 0)
   Handedness: 1 vs 1 (diff: 0) | Years Pro: 2 vs 2 (diff: 0)
   Contract: 1,152,934 APY
✅ Matched: Carwell Bentzin -> Chazz Surratt (San Francisco)
   Score: 100.0 | Rating: 64 vs 64 (diff: 0)
   Height: 74" vs 74" (diff: 0") | Weight: 233 vs 233 lbs (diff: 0)
   Handedness: 1 vs 1 (diff: 0) | Years Pro: 4 vs 4 (diff: 0)
   Contract: 1,150,000 APY
✅ Matched: Young Pegram -> Chris Williams (Chicago)
   Score: 100.0 | Rating: 64 vs 64 (diff: 0)
   Height: 74" vs 74" (diff: 0") | Weight: 302 vs 302 lbs (diff: 0)
   Handedness: 1 vs 1 (diff: 0) | Years Pro: 4 vs 4 (diff: 0)
   Contract: 3,263,000 APY
✅ Matched: Othello Quirk -> Cole Turner (Washington)
   Score: 100.0 | Rating: 64 vs 64 (diff: 0)
   Height: 78" vs 78" (diff: 0") | Weight: 240 vs 240 lbs (diff: 0)
   Handedness: 1 vs 1 (diff: 0) | Years Pro: 3 vs 3 (diff: 0)
   Contract: 1,030,000 APY
✅ Matched: Rashod Mclenna -> Curtis Jacobs (Tennessee)
   Score: 100.0 | Rating: 64 vs 64 (diff: 0)
   Height: 74" vs 74" (diff: 0") | Weight: 241 vs 241 lbs (diff: 0)
   Handedness: 1 vs 1 (diff: 0) | Years Pro: 1 vs 1 (diff: 0)
   Contract: 960,000 APY
✅ Matched: Jeep Hix -> D'Marco Jackson (New Orleans)
   Score: 100.0 | Rating: 64 vs 64 (diff: 0)
   Height: 73" vs 73" (diff: 0") | Weight: 233 vs 233 lbs (diff: 0)
   Handedness: 1 vs 1 (diff: 0) | Years Pro: 3 vs 3 (diff: 0)
   Contract: 994,229 APY
⚠️  No contract: Biren Lagrand -> D.J. Montgomery (Indianapolis) - Using defaults
✅ Matched: Martell Brumbaugh -> Darian Kinnard (Philadelphia)
   Score: 100.0 | Rating: 64 vs 64 (diff: 0)
   Height: 77" vs 77" (diff: 0") | Weight: 322 vs 322 lbs (diff: 0)
   Handedness: 1 vs 1 (diff: 0) | Years Pro: 3 vs 3 (diff: 0)
   Contract: 1,022,500 APY
❌ No match: Quinten Healey (New York N) - Using defaults
⚠️  No contract: Jeremy Felber -> Dennis Daley (Jacksonville) - Using defaults
✅ Matched: Phil Halas -> Donovan Jennings (Green Bay)
   Score: 100.0 | Rating: 64 vs 64 (diff: 0)
   Height: 76" vs 76" (diff: 0") | Weight: 323 vs 323 lbs (diff: 0)
   Handedness: 1 vs 1 (diff: 0) | Years Pro: 1 vs 1 (diff: 0)
   Contract: 840,000 APY
✅ Matched: Audray Remsberg -> Dylan McMahon (Los Angeles N)
   Score: 100.0 | Rating: 64 vs 64 (diff: 0)
   Height: 76" vs 76" (diff: 0") | Weight: 305 vs 305 lbs (diff: 0)
   Handedness: 1 vs 1 (diff: 0) | Years Pro: 1 vs 1 (diff: 0)
   Contract: 960,000 APY
✅ Matched: Newton Crisler -> Elias Neal (Los Angeles N)
   Score: 100.0 | Rating: 64 vs 64 (diff: 0)
   Height: 72" vs 72" (diff: 0") | Weight: 227 vs 227 lbs (diff: 0)
   Handedness: 1 vs 1 (diff: 0) | Years Pro: 1 vs 1 (diff: 0)
   Contract: 960,000 APY
✅ Matched: Lavale Carimi -> Eric Gregory (Cincinnati)
   Score: 100.0 | Rating: 64 vs 64 (diff: 0)
   Height: 75" vs 75" (diff: 0") | Weight: 319 vs 319 lbs (diff: 0)
   Handedness: 1 vs 1 (diff: 0) | Years Pro: 0 vs 0 (diff: 0)
   Contract: 998,333 APY
⚠️  No contract: Reinard Chambers -> Fabien Lovett Sr (Kansas City) - Using defaults
✅ Matched: Pisa Massey -> Gabe Jeudy-Lally (Tennessee)
   Score: 100.0 | Rating: 64 vs 64 (diff: 0)
   Height: 73" vs 73" (diff: 0") | Weight: 189 vs 189 lbs (diff: 0)
   Handedness: 1 vs 1 (diff: 0) | Years Pro: 1 vs 1 (diff: 0)
   Contract: 960,000 APY
✅ Matched: Benjy Lafleur -> Garrett Dellinger (Baltimore)
   Score: 100.0 | Rating: 64 vs 64 (diff: 0)
   Height: 77" vs 77" (diff: 0") | Weight: 320 vs 320 lbs (diff: 0)
   Handedness: 1 vs 1 (diff: 0) | Years Pro: 0 vs 0 (diff: 0)
   Contract: 1,076,912 APY
✅ Matched: Shaun Harbour -> Gary Brightwell (Cincinnati)
   Score: 100.0 | Rating: 64 vs 64 (diff: 0)
   Height: 73" vs 73" (diff: 0") | Weight: 218 vs 218 lbs (diff: 0)
   Handedness: 1 vs 1 (diff: 0) | Years Pro: 4 vs 4 (diff: 0)
   Contract: 1,100,000 APY
✅ Matched: Pago Mccrumbly -> Gavin Bartholomew (Minnesota)
   Score: 100.0 | Rating: 64 vs 64 (diff: 0)
   Height: 77" vs 77" (diff: 0") | Weight: 246 vs 246 lbs (diff: 0)
   Handedness: 1 vs 1 (diff: 0) | Years Pro: 0 vs 0 (diff: 0)
   Contract: 1,103,956 APY
✅ Matched: Priest Hrivnak -> George Holani (Seattle)
   Score: 100.0 | Rating: 64 vs 64 (diff: 0)
   Height: 70" vs 70" (diff: 0") | Weight: 208 vs 208 lbs (diff: 0)
   Handedness: 1 vs 1 (diff: 0) | Years Pro: 1 vs 1 (diff: 0)
   Contract: 877,500 APY
✅ Matched: Jerome Bergold -> Hunter Long (Jacksonville)
   Score: 100.0 | Rating: 64 vs 64 (diff: 0)
   Height: 77" vs 77" (diff: 0") | Weight: 253 vs 253 lbs (diff: 0)
   Handedness: 1 vs 1 (diff: 0) | Years Pro: 4 vs 4 (diff: 0)
   Contract: 2,500,000 APY
❌ No match: Perry Faust (New York A) - Using defaults
✅ Matched: Clive Rice -> Isaiah Land (Indianapolis)
   Score: 100.0 | Rating: 64 vs 64 (diff: 0)
   Height: 76" vs 76" (diff: 0") | Weight: 236 vs 236 lbs (diff: 0)
   Handedness: 1 vs 1 (diff: 0) | Years Pro: 2 vs 2 (diff: 0)
   Contract: 900,000 APY
✅ Matched: Albie Aronson -> J.J. Roberts (Tampa Bay)
   Score: 100.0 | Rating: 64 vs 64 (diff: 0)
   Height: 71" vs 71" (diff: 0") | Weight: 192 vs 192 lbs (diff: 0)
   Handedness: 1 vs 1 (diff: 0) | Years Pro: 0 vs 0 (diff: 0)
   Contract: 998,333 APY
✅ Matched: Grady Kraehe -> Jack Heflin (Los Angeles N)
   Score: 100.0 | Rating: 64 vs 64 (diff: 0)
   Height: 75" vs 75" (diff: 0") | Weight: 304 vs 304 lbs (diff: 0)
   Handedness: 1 vs 1 (diff: 0) | Years Pro: 4 vs 4 (diff: 0)
   Contract: 960,000 APY
✅ Matched: Ladarius Tovar -> Jacoby Windmon (Carolina)
   Score: 100.0 | Rating: 64 vs 64 (diff: 0)
   Height: 73" vs 73" (diff: 0") | Weight: 250 vs 250 lbs (diff: 0)
   Handedness: 1 vs 1 (diff: 0) | Years Pro: 1 vs 1 (diff: 0)
   Contract: 877,500 APY
✅ Matched: R-Kal Office -> Jalen McLeod (Jacksonville)
   Score: 100.0 | Rating: 64 vs 64 (diff: 0)
   Height: 74" vs 74" (diff: 0") | Weight: 241 vs 241 lbs (diff: 0)
   Handedness: 1 vs 1 (diff: 0) | Years Pro: 0 vs 0 (diff: 0)
   Contract: 1,107,632 APY
✅ Matched: Firpo Middlebrook -> Joe Giles-Harris (Cincinnati)
   Score: 100.0 | Rating: 64 vs 64 (diff: 0)
   Height: 74" vs 74" (diff: 0") | Weight: 234 vs 234 lbs (diff: 0)
   Handedness: 1 vs 1 (diff: 0) | Years Pro: 6 vs 6 (diff: 0)
   Contract: 1,100,000 APY
✅ Matched: Tanner Nicolas -> Joey Blount (Arizona)
   Score: 100.0 | Rating: 64 vs 64 (diff: 0)
   Height: 73" vs 73" (diff: 0") | Weight: 201 vs 201 lbs (diff: 0)
   Handedness: 1 vs 1 (diff: 0) | Years Pro: 3 vs 3 (diff: 0)
   Contract: 1,875,000 APY
✅ Matched: Fulton Sparenberg -> Jon Rhattigan (Carolina)
   Score: 100.0 | Rating: 64 vs 64 (diff: 0)
   Height: 72" vs 72" (diff: 0") | Weight: 236 vs 236 lbs (diff: 0)
   Handedness: 1 vs 1 (diff: 0) | Years Pro: 4 vs 4 (diff: 0)
   Contract: 1,450,000 APY
✅ Matched: Stephon Lippett -> Josh Thompson (Atlanta)
   Score: 100.0 | Rating: 64 vs 64 (diff: 0)
   Height: 72" vs 72" (diff: 0") | Weight: 194 vs 194 lbs (diff: 0)
   Handedness: 1 vs 1 (diff: 0) | Years Pro: 3 vs 3 (diff: 0)
   Contract: 960,000 APY
❌ No match: Angelo Unutoa (New York N) - Using defaults
✅ Matched: Cal Richins -> Josiah Ezirim (New Orleans)
   Score: 100.0 | Rating: 64 vs 64 (diff: 0)
   Height: 78" vs 78" (diff: 0") | Weight: 329 vs 329 lbs (diff: 0)
   Handedness: 1 vs 1 (diff: 0) | Years Pro: 1 vs 1 (diff: 0)
   Contract: 840,000 APY
✅ Matched: Richard Currie -> Julius Wood (Tennessee)
   Score: 100.0 | Rating: 64 vs 64 (diff: 0)
   Height: 73" vs 73" (diff: 0") | Weight: 193 vs 193 lbs (diff: 0)
   Handedness: 1 vs 1 (diff: 0) | Years Pro: 1 vs 1 (diff: 0)
   Contract: 948,333 APY
✅ Matched: Martrez Milligan -> Junior Bergen (San Francisco)
   Score: 100.0 | Rating: 64 vs 64 (diff: 0)
   Height: 70" vs 70" (diff: 0") | Weight: 184 vs 184 lbs (diff: 0)
   Handedness: 1 vs 1 (diff: 0) | Years Pro: 0 vs 0 (diff: 0)
   Contract: 1,075,418 APY
✅ Matched: Jarius Hooligan -> Justin Shorter (Las Vegas)
   Score: 100.0 | Rating: 64 vs 64 (diff: 0)
   Height: 76" vs 76" (diff: 0") | Weight: 223 vs 223 lbs (diff: 0)
   Handedness: 1 vs 1 (diff: 0) | Years Pro: 2 vs 2 (diff: 0)
   Contract: 915,000 APY
✅ Matched: Quan Mccormick -> Justin Dedich (Los Angeles N)
   Score: 100.0 | Rating: 64 vs 64 (diff: 0)
   Height: 74" vs 74" (diff: 0") | Weight: 300 vs 300 lbs (diff: 0)
   Handedness: 1 vs 1 (diff: 0) | Years Pro: 1 vs 1 (diff: 0)
   Contract: 795,000 APY
✅ Matched: Shaky Garlich -> Kaimon Rucker (Baltimore)
   Score: 100.0 | Rating: 64 vs 64 (diff: 0)
   Height: 73" vs 73" (diff: 0") | Weight: 255 vs 255 lbs (diff: 0)
   Handedness: 1 vs 1 (diff: 0) | Years Pro: 0 vs 0 (diff: 0)
   Contract: 988,333 APY
✅ Matched: Erik Affholter -> Keidron Smith (Denver)
   Score: 100.0 | Rating: 64 vs 64 (diff: 0)
   Height: 74" vs 74" (diff: 0") | Weight: 210 vs 210 lbs (diff: 0)
   Handedness: 1 vs 1 (diff: 0) | Years Pro: 2 vs 2 (diff: 0)
   Contract: 960,000 APY
✅ Matched: Antoine Majkowski -> Kendall Williamson (Los Angeles A)
   Score: 100.0 | Rating: 64 vs 64 (diff: 0)
   Height: 73" vs 73" (diff: 0") | Weight: 203 vs 203 lbs (diff: 0)
   Handedness: 1 vs 1 (diff: 0) | Years Pro: 2 vs 2 (diff: 0)
   Contract: 960,000 APY
✅ Matched: Alois Chapman -> Kenny Yeboah (Detroit)
   Score: 100.0 | Rating: 64 vs 64 (diff: 0)
   Height: 75" vs 75" (diff: 0") | Weight: 250 vs 250 lbs (diff: 0)
   Handedness: 1 vs 1 (diff: 0) | Years Pro: 4 vs 4 (diff: 0)
   Contract: 1,337,500 APY
✅ Matched: Olanda Ruhman -> Kenny McIntosh (Seattle)
   Score: 100.0 | Rating: 64 vs 64 (diff: 0)
   Height: 72" vs 72" (diff: 0") | Weight: 210 vs 210 lbs (diff: 0)
   Handedness: 1 vs 1 (diff: 0) | Years Pro: 2 vs 2 (diff: 0)
   Contract: 982,713 APY
✅ Matched: Chartric Tepper -> Khalil Dorsey (Detroit)
   Score: 100.0 | Rating: 64 vs 64 (diff: 0)
   Height: 69" vs 69" (diff: 0") | Weight: 170 vs 170 lbs (diff: 0)
   Handedness: 1 vs 1 (diff: 0) | Years Pro: 5 vs 5 (diff: 0)
   Contract: 1,650,000 APY
✅ Matched: Win Fangupo -> Kobe King (Minnesota)
   Score: 100.0 | Rating: 64 vs 64 (diff: 0)
   Height: 73" vs 73" (diff: 0") | Weight: 243 vs 243 lbs (diff: 0)
   Handedness: 1 vs 1 (diff: 0) | Years Pro: 0 vs 0 (diff: 0)
   Contract: 1,104,767 APY
✅ Matched: Alton Boose -> LaCale London (Atlanta)
   Score: 100.0 | Rating: 64 vs 64 (diff: 0)
   Height: 75" vs 75" (diff: 0") | Weight: 297 vs 297 lbs (diff: 0)
   Handedness: 1 vs 1 (diff: 0) | Years Pro: 5 vs 5 (diff: 0)
   Contract: 960,000 APY
✅ Matched: Jeff Bukaty -> LaDarius Henderson (Houston)
   Score: 100.0 | Rating: 64 vs 64 (diff: 0)
   Height: 76" vs 76" (diff: 0") | Weight: 309 vs 309 lbs (diff: 0)
   Handedness: 1 vs 1 (diff: 0) | Years Pro: 1 vs 1 (diff: 0)
   Contract: 1,025,929 APY
✅ Matched: Elroy Willging -> Liam McCullough (Atlanta)
   Score: 100.0 | Rating: 64 vs 64 (diff: 0)
   Height: 74" vs 74" (diff: 0") | Weight: 247 vs 247 lbs (diff: 0)
   Handedness: 1 vs 1 (diff: 0) | Years Pro: 4 vs 4 (diff: 0)
   Contract: 1,445,000 APY
✅ Matched: Norm Bostic -> Loren Strickland (Detroit)
   Score: 100.0 | Rating: 64 vs 64 (diff: 0)
   Height: 69" vs 69" (diff: 0") | Weight: 202 vs 202 lbs (diff: 0)
   Handedness: 1 vs 1 (diff: 0) | Years Pro: 1 vs 1 (diff: 0)
   Contract: 960,000 APY
✅ Matched: Tandon Parker -> Lucas Krull (Denver)
   Score: 100.0 | Rating: 64 vs 64 (diff: 0)
   Height: 78" vs 78" (diff: 0") | Weight: 253 vs 253 lbs (diff: 0)
   Handedness: 1 vs 1 (diff: 0) | Years Pro: 2 vs 2 (diff: 0)
   Contract: 1,030,000 APY
✅ Matched: Tamba Venuto -> Luke Haggard (Tampa Bay)
   Score: 100.0 | Rating: 64 vs 64 (diff: 0)
   Height: 78" vs 78" (diff: 0") | Weight: 305 vs 305 lbs (diff: 0)
   Handedness: 1 vs 1 (diff: 0) | Years Pro: 2 vs 2 (diff: 0)
   Contract: 840,000 APY
✅ Matched: Ox Lucier -> Luke Lachey (Houston)
   Score: 100.0 | Rating: 64 vs 64 (diff: 0)
   Height: 78" vs 78" (diff: 0") | Weight: 250 vs 250 lbs (diff: 0)
   Handedness: 1 vs 1 (diff: 0) | Years Pro: 0 vs 0 (diff: 0)
   Contract: 1,075,418 APY
✅ Matched: Mal Mariani -> Luke Farrell (San Francisco)
   Score: 100.0 | Rating: 64 vs 64 (diff: 0)
   Height: 77" vs 77" (diff: 0") | Weight: 250 vs 250 lbs (diff: 0)
   Handedness: 1 vs 1 (diff: 0) | Years Pro: 4 vs 4 (diff: 0)
   Contract: 5,250,000 APY
✅ Matched: Ryan Lundy -> Marcus Bryant (New England)
   Score: 100.0 | Rating: 64 vs 64 (diff: 0)
   Height: 79" vs 79" (diff: 0") | Weight: 317 vs 317 lbs (diff: 0)
   Handedness: 1 vs 1 (diff: 0) | Years Pro: 0 vs 0 (diff: 0)
   Contract: 1,087,082 APY
✅ Matched: Tiki Meisner -> Mario Goodrich (Denver)
   Score: 100.0 | Rating: 64 vs 64 (diff: 0)
   Height: 72" vs 72" (diff: 0") | Weight: 191 vs 191 lbs (diff: 0)
   Handedness: 1 vs 1 (diff: 0) | Years Pro: 2 vs 2 (diff: 0)
   Contract: 1,030,000 APY
✅ Matched: Natrone Boling -> Mark Robinson (Pittsburgh)
   Score: 100.0 | Rating: 64 vs 64 (diff: 0)
   Height: 71" vs 71" (diff: 0") | Weight: 235 vs 235 lbs (diff: 0)
   Handedness: 1 vs 1 (diff: 0) | Years Pro: 3 vs 3 (diff: 0)
   Contract: 943,089 APY
✅ Matched: Otto Clemens -> Marquise Robinson (Baltimore)
   Score: 100.0 | Rating: 64 vs 64 (diff: 0)
   Height: 72" vs 72" (diff: 0") | Weight: 192 vs 192 lbs (diff: 0)
   Handedness: 1 vs 1 (diff: 0) | Years Pro: 0 vs 0 (diff: 0)
   Contract: 990,000 APY
⚠️  No contract: Les Spiller -> Matt Waletzko (Dallas) - Using defaults
✅ Matched: Ramondo Junkin -> Mike Brown (Tennessee)
   Score: 100.0 | Rating: 64 vs 64 (diff: 0)
   Height: 73" vs 73" (diff: 0") | Weight: 222 vs 222 lbs (diff: 0)
   Handedness: 1 vs 1 (diff: 0) | Years Pro: 3 vs 3 (diff: 0)
   Contract: 1,100,000 APY
✅ Matched: Mule Spurlock -> Mike Caliendo (Kansas City)
   Score: 100.0 | Rating: 64 vs 64 (diff: 0)
   Height: 76" vs 76" (diff: 0") | Weight: 301 vs 301 lbs (diff: 0)
   Handedness: 1 vs 1 (diff: 0) | Years Pro: 3 vs 3 (diff: 0)
   Contract: 1,030,000 APY
✅ Matched: Hewritt Anelli -> Mitchell Tinsley (Cincinnati)
   Score: 100.0 | Rating: 64 vs 64 (diff: 0)
   Height: 73" vs 73" (diff: 0") | Weight: 205 vs 205 lbs (diff: 0)
   Handedness: 1 vs 1 (diff: 0) | Years Pro: 2 vs 2 (diff: 0)
   Contract: 960,000 APY
✅ Matched: Wayland Patrick -> Mitchell Trubisky (Buffalo)
   Score: 100.0 | Rating: 64 vs 64 (diff: 0)
   Height: 74" vs 74" (diff: 0") | Weight: 220 vs 220 lbs (diff: 0)
   Handedness: 1 vs 1 (diff: 0) | Years Pro: 8 vs 8 (diff: 0)
   Contract: 2,625,000 APY
✅ Matched: Hayward Schwall -> Nikko Reed (Los Angeles A)
   Score: 100.0 | Rating: 64 vs 64 (diff: 0)
   Height: 69" vs 69" (diff: 0") | Weight: 183 vs 183 lbs (diff: 0)
   Handedness: 1 vs 1 (diff: 0) | Years Pro: 0 vs 0 (diff: 0)
   Contract: 993,333 APY
✅ Matched: Juaquin Haggins -> Ochaun Mathis (Philadelphia)
   Score: 100.0 | Rating: 64 vs 64 (diff: 0)
   Height: 76" vs 76" (diff: 0") | Weight: 247 vs 247 lbs (diff: 0)
   Handedness: 1 vs 1 (diff: 0) | Years Pro: 2 vs 2 (diff: 0)
   Contract: 1,030,000 APY
✅ Matched: Loyd Sacksteder -> Patrick McMorris (Miami)
   Score: 100.0 | Rating: 64 vs 64 (diff: 0)
   Height: 72" vs 72" (diff: 0") | Weight: 210 vs 210 lbs (diff: 0)
   Handedness: 1 vs 1 (diff: 0) | Years Pro: 1 vs 1 (diff: 0)
   Contract: 1,049,941 APY
❌ No match: Monte Orlich (New York A) - Using defaults
✅ Matched: Stevenson Donchez -> Quindell Johnson (Pittsburgh)
   Score: 100.0 | Rating: 64 vs 64 (diff: 0)
   Height: 72" vs 72" (diff: 0") | Weight: 206 vs 206 lbs (diff: 0)
   Handedness: 1 vs 1 (diff: 0) | Years Pro: 2 vs 2 (diff: 0)
   Contract: 960,000 APY
✅ Matched: Auston Best -> Quinton Bell (Miami)
   Score: 100.0 | Rating: 64 vs 64 (diff: 0)
   Height: 76" vs 76" (diff: 0") | Weight: 253 vs 253 lbs (diff: 0)
   Handedness: 1 vs 1 (diff: 0) | Years Pro: 7 vs 7 (diff: 0)
   Contract: 1,505,000 APY
✅ Matched: Jared Salata -> Rashad Wisdom (Tampa Bay)
   Score: 100.0 | Rating: 64 vs 64 (diff: 0)
   Height: 69" vs 69" (diff: 0") | Weight: 203 vs 203 lbs (diff: 0)
   Handedness: 1 vs 1 (diff: 0) | Years Pro: 1 vs 1 (diff: 0)
   Contract: 840,000 APY
✅ Matched: Toby Svitek -> Seth McLaughlin (Cincinnati)
   Score: 100.0 | Rating: 64 vs 64 (diff: 0)
   Height: 76" vs 76" (diff: 0") | Weight: 304 vs 304 lbs (diff: 0)
   Handedness: 1 vs 1 (diff: 0) | Years Pro: 0 vs 0 (diff: 0)
   Contract: 993,333 APY
✅ Matched: Tubby Flick -> Sidy Sow (New England)
   Score: 100.0 | Rating: 64 vs 64 (diff: 0)
   Height: 77" vs 77" (diff: 0") | Weight: 326 vs 326 lbs (diff: 0)
   Handedness: 1 vs 1 (diff: 0) | Years Pro: 2 vs 2 (diff: 0)
   Contract: 1,151,028 APY
✅ Matched: Lake Bruder -> Skylar Thompson (Pittsburgh)
   Score: 100.0 | Rating: 64 vs 64 (diff: 0)
   Height: 74" vs 74" (diff: 0") | Weight: 219 vs 219 lbs (diff: 0)
   Handedness: 1 vs 1 (diff: 0) | Years Pro: 3 vs 3 (diff: 0)
   Contract: 1,100,000 APY
✅ Matched: Hank Lathrop -> Spencer Anderson (Pittsburgh)
   Score: 100.0 | Rating: 64 vs 64 (diff: 0)
   Height: 77" vs 77" (diff: 0") | Weight: 305 vs 305 lbs (diff: 0)
   Handedness: 1 vs 1 (diff: 0) | Years Pro: 2 vs 2 (diff: 0)
   Contract: 979,444 APY
✅ Matched: Shawn Hazelton -> Tanner McLachlan (Cincinnati)
   Score: 100.0 | Rating: 64 vs 64 (diff: 0)
   Height: 77" vs 77" (diff: 0") | Weight: 244 vs 244 lbs (diff: 0)
   Handedness: 1 vs 1 (diff: 0) | Years Pro: 1 vs 1 (diff: 0)
   Contract: 1,050,764 APY
✅ Matched: Ramey Kafentzis -> Tim Jones (Minnesota)
   Score: 100.0 | Rating: 64 vs 64 (diff: 0)
   Height: 73" vs 73" (diff: 0") | Weight: 200 vs 200 lbs (diff: 0)
   Handedness: 1 vs 1 (diff: 0) | Years Pro: 4 vs 4 (diff: 0)
   Contract: 1,870,000 APY
❌ No match: Kelechi Kusko (New York N) - Using defaults
✅ Matched: Wuert Hufford -> Travis Glover (Green Bay)
   Score: 100.0 | Rating: 64 vs 64 (diff: 0)
   Height: 78" vs 78" (diff: 0") | Weight: 317 vs 317 lbs (diff: 0)
   Handedness: 1 vs 1 (diff: 0) | Years Pro: 1 vs 1 (diff: 0)
   Contract: 1,047,845 APY
✅ Matched: Lavelle Raskowski -> Trevor Nowaske (Detroit)
   Score: 100.0 | Rating: 64 vs 64 (diff: 0)
   Height: 75" vs 75" (diff: 0") | Weight: 235 vs 235 lbs (diff: 0)
   Handedness: 1 vs 1 (diff: 0) | Years Pro: 2 vs 2 (diff: 0)
   Contract: 898,333 APY
✅ Matched: Vinnie Holub -> Tyler Cooper (Green Bay)
   Score: 100.0 | Rating: 64 vs 64 (diff: 0)
   Height: 77" vs 77" (diff: 0") | Weight: 302 vs 302 lbs (diff: 0)
   Handedness: 1 vs 1 (diff: 0) | Years Pro: 0 vs 0 (diff: 0)
   Contract: 993,333 APY
✅ Matched: Lex Blahak -> Will Howard (Pittsburgh)
   Score: 100.0 | Rating: 64 vs 64 (diff: 0)
   Height: 76" vs 76" (diff: 0") | Weight: 236 vs 236 lbs (diff: 0)
   Handedness: 1 vs 1 (diff: 0) | Years Pro: 0 vs 0 (diff: 0)
   Contract: 1,112,025 APY
❌ No match: Erin Baham (New York A) - Using defaults
⚠️  No contract: Bodie Burrough -> AJ Finley (Seattle) - Using defaults
⚠️  No contract: Daryl Melontree -> Andre Jones Jr (Washington) - Using defaults
✅ Matched: Trevor Pouncey -> Andrew Stueber (Cincinnati)
   Score: 100.0 | Rating: 63 vs 63 (diff: 0)
   Height: 78" vs 78" (diff: 0") | Weight: 312 vs 312 lbs (diff: 0)
   Handedness: 1 vs 1 (diff: 0) | Years Pro: 3 vs 3 (diff: 0)
   Contract: 795,000 APY
✅ Matched: Cletis Sheldon -> Arron Mosby (Green Bay)
   Score: 100.0 | Rating: 63 vs 63 (diff: 0)
   Height: 76" vs 76" (diff: 0") | Weight: 245 vs 245 lbs (diff: 0)
   Handedness: 1 vs 1 (diff: 0) | Years Pro: 3 vs 3 (diff: 0)
   Contract: 1,030,000 APY
✅ Matched: Ink Doubiago -> Austin Trammell (Jacksonville)
   Score: 100.0 | Rating: 63 vs 63 (diff: 0)
   Height: 70" vs 70" (diff: 0") | Weight: 185 vs 185 lbs (diff: 0)
   Handedness: 1 vs 1 (diff: 0) | Years Pro: 4 vs 4 (diff: 0)
   Contract: 1,030,000 APY
⚠️  No contract: Isham Cowart -> Baylon Spector (Buffalo) - Using defaults
✅ Matched: Hippo Opalewski -> Beau Brade (Baltimore)
   Score: 100.0 | Rating: 63 vs 63 (diff: 0)
   Height: 72" vs 72" (diff: 0") | Weight: 203 vs 203 lbs (diff: 0)
   Handedness: 1 vs 1 (diff: 0) | Years Pro: 1 vs 1 (diff: 0)
   Contract: 951,667 APY
✅ Matched: Brice Krahl -> Ben Brown (New England)
   Score: 100.0 | Rating: 63 vs 63 (diff: 0)
   Height: 77" vs 77" (diff: 0") | Weight: 312 vs 312 lbs (diff: 0)
   Handedness: 1 vs 1 (diff: 0) | Years Pro: 4 vs 4 (diff: 0)
   Contract: 1,030,000 APY
✅ Matched: Parnell Port -> Bobby Hart (Washington)
   Score: 100.0 | Rating: 63 vs 63 (diff: 0)
   Height: 77" vs 77" (diff: 0") | Weight: 310 vs 310 lbs (diff: 0)
   Handedness: 1 vs 1 (diff: 0) | Years Pro: 10 vs 10 (diff: 0)
   Contract: 1,255,000 APY
✅ Matched: Odell Suess -> Brayden Willis (San Francisco)
   Score: 100.0 | Rating: 63 vs 63 (diff: 0)
   Height: 76" vs 76" (diff: 0") | Weight: 240 vs 240 lbs (diff: 0)
   Handedness: 1 vs 1 (diff: 0) | Years Pro: 2 vs 2 (diff: 0)
   Contract: 1,030,000 APY
✅ Matched: Benji Giannoni -> Cal Adomitis (Cincinnati)
   Score: 100.0 | Rating: 63 vs 63 (diff: 0)
   Height: 74" vs 74" (diff: 0") | Weight: 238 vs 238 lbs (diff: 0)
   Handedness: 1 vs 1 (diff: 0) | Years Pro: 3 vs 3 (diff: 0)
   Contract: 1,100,000 APY
✅ Matched: Rahim Rainey -> Cam Camper (Jacksonville)
   Score: 100.0 | Rating: 63 vs 63 (diff: 0)
   Height: 75" vs 75" (diff: 0") | Weight: 198 vs 198 lbs (diff: 0)
   Handedness: 1 vs 1 (diff: 0) | Years Pro: 0 vs 0 (diff: 0)
   Contract: 990,000 APY
✅ Matched: Reid Enich -> Cam Riley (New England)
   Score: 100.0 | Rating: 63 vs 63 (diff: 0)
   Height: 76" vs 76" (diff: 0") | Weight: 228 vs 228 lbs (diff: 0)
   Handedness: 1 vs 1 (diff: 0) | Years Pro: 0 vs 0 (diff: 0)
   Contract: 991,667 APY
✅ Matched: Derick Corto -> Cameron McGrone (Indianapolis)
   Score: 100.0 | Rating: 63 vs 63 (diff: 0)
   Height: 73" vs 73" (diff: 0") | Weight: 236 vs 236 lbs (diff: 0)
   Handedness: 1 vs 1 (diff: 0) | Years Pro: 4 vs 4 (diff: 0)
   Contract: 1,100,000 APY
⚠️  No contract: Micah Gross -> Carlos Washington Jr (Atlanta) - Using defaults
✅ Matched: Desmond Vollers -> Case Keenum (Chicago)
   Score: 100.0 | Rating: 63 vs 63 (diff: 0)
   Height: 73" vs 73" (diff: 0") | Weight: 206 vs 206 lbs (diff: 0)
   Handedness: 1 vs 1 (diff: 0) | Years Pro: 13 vs 13 (diff: 0)
   Contract: 2,250,000 APY
✅ Matched: Simon Winters -> Charlie Heck (Tampa Bay)
   Score: 100.0 | Rating: 63 vs 63 (diff: 0)
   Height: 80" vs 80" (diff: 0") | Weight: 311 vs 311 lbs (diff: 0)
   Handedness: 1 vs 1 (diff: 0) | Years Pro: 5 vs 5 (diff: 0)
   Contract: 1,570,000 APY
✅ Matched: Brenard Lawton -> Christopher Hinton (Los Angeles A)
   Score: 100.0 | Rating: 63 vs 63 (diff: 0)
   Height: 76" vs 76" (diff: 0") | Weight: 310 vs 310 lbs (diff: 0)
   Handedness: 1 vs 1 (diff: 0) | Years Pro: 3 vs 3 (diff: 0)
   Contract: 1,030,000 APY
✅ Matched: Vontaze Tomlin -> Claudin Cherelus (Carolina)
   Score: 100.0 | Rating: 63 vs 63 (diff: 0)
   Height: 74" vs 74" (diff: 0") | Weight: 230 vs 230 lbs (diff: 0)
   Handedness: 1 vs 1 (diff: 0) | Years Pro: 2 vs 2 (diff: 0)
   Contract: 900,000 APY
✅ Matched: Rabih Castillo -> Clay Webb (Denver)
   Score: 100.0 | Rating: 63 vs 63 (diff: 0)
   Height: 76" vs 76" (diff: 0") | Weight: 312 vs 312 lbs (diff: 0)
   Handedness: 1 vs 1 (diff: 0) | Years Pro: 0 vs 0 (diff: 0)
   Contract: 993,333 APY
✅ Matched: Lindy Podmajersky -> Colby Sorsdal (Detroit)
   Score: 100.0 | Rating: 63 vs 63 (diff: 0)
   Height: 78" vs 78" (diff: 0") | Weight: 304 vs 304 lbs (diff: 0)
   Handedness: 1 vs 1 (diff: 0) | Years Pro: 2 vs 2 (diff: 0)
   Contract: 1,040,021 APY
✅ Matched: Je'Rod Rubley -> Connor Colby (San Francisco)
   Score: 100.0 | Rating: 63 vs 63 (diff: 0)
   Height: 78" vs 78" (diff: 0") | Weight: 309 vs 309 lbs (diff: 0)
   Handedness: 1 vs 1 (diff: 0) | Years Pro: 0 vs 0 (diff: 0)
   Contract: 1,075,418 APY
✅ Matched: Kenyatta Gelatka -> Corey Levin (Tennessee)
   Score: 100.0 | Rating: 63 vs 63 (diff: 0)
   Height: 76" vs 76" (diff: 0") | Weight: 307 vs 307 lbs (diff: 0)
   Handedness: 1 vs 1 (diff: 0) | Years Pro: 7 vs 7 (diff: 0)
   Contract: 1,255,000 APY
✅ Matched: Stein Burt -> Corey Thornton (Carolina)
   Score: 100.0 | Rating: 63 vs 63 (diff: 0)
   Height: 73" vs 73" (diff: 0") | Weight: 193 vs 193 lbs (diff: 0)
   Handedness: 1 vs 1 (diff: 0) | Years Pro: 0 vs 0 (diff: 0)
   Contract: 991,667 APY
✅ Matched: Noland Holiday -> D'Angelo Ross (Houston)
   Score: 100.0 | Rating: 63 vs 63 (diff: 0)
   Height: 69" vs 69" (diff: 0") | Weight: 190 vs 190 lbs (diff: 0)
   Handedness: 1 vs 1 (diff: 0) | Years Pro: 4 vs 4 (diff: 0)
   Contract: 985,000 APY
⚠️  No contract: Vonta Arbuckle -> D'Shawn Jamison (Pittsburgh) - Using defaults
✅ Matched: Owen Bolinger -> Desjuan Johnson (Los Angeles N)
   Score: 100.0 | Rating: 63 vs 63 (diff: 0)
   Height: 74" vs 74" (diff: 0") | Weight: 285 vs 285 lbs (diff: 0)
   Handedness: 1 vs 1 (diff: 0) | Years Pro: 2 vs 2 (diff: 0)
   Contract: 979,444 APY
✅ Matched: Glenell Chavous -> Devin Harper (Pittsburgh)
   Score: 100.0 | Rating: 63 vs 63 (diff: 0)
   Height: 72" vs 72" (diff: 0") | Weight: 234 vs 234 lbs (diff: 0)
   Handedness: 1 vs 1 (diff: 0) | Years Pro: 3 vs 3 (diff: 0)
   Contract: 1,030,000 APY
✅ Matched: Bethel Jean-Batiste -> Elijah Campbell (Miami)
   Score: 100.0 | Rating: 63 vs 63 (diff: 0)
   Height: 71" vs 71" (diff: 0") | Weight: 195 vs 195 lbs (diff: 0)
   Handedness: 1 vs 1 (diff: 0) | Years Pro: 7 vs 7 (diff: 0)
   Contract: 1,900,000 APY
✅ Matched: Gibran Mularkey -> Emani Bailey (Carolina)
   Score: 100.0 | Rating: 63 vs 63 (diff: 0)
   Height: 68" vs 68" (diff: 0") | Weight: 206 vs 206 lbs (diff: 0)
   Handedness: 1 vs 1 (diff: 0) | Years Pro: 1 vs 1 (diff: 0)
   Contract: 840,000 APY
✅ Matched: Chike Brockington -> Ethan Downs (Jacksonville)
   Score: 100.0 | Rating: 63 vs 63 (diff: 0)
   Height: 76" vs 76" (diff: 0") | Weight: 269 vs 269 lbs (diff: 0)
   Handedness: 1 vs 1 (diff: 0) | Years Pro: 0 vs 0 (diff: 0)
   Contract: 991,667 APY
✅ Matched: Aki Ellerbe -> Eugene Asante (Miami)
   Score: 100.0 | Rating: 63 vs 63 (diff: 0)
   Height: 73" vs 73" (diff: 0") | Weight: 219 vs 219 lbs (diff: 0)
   Handedness: 1 vs 1 (diff: 0) | Years Pro: 0 vs 0 (diff: 0)
   Contract: 991,667 APY
✅ Matched: Dorian Hermann -> Frank Crum (Denver)
   Score: 100.0 | Rating: 63 vs 63 (diff: 0)
   Height: 80" vs 80" (diff: 0") | Weight: 315 vs 315 lbs (diff: 0)
   Handedness: 1 vs 1 (diff: 0) | Years Pro: 1 vs 1 (diff: 0)
   Contract: 951,667 APY
✅ Matched: Kemp Ricardo -> Garmon Randolph (Los Angeles A)
   Score: 100.0 | Rating: 63 vs 63 (diff: 0)
   Height: 78" vs 78" (diff: 0") | Weight: 265 vs 265 lbs (diff: 0)
   Handedness: 1 vs 1 (diff: 0) | Years Pro: 0 vs 0 (diff: 0)
   Contract: 995,000 APY
✅ Matched: Leeland Fazande -> Grant Stuard (Detroit)
   Score: 100.0 | Rating: 63 vs 63 (diff: 0)
   Height: 71" vs 71" (diff: 0") | Weight: 230 vs 230 lbs (diff: 0)
   Handedness: 1 vs 1 (diff: 0) | Years Pro: 4 vs 4 (diff: 0)
   Contract: 1,700,000 APY
✅ Matched: Larue Foggie -> Grayson Murphy (Miami)
   Score: 100.0 | Rating: 63 vs 63 (diff: 0)
   Height: 74" vs 74" (diff: 0") | Weight: 260 vs 260 lbs (diff: 0)
   Handedness: 1 vs 1 (diff: 0) | Years Pro: 1 vs 1 (diff: 0)
   Contract: 946,667 APY
✅ Matched: Lavon Sandeman -> Hakeem Adeniji (Dallas)
   Score: 100.0 | Rating: 63 vs 63 (diff: 0)
   Height: 76" vs 76" (diff: 0") | Weight: 315 vs 315 lbs (diff: 0)
   Handedness: 1 vs 1 (diff: 0) | Years Pro: 5 vs 5 (diff: 0)
   Contract: 1,170,000 APY
✅ Matched: Vince Obee -> Jack Stoll (New Orleans)
   Score: 100.0 | Rating: 63 vs 63 (diff: 0)
   Height: 76" vs 76" (diff: 0") | Weight: 247 vs 247 lbs (diff: 0)
   Handedness: 1 vs 1 (diff: 0) | Years Pro: 4 vs 4 (diff: 0)
   Contract: 1,362,500 APY
✅ Matched: Fakhir Hanousek -> Jack Nelson (Atlanta)
   Score: 100.0 | Rating: 63 vs 63 (diff: 0)
   Height: 79" vs 79" (diff: 0") | Weight: 318 vs 318 lbs (diff: 0)
   Handedness: 1 vs 1 (diff: 0) | Years Pro: 0 vs 0 (diff: 0)
   Contract: 1,088,154 APY
✅ Matched: Warren Townsell -> Jah Joyner (Las Vegas)
   Score: 100.0 | Rating: 63 vs 63 (diff: 0)
   Height: 76" vs 76" (diff: 0") | Weight: 262 vs 262 lbs (diff: 0)
   Handedness: 1 vs 1 (diff: 0) | Years Pro: 0 vs 0 (diff: 0)
   Contract: 993,333 APY
✅ Matched: Herbert Dyal -> Jahmal Banks (Baltimore)
   Score: 100.0 | Rating: 63 vs 63 (diff: 0)
   Height: 75" vs 75" (diff: 0") | Weight: 218 vs 218 lbs (diff: 0)
   Handedness: 1 vs 1 (diff: 0) | Years Pro: 0 vs 0 (diff: 0)
   Contract: 990,667 APY
✅ Matched: Lawrence Peace -> Jake Briningstool (Kansas City)
   Score: 100.0 | Rating: 63 vs 63 (diff: 0)
   Height: 78" vs 78" (diff: 0") | Weight: 241 vs 241 lbs (diff: 0)
   Handedness: 1 vs 1 (diff: 0) | Years Pro: 0 vs 0 (diff: 0)
   Contract: 998,333 APY
✅ Matched: Myrl Longwell -> Jake Hansen (Houston)
   Score: 100.0 | Rating: 63 vs 63 (diff: 0)
   Height: 73" vs 73" (diff: 0") | Weight: 235 vs 235 lbs (diff: 0)
   Handedness: 1 vs 1 (diff: 0) | Years Pro: 3 vs 3 (diff: 0)
   Contract: 1,700,000 APY
✅ Matched: Zip Newashe -> Jake Curhan (Arizona)
   Score: 100.0 | Rating: 63 vs 63 (diff: 0)
   Height: 78" vs 78" (diff: 0") | Weight: 316 vs 316 lbs (diff: 0)
   Handedness: 1 vs 1 (diff: 0) | Years Pro: 4 vs 4 (diff: 0)
   Contract: 1,195,000 APY
✅ Matched: Val Piggott -> Jake Haener (New Orleans)
   Score: 100.0 | Rating: 63 vs 63 (diff: 0)
   Height: 73" vs 73" (diff: 0") | Weight: 200 vs 200 lbs (diff: 0)
   Handedness: 1 vs 1 (diff: 0) | Years Pro: 2 vs 2 (diff: 0)
   Contract: 1,136,204 APY
✅ Matched: Rishard Mauti -> Jamarco Jones (Detroit)
   Score: 100.0 | Rating: 63 vs 63 (diff: 0)
   Height: 76" vs 76" (diff: 0") | Weight: 293 vs 293 lbs (diff: 0)
   Handedness: 1 vs 1 (diff: 0) | Years Pro: 7 vs 7 (diff: 0)
   Contract: 1,100,000 APY
❌ No match: Paige Fouts (New York N) - Using defaults
⚠️  No contract: Cassy Evans -> Jamon Dumas-Johnson (Green Bay) - Using defaults
✅ Matched: Jayron Hutchinson -> Javion Cohen (Cleveland)
   Score: 100.0 | Rating: 63 vs 63 (diff: 0)
   Height: 76" vs 76" (diff: 0") | Weight: 322 vs 322 lbs (diff: 0)
   Handedness: 1 vs 1 (diff: 0) | Years Pro: 1 vs 1 (diff: 0)
   Contract: 960,000 APY
✅ Matched: Keion Harrison -> Jaylen Harrell (Tennessee)
   Score: 100.0 | Rating: 63 vs 63 (diff: 0)
   Height: 76" vs 76" (diff: 0") | Weight: 247 vs 247 lbs (diff: 0)
   Handedness: 1 vs 1 (diff: 0) | Years Pro: 1 vs 1 (diff: 0)
   Contract: 1,025,184 APY
✅ Matched: Errict Gueno -> John Humphrey (Las Vegas)
   Score: 100.0 | Rating: 63 vs 63 (diff: 0)
   Height: 74" vs 74" (diff: 0") | Weight: 193 vs 193 lbs (diff: 0)
   Handedness: 1 vs 1 (diff: 0) | Years Pro: 0 vs 0 (diff: 0)
   Contract: 992,333 APY
✅ Matched: Saleem Blakely -> John FitzPatrick (Green Bay)
   Score: 100.0 | Rating: 63 vs 63 (diff: 0)
   Height: 79" vs 79" (diff: 0") | Weight: 250 vs 250 lbs (diff: 0)
   Handedness: 1 vs 1 (diff: 0) | Years Pro: 3 vs 3 (diff: 0)
   Contract: 1,500,000 APY
⚠️  No contract: Morten Polowski -> John Stephens Jr (Dallas) - Using defaults
✅ Matched: Earsell Risher -> John Williams (Green Bay)
   Score: 100.0 | Rating: 63 vs 63 (diff: 0)
   Height: 76" vs 76" (diff: 0") | Weight: 322 vs 322 lbs (diff: 0)
   Handedness: 1 vs 1 (diff: 0) | Years Pro: 0 vs 0 (diff: 0)
   Contract: 1,075,418 APY
✅ Matched: Tiger Dyko -> Jonah Monheim (Jacksonville)
   Score: 100.0 | Rating: 63 vs 63 (diff: 0)
   Height: 76" vs 76" (diff: 0") | Weight: 303 vs 303 lbs (diff: 0)
   Handedness: 1 vs 1 (diff: 0) | Years Pro: 0 vs 0 (diff: 0)
   Contract: 1,086,077 APY
✅ Matched: Struggy Flattery -> Jonathan Ford (Chicago)
   Score: 100.0 | Rating: 63 vs 63 (diff: 0)
   Height: 77" vs 77" (diff: 0") | Weight: 338 vs 338 lbs (diff: 0)
   Handedness: 1 vs 1 (diff: 0) | Years Pro: 3 vs 3 (diff: 0)
   Contract: 1,030,000 APY
✅ Matched: Early Casey -> Josh Woods (Atlanta)
   Score: 100.0 | Rating: 63 vs 63 (diff: 0)
   Height: 73" vs 73" (diff: 0") | Weight: 230 vs 230 lbs (diff: 0)
   Handedness: 1 vs 1 (diff: 0) | Years Pro: 7 vs 7 (diff: 0)
   Contract: 1,170,000 APY
✅ Matched: Chon Lamb -> Julian Hill (Miami)
   Score: 100.0 | Rating: 63 vs 63 (diff: 0)
   Height: 76" vs 76" (diff: 0") | Weight: 251 vs 251 lbs (diff: 0)
   Handedness: 1 vs 1 (diff: 0) | Years Pro: 2 vs 2 (diff: 0)
   Contract: 902,500 APY
✅ Matched: Demetress Kostka -> Kameron Johnson (Tampa Bay)
   Score: 100.0 | Rating: 63 vs 63 (diff: 0)
   Height: 70" vs 70" (diff: 0") | Weight: 184 vs 184 lbs (diff: 0)
   Handedness: 1 vs 1 (diff: 0) | Years Pro: 1 vs 1 (diff: 0)
   Contract: 946,667 APY
✅ Matched: Thurman Doell -> Kayode Awosika (Detroit)
   Score: 100.0 | Rating: 63 vs 63 (diff: 0)
   Height: 77" vs 77" (diff: 0") | Weight: 315 vs 315 lbs (diff: 0)
   Handedness: 1 vs 1 (diff: 0) | Years Pro: 4 vs 4 (diff: 0)
   Contract: 1,400,000 APY
✅ Matched: Ove Deibel -> Kendell Brooks (Tennessee)
   Score: 100.0 | Rating: 63 vs 63 (diff: 0)
   Height: 72" vs 72" (diff: 0") | Weight: 206 vs 206 lbs (diff: 0)
   Handedness: 1 vs 1 (diff: 0) | Years Pro: 2 vs 2 (diff: 0)
   Contract: 795,000 APY
✅ Matched: Kahlil Virkus -> Kendric Pryor (Cincinnati)
   Score: 100.0 | Rating: 63 vs 63 (diff: 0)
   Height: 71" vs 71" (diff: 0") | Weight: 189 vs 189 lbs (diff: 0)
   Handedness: 1 vs 1 (diff: 0) | Years Pro: 3 vs 3 (diff: 0)
   Contract: 1,030,000 APY
⚠️  No contract: Eric Wrighster -> Kevin Austin Jr (New Orleans) - Using defaults
✅ Matched: Buff Lindsey -> Kristian Welch (Green Bay)
   Score: 100.0 | Rating: 63 vs 63 (diff: 0)
   Height: 75" vs 75" (diff: 0") | Weight: 242 vs 242 lbs (diff: 0)
   Handedness: 1 vs 1 (diff: 0) | Years Pro: 5 vs 5 (diff: 0)
   Contract: 1,170,000 APY
✅ Matched: Cortez Faurot -> Levelle Bailey (Denver)
   Score: 100.0 | Rating: 63 vs 63 (diff: 0)
   Height: 74" vs 74" (diff: 0") | Weight: 225 vs 225 lbs (diff: 0)
   Handedness: 1 vs 1 (diff: 0) | Years Pro: 1 vs 1 (diff: 0)
   Contract: 795,000 APY
✅ Matched: Domata Serini -> Luke Kandra (Carolina)
   Score: 100.0 | Rating: 63 vs 63 (diff: 0)
   Height: 77" vs 77" (diff: 0") | Weight: 320 vs 320 lbs (diff: 0)
   Handedness: 1 vs 1 (diff: 0) | Years Pro: 0 vs 0 (diff: 0)
   Contract: 991,667 APY
✅ Matched: Santonio Jue -> Major Burns (Chicago)
   Score: 100.0 | Rating: 63 vs 63 (diff: 0)
   Height: 74" vs 74" (diff: 0") | Weight: 207 vs 207 lbs (diff: 0)
   Handedness: 1 vs 1 (diff: 0) | Years Pro: 0 vs 0 (diff: 0)
   Contract: 991,667 APY
✅ Matched: Lorne Moe -> Malik Herring (Kansas City)
   Score: 100.0 | Rating: 63 vs 63 (diff: 0)
   Height: 75" vs 75" (diff: 0") | Weight: 275 vs 275 lbs (diff: 0)
   Handedness: 1 vs 1 (diff: 0) | Years Pro: 4 vs 4 (diff: 0)
   Contract: 1,700,000 APY
✅ Matched: Steven Corzine -> Malik Hamm (Baltimore)
   Score: 100.0 | Rating: 63 vs 63 (diff: 0)
   Height: 75" vs 75" (diff: 0") | Weight: 250 vs 250 lbs (diff: 0)
   Handedness: 1 vs 1 (diff: 0) | Years Pro: 2 vs 2 (diff: 0)
   Contract: 899,000 APY
❌ No match: Willard Poillon (New York A) - Using defaults
✅ Matched: Antonio Naposki -> Mason Richman (Seattle)
   Score: 100.0 | Rating: 63 vs 63 (diff: 0)
   Height: 77" vs 77" (diff: 0") | Weight: 307 vs 307 lbs (diff: 0)
   Handedness: 1 vs 1 (diff: 0) | Years Pro: 0 vs 0 (diff: 0)
   Contract: 1,081,481 APY
✅ Matched: Dwaine Margucci -> Matt Jones (Las Vegas)
   Score: 100.0 | Rating: 63 vs 63 (diff: 0)
   Height: 74" vs 74" (diff: 0") | Weight: 236 vs 236 lbs (diff: 0)
   Handedness: 1 vs 1 (diff: 0) | Years Pro: 0 vs 0 (diff: 0)
   Contract: 991,667 APY
✅ Matched: Ned Wehrli -> Michael Bandy (Denver)
   Score: 100.0 | Rating: 63 vs 63 (diff: 0)
   Height: 70" vs 70" (diff: 0") | Weight: 190 vs 190 lbs (diff: 0)
   Handedness: 1 vs 1 (diff: 0) | Years Pro: 4 vs 4 (diff: 0)
   Contract: 960,000 APY
✅ Matched: Theophile Farrier -> Michael Niese (Detroit)
   Score: 100.0 | Rating: 63 vs 63 (diff: 0)
   Height: 75" vs 75" (diff: 0") | Weight: 295 vs 295 lbs (diff: 0)
   Handedness: 1 vs 1 (diff: 0) | Years Pro: 2 vs 2 (diff: 0)
   Contract: 795,000 APY
✅ Matched: Daroll Roy -> Moliki Matavao (New Orleans)
   Score: 100.0 | Rating: 63 vs 63 (diff: 0)
   Height: 78" vs 78" (diff: 0") | Weight: 260 vs 260 lbs (diff: 0)
   Handedness: 1 vs 1 (diff: 0) | Years Pro: 0 vs 0 (diff: 0)
   Contract: 1,075,418 APY
✅ Matched: Lashaun Almodobar -> Myles Purchase (Los Angeles A)
   Score: 100.0 | Rating: 63 vs 63 (diff: 0)
   Height: 69" vs 69" (diff: 0") | Weight: 203 vs 203 lbs (diff: 0)
   Handedness: 1 vs 1 (diff: 0) | Years Pro: 0 vs 0 (diff: 0)
   Contract: 991,667 APY
✅ Matched: Dobie Hasselbeck -> Nate Valcarcel (Los Angeles N)
   Score: 100.0 | Rating: 63 vs 63 (diff: 0)
   Height: 72" vs 72" (diff: 0") | Weight: 194 vs 194 lbs (diff: 0)
   Handedness: 1 vs 1 (diff: 0) | Years Pro: 0 vs 0 (diff: 0)
   Contract: 993,333 APY
✅ Matched: Avion Lyles -> Natrone Brooks (Atlanta)
   Score: 100.0 | Rating: 63 vs 63 (diff: 0)
   Height: 70" vs 70" (diff: 0") | Weight: 175 vs 175 lbs (diff: 0)
   Handedness: 1 vs 1 (diff: 0) | Years Pro: 2 vs 2 (diff: 0)
   Contract: 795,000 APY
✅ Matched: Rock Bulger -> Nick Saldiveri (New Orleans)
   Score: 100.0 | Rating: 63 vs 63 (diff: 0)
   Height: 78" vs 78" (diff: 0") | Weight: 316 vs 316 lbs (diff: 0)
   Handedness: 1 vs 1 (diff: 0) | Years Pro: 2 vs 2 (diff: 0)
   Contract: 1,170,571 APY
✅ Matched: Cookie Gravelle -> Nick Zakelj (San Francisco)
   Score: 100.0 | Rating: 63 vs 63 (diff: 0)
   Height: 78" vs 78" (diff: 0") | Weight: 316 vs 316 lbs (diff: 0)
   Handedness: 1 vs 1 (diff: 0) | Years Pro: 3 vs 3 (diff: 0)
   Contract: 962,589 APY
✅ Matched: Maa Rowell -> Nick Broeker (Pittsburgh)
   Score: 100.0 | Rating: 63 vs 63 (diff: 0)
   Height: 76" vs 76" (diff: 0") | Weight: 305 vs 305 lbs (diff: 0)
   Handedness: 1 vs 1 (diff: 0) | Years Pro: 2 vs 2 (diff: 0)
   Contract: 1,030,000 APY
✅ Matched: Darnerien Rhymes -> Pat O'Connor (Detroit)
   Score: 100.0 | Rating: 63 vs 63 (diff: 0)
   Height: 76" vs 76" (diff: 0") | Weight: 300 vs 300 lbs (diff: 0)
   Handedness: 1 vs 1 (diff: 0) | Years Pro: 8 vs 8 (diff: 0)
   Contract: 1,355,000 APY
✅ Matched: Calvin Sexton -> Payne Durham (Tampa Bay)
   Score: 100.0 | Rating: 63 vs 63 (diff: 0)
   Height: 78" vs 78" (diff: 0") | Weight: 253 vs 253 lbs (diff: 0)
   Handedness: 1 vs 1 (diff: 0) | Years Pro: 2 vs 2 (diff: 0)
   Contract: 1,021,244 APY
✅ Matched: Dickie Defilippo -> Quinn Ewers (Miami)
   Score: 100.0 | Rating: 63 vs 63 (diff: 0)
   Height: 74" vs 74" (diff: 0") | Weight: 214 vs 214 lbs (diff: 0)
   Handedness: 1 vs 1 (diff: 0) | Years Pro: 0 vs 0 (diff: 0)
   Contract: 1,082,894 APY
✅ Matched: Marshawn Conlin -> Quintin Morris (Jacksonville)
   Score: 100.0 | Rating: 63 vs 63 (diff: 0)
   Height: 74" vs 74" (diff: 0") | Weight: 252 vs 252 lbs (diff: 0)
   Handedness: 1 vs 1 (diff: 0) | Years Pro: 4 vs 4 (diff: 0)
   Contract: 1,150,000 APY
⚠️  No contract: Hokie Talib -> Robert Beal Jr (San Francisco) - Using defaults
⚠️  No contract: Chandler Knapp -> Ross Dwelley (San Francisco) - Using defaults
✅ Matched: Orland Reis -> Ryan Van Demark (Buffalo)
   Score: 100.0 | Rating: 63 vs 63 (diff: 0)
   Height: 78" vs 78" (diff: 0") | Weight: 307 vs 307 lbs (diff: 0)
   Handedness: 1 vs 1 (diff: 0) | Years Pro: 2 vs 2 (diff: 0)
   Contract: 1,030,000 APY
✅ Matched: Cordell Kanicki -> Ryan Hayes (Miami)
   Score: 100.0 | Rating: 63 vs 63 (diff: 0)
   Height: 78" vs 78" (diff: 0") | Weight: 307 vs 307 lbs (diff: 0)
   Handedness: 1 vs 1 (diff: 0) | Years Pro: 2 vs 2 (diff: 0)
   Contract: 960,000 APY
✅ Matched: Burton Codie -> Sean McKeon (Indianapolis)
   Score: 100.0 | Rating: 63 vs 63 (diff: 0)
   Height: 77" vs 77" (diff: 0") | Weight: 238 vs 238 lbs (diff: 0)
   Handedness: 1 vs 1 (diff: 0) | Years Pro: 5 vs 5 (diff: 0)
   Contract: 1,170,000 APY
✅ Matched: Jarvis Sisley -> Shaun Jolly (Los Angeles N)
   Score: 100.0 | Rating: 63 vs 63 (diff: 0)
   Height: 69" vs 69" (diff: 0") | Weight: 180 vs 180 lbs (diff: 0)
   Handedness: 1 vs 1 (diff: 0) | Years Pro: 3 vs 3 (diff: 0)
   Contract: 1,030,000 APY
✅ Matched: Slick Swiadon -> Shilo Sanders (Tampa Bay)
   Score: 100.0 | Rating: 63 vs 63 (diff: 0)
   Height: 72" vs 72" (diff: 0") | Weight: 196 vs 196 lbs (diff: 0)
   Handedness: 1 vs 1 (diff: 0) | Years Pro: 0 vs 0 (diff: 0)
   Contract: 988,857 APY
✅ Matched: Tommy Treggs -> Silas Bolden (Minnesota)
   Score: 100.0 | Rating: 63 vs 63 (diff: 0)
   Height: 68" vs 68" (diff: 0") | Weight: 162 vs 162 lbs (diff: 0)
   Handedness: 1 vs 1 (diff: 0) | Years Pro: 0 vs 0 (diff: 0)
   Contract: 993,333 APY
❌ No match: Marq Simington (New York A) - Using defaults
✅ Matched: Champ Dallafior -> Storm Duck (Miami)
   Score: 100.0 | Rating: 63 vs 63 (diff: 0)
   Height: 72" vs 72" (diff: 0") | Weight: 195 vs 195 lbs (diff: 0)
   Handedness: 1 vs 1 (diff: 0) | Years Pro: 1 vs 1 (diff: 0)
   Contract: 950,000 APY
✅ Matched: Percell Hogeboom -> Teagan Quitoriano (Atlanta)
   Score: 100.0 | Rating: 63 vs 63 (diff: 0)
   Height: 78" vs 78" (diff: 0") | Weight: 258 vs 258 lbs (diff: 0)
   Handedness: 1 vs 1 (diff: 0) | Years Pro: 3 vs 3 (diff: 0)
   Contract: 1,100,000 APY
✅ Matched: Andrae Barni -> Travis Clayton (Buffalo)
   Score: 100.0 | Rating: 63 vs 63 (diff: 0)
   Height: 79" vs 79" (diff: 0") | Weight: 301 vs 301 lbs (diff: 0)
   Handedness: 1 vs 1 (diff: 0) | Years Pro: 1 vs 1 (diff: 0)
   Contract: 1,035,396 APY
⚠️  No contract: Yeremiah D'Onofrio -> Treven Ma'ae (Las Vegas) - Using defaults
✅ Matched: Rey Bertelli -> Trey Lance (Los Angeles A)
   Score: 100.0 | Rating: 63 vs 63 (diff: 0)
   Height: 76" vs 76" (diff: 0") | Weight: 224 vs 224 lbs (diff: 0)
   Handedness: 1 vs 1 (diff: 0) | Years Pro: 4 vs 4 (diff: 0)
   Contract: 2,000,000 APY
✅ Matched: Thurlow Gossage -> Trey Hill (Green Bay)
   Score: 100.0 | Rating: 63 vs 63 (diff: 0)
   Height: 76" vs 76" (diff: 0") | Weight: 310 vs 310 lbs (diff: 0)
   Handedness: 1 vs 1 (diff: 0) | Years Pro: 4 vs 4 (diff: 0)
   Contract: 1,100,000 APY
❌ No match: Senderrick Eichenlaub (New York N) - Using defaults
✅ Matched: Tod Platukis -> Tylan Grable (Buffalo)
   Score: 100.0 | Rating: 63 vs 63 (diff: 0)
   Height: 77" vs 77" (diff: 0") | Weight: 309 vs 309 lbs (diff: 0)
   Handedness: 1 vs 1 (diff: 0) | Years Pro: 1 vs 1 (diff: 0)
   Contract: 1,047,478 APY
✅ Matched: Leland Worrell -> Tyler Batty (Minnesota)
   Score: 100.0 | Rating: 63 vs 63 (diff: 0)
   Height: 78" vs 78" (diff: 0") | Weight: 271 vs 271 lbs (diff: 0)
   Handedness: 1 vs 1 (diff: 0) | Years Pro: 0 vs 0 (diff: 0)
   Contract: 996,667 APY
✅ Matched: Maurkice Psaltis -> Tysheem Johnson (Chicago)
   Score: 100.0 | Rating: 63 vs 63 (diff: 0)
   Height: 70" vs 70" (diff: 0") | Weight: 195 vs 195 lbs (diff: 0)
   Handedness: 1 vs 1 (diff: 0) | Years Pro: 0 vs 0 (diff: 0)
   Contract: 993,333 APY
✅ Matched: Rulon Karcis -> Walter Rouse (Minnesota)
   Score: 100.0 | Rating: 63 vs 63 (diff: 0)
   Height: 78" vs 78" (diff: 0") | Weight: 322 vs 322 lbs (diff: 0)
   Handedness: 1 vs 1 (diff: 0) | Years Pro: 1 vs 1 (diff: 0)
   Contract: 1,061,648 APY
✅ Matched: Monroe Cornelison -> Xavier Smith (Los Angeles N)
   Score: 100.0 | Rating: 63 vs 63 (diff: 0)
   Height: 69" vs 69" (diff: 0") | Weight: 174 vs 174 lbs (diff: 0)
   Handedness: 0 vs 0 (diff: 0) | Years Pro: 2 vs 2 (diff: 0)
   Contract: 877,500 APY
✅ Matched: Russell Ricketts -> Zach Thomas (Houston)
   Score: 100.0 | Rating: 63 vs 63 (diff: 0)
   Height: 77" vs 77" (diff: 0") | Weight: 300 vs 300 lbs (diff: 0)
   Handedness: 1 vs 1 (diff: 0) | Years Pro: 3 vs 3 (diff: 0)
   Contract: 1,400,000 APY
✅ Matched: Derrell Godwin -> Aaron Brewer (Arizona)
   Score: 100.0 | Rating: 62 vs 62 (diff: 0)
   Height: 77" vs 77" (diff: 0") | Weight: 232 vs 232 lbs (diff: 0)
   Handedness: 1 vs 1 (diff: 0) | Years Pro: 13 vs 13 (diff: 0)
   Contract: 1,422,500 APY
✅ Matched: Ronald Bowe -> Alex Ward (Los Angeles N)
   Score: 100.0 | Rating: 62 vs 62 (diff: 0)
   Height: 76" vs 76" (diff: 0") | Weight: 236 vs 236 lbs (diff: 0)
   Handedness: 1 vs 1 (diff: 0) | Years Pro: 2 vs 2 (diff: 0)
   Contract: 900,000 APY
✅ Matched: Ollie Derr -> Andrew Meyer (Miami)
   Score: 100.0 | Rating: 62 vs 62 (diff: 0)
   Height: 75" vs 75" (diff: 0") | Weight: 295 vs 295 lbs (diff: 0)
   Handedness: 1 vs 1 (diff: 0) | Years Pro: 1 vs 1 (diff: 0)
   Contract: 948,333 APY
⚠️  No contract: Jerrel Rebsamen -> Antonio Grier Jr (Tampa Bay) - Using defaults
✅ Matched: Kelton Cardarelli -> Atonio Mafi (Las Vegas)
   Score: 100.0 | Rating: 62 vs 62 (diff: 0)
   Height: 75" vs 75" (diff: 0") | Weight: 329 vs 329 lbs (diff: 0)
   Handedness: 1 vs 1 (diff: 0) | Years Pro: 2 vs 2 (diff: 0)
   Contract: 1,030,000 APY
✅ Matched: Wild Gambrell -> Austin Deculus (Houston)
   Score: 100.0 | Rating: 62 vs 62 (diff: 0)
   Height: 77" vs 77" (diff: 0") | Weight: 321 vs 321 lbs (diff: 0)
   Handedness: 1 vs 1 (diff: 0) | Years Pro: 3 vs 3 (diff: 0)
   Contract: 1,035,000 APY
✅ Matched: Sealver Cavosie -> Austin Keys (Minnesota)
   Score: 100.0 | Rating: 62 vs 62 (diff: 0)
   Height: 74" vs 74" (diff: 0") | Weight: 247 vs 247 lbs (diff: 0)
   Handedness: 1 vs 1 (diff: 0) | Years Pro: 0 vs 0 (diff: 0)
   Contract: 993,333 APY
✅ Matched: Johnnie Thuerk -> Avery Williams (Philadelphia)
   Score: 100.0 | Rating: 62 vs 62 (diff: 0)
   Height: 69" vs 69" (diff: 0") | Weight: 195 vs 195 lbs (diff: 0)
   Handedness: 1 vs 1 (diff: 0) | Years Pro: 4 vs 4 (diff: 0)
   Contract: 1,225,000 APY
✅ Matched: Cas Bellore -> Ben Sims (Green Bay)
   Score: 100.0 | Rating: 62 vs 62 (diff: 0)
   Height: 77" vs 77" (diff: 0") | Weight: 250 vs 250 lbs (diff: 0)
   Handedness: 0 vs 0 (diff: 0) | Years Pro: 2 vs 2 (diff: 0)
   Contract: 901,667 APY
✅ Matched: Vitamin Bienemann -> Blake Whiteheart (Cleveland)
   Score: 100.0 | Rating: 62 vs 62 (diff: 0)
   Height: 76" vs 76" (diff: 0") | Weight: 247 vs 247 lbs (diff: 0)
   Handedness: 1 vs 1 (diff: 0) | Years Pro: 2 vs 2 (diff: 0)
   Contract: 1,030,000 APY
✅ Matched: Bree Gillom -> Blayne Taylor (Indianapolis)
   Score: 100.0 | Rating: 62 vs 62 (diff: 0)
   Height: 76" vs 76" (diff: 0") | Weight: 212 vs 212 lbs (diff: 0)
   Handedness: 1 vs 1 (diff: 0) | Years Pro: 0 vs 0 (diff: 0)
   Contract: 992,500 APY
❌ No match: Luther Royal (New York A) - Using defaults
❌ No match: Fenuki Fries (New York A) - Using defaults
✅ Matched: Cotton Hoaglin -> Brandon Walton (Carolina)
   Score: 100.0 | Rating: 62 vs 62 (diff: 0)
   Height: 77" vs 77" (diff: 0") | Weight: 300 vs 300 lbs (diff: 0)
   Handedness: 1 vs 1 (diff: 0) | Years Pro: 4 vs 4 (diff: 0)
   Contract: 1,030,000 APY
✅ Matched: Ave Ivery -> Brandon Pili (Seattle)
   Score: 100.0 | Rating: 62 vs 62 (diff: 0)
   Height: 75" vs 75" (diff: 0") | Weight: 316 vs 316 lbs (diff: 0)
   Handedness: 1 vs 1 (diff: 0) | Years Pro: 2 vs 2 (diff: 0)
   Contract: 915,000 APY
✅ Matched: Barrett Mellekas -> Branson Combs (Jacksonville)
   Score: 100.0 | Rating: 62 vs 62 (diff: 0)
   Height: 75" vs 75" (diff: 0") | Weight: 228 vs 228 lbs (diff: 0)
   Handedness: 1 vs 1 (diff: 0) | Years Pro: 0 vs 0 (diff: 0)
   Contract: 993,333 APY
✅ Matched: Darrin Braidwood -> C.J. Brewer (Tampa Bay)
   Score: 100.0 | Rating: 62 vs 62 (diff: 0)
   Height: 74" vs 74" (diff: 0") | Weight: 290 vs 290 lbs (diff: 0)
   Handedness: 1 vs 1 (diff: 0) | Years Pro: 3 vs 3 (diff: 0)
   Contract: 960,000 APY
✅ Matched: Jim Comella -> Chris Stoll (Seattle)
   Score: 100.0 | Rating: 62 vs 62 (diff: 0)
   Height: 74" vs 74" (diff: 0") | Weight: 255 vs 255 lbs (diff: 0)
   Handedness: 1 vs 1 (diff: 0) | Years Pro: 2 vs 2 (diff: 0)
   Contract: 900,500 APY
✅ Matched: Ev Uzdavinis -> Christian Kuntz (Pittsburgh)
   Score: 100.0 | Rating: 62 vs 62 (diff: 0)
   Height: 73" vs 73" (diff: 0") | Weight: 228 vs 228 lbs (diff: 0)
   Handedness: 1 vs 1 (diff: 0) | Years Pro: 5 vs 5 (diff: 0)
   Contract: 1,255,000 APY
⚠️  No contract: Joshua Skoglund -> CJ Dippre (New England) - Using defaults
✅ Matched: Tyreo Kinard -> Clayton Tune (Arizona)
   Score: 100.0 | Rating: 62 vs 62 (diff: 0)
   Height: 75" vs 75" (diff: 0") | Weight: 220 vs 220 lbs (diff: 0)
   Handedness: 1 vs 1 (diff: 0) | Years Pro: 2 vs 2 (diff: 0)
   Contract: 1,047,656 APY
✅ Matched: Coty Smelley -> Cody Lindenberg (Las Vegas)
   Score: 100.0 | Rating: 62 vs 62 (diff: 0)
   Height: 74" vs 74" (diff: 0") | Weight: 236 vs 236 lbs (diff: 0)
   Handedness: 1 vs 1 (diff: 0) | Years Pro: 0 vs 0 (diff: 0)
   Contract: 1,085,292 APY
✅ Matched: Aldo Guidry -> Dallas Gant (Philadelphia)
   Score: 100.0 | Rating: 62 vs 62 (diff: 0)
   Height: 75" vs 75" (diff: 0") | Weight: 228 vs 228 lbs (diff: 0)
   Handedness: 1 vs 1 (diff: 0) | Years Pro: 1 vs 1 (diff: 0)
   Contract: 840,000 APY
✅ Matched: Troy Rutkowski -> Dalton Cooper (Kansas City)
   Score: 100.0 | Rating: 62 vs 62 (diff: 0)
   Height: 79" vs 79" (diff: 0") | Weight: 315 vs 315 lbs (diff: 0)
   Handedness: 1 vs 1 (diff: 0) | Years Pro: 0 vs 0 (diff: 0)
   Contract: 996,667 APY
✅ Matched: Dwight Durkee -> Danny Striggow (Jacksonville)
   Score: 100.0 | Rating: 62 vs 62 (diff: 0)
   Height: 76" vs 76" (diff: 0") | Weight: 253 vs 253 lbs (diff: 0)
   Handedness: 1 vs 1 (diff: 0) | Years Pro: 0 vs 0 (diff: 0)
   Contract: 995,000 APY
✅ Matched: Igor Barlow -> Dartanyan Tinsley (Cleveland)
   Score: 100.0 | Rating: 62 vs 62 (diff: 0)
   Height: 75" vs 75" (diff: 0") | Weight: 340 vs 340 lbs (diff: 0)
   Handedness: 1 vs 1 (diff: 0) | Years Pro: 0 vs 0 (diff: 0)
   Contract: 990,000 APY
✅ Matched: Moon Bucchianeri -> David Martin-Robinson (Tennessee)
   Score: 100.0 | Rating: 62 vs 62 (diff: 0)
   Height: 75" vs 75" (diff: 0") | Weight: 247 vs 247 lbs (diff: 0)
   Handedness: 1 vs 1 (diff: 0) | Years Pro: 1 vs 1 (diff: 0)
   Contract: 945,833 APY
❌ No match: Khaleed Mckay (New York N) - Using defaults
✅ Matched: June Bostick -> Desmond Watson (Tampa Bay)
   Score: 100.0 | Rating: 62 vs 62 (diff: 0)
   Height: 78" vs 78" (diff: 0") | Weight: 415 vs 415 lbs (diff: 0)
   Handedness: 1 vs 1 (diff: 0) | Years Pro: 0 vs 0 (diff: 0)
   Contract: 995,000 APY
✅ Matched: Earthwind Thomasson -> Devin Culp (Tampa Bay)
   Score: 100.0 | Rating: 62 vs 62 (diff: 0)
   Height: 76" vs 76" (diff: 0") | Weight: 237 vs 237 lbs (diff: 0)
   Handedness: 1 vs 1 (diff: 0) | Years Pro: 1 vs 1 (diff: 0)
   Contract: 1,026,546 APY
✅ Matched: Donte Coleman -> Donovan McMillon (Cleveland)
   Score: 100.0 | Rating: 62 vs 62 (diff: 0)
   Height: 74" vs 74" (diff: 0") | Weight: 203 vs 203 lbs (diff: 0)
   Handedness: 1 vs 1 (diff: 0) | Years Pro: 0 vs 0 (diff: 0)
   Contract: 991,667 APY
⚠️  No contract: Jorvorskie Gartner -> Dorian Mausi Jr. (Minnesota) - Using defaults
✅ Matched: Treg Matteo -> Dylan Cook (Pittsburgh)
   Score: 100.0 | Rating: 62 vs 62 (diff: 0)
   Height: 78" vs 78" (diff: 0") | Weight: 305 vs 305 lbs (diff: 0)
   Handedness: 1 vs 1 (diff: 0) | Years Pro: 3 vs 3 (diff: 0)
   Contract: 960,000 APY
✅ Matched: Mcdonald Lavender -> Easton Stick (Atlanta)
   Score: 100.0 | Rating: 62 vs 62 (diff: 0)
   Height: 73" vs 73" (diff: 0") | Weight: 224 vs 224 lbs (diff: 0)
   Handedness: 1 vs 1 (diff: 0) | Years Pro: 6 vs 6 (diff: 0)
   Contract: 1,337,500 APY
✅ Matched: Flipper Ahrens -> Eku Leota (Pittsburgh)
   Score: 100.0 | Rating: 62 vs 62 (diff: 0)
   Height: 75" vs 75" (diff: 0") | Weight: 252 vs 252 lbs (diff: 0)
   Handedness: 1 vs 1 (diff: 0) | Years Pro: 2 vs 2 (diff: 0)
   Contract: 1,030,000 APY
✅ Matched: Montavious Corrington -> Ethan Driskell (Kansas City)
   Score: 100.0 | Rating: 62 vs 62 (diff: 0)
   Height: 80" vs 80" (diff: 0") | Weight: 313 vs 313 lbs (diff: 0)
   Handedness: 1 vs 1 (diff: 0) | Years Pro: 1 vs 1 (diff: 0)
   Contract: 956,667 APY
✅ Matched: Lestar Planansky -> Fred Johnson (Jacksonville)
   Score: 100.0 | Rating: 62 vs 62 (diff: 0)
   Height: 79" vs 79" (diff: 0") | Weight: 326 vs 326 lbs (diff: 0)
   Handedness: 1 vs 1 (diff: 0) | Years Pro: 6 vs 6 (diff: 0)
   Contract: 1,337,500 APY
✅ Matched: Jerraud Neighbors -> Giovanni Ricci (Minnesota)
   Score: 100.0 | Rating: 62 vs 62 (diff: 0)
   Height: 75" vs 75" (diff: 0") | Weight: 240 vs 240 lbs (diff: 0)
   Handedness: 1 vs 1 (diff: 0) | Years Pro: 5 vs 5 (diff: 0)
   Contract: 1,100,000 APY
✅ Matched: Kaseem Seawright -> Glendon Miller (Kansas City)
   Score: 100.0 | Rating: 62 vs 62 (diff: 0)
   Height: 74" vs 74" (diff: 0") | Weight: 206 vs 206 lbs (diff: 0)
   Handedness: 1 vs 1 (diff: 0) | Years Pro: 0 vs 0 (diff: 0)
   Contract: 995,000 APY
✅ Matched: Mil Goetz -> J.T. Gray (New Orleans)
   Score: 100.0 | Rating: 62 vs 62 (diff: 0)
   Height: 72" vs 72" (diff: 0") | Weight: 202 vs 202 lbs (diff: 0)
   Handedness: 1 vs 1 (diff: 0) | Years Pro: 7 vs 7 (diff: 0)
   Contract: 3,366,667 APY
✅ Matched: Bernardo Direnzo -> Jack Conley (New England)
   Score: 100.0 | Rating: 62 vs 62 (diff: 0)
   Height: 79" vs 79" (diff: 0") | Weight: 333 vs 333 lbs (diff: 0)
   Handedness: 1 vs 1 (diff: 0) | Years Pro: 0 vs 0 (diff: 0)
   Contract: 991,667 APY
⚠️  No contract: Cleveland Jarrett -> Jacob Hummel (Baltimore) - Using defaults
✅ Matched: Stevie Mackey -> Jalen Davis (Cincinnati)
   Score: 100.0 | Rating: 62 vs 62 (diff: 0)
   Height: 70" vs 70" (diff: 0") | Weight: 190 vs 190 lbs (diff: 0)
   Handedness: 1 vs 1 (diff: 0) | Years Pro: 7 vs 7 (diff: 0)
   Contract: 1,170,000 APY
✅ Matched: Denver Strzelczyk -> Jalin Conyers (Miami)
   Score: 100.0 | Rating: 62 vs 62 (diff: 0)
   Height: 76" vs 76" (diff: 0") | Weight: 260 vs 260 lbs (diff: 0)
   Handedness: 1 vs 1 (diff: 0) | Years Pro: 0 vs 0 (diff: 0)
   Contract: 993,333 APY
✅ Matched: Bronzell Rovinski -> Jarrett Stidham (Denver)
   Score: 100.0 | Rating: 62 vs 62 (diff: 0)
   Height: 75" vs 75" (diff: 0") | Weight: 215 vs 215 lbs (diff: 0)
   Handedness: 1 vs 1 (diff: 0) | Years Pro: 6 vs 6 (diff: 0)
   Contract: 6,000,000 APY
✅ Matched: Antico Guesman -> Joe Huber (Minnesota)
   Score: 100.0 | Rating: 62 vs 62 (diff: 0)
   Height: 77" vs 77" (diff: 0") | Weight: 310 vs 310 lbs (diff: 0)
   Handedness: 1 vs 1 (diff: 0) | Years Pro: 0 vs 0 (diff: 0)
   Contract: 991,667 APY
✅ Matched: Untz Driscoll -> Jovaughn Gwyn (Atlanta)
   Score: 100.0 | Rating: 62 vs 62 (diff: 0)
   Height: 74" vs 74" (diff: 0") | Weight: 301 vs 301 lbs (diff: 0)
   Handedness: 1 vs 1 (diff: 0) | Years Pro: 2 vs 2 (diff: 0)
   Contract: 1,030,000 APY
✅ Matched: Si Stackpool -> Kahlef Hailassie (Minnesota)
   Score: 100.0 | Rating: 62 vs 62 (diff: 0)
   Height: 73" vs 73" (diff: 0") | Weight: 195 vs 195 lbs (diff: 0)
   Handedness: 1 vs 1 (diff: 0) | Years Pro: 2 vs 2 (diff: 0)
   Contract: 1,030,000 APY
⚠️  No contract: Waverly Gattis -> Kana'i Mauga (Los Angeles A) - Using defaults
✅ Matched: Crezdon Faneca -> Karsen Barnhart (Los Angeles A)
   Score: 100.0 | Rating: 62 vs 62 (diff: 0)
   Height: 77" vs 77" (diff: 0") | Weight: 316 vs 316 lbs (diff: 0)
   Handedness: 1 vs 1 (diff: 0) | Years Pro: 1 vs 1 (diff: 0)
   Contract: 840,000 APY
✅ Matched: Evan Vernon -> Keir Thomas (Los Angeles N)
   Score: 100.0 | Rating: 62 vs 62 (diff: 0)
   Height: 74" vs 74" (diff: 0") | Weight: 275 vs 275 lbs (diff: 0)
   Handedness: 1 vs 1 (diff: 0) | Years Pro: 3 vs 3 (diff: 0)
   Contract: 1,030,000 APY
✅ Matched: Travian Zuidmulder -> Kurtis Rourke (San Francisco)
   Score: 100.0 | Rating: 62 vs 62 (diff: 0)
   Height: 76" vs 76" (diff: 0") | Weight: 220 vs 220 lbs (diff: 0)
   Handedness: 1 vs 1 (diff: 0) | Years Pro: 0 vs 0 (diff: 0)
   Contract: 1,083,559 APY
✅ Matched: Jiggs Barna -> Kyle Hergel (New Orleans)
   Score: 100.0 | Rating: 62 vs 62 (diff: 0)
   Height: 75" vs 75" (diff: 0") | Weight: 302 vs 302 lbs (diff: 0)
   Handedness: 1 vs 1 (diff: 0) | Years Pro: 1 vs 1 (diff: 0)
   Contract: 877,500 APY
✅ Matched: Marlin Grange -> Landon Young (New Orleans)
   Score: 100.0 | Rating: 62 vs 62 (diff: 0)
   Height: 79" vs 79" (diff: 0") | Weight: 321 vs 321 lbs (diff: 0)
   Handedness: 1 vs 1 (diff: 0) | Years Pro: 4 vs 4 (diff: 0)
   Contract: 2,327,500 APY
✅ Matched: Cop Simonini -> Maema Njongmeta (Cincinnati)
   Score: 100.0 | Rating: 62 vs 62 (diff: 0)
   Height: 72" vs 72" (diff: 0") | Weight: 230 vs 230 lbs (diff: 0)
   Handedness: 1 vs 1 (diff: 0) | Years Pro: 1 vs 1 (diff: 0)
   Contract: 948,333 APY
✅ Matched: Preston Fujita -> Matt Lee (Cincinnati)
   Score: 100.0 | Rating: 62 vs 62 (diff: 0)
   Height: 75" vs 75" (diff: 0") | Weight: 310 vs 310 lbs (diff: 0)
   Handedness: 1 vs 1 (diff: 0) | Years Pro: 1 vs 1 (diff: 0)
   Contract: 1,030,438 APY
✅ Matched: Buster Maddox -> Maurice Alexander (Chicago)
   Score: 100.0 | Rating: 62 vs 62 (diff: 0)
   Height: 71" vs 71" (diff: 0") | Weight: 180 vs 180 lbs (diff: 0)
   Handedness: 1 vs 1 (diff: 0) | Years Pro: 4 vs 4 (diff: 0)
   Contract: 1,030,000 APY
✅ Matched: Domonique Lennan -> Mello Dotson (Carolina)
   Score: 100.0 | Rating: 62 vs 62 (diff: 0)
   Height: 73" vs 73" (diff: 0") | Weight: 183 vs 183 lbs (diff: 0)
   Handedness: 1 vs 1 (diff: 0) | Years Pro: 0 vs 0 (diff: 0)
   Contract: 840,000 APY
⚠️  No contract: Merl Duncum -> Mike Reid (Carolina) - Using defaults
✅ Matched: Clay Dutton -> Nash Jones (Los Angeles A)
   Score: 100.0 | Rating: 62 vs 62 (diff: 0)
   Height: 77" vs 77" (diff: 0") | Weight: 320 vs 320 lbs (diff: 0)
   Handedness: 1 vs 1 (diff: 0) | Years Pro: 0 vs 0 (diff: 0)
   Contract: 993,333 APY
✅ Matched: Elijah Arnett -> Nate Brooks (Cincinnati)
   Score: 100.0 | Rating: 62 vs 62 (diff: 0)
   Height: 72" vs 72" (diff: 0") | Weight: 192 vs 192 lbs (diff: 0)
   Handedness: 1 vs 1 (diff: 0) | Years Pro: 6 vs 6 (diff: 0)
   Contract: 960,000 APY
✅ Matched: Hop Dunsmore -> Nick Muse (Philadelphia)
   Score: 100.0 | Rating: 62 vs 62 (diff: 0)
   Height: 77" vs 77" (diff: 0") | Weight: 252 vs 252 lbs (diff: 0)
   Handedness: 1 vs 1 (diff: 0) | Years Pro: 3 vs 3 (diff: 0)
   Contract: 1,150,000 APY
✅ Matched: Lu Lissemore -> Nick Samac (Baltimore)
   Score: 100.0 | Rating: 62 vs 62 (diff: 0)
   Height: 76" vs 76" (diff: 0") | Weight: 307 vs 307 lbs (diff: 0)
   Handedness: 1 vs 1 (diff: 0) | Years Pro: 1 vs 1 (diff: 0)
   Contract: 1,032,461 APY
✅ Matched: Pio Lobenstein -> Raymond Johnson III (Cincinnati)
   Score: 100.0 | Rating: 62 vs 62 (diff: 0)
   Height: 75" vs 75" (diff: 0") | Weight: 270 vs 270 lbs (diff: 0)
   Handedness: 1 vs 1 (diff: 0) | Years Pro: 4 vs 4 (diff: 0)
   Contract: 960,000 APY
✅ Matched: Riddick Correal -> Reid Holskey (Baltimore)
   Score: 100.0 | Rating: 62 vs 62 (diff: 0)
   Height: 78" vs 78" (diff: 0") | Weight: 310 vs 310 lbs (diff: 0)
   Handedness: 1 vs 1 (diff: 0) | Years Pro: 0 vs 0 (diff: 0)
   Contract: 994,167 APY
✅ Matched: Kamerion Haycraft -> Shaka Heyward (Cincinnati)
   Score: 100.0 | Rating: 62 vs 62 (diff: 0)
   Height: 75" vs 75" (diff: 0") | Weight: 238 vs 238 lbs (diff: 0)
   Handedness: 1 vs 1 (diff: 0) | Years Pro: 2 vs 2 (diff: 0)
   Contract: 795,000 APY
✅ Matched: Rice Grimm -> Shaun Dolac (Los Angeles N)
   Score: 100.0 | Rating: 62 vs 62 (diff: 0)
   Height: 73" vs 73" (diff: 0") | Weight: 225 vs 225 lbs (diff: 0)
   Handedness: 1 vs 1 (diff: 0) | Years Pro: 0 vs 0 (diff: 0)
   Contract: 996,667 APY
⚠️  No contract: Garcia Elko -> Stetson Bennett IV (Los Angeles N) - Using defaults
❌ No match: Keiland Malbrough (New York N) - Using defaults
✅ Matched: Albert Sevy -> Storm Norton (Atlanta)
   Score: 100.0 | Rating: 62 vs 62 (diff: 0)
   Height: 79" vs 79" (diff: 0") | Weight: 317 vs 317 lbs (diff: 0)
   Handedness: 1 vs 1 (diff: 0) | Years Pro: 8 vs 8 (diff: 0)
   Contract: 1,500,000 APY
✅ Matched: Braden Dion -> Tarron Jackson (San Francisco)
   Score: 100.0 | Rating: 62 vs 62 (diff: 0)
   Height: 74" vs 74" (diff: 0") | Weight: 254 vs 254 lbs (diff: 0)
   Handedness: 1 vs 1 (diff: 0) | Years Pro: 4 vs 4 (diff: 0)
   Contract: 1,100,000 APY
✅ Matched: Alvis Hollomon -> TeRah Edwards (Los Angeles A)
   Score: 100.0 | Rating: 62 vs 62 (diff: 0)
   Height: 75" vs 75" (diff: 0") | Weight: 321 vs 321 lbs (diff: 0)
   Handedness: 1 vs 1 (diff: 0) | Years Pro: 0 vs 0 (diff: 0)
   Contract: 991,667 APY
✅ Matched: Bhawoh Runyan -> Thomas Odukoya (Tennessee)
   Score: 100.0 | Rating: 62 vs 62 (diff: 0)
   Height: 78" vs 78" (diff: 0") | Weight: 253 vs 253 lbs (diff: 0)
   Handedness: 1 vs 1 (diff: 0) | Years Pro: 2 vs 2 (diff: 0)
   Contract: 960,000 APY
✅ Matched: Lavar Duyne -> Tommy Mellott (Las Vegas)
   Score: 100.0 | Rating: 62 vs 62 (diff: 0)
   Height: 72" vs 72" (diff: 0") | Weight: 205 vs 205 lbs (diff: 0)
   Handedness: 1 vs 1 (diff: 0) | Years Pro: 0 vs 0 (diff: 0)
   Contract: 1,093,570 APY
✅ Matched: Bryan Whaley -> Trey Washington (Indianapolis)
   Score: 100.0 | Rating: 62 vs 62 (diff: 0)
   Height: 70" vs 70" (diff: 0") | Weight: 205 vs 205 lbs (diff: 0)
   Handedness: 1 vs 1 (diff: 0) | Years Pro: 0 vs 0 (diff: 0)
   Contract: 990,667 APY
✅ Matched: Nedu Munoz -> Tristin McCollum (Philadelphia)
   Score: 100.0 | Rating: 62 vs 62 (diff: 0)
   Height: 75" vs 75" (diff: 0") | Weight: 195 vs 195 lbs (diff: 0)
   Handedness: 1 vs 1 (diff: 0) | Years Pro: 3 vs 3 (diff: 0)
   Contract: 1,042,500 APY
⚠️  No contract: Stan Carthon -> Troy Hairston (Cleveland) - Using defaults
❌ No match: Ifeanyi Kulbacki (New York A) - Using defaults
✅ Matched: Lamar Ambrose -> A.J. Arcuri (Los Angeles N)
   Score: 100.0 | Rating: 61 vs 61 (diff: 0)
   Height: 79" vs 79" (diff: 0") | Weight: 320 vs 320 lbs (diff: 0)
   Handedness: 1 vs 1 (diff: 0) | Years Pro: 3 vs 3 (diff: 0)
   Contract: 960,000 APY
✅ Matched: Erich Babartsky -> Addison West (Miami)
   Score: 100.0 | Rating: 61 vs 61 (diff: 0)
   Height: 75" vs 75" (diff: 0") | Weight: 305 vs 305 lbs (diff: 0)
   Handedness: 1 vs 1 (diff: 0) | Years Pro: 0 vs 0 (diff: 0)
   Contract: 993,333 APY
✅ Matched: Junior Ware -> Alec Lindstrom (New England)
   Score: 100.0 | Rating: 61 vs 61 (diff: 0)
   Height: 75" vs 75" (diff: 0") | Weight: 296 vs 296 lbs (diff: 0)
   Handedness: 0 vs 0 (diff: 0) | Years Pro: 3 vs 3 (diff: 0)
   Contract: 960,000 APY
✅ Matched: Herman Poimbeouf -> Amari Gainer (Las Vegas)
   Score: 100.0 | Rating: 61 vs 61 (diff: 0)
   Height: 75" vs 75" (diff: 0") | Weight: 236 vs 236 lbs (diff: 0)
   Handedness: 1 vs 1 (diff: 0) | Years Pro: 1 vs 1 (diff: 0)
   Contract: 950,000 APY
✅ Matched: Mathias Stonebreaker -> Andre Baccellia (Arizona)
   Score: 100.0 | Rating: 61 vs 61 (diff: 0)
   Height: 70" vs 70" (diff: 0") | Weight: 175 vs 175 lbs (diff: 0)
   Handedness: 1 vs 1 (diff: 0) | Years Pro: 4 vs 4 (diff: 0)
   Contract: 1,030,000 APY
⚠️  No contract: Merrill Seliger -> Andrew Farmer II (Denver) - Using defaults
✅ Matched: Odis Hargain -> Anthony Kendall (Cleveland)
   Score: 100.0 | Rating: 61 vs 61 (diff: 0)
   Height: 70" vs 70" (diff: 0") | Weight: 177 vs 177 lbs (diff: 0)
   Handedness: 1 vs 1 (diff: 0) | Years Pro: 2 vs 2 (diff: 0)
   Contract: 960,000 APY
⚠️  No contract: Moran Kurek -> Benjamin Yurosek (Minnesota) - Using defaults
✅ Matched: Jose Tasker -> Benton Whitley (Arizona)
   Score: 100.0 | Rating: 61 vs 61 (diff: 0)
   Height: 75" vs 75" (diff: 0") | Weight: 260 vs 260 lbs (diff: 0)
   Handedness: 1 vs 1 (diff: 0) | Years Pro: 3 vs 3 (diff: 0)
   Contract: 947,500 APY
✅ Matched: Moxie Lucci -> Brady Russell (Seattle)
   Score: 100.0 | Rating: 61 vs 61 (diff: 0)
   Height: 75" vs 75" (diff: 0") | Weight: 247 vs 247 lbs (diff: 0)
   Handedness: 1 vs 1 (diff: 0) | Years Pro: 2 vs 2 (diff: 0)
   Contract: 1,030,000 APY
✅ Matched: Jamall Vetter -> Cam Grandy (Cincinnati)
   Score: 100.0 | Rating: 61 vs 61 (diff: 0)
   Height: 77" vs 77" (diff: 0") | Weight: 253 vs 253 lbs (diff: 0)
   Handedness: 1 vs 1 (diff: 0) | Years Pro: 1 vs 1 (diff: 0)
   Contract: 980,000 APY
✅ Matched: Koy Jonasen -> Chaz Chambliss (Minnesota)
   Score: 100.0 | Rating: 61 vs 61 (diff: 0)
   Height: 73" vs 73" (diff: 0") | Weight: 242 vs 242 lbs (diff: 0)
   Handedness: 1 vs 1 (diff: 0) | Years Pro: 0 vs 0 (diff: 0)
   Contract: 995,000 APY
⚠️  No contract: Micheal Ittersagen -> Chris Roland-Wallace (Kansas City) - Using defaults
✅ Matched: Conway Tamburello -> Chris Glaser (Chicago)
   Score: 100.0 | Rating: 61 vs 61 (diff: 0)
   Height: 76" vs 76" (diff: 0") | Weight: 306 vs 306 lbs (diff: 0)
   Handedness: 1 vs 1 (diff: 0) | Years Pro: 3 vs 3 (diff: 0)
   Contract: 1,030,000 APY
✅ Matched: Van Hardin -> Chris Paul (Washington)
   Score: 100.0 | Rating: 61 vs 61 (diff: 0)
   Height: 76" vs 76" (diff: 0") | Weight: 324 vs 324 lbs (diff: 0)
   Handedness: 1 vs 1 (diff: 0) | Years Pro: 3 vs 3 (diff: 0)
   Contract: 941,111 APY
✅ Matched: Ariel Diamond -> Cody White (Seattle)
   Score: 100.0 | Rating: 61 vs 61 (diff: 0)
   Height: 75" vs 75" (diff: 0") | Weight: 215 vs 215 lbs (diff: 0)
   Handedness: 1 vs 1 (diff: 0) | Years Pro: 5 vs 5 (diff: 0)
   Contract: 1,030,000 APY
✅ Matched: Alvie Bregel -> Cole Christiansen (Kansas City)
   Score: 100.0 | Rating: 61 vs 61 (diff: 0)
   Height: 73" vs 73" (diff: 0") | Weight: 230 vs 230 lbs (diff: 0)
   Handedness: 1 vs 1 (diff: 0) | Years Pro: 5 vs 5 (diff: 0)
   Contract: 1,100,000 APY
✅ Matched: Lindon Dufault -> Colson Yankoff (Washington)
   Score: 100.0 | Rating: 61 vs 61 (diff: 0)
   Height: 76" vs 76" (diff: 0") | Weight: 225 vs 225 lbs (diff: 0)
   Handedness: 1 vs 1 (diff: 0) | Years Pro: 1 vs 1 (diff: 0)
   Contract: 946,667 APY
✅ Matched: Toran Gore -> Dan Skipper (Detroit)
   Score: 100.0 | Rating: 61 vs 61 (diff: 0)
   Height: 81" vs 81" (diff: 0") | Weight: 330 vs 330 lbs (diff: 0)
   Handedness: 1 vs 1 (diff: 0) | Years Pro: 8 vs 8 (diff: 0)
   Contract: 1,422,500 APY
✅ Matched: Louie Kalu -> Dominique Dafney (Carolina)
   Score: 100.0 | Rating: 61 vs 61 (diff: 0)
   Height: 75" vs 75" (diff: 0") | Weight: 235 vs 235 lbs (diff: 0)
   Handedness: 1 vs 1 (diff: 0) | Years Pro: 5 vs 5 (diff: 0)
   Contract: 1,030,000 APY
✅ Matched: Connor Stolfa -> Dorian Thompson-Robinson (Philadelphia)
   Score: 100.0 | Rating: 61 vs 61 (diff: 0)
   Height: 73" vs 73" (diff: 0") | Weight: 191 vs 191 lbs (diff: 0)
   Handedness: 1 vs 1 (diff: 0) | Years Pro: 2 vs 2 (diff: 0)
   Contract: 1,045,568 APY
✅ Matched: Primo Yoho -> Esa Pole (Kansas City)
   Score: 100.0 | Rating: 61 vs 61 (diff: 0)
   Height: 79" vs 79" (diff: 0") | Weight: 319 vs 319 lbs (diff: 0)
   Handedness: 1 vs 1 (diff: 0) | Years Pro: 0 vs 0 (diff: 0)
   Contract: 995,000 APY
✅ Matched: Trey Hahn -> Federico Maranges (Seattle)
   Score: 100.0 | Rating: 61 vs 61 (diff: 0)
   Height: 74" vs 74" (diff: 0") | Weight: 230 vs 230 lbs (diff: 0)
   Handedness: 1 vs 1 (diff: 0) | Years Pro: 0 vs 0 (diff: 0)
   Contract: 993,667 APY
⚠️  No contract: Max Yaccino -> Frank Gore Jr (Buffalo) - Using defaults
✅ Matched: Charlie Higgs -> Graham Mertz (Houston)
   Score: 100.0 | Rating: 61 vs 61 (diff: 0)
   Height: 75" vs 75" (diff: 0") | Weight: 212 vs 212 lbs (diff: 0)
   Handedness: 1 vs 1 (diff: 0) | Years Pro: 0 vs 0 (diff: 0)
   Contract: 1,107,121 APY
✅ Matched: Torey Gutknecht -> Hollin Pierce (Philadelphia)
   Score: 100.0 | Rating: 61 vs 61 (diff: 0)
   Height: 80" vs 80" (diff: 0") | Weight: 341 vs 341 lbs (diff: 0)
   Handedness: 1 vs 1 (diff: 0) | Years Pro: 0 vs 0 (diff: 0)
   Contract: 998,333 APY
✅ Matched: Naz Temple -> Jackson Hawes (Buffalo)
   Score: 100.0 | Rating: 61 vs 61 (diff: 0)
   Height: 77" vs 77" (diff: 0") | Weight: 253 vs 253 lbs (diff: 0)
   Handedness: 1 vs 1 (diff: 0) | Years Pro: 0 vs 0 (diff: 0)
   Contract: 1,130,054 APY
✅ Matched: Antwaun Corral -> Jaelyn Duncan (Tennessee)
   Score: 100.0 | Rating: 61 vs 61 (diff: 0)
   Height: 78" vs 78" (diff: 0") | Weight: 306 vs 306 lbs (diff: 0)
   Handedness: 1 vs 1 (diff: 0) | Years Pro: 2 vs 2 (diff: 0)
   Contract: 1,007,450 APY
✅ Matched: Jarett Bland -> Jalen Sundell (Seattle)
   Score: 100.0 | Rating: 61 vs 61 (diff: 0)
   Height: 77" vs 77" (diff: 0") | Weight: 301 vs 301 lbs (diff: 0)
   Handedness: 1 vs 1 (diff: 0) | Years Pro: 1 vs 1 (diff: 0)
   Contract: 795,000 APY
✅ Matched: Rasheed Lubischer -> Jarrod Hufford (Las Vegas)
   Score: 100.0 | Rating: 61 vs 61 (diff: 0)
   Height: 75" vs 75" (diff: 0") | Weight: 322 vs 322 lbs (diff: 0)
   Handedness: 1 vs 1 (diff: 0) | Years Pro: 0 vs 0 (diff: 0)
   Contract: 991,667 APY
✅ Matched: Emmitt Mccallister -> Jay Higgins (Baltimore)
   Score: 100.0 | Rating: 61 vs 61 (diff: 0)
   Height: 72" vs 72" (diff: 0") | Weight: 224 vs 224 lbs (diff: 0)
   Handedness: 1 vs 1 (diff: 0) | Years Pro: 0 vs 0 (diff: 0)
   Contract: 995,000 APY
✅ Matched: Arrike Lasse -> John Ojukwu (Tennessee)
   Score: 100.0 | Rating: 61 vs 61 (diff: 0)
   Height: 77" vs 77" (diff: 0") | Weight: 309 vs 309 lbs (diff: 0)
   Handedness: 1 vs 1 (diff: 0) | Years Pro: 2 vs 2 (diff: 0)
   Contract: 832,500 APY
✅ Matched: Hec Hall -> Jordan Oladokun (Los Angeles A)
   Score: 100.0 | Rating: 61 vs 61 (diff: 0)
   Height: 71" vs 71" (diff: 0") | Weight: 188 vs 188 lbs (diff: 0)
   Handedness: 1 vs 1 (diff: 0) | Years Pro: 0 vs 0 (diff: 0)
   Contract: 991,667 APY
✅ Matched: Merv Spindler -> Jordan Mims (Tennessee)
   Score: 100.0 | Rating: 61 vs 61 (diff: 0)
   Height: 70" vs 70" (diff: 0") | Weight: 206 vs 206 lbs (diff: 0)
   Handedness: 1 vs 1 (diff: 0) | Years Pro: 2 vs 2 (diff: 0)
   Contract: 1,017,500 APY
✅ Matched: Obed Leribeus -> Josh Priebe (Miami)
   Score: 100.0 | Rating: 61 vs 61 (diff: 0)
   Height: 77" vs 77" (diff: 0") | Weight: 306 vs 306 lbs (diff: 0)
   Handedness: 1 vs 1 (diff: 0) | Years Pro: 0 vs 0 (diff: 0)
   Contract: 993,333 APY
✅ Matched: Hoge Steiner -> Joshua Gray (Atlanta)
   Score: 100.0 | Rating: 61 vs 61 (diff: 0)
   Height: 77" vs 77" (diff: 0") | Weight: 299 vs 299 lbs (diff: 0)
   Handedness: 1 vs 1 (diff: 0) | Years Pro: 0 vs 0 (diff: 0)
   Contract: 995,000 APY
⚠️  No contract: Horst Muckensturm -> Julian Pearl (Cleveland) - Using defaults
✅ Matched: Dion Zandofsky -> Kadeem Telfort (Green Bay)
   Score: 100.0 | Rating: 61 vs 61 (diff: 0)
   Height: 79" vs 79" (diff: 0") | Weight: 322 vs 322 lbs (diff: 0)
   Handedness: 1 vs 1 (diff: 0) | Years Pro: 2 vs 2 (diff: 0)
   Contract: 960,000 APY
⚠️  No contract: Socko Lind -> Keith Randolph Jr (Green Bay) - Using defaults
✅ Matched: Boone Pollock -> Kyler McMichael (Pittsburgh)
   Score: 100.0 | Rating: 61 vs 61 (diff: 0)
   Height: 72" vs 72" (diff: 0") | Weight: 202 vs 202 lbs (diff: 0)
   Handedness: 1 vs 1 (diff: 0) | Years Pro: 2 vs 2 (diff: 0)
   Contract: 840,000 APY
✅ Matched: Chaun Enright -> Lamar Jackson (Atlanta)
   Score: 100.0 | Rating: 61 vs 61 (diff: 0)
   Height: 74" vs 74" (diff: 0") | Weight: 208 vs 208 lbs (diff: 0)
   Handedness: 1 vs 1 (diff: 0) | Years Pro: 5 vs 5 (diff: 0)
   Contract: 1,030,000 APY
⚠️  No contract: Roddy Bosher -> Liam Anderson (Indianapolis) - Using defaults
✅ Matched: Rick Simonetti -> Luke Tenuta (Indianapolis)
   Score: 100.0 | Rating: 61 vs 61 (diff: 0)
   Height: 80" vs 80" (diff: 0") | Weight: 314 vs 314 lbs (diff: 0)
   Handedness: 1 vs 1 (diff: 0) | Years Pro: 3 vs 3 (diff: 0)
   Contract: 960,000 APY
✅ Matched: Fee Langham -> Malik Cunningham (Baltimore)
   Score: 100.0 | Rating: 61 vs 61 (diff: 0)
   Height: 72" vs 72" (diff: 0") | Weight: 188 vs 188 lbs (diff: 0)
   Handedness: 1 vs 1 (diff: 0) | Years Pro: 2 vs 2 (diff: 0)
   Contract: 960,000 APY
⚠️  No contract: Brenden Maccollum -> Matt Orzech (Green Bay) - Using defaults
✅ Matched: Joe Barrington -> Messiah Swinson (Green Bay)
   Score: 100.0 | Rating: 61 vs 61 (diff: 0)
   Height: 79" vs 79" (diff: 0") | Weight: 259 vs 259 lbs (diff: 0)
   Handedness: 1 vs 1 (diff: 0) | Years Pro: 1 vs 1 (diff: 0)
   Contract: 960,000 APY
✅ Matched: Windrell Kuffel -> Michael Jurgens (Minnesota)
   Score: 100.0 | Rating: 61 vs 61 (diff: 0)
   Height: 77" vs 77" (diff: 0") | Weight: 307 vs 307 lbs (diff: 0)
   Handedness: 1 vs 1 (diff: 0) | Years Pro: 1 vs 1 (diff: 0)
   Contract: 1,032,185 APY
✅ Matched: Khalid Hapes -> Nate Adkins (Denver)
   Score: 100.0 | Rating: 61 vs 61 (diff: 0)
   Height: 75" vs 75" (diff: 0") | Weight: 252 vs 252 lbs (diff: 0)
   Handedness: 1 vs 1 (diff: 0) | Years Pro: 2 vs 2 (diff: 0)
   Contract: 901,667 APY
✅ Matched: Gar Keenan -> Nick Mullens (Jacksonville)
   Score: 100.0 | Rating: 61 vs 61 (diff: 0)
   Height: 72" vs 72" (diff: 0") | Weight: 210 vs 210 lbs (diff: 0)
   Handedness: 1 vs 1 (diff: 0) | Years Pro: 8 vs 8 (diff: 0)
   Contract: 2,250,000 APY
✅ Matched: Rod Doerger -> Patrick Taylor (San Francisco)
   Score: 100.0 | Rating: 61 vs 61 (diff: 0)
   Height: 74" vs 74" (diff: 0") | Weight: 217 vs 217 lbs (diff: 0)
   Handedness: 1 vs 1 (diff: 0) | Years Pro: 5 vs 5 (diff: 0)
   Contract: 1,170,000 APY
✅ Matched: Yale Teerlinck -> Power Echols (Chicago)
   Score: 100.0 | Rating: 61 vs 61 (diff: 0)
   Height: 71" vs 71" (diff: 0") | Weight: 234 vs 234 lbs (diff: 0)
   Handedness: 1 vs 1 (diff: 0) | Years Pro: 0 vs 0 (diff: 0)
   Contract: 995,000 APY
✅ Matched: Lucien Theofiledes -> Princeton Fant (Dallas)
   Score: 100.0 | Rating: 61 vs 61 (diff: 0)
   Height: 74" vs 74" (diff: 0") | Weight: 235 vs 235 lbs (diff: 0)
   Handedness: 1 vs 1 (diff: 0) | Years Pro: 2 vs 2 (diff: 0)
   Contract: 877,500 APY
❌ No match: Lenny Herock (New York A) - Using defaults
❌ No match: Antuan Drake (New York N) - Using defaults
✅ Matched: Kealoha Gainer -> Raiqwon O'Neal (Tampa Bay)
   Score: 100.0 | Rating: 61 vs 61 (diff: 0)
   Height: 76" vs 76" (diff: 0") | Weight: 305 vs 305 lbs (diff: 0)
   Handedness: 1 vs 1 (diff: 0) | Years Pro: 2 vs 2 (diff: 0)
   Contract: 960,000 APY
✅ Matched: Aubrey Duggan -> Tanner McKee (Philadelphia)
   Score: 100.0 | Rating: 61 vs 61 (diff: 0)
   Height: 78" vs 78" (diff: 0") | Weight: 231 vs 231 lbs (diff: 0)
   Handedness: 1 vs 1 (diff: 0) | Years Pro: 2 vs 2 (diff: 0)
   Contract: 1,006,630 APY
✅ Matched: Derland Wallerstedt -> Thomas Harper (Las Vegas)
   Score: 100.0 | Rating: 61 vs 61 (diff: 0)
   Height: 70" vs 70" (diff: 0") | Weight: 189 vs 189 lbs (diff: 0)
   Handedness: 1 vs 1 (diff: 0) | Years Pro: 1 vs 1 (diff: 0)
   Contract: 946,667 APY
❌ No match: Harper Eckl (New York N) - Using defaults
✅ Matched: Adalius Lacy -> Tre Swilling (Carolina)
   Score: 100.0 | Rating: 61 vs 61 (diff: 0)
   Height: 73" vs 73" (diff: 0") | Weight: 196 vs 196 lbs (diff: 0)
   Handedness: 1 vs 1 (diff: 0) | Years Pro: 3 vs 3 (diff: 0)
   Contract: 840,000 APY
✅ Matched: Cordy Suggs -> Tyreem Powell (New Orleans)
   Score: 100.0 | Rating: 61 vs 61 (diff: 0)
   Height: 77" vs 77" (diff: 0") | Weight: 239 vs 239 lbs (diff: 0)
   Handedness: 1 vs 1 (diff: 0) | Years Pro: 0 vs 0 (diff: 0)
   Contract: 991,667 APY
✅ Matched: Sod Braxton -> Wesley French (Indianapolis)
   Score: 100.0 | Rating: 61 vs 61 (diff: 0)
   Height: 76" vs 76" (diff: 0") | Weight: 307 vs 307 lbs (diff: 0)
   Handedness: 1 vs 1 (diff: 0) | Years Pro: 3 vs 3 (diff: 0)
   Contract: 1,050,000 APY
✅ Matched: Matt Brewington -> Zach Davidson (Buffalo)
   Score: 100.0 | Rating: 61 vs 61 (diff: 0)
   Height: 79" vs 79" (diff: 0") | Weight: 251 vs 251 lbs (diff: 0)
   Handedness: 1 vs 1 (diff: 0) | Years Pro: 4 vs 4 (diff: 0)
   Contract: 1,021,000 APY
✅ Matched: Emerson Booty -> Amari Kight (Seattle)
   Score: 100.0 | Rating: 60 vs 60 (diff: 0)
   Height: 77" vs 77" (diff: 0") | Weight: 299 vs 299 lbs (diff: 0)
   Handedness: 1 vs 1 (diff: 0) | Years Pro: 0 vs 0 (diff: 0)
   Contract: 988,833 APY
✅ Matched: Ta'Ase Post -> Bobby Price (Washington)
   Score: 100.0 | Rating: 60 vs 60 (diff: 0)
   Height: 75" vs 75" (diff: 0") | Weight: 208 vs 208 lbs (diff: 0)
   Handedness: 1 vs 1 (diff: 0) | Years Pro: 6 vs 6 (diff: 0)
   Contract: 1,170,000 APY
✅ Matched: Lawyer Cosby -> Bryson Nesbit (Minnesota)
   Score: 100.0 | Rating: 60 vs 60 (diff: 0)
   Height: 77" vs 77" (diff: 0") | Weight: 238 vs 238 lbs (diff: 0)
   Handedness: 1 vs 1 (diff: 0) | Years Pro: 0 vs 0 (diff: 0)
   Contract: 990,000 APY
✅ Matched: Filmel Ruetz -> Caleb Lohner (Denver)
   Score: 100.0 | Rating: 60 vs 60 (diff: 0)
   Height: 79" vs 79" (diff: 0") | Weight: 256 vs 256 lbs (diff: 0)
   Handedness: 1 vs 1 (diff: 0) | Years Pro: 0 vs 0 (diff: 0)
   Contract: 1,077,372 APY
✅ Matched: Leodis Mockmore -> Cam Miller (Las Vegas)
   Score: 100.0 | Rating: 60 vs 60 (diff: 0)
   Height: 73" vs 73" (diff: 0") | Weight: 210 vs 210 lbs (diff: 0)
   Handedness: 1 vs 1 (diff: 0) | Years Pro: 0 vs 0 (diff: 0)
   Contract: 1,093,570 APY
✅ Matched: Lyneal Maznicki -> Desmond Igbinosun (Baltimore)
   Score: 100.0 | Rating: 60 vs 60 (diff: 0)
   Height: 74" vs 74" (diff: 0") | Weight: 223 vs 223 lbs (diff: 0)
   Handedness: 1 vs 1 (diff: 0) | Years Pro: 0 vs 0 (diff: 0)
   Contract: 988,667 APY
⚠️  No contract: Kori Lindell -> Doug Kramer Jr (Chicago) - Using defaults
✅ Matched: Lud Druze -> Elijah Dotson (Atlanta)
   Score: 100.0 | Rating: 60 vs 60 (diff: 0)
   Height: 69" vs 69" (diff: 0") | Weight: 202 vs 202 lbs (diff: 0)
   Handedness: 1 vs 1 (diff: 0) | Years Pro: 2 vs 2 (diff: 0)
   Contract: 960,000 APY
✅ Matched: Eron Mcclellin -> Jack Cochrane (Kansas City)
   Score: 100.0 | Rating: 60 vs 60 (diff: 0)
   Height: 75" vs 75" (diff: 0") | Weight: 236 vs 236 lbs (diff: 0)
   Handedness: 1 vs 1 (diff: 0) | Years Pro: 3 vs 3 (diff: 0)
   Contract: 2,100,000 APY
✅ Matched: Da'Rel Bykowski -> Jared Penning (Baltimore)
   Score: 100.0 | Rating: 60 vs 60 (diff: 0)
   Height: 77" vs 77" (diff: 0") | Weight: 319 vs 319 lbs (diff: 0)
   Handedness: 1 vs 1 (diff: 0) | Years Pro: 0 vs 0 (diff: 0)
   Contract: 989,167 APY
✅ Matched: Jaiquawn Maynard -> Jason Ivey (Cleveland)
   Score: 100.0 | Rating: 60 vs 60 (diff: 0)
   Height: 77" vs 77" (diff: 0") | Weight: 287 vs 287 lbs (diff: 0)
   Handedness: 1 vs 1 (diff: 0) | Years Pro: 0 vs 0 (diff: 0)
   Contract: 990,000 APY
✅ Matched: Lequan Arthur -> Jaxson Kirkland (Cincinnati)
   Score: 100.0 | Rating: 60 vs 60 (diff: 0)
   Height: 79" vs 79" (diff: 0") | Weight: 328 vs 328 lbs (diff: 0)
   Handedness: 1 vs 1 (diff: 0) | Years Pro: 2 vs 2 (diff: 0)
   Contract: 960,000 APY
✅ Matched: Rodregis Oas -> Joe Cardona (Miami)
   Score: 100.0 | Rating: 60 vs 60 (diff: 0)
   Height: 75" vs 75" (diff: 0") | Weight: 245 vs 245 lbs (diff: 0)
   Handedness: 1 vs 1 (diff: 0) | Years Pro: 10 vs 10 (diff: 0)
   Contract: 1,422,500 APY
✅ Matched: Winford Gaydos -> John Wolford (Jacksonville)
   Score: 100.0 | Rating: 60 vs 60 (diff: 0)
   Height: 73" vs 73" (diff: 0") | Weight: 200 vs 200 lbs (diff: 0)
   Handedness: 1 vs 1 (diff: 0) | Years Pro: 5 vs 5 (diff: 0)
   Contract: 1,170,000 APY
⚠️  No contract: Halvor Pesonen -> Johnny Walker Jr. (Denver) - Using defaults
✅ Matched: Renardo Cantor -> Josh Sills (Indianapolis)
   Score: 100.0 | Rating: 60 vs 60 (diff: 0)
   Height: 78" vs 78" (diff: 0") | Weight: 325 vs 325 lbs (diff: 0)
   Handedness: 1 vs 1 (diff: 0) | Years Pro: 3 vs 3 (diff: 0)
   Contract: 1,030,000 APY
✅ Matched: Juan Crowther -> Keondre Jackson (Baltimore)
   Score: 100.0 | Rating: 60 vs 60 (diff: 0)
   Height: 74" vs 74" (diff: 0") | Weight: 207 vs 207 lbs (diff: 0)
   Handedness: 1 vs 1 (diff: 0) | Years Pro: 0 vs 0 (diff: 0)
   Contract: 990,833 APY
✅ Matched: Glynn Daigle -> Kyle Hinton (Atlanta)
   Score: 100.0 | Rating: 60 vs 60 (diff: 0)
   Height: 74" vs 74" (diff: 0") | Weight: 295 vs 295 lbs (diff: 0)
   Handedness: 1 vs 1 (diff: 0) | Years Pro: 5 vs 5 (diff: 0)
   Contract: 2,875,000 APY
✅ Matched: Olivier Sebo -> Kyle Allen (Detroit)
   Score: 100.0 | Rating: 60 vs 60 (diff: 0)
   Height: 75" vs 75" (diff: 0") | Weight: 210 vs 210 lbs (diff: 0)
   Handedness: 1 vs 1 (diff: 0) | Years Pro: 7 vs 7 (diff: 0)
   Contract: 1,270,000 APY
❌ No match: Alec Heimkreiter (New York A) - Using defaults
✅ Matched: Cameron Threadgill -> Max Brosmer (Minnesota)
   Score: 100.0 | Rating: 60 vs 60 (diff: 0)
   Height: 74" vs 74" (diff: 0") | Weight: 218 vs 218 lbs (diff: 0)
   Handedness: 1 vs 1 (diff: 0) | Years Pro: 0 vs 0 (diff: 0)
   Contract: 991,667 APY
✅ Matched: King Chmura -> Sal Wormley (Jacksonville)
   Score: 100.0 | Rating: 60 vs 60 (diff: 0)
   Height: 75" vs 75" (diff: 0") | Weight: 327 vs 327 lbs (diff: 0)
   Handedness: 1 vs 1 (diff: 0) | Years Pro: 0 vs 0 (diff: 0)
   Contract: 991,667 APY
✅ Matched: Belf Shropshire -> Sam Kamara (Cleveland)
   Score: 100.0 | Rating: 60 vs 60 (diff: 0)
   Height: 73" vs 73" (diff: 0") | Weight: 272 vs 272 lbs (diff: 0)
   Handedness: 1 vs 1 (diff: 0) | Years Pro: 4 vs 4 (diff: 0)
   Contract: 985,000 APY
✅ Matched: Jerico Clancy -> Stephen Carlson (Chicago)
   Score: 100.0 | Rating: 60 vs 60 (diff: 0)
   Height: 76" vs 76" (diff: 0") | Weight: 240 vs 240 lbs (diff: 0)
   Handedness: 1 vs 1 (diff: 0) | Years Pro: 6 vs 6 (diff: 0)
   Contract: 1,030,000 APY
✅ Matched: Stewart Konetsky -> Trey Wedig (Los Angeles N)
   Score: 100.0 | Rating: 60 vs 60 (diff: 0)
   Height: 78" vs 78" (diff: 0") | Weight: 310 vs 310 lbs (diff: 0)
   Handedness: 1 vs 1 (diff: 0) | Years Pro: 0 vs 0 (diff: 0)
   Contract: 995,000 APY
✅ Matched: Arda Field -> Tyler Mabry (Carolina)
   Score: 100.0 | Rating: 60 vs 60 (diff: 0)
   Height: 75" vs 75" (diff: 0") | Weight: 247 vs 247 lbs (diff: 0)
   Handedness: 1 vs 1 (diff: 0) | Years Pro: 5 vs 5 (diff: 0)
   Contract: 960,000 APY
✅ Matched: Stud Meinert -> Tyler Davis (New England)
   Score: 100.0 | Rating: 60 vs 60 (diff: 0)
   Height: 76" vs 76" (diff: 0") | Weight: 252 vs 252 lbs (diff: 0)
   Handedness: 1 vs 1 (diff: 0) | Years Pro: 5 vs 5 (diff: 0)
   Contract: 1,050,638 APY
✅ Matched: Mike Tully -> Tyrone Wheatley Jr. (Atlanta)
   Score: 100.0 | Rating: 60 vs 60 (diff: 0)
   Height: 78" vs 78" (diff: 0") | Weight: 320 vs 320 lbs (diff: 0)
   Handedness: 1 vs 1 (diff: 0) | Years Pro: 3 vs 3 (diff: 0)
   Contract: 960,000 APY
✅ Matched: Mardye Dulin -> Amen Ogbongbemiga (Chicago)
   Score: 100.0 | Rating: 59 vs 59 (diff: 0)
   Height: 72" vs 72" (diff: 0") | Weight: 231 vs 231 lbs (diff: 0)
   Handedness: 1 vs 1 (diff: 0) | Years Pro: 4 vs 4 (diff: 0)
   Contract: 2,500,000 APY
✅ Matched: Keyunta Walston -> Andrew Coker (Cincinnati)
   Score: 100.0 | Rating: 59 vs 59 (diff: 0)
   Height: 79" vs 79" (diff: 0") | Weight: 315 vs 315 lbs (diff: 0)
   Handedness: 1 vs 1 (diff: 0) | Years Pro: 1 vs 1 (diff: 0)
   Contract: 840,000 APY
✅ Matched: Taj Lebengood -> Ben VanSumeren (Philadelphia)
   Score: 100.0 | Rating: 59 vs 59 (diff: 0)
   Height: 74" vs 74" (diff: 0") | Weight: 231 vs 231 lbs (diff: 0)
   Handedness: 1 vs 1 (diff: 0) | Years Pro: 2 vs 2 (diff: 0)
   Contract: 1,055,000 APY
✅ Matched: Ottis Vairo -> Ben Dooley (Los Angeles N)
   Score: 100.0 | Rating: 59 vs 59 (diff: 0)
   Height: 77" vs 77" (diff: 0") | Weight: 320 vs 320 lbs (diff: 0)
   Handedness: 1 vs 1 (diff: 0) | Years Pro: 0 vs 0 (diff: 0)
   Contract: 990,333 APY
✅ Matched: Doak Steger -> Brenden Jaimes (Tennessee)
   Score: 100.0 | Rating: 59 vs 59 (diff: 0)
   Height: 77" vs 77" (diff: 0") | Weight: 300 vs 300 lbs (diff: 0)
   Handedness: 1 vs 1 (diff: 0) | Years Pro: 4 vs 4 (diff: 0)
   Contract: 949,445 APY
✅ Matched: Howard Peko -> Caleb Johnson (Atlanta)
   Score: 100.0 | Rating: 59 vs 59 (diff: 0)
   Height: 74" vs 74" (diff: 0") | Weight: 227 vs 227 lbs (diff: 0)
   Handedness: 1 vs 1 (diff: 0) | Years Pro: 4 vs 4 (diff: 0)
   Contract: 1,170,000 APY
✅ Matched: Shareece Jenkins -> Cam'Ron Silmon-Craig (Jacksonville)
   Score: 100.0 | Rating: 59 vs 59 (diff: 0)
   Height: 71" vs 71" (diff: 0") | Weight: 194 vs 194 lbs (diff: 0)
   Handedness: 1 vs 1 (diff: 0) | Years Pro: 0 vs 0 (diff: 0)
   Contract: 988,833 APY
⚠️  No contract: Everette Schnelker -> Carter Runyon (Las Vegas) - Using defaults
✅ Matched: Jamarca Mazzanti -> Cole Van Lanen (Jacksonville)
   Score: 100.0 | Rating: 59 vs 59 (diff: 0)
   Height: 76" vs 76" (diff: 0") | Weight: 312 vs 312 lbs (diff: 0)
   Handedness: 1 vs 1 (diff: 0) | Years Pro: 4 vs 4 (diff: 0)
   Contract: 3,406,000 APY
✅ Matched: Zvonimir Longstreet -> Devin Cochran (Cincinnati)
   Score: 100.0 | Rating: 59 vs 59 (diff: 0)
   Height: 79" vs 79" (diff: 0") | Weight: 330 vs 330 lbs (diff: 0)
   Handedness: 1 vs 1 (diff: 0) | Years Pro: 3 vs 3 (diff: 0)
   Contract: 937,500 APY
✅ Matched: Teag Seder -> Jake Majors (Tampa Bay)
   Score: 100.0 | Rating: 59 vs 59 (diff: 0)
   Height: 75" vs 75" (diff: 0") | Weight: 304 vs 304 lbs (diff: 0)
   Handedness: 0 vs 0 (diff: 0) | Years Pro: 0 vs 0 (diff: 0)
   Contract: 991,667 APY
✅ Matched: Kentwan Steinbrunner -> Jake Tonges (San Francisco)
   Score: 100.0 | Rating: 59 vs 59 (diff: 0)
   Height: 76" vs 76" (diff: 0") | Weight: 240 vs 240 lbs (diff: 0)
   Handedness: 1 vs 1 (diff: 0) | Years Pro: 3 vs 3 (diff: 0)
   Contract: 1,030,000 APY
✅ Matched: Malaefou Woodeshick -> Jared Ivey (Seattle)
   Score: 100.0 | Rating: 59 vs 59 (diff: 0)
   Height: 78" vs 78" (diff: 0") | Weight: 274 vs 274 lbs (diff: 0)
   Handedness: 1 vs 1 (diff: 0) | Years Pro: 0 vs 0 (diff: 0)
   Contract: 993,333 APY
✅ Matched: Bern Gaylor -> Jayson Jones (Baltimore)
   Score: 100.0 | Rating: 59 vs 59 (diff: 0)
   Height: 78" vs 78" (diff: 0") | Weight: 325 vs 325 lbs (diff: 0)
   Handedness: 1 vs 1 (diff: 0) | Years Pro: 0 vs 0 (diff: 0)
   Contract: 990,000 APY
❌ No match: Lindsey Unck (New York N) - Using defaults
✅ Matched: Ralph Iverson -> Josh Johnson (Washington)
   Score: 100.0 | Rating: 59 vs 59 (diff: 0)
   Height: 75" vs 75" (diff: 0") | Weight: 198 vs 198 lbs (diff: 0)
   Handedness: 1 vs 1 (diff: 0) | Years Pro: 16 vs 16 (diff: 0)
   Contract: 1,422,500 APY
✅ Matched: Dequan Herrin -> Kyle Trask (Tampa Bay)
   Score: 100.0 | Rating: 59 vs 59 (diff: 0)
   Height: 77" vs 77" (diff: 0") | Weight: 236 vs 236 lbs (diff: 0)
   Handedness: 1 vs 1 (diff: 0) | Years Pro: 4 vs 4 (diff: 0)
   Contract: 2,787,500 APY
✅ Matched: Blanchard Mikolajczyk -> Michael Pratt (Tampa Bay)
   Score: 100.0 | Rating: 59 vs 59 (diff: 0)
   Height: 75" vs 75" (diff: 0") | Weight: 217 vs 217 lbs (diff: 0)
   Handedness: 1 vs 1 (diff: 0) | Years Pro: 1 vs 1 (diff: 0)
   Contract: 1,142,500 APY
✅ Matched: Lecharles Tuman -> Morice Norris (Detroit)
   Score: 100.0 | Rating: 59 vs 59 (diff: 0)
   Height: 70" vs 70" (diff: 0") | Weight: 192 vs 192 lbs (diff: 0)
   Handedness: 1 vs 1 (diff: 0) | Years Pro: 1 vs 1 (diff: 0)
   Contract: 795,000 APY
⚠️  No contract: Seyi Landeta -> Ozzie Hutchinson (Baltimore) - Using defaults
✅ Matched: Arlen Gage -> Tucker Fisk (Los Angeles A)
   Score: 100.0 | Rating: 59 vs 59 (diff: 0)
   Height: 76" vs 76" (diff: 0") | Weight: 285 vs 285 lbs (diff: 0)
   Handedness: 1 vs 1 (diff: 0) | Years Pro: 3 vs 3 (diff: 0)
   Contract: 915,000 APY
✅ Matched: Robaire Ruskusky -> Ty Okada (Seattle)
   Score: 100.0 | Rating: 59 vs 59 (diff: 0)
   Height: 71" vs 71" (diff: 0") | Weight: 193 vs 193 lbs (diff: 0)
   Handedness: 1 vs 1 (diff: 0) | Years Pro: 2 vs 2 (diff: 0)
   Contract: 1,030,000 APY
✅ Matched: Jermale Baisi -> Will Sherman (Denver)
   Score: 100.0 | Rating: 59 vs 59 (diff: 0)
   Height: 76" vs 76" (diff: 0") | Weight: 300 vs 300 lbs (diff: 0)
   Handedness: 1 vs 1 (diff: 0) | Years Pro: 4 vs 4 (diff: 0)
   Contract: 840,000 APY
✅ Matched: Kiante Capps -> Willie Lampkin (Los Angeles N)
   Score: 100.0 | Rating: 59 vs 59 (diff: 0)
   Height: 71" vs 71" (diff: 0") | Weight: 290 vs 290 lbs (diff: 0)
   Handedness: 1 vs 1 (diff: 0) | Years Pro: 0 vs 0 (diff: 0)
   Contract: 998,333 APY
✅ Matched: Bosh Hunnicutt -> Ben Scott (Tampa Bay)
   Score: 100.0 | Rating: 58 vs 58 (diff: 0)
   Height: 77" vs 77" (diff: 0") | Weight: 310 vs 310 lbs (diff: 0)
   Handedness: 1 vs 1 (diff: 0) | Years Pro: 0 vs 0 (diff: 0)
   Contract: 993,333 APY
❌ No match: Versil Bowyer (New York A) - Using defaults
⚠️  No contract: Jalil Bayley -> Chandler Brewer (Tennessee) - Using defaults
✅ Matched: Travaris Shugart -> Devin Leary (Baltimore)
   Score: 100.0 | Rating: 58 vs 58 (diff: 0)
   Height: 73" vs 73" (diff: 0") | Weight: 215 vs 215 lbs (diff: 0)
   Handedness: 1 vs 1 (diff: 0) | Years Pro: 1 vs 1 (diff: 0)
   Contract: 840,000 APY
✅ Matched: Tramon Egboh -> Eric Banks (Tampa Bay)
   Score: 100.0 | Rating: 58 vs 58 (diff: 0)
   Height: 77" vs 77" (diff: 0") | Weight: 274 vs 274 lbs (diff: 0)
   Handedness: 1 vs 1 (diff: 0) | Years Pro: 5 vs 5 (diff: 0)
   Contract: 1,030,000 APY
✅ Matched: Dennis Rowan -> Evan Deckers (Tampa Bay)
   Score: 100.0 | Rating: 58 vs 58 (diff: 0)
   Height: 75" vs 75" (diff: 0") | Weight: 245 vs 245 lbs (diff: 0)
   Handedness: 1 vs 1 (diff: 0) | Years Pro: 2 vs 2 (diff: 0)
   Contract: 795,000 APY
✅ Matched: Dorson Prudhomme -> Josh Ross (Seattle)
   Score: 100.0 | Rating: 58 vs 58 (diff: 0)
   Height: 72" vs 72" (diff: 0") | Weight: 229 vs 229 lbs (diff: 0)
   Handedness: 1 vs 1 (diff: 0) | Years Pro: 3 vs 3 (diff: 0)
   Contract: 1,030,000 APY
✅ Matched: Hunter Childress -> Kingsley Eguakun (Detroit)
   Score: 100.0 | Rating: 58 vs 58 (diff: 0)
   Height: 76" vs 76" (diff: 0") | Weight: 304 vs 304 lbs (diff: 0)
   Handedness: 1 vs 1 (diff: 0) | Years Pro: 1 vs 1 (diff: 0)
   Contract: 840,000 APY
✅ Matched: Irv Zackery -> Kion Smith (Miami)
   Score: 100.0 | Rating: 58 vs 58 (diff: 0)
   Height: 77" vs 77" (diff: 0") | Weight: 306 vs 306 lbs (diff: 0)
   Handedness: 1 vs 1 (diff: 0) | Years Pro: 3 vs 3 (diff: 0)
   Contract: 927,500 APY
✅ Matched: Mathewson Aikman -> Leroy Watson (Minnesota)
   Score: 100.0 | Rating: 58 vs 58 (diff: 0)
   Height: 77" vs 77" (diff: 0") | Weight: 310 vs 310 lbs (diff: 0)
   Handedness: 1 vs 1 (diff: 0) | Years Pro: 2 vs 2 (diff: 0)
   Contract: 1,030,000 APY
✅ Matched: Knuckles Quigley -> Nikola Kalinic (Atlanta)
   Score: 100.0 | Rating: 58 vs 58 (diff: 0)
   Height: 76" vs 76" (diff: 0") | Weight: 245 vs 245 lbs (diff: 0)
   Handedness: 1 vs 1 (diff: 0) | Years Pro: 4 vs 4 (diff: 0)
   Contract: 1,022,500 APY
✅ Matched: Tysyn Harden -> Rex Sunahara (Cleveland)
   Score: 100.0 | Rating: 58 vs 58 (diff: 0)
   Height: 78" vs 78" (diff: 0") | Weight: 250 vs 250 lbs (diff: 0)
   Handedness: 1 vs 1 (diff: 0) | Years Pro: 1 vs 1 (diff: 0)
   Contract: 795,000 APY
✅ Matched: Taye Southard -> Stevo Klotz (Los Angeles A)
   Score: 100.0 | Rating: 58 vs 58 (diff: 0)
   Height: 76" vs 76" (diff: 0") | Weight: 247 vs 247 lbs (diff: 0)
   Handedness: 1 vs 1 (diff: 0) | Years Pro: 0 vs 0 (diff: 0)
   Contract: 990,000 APY
⚠️  No contract: Arnold Voytek -> Torricelli Simpkins III (New Orleans) - Using defaults
✅ Matched: Diamond Flynn -> Tyson Bagent (Chicago)
   Score: 100.0 | Rating: 58 vs 58 (diff: 0)
   Height: 75" vs 75" (diff: 0") | Weight: 213 vs 213 lbs (diff: 0)
   Handedness: 1 vs 1 (diff: 0) | Years Pro: 2 vs 2 (diff: 0)
   Contract: 906,667 APY
✅ Matched: Muhsin Figures -> Vi Jones (Arizona)
   Score: 100.0 | Rating: 58 vs 58 (diff: 0)
   Height: 74" vs 74" (diff: 0") | Weight: 225 vs 225 lbs (diff: 0)
   Handedness: 1 vs 1 (diff: 0) | Years Pro: 3 vs 3 (diff: 0)
   Contract: 915,000 APY
✅ Matched: Fili Trejo -> William Kwenkeu (Baltimore)
   Score: 100.0 | Rating: 58 vs 58 (diff: 0)
   Height: 73" vs 73" (diff: 0") | Weight: 235 vs 235 lbs (diff: 0)
   Handedness: 1 vs 1 (diff: 0) | Years Pro: 3 vs 3 (diff: 0)
   Contract: 960,000 APY
❌ No match: Ma'Ake Zyntell (New York A) - Using defaults
✅ Matched: Ligarius Avinger -> Zeke Correll (Minnesota)
   Score: 100.0 | Rating: 58 vs 58 (diff: 0)
   Height: 75" vs 75" (diff: 0") | Weight: 307 vs 307 lbs (diff: 0)
   Handedness: 1 vs 1 (diff: 0) | Years Pro: 0 vs 0 (diff: 0)
   Contract: 991,667 APY
✅ Matched: Robert Giaquinto -> Ben Wooldridge (New England)
   Score: 100.0 | Rating: 57 vs 57 (diff: 0)
   Height: 74" vs 74" (diff: 0") | Weight: 214 vs 214 lbs (diff: 0)
   Handedness: 1 vs 1 (diff: 0) | Years Pro: 0 vs 0 (diff: 0)
   Contract: 990,333 APY
✅ Matched: Bub Biddle -> Brett Rypien (Minnesota)
   Score: 100.0 | Rating: 57 vs 57 (diff: 0)
   Height: 74" vs 74" (diff: 0") | Weight: 202 vs 202 lbs (diff: 0)
   Handedness: 1 vs 1 (diff: 0) | Years Pro: 7 vs 7 (diff: 0)
   Contract: 1,195,000 APY
✅ Matched: Timmie Dokes -> Curtis Robinson (San Francisco)
   Score: 100.0 | Rating: 57 vs 57 (diff: 0)
   Height: 75" vs 75" (diff: 0") | Weight: 235 vs 235 lbs (diff: 0)
   Handedness: 1 vs 1 (diff: 0) | Years Pro: 4 vs 4 (diff: 0)
   Contract: 1,170,000 APY
✅ Matched: Keyaron Parkin -> Ezekiel Turner (Detroit)
   Score: 100.0 | Rating: 57 vs 57 (diff: 0)
   Height: 74" vs 74" (diff: 0") | Weight: 214 vs 214 lbs (diff: 0)
   Handedness: 1 vs 1 (diff: 0) | Years Pro: 7 vs 7 (diff: 0)
   Contract: 1,255,000 APY
✅ Matched: Jajuan Hufnagel -> Jackson Barton (Cleveland)
   Score: 100.0 | Rating: 57 vs 57 (diff: 0)
   Height: 79" vs 79" (diff: 0") | Weight: 302 vs 302 lbs (diff: 0)
   Handedness: 1 vs 1 (diff: 0) | Years Pro: 6 vs 6 (diff: 0)
   Contract: 1,170,000 APY
✅ Matched: Reynaud Vandersea -> Patrick O'Connell (Seattle)
   Score: 100.0 | Rating: 57 vs 57 (diff: 0)
   Height: 73" vs 73" (diff: 0") | Weight: 227 vs 227 lbs (diff: 0)
   Handedness: 1 vs 1 (diff: 0) | Years Pro: 2 vs 2 (diff: 0)
   Contract: 750,000 APY
✅ Matched: Manch Mecham -> Sam Hartman (Washington)
   Score: 100.0 | Rating: 57 vs 57 (diff: 0)
   Height: 73" vs 73" (diff: 0") | Weight: 211 vs 211 lbs (diff: 0)
   Handedness: 1 vs 1 (diff: 0) | Years Pro: 1 vs 1 (diff: 0)
   Contract: 960,000 APY
✅ Matched: Dequin Kendrick -> Scott Daly (Chicago)
   Score: 100.0 | Rating: 57 vs 57 (diff: 0)
   Height: 73" vs 73" (diff: 0") | Weight: 250 vs 250 lbs (diff: 0)
   Handedness: 1 vs 1 (diff: 0) | Years Pro: 5 vs 5 (diff: 0)
   Contract: 1,337,500 APY
✅ Matched: Grassy Wortham -> Sean Clifford (Green Bay)
   Score: 100.0 | Rating: 57 vs 57 (diff: 0)
   Height: 74" vs 74" (diff: 0") | Weight: 218 vs 218 lbs (diff: 0)
   Handedness: 1 vs 1 (diff: 0) | Years Pro: 2 vs 2 (diff: 0)
   Contract: 960,000 APY
⚠️  No contract: Keary Pickel -> Trent Scott (Washington) - Using defaults
✅ Matched: Bev Younce -> Sam Ehlinger (Denver)
   Score: 100.0 | Rating: 56 vs 56 (diff: 0)
   Height: 73" vs 73" (diff: 0") | Weight: 222 vs 222 lbs (diff: 0)
   Handedness: 1 vs 1 (diff: 0) | Years Pro: 4 vs 4 (diff: 0)
   Contract: 1,337,500 APY
⚠️  No contract: Tom Mcshane -> Tim Boyle (Tennessee) - Using defaults
✅ Matched: Rocco Mcgaw -> Tyree Jackson (Washington)
   Score: 100.0 | Rating: 56 vs 56 (diff: 0)
   Height: 79" vs 79" (diff: 0") | Weight: 249 vs 249 lbs (diff: 0)
   Handedness: 1 vs 1 (diff: 0) | Years Pro: 5 vs 5 (diff: 0)
   Contract: 1,100,000 APY
✅ Matched: Tyoka Dreessen -> Will Grier (Dallas)
   Score: 100.0 | Rating: 56 vs 56 (diff: 0)
   Height: 73" vs 73" (diff: 0") | Weight: 220 vs 220 lbs (diff: 0)
   Handedness: 1 vs 1 (diff: 0) | Years Pro: 6 vs 6 (diff: 0)
   Contract: 1,170,000 APY
✅ Matched: Terrence Tindale -> Chris Oladokun (Kansas City)
   Score: 100.0 | Rating: 55 vs 55 (diff: 0)
   Height: 74" vs 74" (diff: 0") | Weight: 195 vs 195 lbs (diff: 0)
   Handedness: 1 vs 1 (diff: 0) | Years Pro: 3 vs 3 (diff: 0)
   Contract: 840,000 APY
✅ Matched: Nijrell Depler -> Foster Sarell (Washington)
   Score: 100.0 | Rating: 55 vs 55 (diff: 0)
   Height: 78" vs 78" (diff: 0") | Weight: 322 vs 322 lbs (diff: 0)
   Handedness: 1 vs 1 (diff: 0) | Years Pro: 4 vs 4 (diff: 0)
   Contract: 1,100,000 APY
✅ Matched: Elvis Bancroft -> Joshua Miles (Chicago)
   Score: 100.0 | Rating: 55 vs 55 (diff: 0)
   Height: 77" vs 77" (diff: 0") | Weight: 325 vs 325 lbs (diff: 0)
   Handedness: 1 vs 1 (diff: 0) | Years Pro: 6 vs 6 (diff: 0)
   Contract: 1,170,000 APY
✅ Matched: Jamaine Sendejo -> Brandon Allen (Tennessee)
   Score: 100.0 | Rating: 54 vs 54 (diff: 0)
   Height: 74" vs 74" (diff: 0") | Weight: 209 vs 209 lbs (diff: 0)
   Handedness: 1 vs 1 (diff: 0) | Years Pro: 9 vs 9 (diff: 0)
   Contract: 1,422,500 APY
✅ Matched: Keilen Skow -> Feleipe Franks (Atlanta)
   Score: 100.0 | Rating: 54 vs 54 (diff: 0)
   Height: 78" vs 78" (diff: 0") | Weight: 234 vs 234 lbs (diff: 0)
   Handedness: 1 vs 1 (diff: 0) | Years Pro: 4 vs 4 (diff: 0)
   Contract: 1,440,000 APY
✅ Matched: Marvcus Winburn -> Matt Nelson (Minnesota)
   Score: 100.0 | Rating: 54 vs 54 (diff: 0)
   Height: 79" vs 79" (diff: 0") | Weight: 299 vs 299 lbs (diff: 0)
   Handedness: 1 vs 1 (diff: 0) | Years Pro: 6 vs 6 (diff: 0)
   Contract: 1,170,000 APY
✅ Matched: Trindon Gant -> Brett Toth (Philadelphia)
   Score: 100.0 | Rating: 53 vs 53 (diff: 0)
   Height: 78" vs 78" (diff: 0") | Weight: 304 vs 304 lbs (diff: 0)
   Handedness: 1 vs 1 (diff: 0) | Years Pro: 6 vs 6 (diff: 0)
   Contract: 1,170,000 APY
✅ Matched: Basilio Flannery -> Ryan McCollum (Pittsburgh)
   Score: 100.0 | Rating: 53 vs 53 (diff: 0)
   Height: 77" vs 77" (diff: 0") | Weight: 300 vs 300 lbs (diff: 0)
   Handedness: 1 vs 1 (diff: 0) | Years Pro: 4 vs 4 (diff: 0)
   Contract: 1,030,000 APY
✅ Matched: Colin Treadwell -> Tanner Conner (Miami)
   Score: 100.0 | Rating: 53 vs 53 (diff: 0)
   Height: 75" vs 75" (diff: 0") | Weight: 232 vs 232 lbs (diff: 0)
   Handedness: 1 vs 1 (diff: 0) | Years Pro: 3 vs 3 (diff: 0)
   Contract: 1,042,500 APY
✅ Matched: Cody Ferragamo -> Shane Buechele (Buffalo)
   Score: 100.0 | Rating: 52 vs 52 (diff: 0)
   Height: 72" vs 72" (diff: 0") | Weight: 210 vs 210 lbs (diff: 0)
   Handedness: 1 vs 1 (diff: 0) | Years Pro: 4 vs 4 (diff: 0)
   Contract: 1,030,000 APY
✅ Matched: Fabray Songy -> Emory Jones (Atlanta)
   Score: 100.0 | Rating: 51 vs 51 (diff: 0)
   Height: 74" vs 74" (diff: 0") | Weight: 203 vs 203 lbs (diff: 0)
   Handedness: 1 vs 1 (diff: 0) | Years Pro: 1 vs 1 (diff: 0)
   Contract: 840,000 APY

📊 Contract Mapping Complete!
✅ Matched players: 1995
❌ Unmatched players: 372
📁 Updated file saved as: PFL2025DATA_ENHANCED.csv

🎯 Matching Accuracy:
   • Total players processed: 2367
   • Successfully matched: 1995
   • Match rate: 84.3%
   • Matching criteria: Team + Position + Overall Rating (35%) + Height (25%) + Weight (25%) + Handedness (10%) + Years Pro (5%)
   • Minimum score threshold: 60/100

📊 Score Distribution:
   • Perfect matches (99.5-100.0): 1995
   • High quality (90-99.4): 0
   • Acceptable (60-89.9): 0
   • Average match score: 100.0/100

📋 Generating contract report...
📄 Contract report saved as: Enhanced_Contract_Report.txt

🎯 Enhanced contract mapping complete! Every player now has accurate contract data.
