firstName,lastName,Team,Position,college,age,overallRating,birthdate,height,weight,handedness,jerseyNum,yearsPro,Archetype,stats/acceleration/value,stats/agility/value,stats/jumping/value,stats/stamina/value,stats/strength/value,stats/awareness/value,stats/bCVision/value,stats/blockShedding/value,stats/breakSack/value,stats/breakTackle/value,stats/carrying/value,stats/catchInTraffic/value,stats/catching/value,stats/changeOfDirection/value,stats/deepRouteRunning/value,stats/finesseMoves/value,stats/hitPower/value,stats/impactBlocking/value,stats/injury/value,stats/jukeMove/value,stats/kickAccuracy/value,stats/kickPower/value,stats/kickReturn/value,stats/leadBlock/value,stats/manCoverage/value,stats/mediumRouteRunning/value,stats/overall/value,stats/passBlock/value,stats/passBlockFinesse/value,stats/passBlockPower/value,stats/playAction/value,stats/playRecognition/value,stats/powerMoves/value,stats/press/value,stats/pursuit/value,stats/release/value,stats/runBlock/value,stats/runBlockFinesse/value,stats/runBlockPower/value,stats/shortRouteRunning/value,stats/spectacularCatch/value,stats/speed/value,stats/spinMove/value,stats/stiffArm/value,stats/tackle/value,stats/throwAccuracyDeep/value,stats/throwAccuracyMid/value,stats/throwAccuracyShort/value,stats/throwOnTheRun/value,stats/throwPower/value,stats/throwUnderPressure/value,stats/toughness/value,stats/trucking/value,stats/zoneCoverage/value,contractYears,contractTotalValue_M,contractAPY_M,contractTotalGuaranteed_M,Development
Vencie,Brezina,Cincinnati,WR,LSU,25,99,3/1/00,72,201,1,1,4,Deep Threat - WR,94,89,97,97,72,100,100,36,29,88,69,95,98,98,100,11,25,45,96,89,14,23,60,26,13,92,97,34,23,24,7,13,8,16,33,99,56,31,35,95,100,94,86,74,30,11,15,21,20,30,23,89,70,17,4,161.0,40.25,73.9,Normal
Rashean,Fanaika,Buffalo,QB,Wyoming,29,99,5/21/96,77,237,1,17,7,Improviser - QB,95,87,92,100,78,98,97,23,97,87,61,20,41,84,13,11,13,24,99,78,13,22,14,17,12,12,97,14,11,14,100,15,10,9,30,16,21,6,9,21,24,90,77,81,34,92,89,97,99,100,93,100,72,18,6,330.0,55.0,147.0,Normal
Jeffery,Stills,Minnesota,WR,LSU,26,99,6/16/99,73,195,1,18,5,Deep Threat - WR,89,94,97,98,64,97,97,27,23,85,72,98,97,100,100,26,41,50,94,93,11,20,60,31,18,99,97,21,10,20,24,20,16,16,42,100,51,24,32,94,96,90,81,75,36,26,30,35,35,44,31,89,65,26,4,140.0,35.0,88.743,Normal
Jerone,Danehe,Baltimore,QB,Louisville,28,99,1/7/97,74,210,1,8,7,Improviser - QB,95,94,91,93,63,97,98,16,98,82,70,17,64,95,13,10,27,29,92,91,19,12,10,21,12,15,99,13,13,13,98,10,12,10,38,17,14,14,14,20,15,96,83,80,35,85,96,97,99,93,98,96,39,12,5,260.0,52.0,135.0,Normal
Billie,Lio,Philadelphia,RT,Oklahoma,35,99,5/8/90,78,325,1,65,12,Power - OT,80,77,80,90,91,99,62,54,39,31,69,58,66,60,27,60,60,95,86,55,24,24,8,98,12,32,100,96,92,98,40,31,53,11,56,45,99,97,96,48,56,77,48,53,58,48,54,61,52,67,41,91,66,20,1,25.0,25.0,25.0,Normal
Rishaw,Messner,Cleveland,RE,Texas AM,29,99,12/29/95,76,272,1,95,8,Power Rusher - DE,86,90,92,90,96,95,35,94,12,31,57,21,54,74,4,93,85,89,95,36,23,17,14,19,51,5,97,49,46,44,14,91,99,45,99,32,41,45,42,15,25,88,44,52,91,25,30,32,24,55,18,86,39,51,4,160.0,40.0,59.296125,Normal
Salem,Hollas,Philadelphia,HB,Penn State,28,99,2/9/97,72,227,1,26,7,Elusive Back - HB,97,98,96,95,82,97,84,27,31,93,97,62,72,95,69,26,16,38,94,95,17,18,82,32,15,68,100,59,33,40,17,21,18,7,36,70,33,33,39,74,75,94,94,89,31,29,34,43,34,41,16,89,83,13,2,41.2,20.6,36.0,Normal
Woodie,Colston,Baltimore,HB,Alabama,31,98,1/4/94,75,247,1,22,9,Power Back - HB,88,85,84,94,86,98,99,34,29,96,99,47,64,81,45,10,34,49,95,85,22,21,36,49,14,46,100,69,41,41,16,17,13,13,41,48,39,31,38,55,54,92,72,99,43,25,29,40,34,43,25,96,92,19,2,30.0,15.0,24.0,Normal
Jacques,Montalbo,San Francisco,TE,Iowa,31,98,10/9/93,76,250,1,85,8,Possession - TE,87,83,90,91,83,95,90,31,18,81,78,89,96,74,77,20,37,76,88,80,22,19,30,62,15,78,97,61,54,60,13,34,19,17,34,84,78,71,73,84,87,85,61,80,34,13,15,23,8,30,16,99,80,24,4,76.4,19.1,33.0,Normal
Jeron,Fordham,Dallas,LE,Penn State,26,98,5/26/99,75,245,1,11,4,Smaller Speed Rusher - DE,94,92,83,91,87,99,70,82,12,56,70,44,61,79,29,95,85,83,92,70,18,22,59,19,61,38,98,44,46,43,5,93,89,56,96,37,46,43,43,39,49,91,59,57,91,8,6,8,4,29,14,88,63,64,4,17.079793,4.269948,17.079793,Normal
Marcel,Gruttadauria,Kansas City,DT,Mississippi St.,31,97,7/3/94,78,310,1,95,9,Power Rusher - DT,77,75,61,89,98,99,25,96,12,9,30,14,27,64,4,90,86,95,95,29,19,19,7,21,23,4,96,43,47,44,8,93,98,14,91,15,45,44,44,15,15,73,19,27,89,7,6,7,6,22,16,93,35,29,5,158.75,31.75,60.0,Normal
Darryal,Mira,New York N,DT,Clemson,27,97,11/12/97,76,342,1,97,6,,83,73,70,90,99,94,30,97,12,20,39,23,36,60,12,80,83,94,93,24,14,16,40,43,13,13,98,45,48,44,6,95,93,11,91,13,45,45,45,18,23,75,20,31,92,4,6,6,5,19,9,89,46,24,4,8.0,2.0,4.0,Normal
Major,Ridge,San Francisco,MLB,BYU,28,97,11/19/96,75,230,0,54,7,Field General - MLB,89,81,92,95,82,100,57,81,12,20,64,60,76,84,3,64,83,82,95,60,12,11,12,24,77,4,97,43,43,43,4,100,50,59,98,21,46,44,47,13,58,89,51,35,93,8,6,4,8,16,12,95,47,86,3,63.0,21.0,40.8,Normal
Lennox,Lalonde,Cincinnati,QB,LSU,28,97,12/10/96,76,215,1,9,5,Field General - QB,86,83,74,97,68,99,86,30,91,69,62,19,40,79,15,10,29,29,92,64,17,21,10,20,29,19,97,15,15,25,86,27,10,25,38,18,15,20,30,28,26,84,68,50,36,96,97,99,91,88,96,97,57,33,5,275.0,55.0,146.51,Normal
Kit,Giugliano,Denver,CB,Alabama,25,97,4/14/00,74,202,1,2,4,Manto Man - CB,94,89,93,97,62,99,76,53,15,57,62,63,77,92,18,47,69,57,93,71,10,20,53,21,98,26,97,34,37,36,5,97,38,93,79,32,37,34,33,31,73,95,64,44,73,8,6,5,8,30,11,84,34,97,4,96.0,24.0,40.688565,Normal
Jerrol,Mckyer,San Francisco,LT,Oklahoma,37,97,7/19/88,77,320,1,71,15,Power - OT,73,70,81,92,93,98,8,33,12,9,41,15,22,55,4,10,60,99,89,8,9,12,11,100,10,3,98,90,91,95,4,21,10,8,34,15,96,99,99,13,49,77,9,8,41,4,6,5,6,10,14,98,9,14,3,82.66,27.553333,48.0,Normal
Alshon,Kelcher,Detroit,WR,USC,25,96,10/24/99,72,195,1,14,4,Slot - WR,94,89,88,96,67,100,93,33,27,77,75,94,95,91,88,8,21,46,90,84,10,22,73,26,12,97,94,29,23,25,25,15,12,20,37,92,50,32,34,100,89,91,79,62,34,22,34,43,34,49,31,86,56,19,4,120.01,30.0025,34.666,Normal
Jules,Schnellbacher,Philadelphia,LT,No College,28,96,3/31/97,80,365,1,68,7,Power - OT,71,70,74,95,96,97,64,35,12,45,65,55,56,56,18,15,60,93,92,50,14,16,12,96,12,27,95,91,89,94,4,15,15,9,55,20,99,99,97,32,47,74,36,59,51,5,6,5,6,37,15,93,76,17,3,66.0,22.0,22.84,Normal
Gaines,Mayock,Las Vegas,LE,Eastern Michigan,28,96,8/22/97,77,255,1,98,6,Smaller Speed Rusher - DE,89,84,87,97,86,96,43,88,12,29,43,29,40,73,15,96,88,86,96,35,10,19,21,22,40,18,95,47,43,44,4,93,88,23,97,25,44,43,45,23,29,86,28,38,98,4,6,4,6,21,10,86,33,48,3,106.5,35.5,62.5,Normal
Jashon,Hooker,Detroit,RT,Oregon,24,96,10/9/00,78,325,1,58,4,Power - OT,76,58,72,94,95,95,18,36,13,13,33,17,45,57,4,15,32,97,96,12,19,24,9,99,12,15,96,89,82,91,8,17,23,9,39,16,99,96,95,30,13,75,9,24,33,5,6,5,5,16,13,89,29,12,4,112.0,28.0,42.986,Normal
Philip,Stennett,Pittsburgh,LE,Wisconsin,30,96,10/11/94,76,252,1,90,8,Run Stopper - DE,86,87,87,91,87,99,51,97,12,22,52,52,73,71,10,94,89,81,89,45,53,57,9,13,59,14,94,49,42,43,7,100,85,44,98,24,47,41,41,24,57,82,36,50,93,6,6,8,8,28,18,97,50,65,3,123.0,41.0,108.0,Normal
Milan,Bunkley,Tampa Bay,LT,Iowa,26,96,1/24/99,77,320,1,78,5,Pass Protector - OT,80,62,87,96,94,96,22,25,12,16,37,15,36,54,8,9,37,93,96,16,14,12,12,93,12,6,94,99,92,96,6,16,8,10,31,14,90,87,86,12,15,78,12,35,37,3,6,9,4,7,11,92,36,13,5,140.6,28.12,52.244,Normal
Windlan,Kimrin,Dallas,WR,Oklahoma,26,95,4/8/99,74,200,1,88,5,Deep Threat - WR,89,93,95,91,72,95,98,29,35,87,74,93,96,94,93,10,29,46,94,91,31,50,81,31,18,96,97,40,26,27,22,15,10,18,29,98,55,20,28,96,100,90,85,79,36,20,26,30,32,39,25,91,70,25,4,136.0,34.0,67.0,Normal
Raynoch,Vollmer,New England,CB,Oregon,23,95,6/28/02,74,201,1,0,2,Manto Man - CB,89,89,96,90,56,97,72,51,10,67,59,62,71,90,17,35,51,50,91,77,40,46,52,15,96,24,93,32,23,26,8,96,30,83,76,41,29,27,31,36,72,95,65,59,63,7,10,14,8,35,8,80,41,88,4,15.102868,3.775717,15.102868,Normal
Armon,Prchlik,Carolina,DT,Auburn,27,95,4/15/98,77,320,1,95,5,,76,67,69,86,99,99,49,91,33,41,57,47,50,58,35,63,86,92,94,51,15,25,29,41,24,38,93,51,40,49,24,95,82,21,85,37,50,42,49,40,49,75,50,50,97,23,30,36,34,45,33,96,57,30,4,96.0,24.0,41.165,Normal
Raonall,Grabinski,Detroit,HB,Alabama,23,95,3/20/02,69,199,1,0,2,Elusive Back - HB,95,95,83,83,70,89,88,28,25,81,94,64,73,91,60,10,28,32,91,96,9,12,78,27,12,63,94,53,28,34,11,18,10,17,39,62,29,22,17,69,62,95,94,74,32,12,17,20,15,24,14,84,83,15,4,17.84513,4.461283,17.84513,Normal
Brick,Volok,Atlanta,FS,Wake Forest,28,95,2/26/97,73,200,1,3,7,Zone - S,95,85,86,100,59,99,74,57,10,48,72,65,87,87,10,39,83,62,96,80,11,18,81,20,86,19,93,34,31,34,7,94,24,67,90,14,37,35,38,22,70,91,66,40,79,13,10,9,12,27,21,87,38,95,4,64.02,16.005,36.0,Normal
Rodell,Radford,San Francisco,LE,Ohio State,27,95,10/23/97,76,266,1,97,6,Smaller Speed Rusher - DE,88,85,80,88,94,97,28,91,12,23,39,27,46,76,5,100,83,85,88,34,20,16,11,18,30,14,93,46,46,43,4,92,93,28,96,15,49,44,46,17,20,82,33,34,89,6,6,10,7,25,12,92,31,42,5,170.0,34.0,88.0,Normal
Stafford,Hynes,Kansas City,QB,Texas Tech,29,95,9/17/95,74,225,1,15,8,Improviser - QB,90,84,75,97,69,90,92,25,92,80,69,32,61,86,15,8,17,26,93,72,7,17,7,24,17,14,93,8,7,9,96,19,9,13,33,21,26,13,6,28,28,83,68,55,23,85,94,96,95,94,95,98,68,19,10,450.0,45.0,63.081905,Normal
Lydell,Mackenzie,Denver,RG,Wisc-Whitewater,26,95,11/15/98,75,320,1,77,4,Power - G,80,64,76,83,92,96,17,37,12,36,22,10,22,56,6,28,39,85,89,21,10,15,10,91,12,10,94,86,87,91,5,28,31,13,27,17,97,99,95,12,15,74,20,28,32,6,6,3,4,20,13,93,39,17,4,72.0,18.0,24.0,Normal
Koa,Zoppetti,Miami,WR,West Alabama,31,95,3/1/94,70,191,0,10,9,,99,96,96,91,66,90,94,23,28,82,75,87,92,95,95,12,23,42,94,93,16,14,93,18,10,94,95,32,17,18,20,25,8,31,32,91,60,11,18,97,92,100,79,46,25,25,28,30,30,39,22,94,39,20,3,90.0,30.0,54.0,Normal
Brentson,Black,Pittsburgh,DT,Ohio State,36,94,5/6/89,77,295,1,97,14,,77,65,71,89,94,92,26,92,12,9,38,10,48,63,4,71,91,96,88,13,12,8,9,15,22,2,92,45,48,47,9,95,89,6,92,11,42,42,48,11,22,77,10,43,92,7,6,8,4,17,20,93,37,32,2,29.0,14.5,16.0,Normal
Keyvan,Philcox,Atlanta,RG,Boston College,28,94,2/28/97,75,307,1,63,6,Power - G,77,69,74,93,91,96,14,17,12,6,16,18,26,59,7,9,26,93,92,17,29,25,9,100,12,5,92,80,77,86,6,11,8,13,22,14,100,94,91,19,13,75,14,28,28,10,6,6,4,20,9,93,30,12,5,102.5,20.5,48.202,Normal
Quintus,Mandich,San Francisco,HB,Stanford,29,94,6/7/96,71,205,1,23,8,Receiving Back - HB,92,95,88,94,76,94,92,30,38,91,91,72,82,95,68,10,27,45,84,88,21,31,89,49,12,74,96,66,33,36,29,28,10,16,45,76,37,20,23,84,76,90,81,81,34,32,41,43,47,54,37,94,64,17,2,38.0,19.0,24.0,Normal
Waddy,Yokas,Kansas City,C,Oklahoma,27,94,6/28/98,76,302,0,52,4,Power - C,81,68,81,93,88,97,9,24,12,6,36,15,24,56,7,10,25,93,95,11,9,12,11,92,7,10,92,93,86,94,4,26,10,12,32,21,96,94,93,14,22,74,8,12,37,8,6,8,6,26,14,98,19,11,4,72.0,18.0,35.0,Normal
Bo,Satele,Pittsburgh,CB,Florida State,30,94,10/24/94,73,208,1,5,9,Manto Man - CB,95,89,92,93,73,96,70,49,34,69,69,55,84,91,14,41,82,65,91,76,18,17,82,23,91,25,96,19,32,33,15,93,35,96,77,27,32,36,31,37,74,94,71,56,73,22,26,34,24,25,17,90,44,90,4,84.7,21.175,19.5,Normal
Duval,Carter,Washington,LT,Ole Miss,31,94,8/2/94,77,313,1,78,9,Pass Protector - OT,69,67,67,87,91,92,15,26,12,12,28,22,26,54,6,12,24,95,95,17,20,23,8,84,11,9,92,92,94,94,3,21,17,5,32,24,78,85,83,21,20,74,14,27,35,3,6,5,7,25,12,90,35,13,3,75.0,25.0,50.0,Normal
Snitz,Hannon,Baltimore,MLB,Georgia,28,94,4/8/97,73,232,1,0,7,Field General - MLB,90,88,83,97,81,89,40,77,12,34,52,40,70,84,10,59,89,86,97,48,20,16,11,23,69,13,94,43,46,43,9,95,69,55,99,24,44,46,46,12,37,84,32,37,100,7,8,11,11,23,12,93,40,75,5,100.0,20.0,45.0,Normal
Fredd,Shields,New York A,CB,Cincinnati,25,94,8/31/00,75,200,1,1,3,Manto Man - CB,95,93,94,99,67,94,70,57,20,59,66,64,78,90,19,54,70,54,98,74,15,15,41,23,96,21,94,37,34,33,5,96,40,95,79,34,33,33,36,31,64,95,69,39,55,8,6,5,4,28,8,93,37,95,4,8.0,2.0,4.0,Normal
Suaesi,Garnett,Washington,WR,Ohio State,29,94,9/15/95,72,210,1,17,6,Deep Threat - WR,90,85,89,92,63,95,91,38,22,84,78,94,100,87,95,10,35,47,96,92,18,15,44,19,16,93,96,35,14,13,5,20,10,12,57,96,47,21,19,87,97,97,82,57,40,6,10,13,12,35,17,93,54,24,3,68.364,22.788,34.654,Normal
Tuineau,Sutch,Kansas City,CB,Washington,24,94,9/13/00,71,193,1,22,3,Manto Man - CB,96,95,92,89,62,93,61,54,15,54,57,52,68,89,10,39,66,45,90,74,20,24,67,14,95,14,94,31,32,32,5,95,31,87,82,18,32,32,34,25,62,90,65,24,66,8,6,5,7,25,9,84,24,92,4,13.992484,3.498121,13.992484,Normal
Snoop,Connors,Philadelphia,WR,Ole Miss,28,93,6/30/97,73,226,1,11,6,Physical - WR,91,87,94,92,81,87,94,26,40,85,71,96,100,88,86,11,15,55,84,89,15,21,72,34,18,94,91,40,20,22,16,18,8,17,30,92,54,31,37,96,98,92,82,91,23,25,29,31,38,37,29,89,76,27,3,96.0,32.0,51.0,Normal
Lavell,Mcleod,Detroit,LE,Michigan,25,93,8/9/00,78,265,0,97,3,Smaller Speed Rusher - DE,92,88,84,84,83,94,47,83,12,34,60,56,65,70,38,98,87,90,93,52,15,16,7,28,43,44,94,42,47,46,9,98,88,30,95,54,46,49,44,52,64,83,47,51,90,6,8,9,8,21,19,93,46,53,4,35.713386,8.928347,35.713386,Normal
Laurence,Welbourn,Houston,CB,LSU,24,93,6/20/01,72,190,1,24,3,Zone - CB,94,95,94,98,65,94,80,48,25,67,61,71,81,93,32,43,67,49,88,86,20,19,73,17,93,33,93,24,32,31,11,93,38,82,77,46,24,32,32,43,79,91,75,42,61,16,21,27,24,34,14,73,46,95,4,8.0,2.0,4.0,Normal
Elmore,Hanken,Los Angeles A,SS,Florida State,29,93,8/3/96,74,215,0,3,7,Run Support - S,92,85,95,95,81,91,73,66,24,59,74,56,75,83,16,68,91,74,86,77,14,19,82,17,84,22,95,39,35,36,16,88,70,80,91,26,36,34,38,27,71,91,67,46,79,10,13,19,24,31,8,92,46,84,4,8.0,2.0,4.0,Normal
Jerricho,Gudauskas,Chicago,LG,N.C. State,32,93,11/18/92,77,304,1,62,9,Pass Protector - G,75,68,70,93,89,97,17,32,12,5,35,15,27,54,4,11,46,92,97,10,12,11,11,80,12,8,92,92,93,91,3,13,9,14,39,17,79,84,77,12,16,75,7,15,29,6,6,3,4,25,14,96,31,12,2,35.0,17.5,33.5,Normal
Jahine,Gregg,Tampa Bay,WR,Texas AM,32,93,8/21/93,77,231,1,13,11,Physical - WR,88,83,95,95,80,93,88,34,22,84,79,97,94,84,86,10,15,63,91,84,26,24,57,47,40,90,91,44,25,25,11,17,10,22,27,96,62,34,39,86,95,92,73,86,40,13,20,24,15,34,20,94,74,27,2,41.0,20.5,29.0,Normal
Seaman,Chappell,Baltimore,DT,Texas AM,27,93,11/17/97,75,293,1,92,5,,82,73,73,81,91,94,17,89,12,10,30,25,44,67,5,85,87,84,94,23,13,17,10,28,22,10,92,45,45,47,6,91,75,20,88,13,45,44,46,15,28,82,28,29,95,6,6,6,7,13,11,87,31,26,4,98.0,24.5,53.5,Normal
Oronde,Lanham,Los Angeles A,LT,Northwestern,26,93,3/26/99,76,315,1,70,4,Pass Protector - OT,82,69,81,88,93,87,12,25,12,15,27,15,22,64,8,23,19,96,90,13,15,15,7,86,12,7,94,98,91,96,5,24,32,11,30,10,86,88,83,11,15,73,9,18,39,5,6,6,5,13,17,87,26,9,4,114.0,28.5,56.0,Normal
Garin,Verstegen,Kansas City,TE,Cincinnati,35,93,10/5/89,77,250,1,87,12,Vertical Threat - TE,85,87,87,98,78,95,87,39,40,73,71,90,96,74,72,22,14,71,99,77,31,34,7,57,12,81,93,65,63,61,28,17,21,11,44,76,67,65,61,85,94,80,67,83,44,51,53,65,48,71,34,92,77,14,2,34.25,17.125,17.0,Normal
Woodchuck,Hews,Tampa Bay,DT,Washington,30,93,2/5/95,76,347,1,50,7,,73,73,66,81,99,89,53,89,18,46,69,24,44,60,19,70,90,99,92,60,17,12,9,45,28,15,92,44,44,44,6,88,84,23,85,13,54,51,51,23,16,76,40,51,91,14,16,23,12,21,14,95,69,35,4,71.0,17.75,14.734439,Normal
Linval,Dufek,Green Bay,SS,Alabama,26,93,8/9/99,72,201,1,29,5,Run Support - S,86,85,82,94,65,95,62,61,15,36,65,50,75,86,13,53,86,65,91,71,10,12,40,14,80,11,95,35,33,34,2,93,45,78,87,22,32,32,35,10,76,87,62,44,84,8,6,6,8,25,8,93,34,90,4,67.0,16.75,23.0,Normal
Morlon,Bohren,Atlanta,HB,Texas,23,92,1/30/02,71,215,0,7,2,Elusive Back - HB,93,91,92,88,82,88,91,31,37,88,93,63,69,93,57,10,34,51,92,94,17,25,69,48,13,62,91,54,37,46,18,23,10,20,39,64,45,40,38,73,56,91,92,80,35,21,31,34,30,38,22,90,83,15,4,21.958535,5.489634,21.958535,Normal
Boni,Vainowski,Arizona,SS,Washington,29,92,1/10/96,70,195,1,3,8,Run Support - S,87,87,85,96,68,92,80,62,27,57,71,71,75,89,36,50,87,70,91,81,18,20,69,23,81,38,93,38,34,33,15,89,42,77,91,45,35,35,37,54,79,88,75,38,81,13,10,15,16,23,16,94,34,84,3,54.0,18.0,17.441667,Normal
Teyo,Alecxih,Minnesota,LT,Virginia Tech,26,92,6/2/99,77,315,1,71,4,Pass Protector - OT,74,65,69,89,90,91,14,33,12,10,24,25,28,52,7,17,31,95,89,11,15,19,8,87,12,7,92,94,89,94,7,13,19,12,26,17,87,89,82,17,16,71,11,18,31,8,6,7,8,11,9,84,32,13,4,104.0,26.0,43.725,Normal
Stefan,Kiley,Tennessee,DT,Mississippi St.,28,92,7/28/97,76,305,1,98,6,,82,75,78,87,97,91,23,92,12,16,29,21,27,63,6,80,89,87,90,32,16,15,48,20,29,10,92,45,45,45,6,90,84,17,90,15,45,45,45,18,19,78,28,23,86,6,6,6,6,20,10,89,26,39,4,94.0,23.5,47.83,Normal
Wilber,Sundberg,Baltimore,CB,Alabama,29,92,7/8/96,72,205,1,44,8,Manto Man - CB,93,86,87,96,76,93,70,59,16,54,60,56,79,87,11,53,80,64,87,75,23,28,61,22,93,9,92,36,37,36,5,94,38,95,81,13,36,36,33,16,67,93,59,34,74,7,6,8,5,24,12,78,27,90,5,97.5,19.5,40.324566,Normal
Rik,Archie,Miami,FS,Alabama,28,92,11/17/96,73,207,0,29,7,Zone - S,92,94,89,95,67,89,79,57,18,55,66,59,78,89,18,52,86,64,95,78,17,13,65,18,82,26,94,31,38,37,3,88,39,78,83,31,32,32,38,28,60,93,68,51,76,6,6,7,8,15,14,87,44,93,4,73.612235,18.403059,36.0,Normal
Mortty,Budness,Indianapolis,LG,Notre Dame,29,92,3/19/96,77,330,0,56,7,Agile - G,65,63,68,91,92,98,15,24,12,14,36,10,23,57,14,12,30,93,95,9,16,18,13,93,9,9,94,90,88,85,4,18,8,10,39,11,94,89,91,13,15,71,14,10,38,6,6,7,5,30,16,92,40,10,4,80.0,20.0,41.0,Normal
Tamarick,Rivera,Cincinnati,RE,FAU,30,92,12/5/94,76,270,1,91,8,Smaller Speed Rusher - DE,86,79,82,90,83,97,43,76,12,30,39,30,42,63,8,96,84,83,90,40,18,16,11,16,36,11,93,43,43,44,7,96,84,36,95,16,46,44,46,15,25,84,27,43,84,5,6,4,6,22,14,84,41,41,1,21.0,21.0,8.0,Normal
Raheem,Klingbeil,Arizona,TE,Colorado St.,25,92,11/22/99,76,246,1,85,3,Vertical Threat - TE,90,79,92,87,74,93,81,41,17,71,75,88,97,76,74,28,33,65,89,70,17,24,36,52,15,84,94,57,58,61,8,36,23,6,41,81,60,56,58,84,91,85,67,66,39,9,10,14,8,32,8,86,71,20,4,76.0,19.0,32.5,Normal
Stub,Stutz,Tampa Bay,FS,Minnesota,27,91,8/16/98,69,203,1,31,5,Run Support - S,96,85,92,94,59,92,85,65,21,76,66,71,76,83,15,58,87,66,92,86,20,21,83,16,80,18,92,32,37,36,7,98,45,68,92,34,35,36,35,34,77,89,76,51,75,9,6,6,5,38,11,85,53,87,4,8.0,2.0,4.0,Normal
Moise,Foruria,Washington,MLB,Utah State,35,91,6/27/90,72,242,1,54,13,Run Stopper - MLB,85,79,89,94,75,96,47,82,12,26,58,15,75,70,7,63,94,89,97,45,17,24,11,29,58,8,92,48,41,44,5,99,72,44,96,13,44,44,45,18,50,86,22,53,100,6,6,4,5,24,9,72,39,65,1,9.0,9.0,8.0,Normal
Butler,Maidlow,Houston,RE,LSU,30,91,10/29/94,77,263,1,55,10,Smaller Speed Rusher - DE,90,85,89,88,83,97,33,81,12,25,44,10,35,73,1,95,78,89,84,38,10,17,9,16,38,5,91,43,43,46,5,92,85,32,92,14,47,46,47,11,11,90,53,29,85,7,6,5,8,17,13,80,43,50,1,35.6,35.6,48.0,Normal
Wasswa,Weldin,Buffalo,LT,Temple,31,91,4/26/94,77,320,1,73,8,Pass Protector - OT,73,72,68,89,91,97,15,25,12,9,30,10,42,53,9,10,40,91,97,21,23,26,9,92,12,15,92,90,88,93,7,15,10,11,26,19,83,84,86,27,10,75,9,25,30,7,6,5,6,24,14,86,35,15,3,60.06,20.02,30.205,Normal
Burl,Treaudo,Atlanta,WR,USC,24,91,7/24/01,76,213,0,5,3,Physical - WR,91,87,98,90,79,96,82,21,21,82,71,93,96,87,80,12,26,50,88,80,16,16,37,30,11,85,91,31,22,24,12,13,8,16,27,93,51,25,26,88,96,90,77,75,43,11,15,22,11,26,12,90,77,18,4,21.534468,5.383617,21.534469,Normal
Reuben,Tittle,Baltimore,CB,Louisville,28,91,2/9/97,70,196,1,23,7,Manto Man - CB,93,92,85,93,60,88,71,53,22,64,62,56,78,94,13,36,66,57,86,85,13,22,81,13,95,15,91,35,35,35,6,87,24,91,76,14,35,35,35,20,66,91,77,26,52,6,6,6,6,26,13,64,25,94,1,4.0,4.0,4.0,Normal
Jamar,Lemon,Houston,HB,Oklahoma,29,91,7/24/96,73,220,1,28,8,Elusive Back - HB,90,88,83,98,79,90,98,31,22,90,100,64,75,85,59,16,36,41,95,92,19,20,74,46,10,55,93,54,23,30,28,15,9,9,41,51,60,39,33,65,76,93,81,85,37,30,33,34,34,46,18,89,82,20,3,25.5,8.5,16.0,Normal
Brig,Ojinnaka,Tennessee,RG,Wisconsin,35,91,3/8/90,76,339,1,70,13,Pass Protector - G,64,60,74,90,90,100,9,12,12,7,43,15,15,51,8,9,18,91,95,10,14,17,13,84,13,4,93,87,90,90,6,13,8,10,21,16,81,75,82,16,15,75,6,11,25,5,6,6,8,16,12,98,20,15,1,9.0,9.0,8.745,Normal
Percy,Urch,Baltimore,TE,Oklahoma,29,91,9/6/95,77,247,1,89,7,Vertical Threat - TE,94,79,93,94,85,92,82,24,16,71,73,91,87,72,77,9,23,66,91,78,7,14,10,50,12,82,93,53,56,52,5,14,8,10,29,85,70,62,60,82,91,85,65,85,30,4,10,15,9,24,14,91,76,15,4,56.0,14.0,30.083055,Normal
Jabar,Paul,New York A,DT,Alabama,27,91,12/20/97,75,303,1,95,6,,83,79,75,81,92,92,26,91,12,16,39,22,34,62,5,80,85,91,91,29,17,17,9,39,18,8,91,44,45,44,6,91,87,14,88,15,45,45,46,13,21,84,24,44,88,6,6,6,6,23,12,90,41,30,4,8.0,2.0,4.0,Normal
Elmo,Hayworth,Las Vegas,TE,Georgia,22,90,12/13/02,75,243,1,89,1,Vertical Threat - TE,89,88,82,93,76,93,85,48,12,75,73,85,97,80,74,32,50,67,92,78,14,24,34,56,23,78,90,59,56,51,4,17,31,27,57,79,62,58,53,85,86,90,66,76,50,8,10,13,9,37,13,95,76,29,4,18.138784,4.534696,18.138784,Normal
Brent,Prochaska,Los Angeles N,WR,Fresno State,32,90,12/24/92,73,215,1,17,11,,87,96,97,99,64,93,92,50,22,83,77,91,86,95,90,11,16,46,95,88,28,27,44,26,18,90,90,39,15,14,4,28,11,24,41,93,50,10,19,90,92,88,82,73,41,7,10,17,9,47,18,90,65,24,2,44.0,22.0,26.0,Normal
Scoop,Weeks,New Orleans,MLB,Arkansas St.,36,90,1/11/89,74,248,1,56,13,Field General - MLB,88,74,90,93,86,98,16,74,12,24,62,15,59,72,2,63,88,88,100,25,20,27,11,21,68,8,92,48,45,46,3,92,58,39,93,14,46,49,41,16,19,87,13,45,91,6,6,7,7,28,14,92,47,76,2,17.25,8.625,11.5,Normal
Gates,Wittum,Cleveland,CB,Ohio State,28,90,4/28/97,71,190,1,21,7,Manto Man - CB,94,94,92,92,61,89,66,50,18,60,66,48,78,95,20,33,72,51,88,80,13,18,67,17,92,26,90,35,35,35,6,88,26,86,72,26,35,35,35,30,66,93,66,28,49,8,10,15,6,31,15,86,19,88,5,100.5,20.1,44.5,Normal
Merton,Horan,Philadelphia,DT,Georgia,24,90,4/4/01,75,314,1,98,2,Power Rusher - DT,86,75,81,86,94,90,49,82,12,28,48,44,46,68,26,76,88,92,88,44,40,53,13,54,22,34,89,44,44,47,3,93,89,25,88,39,52,52,59,39,43,84,40,52,90,6,6,8,5,21,18,87,47,28,4,21.806014,5.451504,21.806014,Normal
Trace,Alama-Francis,Jacksonville,RE,Kentucky,28,90,7/13/97,77,255,1,41,6,Smaller Speed Rusher - DE,91,81,92,88,86,94,56,85,12,37,67,61,75,71,32,89,80,87,90,53,14,16,18,12,52,40,88,47,42,47,9,94,85,59,91,42,46,49,42,48,57,89,52,52,83,6,6,6,8,24,12,89,52,62,4,8.0,2.0,4.0,Normal
Glenn,Absher,Green Bay,HB,Alabama,27,90,2/11/98,70,220,1,8,6,Power Back - HB,91,87,84,92,80,93,91,27,39,94,86,53,76,83,43,11,27,52,92,93,11,16,75,38,22,57,91,58,36,42,19,19,8,20,36,52,40,28,35,62,55,89,81,92,37,19,31,36,29,37,21,96,92,30,4,48.0,12.0,12.5,Normal
Viliami,Maumau,Detroit,FS,Illinois,24,90,11/14/00,73,200,1,31,3,Zone - S,92,86,88,95,64,88,74,52,15,61,65,63,87,82,29,30,75,48,89,74,16,21,48,25,78,32,91,29,26,26,3,89,24,68,84,25,23,25,21,30,66,87,65,40,78,4,6,10,8,28,7,72,48,91,4,86.0,21.5,24.381,Normal
Mitch,Weller,Baltimore,SS,Notre Dame,24,90,3/16/01,76,221,1,14,3,Run Support - S,94,87,88,93,71,86,73,67,35,54,67,68,76,76,34,66,86,69,86,70,23,25,37,37,85,33,88,33,38,33,15,91,51,91,95,42,31,39,35,39,75,90,62,58,77,17,24,27,32,37,21,85,53,82,4,16.255085,4.063771,16.255085,Normal
Da'Mon,Kramer,Baltimore,LT,Notre Dame,31,90,3/18/94,78,315,1,79,9,Pass Protector - OT,65,68,70,90,94,98,16,24,12,5,29,22,23,53,5,13,44,88,83,24,21,24,9,86,11,6,91,93,88,91,9,19,20,9,27,23,86,81,86,19,20,70,10,15,31,6,6,6,4,26,17,74,24,13,3,60.0,20.0,44.0,Normal
Vashone,Waldsmith,Kansas City,RG,Tennessee,26,90,6/16/99,78,321,1,65,4,Power - G,75,69,76,90,95,88,10,25,12,5,32,10,24,53,5,10,31,96,92,10,22,24,10,95,10,5,90,79,73,85,6,10,28,10,24,12,92,94,90,10,12,71,10,25,32,6,6,6,6,25,14,92,31,11,4,94.0,23.5,46.75,Normal
Lum,Reisner,Detroit,SS,Alabama,23,89,10/22/01,72,190,1,32,2,Run Support - S,92,85,90,88,59,88,75,62,20,69,63,63,79,86,38,57,89,63,93,69,20,21,79,21,87,38,90,28,34,31,15,91,42,73,96,43,38,34,35,44,70,90,65,42,73,19,21,26,13,26,16,90,47,88,4,8.02173,2.005433,5.623608,Normal
Paddy,Shinners,Cleveland,TE,Miami,29,89,7/10/96,76,246,1,85,8,Vertical Threat - TE,88,80,97,86,74,90,85,43,12,79,78,87,90,71,75,9,16,67,88,77,17,13,41,51,26,78,89,66,57,61,5,14,9,9,38,83,64,65,55,78,89,87,75,81,38,8,10,17,8,14,12,79,73,23,4,54.75,13.6875,17.0,Normal
Hosea,Ortego,Philadelphia,WR,Alabama,26,89,11/14/98,72,170,1,6,4,Slot - WR,93,91,87,93,51,92,89,37,19,72,71,86,94,94,91,14,31,38,91,82,17,16,81,25,29,85,91,33,21,21,17,25,11,20,50,83,47,27,21,89,90,92,76,56,35,15,19,24,17,30,19,87,48,36,3,75.0,25.0,33.997554,Normal
Tillie,Orduna,New Orleans,C,Texas AM,28,89,8/27/97,76,303,1,78,6,Agile - C,78,62,76,86,93,93,13,23,12,9,27,10,31,58,7,14,23,88,90,7,21,22,6,89,11,1,91,81,82,81,6,25,16,10,29,10,94,98,94,12,16,75,11,14,35,6,6,10,4,23,14,90,20,13,5,60.0,12.0,20.09,Normal
D'Wayne,Schleich,Denver,LT,Utah,33,89,5/27/92,77,300,1,72,8,Pass Protector - OT,76,72,70,88,87,93,28,34,12,17,29,30,36,56,8,27,42,86,84,19,20,22,10,82,12,16,89,90,92,88,6,26,33,10,39,22,81,84,78,26,25,75,15,26,38,6,6,6,6,25,14,88,37,15,4,82.0,20.5,23.735,Normal
Jamari,Sillin,Buffalo,HB,Georgia,25,89,9/25/99,71,190,1,4,3,Elusive Back - HB,97,95,78,87,71,91,87,32,20,85,93,52,74,89,61,9,39,40,91,92,13,19,73,47,24,65,91,50,29,22,11,31,9,17,49,60,38,30,25,70,54,93,81,68,43,12,14,17,12,28,19,83,67,34,4,46.0,11.5,15.28,Normal
Ferrell,Mcgeoghan,Chicago,CB,Utah,26,89,4/19/99,72,196,1,1,5,Zone - CB,93,88,86,94,69,93,66,53,13,59,59,57,76,91,12,35,65,57,86,72,16,14,38,13,90,18,87,33,33,35,5,95,27,88,73,31,39,33,37,24,63,90,70,47,51,7,6,8,6,25,13,95,39,95,4,76.0,19.0,43.8,Normal
Shea,Randle,Houston,WR,Michigan,26,89,3/19/99,76,215,1,12,4,Deep Threat - WR,91,91,92,87,69,95,88,29,28,89,76,87,97,80,88,12,22,48,88,80,13,24,39,26,13,90,89,37,28,28,24,18,11,18,34,89,48,28,34,85,86,93,75,72,25,18,25,28,35,40,27,81,62,19,3,72.75,24.25,32.116,Normal
Allen,Nomellini,Houston,LE,Alabama,23,89,9/2/01,76,263,1,51,2,Smaller Speed Rusher - DE,90,86,85,88,83,92,60,88,17,29,51,48,62,71,10,93,87,78,94,59,13,19,11,36,31,16,91,36,34,36,10,92,80,44,85,20,41,48,44,18,54,86,57,55,88,6,6,9,4,19,14,93,45,40,4,8.0,2.0,4.0,Normal
Durwood,Huckleby,Atlanta,CB,Clemson,26,88,9/23/98,73,195,1,24,5,Zone - CB,90,87,86,91,62,93,69,51,15,56,59,55,72,92,21,41,54,48,92,76,13,18,41,18,88,27,88,34,36,37,8,93,30,93,78,37,36,34,36,29,60,93,64,46,53,8,6,7,8,24,11,84,36,93,4,8.0,2.0,4.0,Normal
Smiley,Alexis,Pittsburgh,RE,Charlotte,28,88,8/7/97,76,242,1,56,5,Smaller Speed Rusher - DE,83,78,78,91,87,89,35,88,12,13,44,24,56,71,6,91,81,82,92,32,12,12,8,11,55,3,89,44,42,46,6,87,80,41,92,15,42,42,45,13,27,83,25,32,88,6,6,3,5,27,9,90,31,63,4,68.0,17.0,17.01,Normal
Trell,Mikeska,New York N,LT,Georgia,26,88,1/22/99,77,315,1,78,5,Pass Protector - OT,64,63,77,89,91,85,19,28,12,9,34,20,45,56,12,10,30,93,81,21,24,25,12,84,12,15,87,89,89,93,4,14,10,12,26,19,83,84,82,27,40,69,9,26,29,8,6,5,6,24,14,86,32,15,4,8.0,2.0,4.0,Normal
Dez,Pitts,Indianapolis,DT,Oregon,31,88,3/17/94,79,295,1,99,9,,78,81,81,89,90,88,38,85,12,12,42,18,37,61,3,87,89,91,95,29,16,21,8,39,33,5,87,47,43,47,8,90,78,22,92,18,42,44,42,16,18,78,22,34,90,3,6,5,4,25,19,94,47,42,2,46.0,23.0,43.25,Normal
Letroy,Manusky,Seattle,CB,Illinois,24,88,12/11/00,72,180,0,21,2,Slot - CB,92,94,89,93,57,84,72,51,12,59,60,68,78,89,9,44,84,50,91,75,17,20,61,8,89,19,86,28,26,23,6,85,34,82,90,23,31,35,30,29,67,90,67,34,70,8,10,13,8,36,9,99,24,84,4,31.861153,7.965288,31.861153,Normal
Corky,Garza,Buffalo,LE,Miami,25,88,4/5/00,78,266,1,50,4,Power Rusher - DE,92,80,82,88,81,95,48,86,12,31,46,40,50,69,23,83,83,83,88,43,21,22,11,31,35,28,90,45,46,46,4,93,87,29,92,31,42,46,43,28,46,86,33,46,84,8,6,7,6,21,17,83,33,44,4,80.0,20.0,38.797,Normal
Jehuu,Deratt,Minnesota,FS,Notre Dame,36,88,2/2/89,74,211,0,22,13,Run Support - S,84,89,83,93,74,93,62,69,10,40,65,59,83,83,9,50,91,70,97,56,22,26,9,21,71,11,86,33,37,35,9,92,64,76,83,12,33,36,34,14,74,87,60,37,77,9,10,9,10,24,23,84,60,85,2,10.25,5.125,7.0,Normal
Evander,Te'O-Nesheim,Indianapolis,HB,Wisconsin,26,88,1/19/99,70,226,1,28,5,Power Back - HB,95,83,86,99,81,97,89,26,28,88,89,54,70,86,48,8,23,39,88,85,16,18,45,35,12,52,90,54,23,28,17,13,9,14,30,52,38,23,30,62,59,94,84,86,30,12,20,25,16,33,17,90,84,19,3,42.0,14.0,19.347555,Normal
Britton,Sensabaugh,Minnesota,DT,Alabama,30,88,1/16/95,75,300,1,93,8,Power Rusher - DT,77,71,76,82,95,88,26,86,12,11,41,25,36,51,4,74,81,91,90,27,6,10,12,19,24,5,89,43,43,45,4,89,88,18,87,12,43,46,46,12,29,73,32,33,94,8,6,8,6,20,17,85,27,29,3,51.0,17.0,23.255,Normal
Anderson,Daprato,Seattle,HB,Michigan St.,24,88,10/20/00,69,211,1,9,3,Elusive Back - HB,93,91,85,88,82,82,89,31,28,90,95,46,65,92,42,8,30,33,85,86,11,17,75,30,12,45,88,52,31,36,24,17,12,13,36,47,31,29,21,52,43,92,77,79,38,10,15,19,19,26,10,91,86,18,4,8.0,2.0,4.0,Normal
Navorro,Tharpe,Indianapolis,CB,Valdosta St.,30,88,8/23/95,69,190,1,23,8,Slot - CB,90,87,95,93,61,94,45,55,11,48,53,61,78,89,23,55,63,59,87,74,24,20,72,18,88,27,87,28,31,34,8,91,45,79,78,41,29,38,38,38,78,90,74,50,69,6,6,4,8,16,8,75,50,89,4,8.0,2.0,4.0,Normal
Jeris,Jacquet,San Francisco,FB,Harvard,34,88,4/23/91,74,235,1,44,12,Utility - FB,89,81,92,90,79,85,84,34,33,67,73,71,80,77,59,37,44,73,91,76,17,20,46,92,15,65,86,70,42,48,8,20,32,20,52,70,71,57,60,78,73,88,69,84,46,7,15,21,11,39,23,86,84,20,2,7.5,3.75,3.45,Normal
Davin,Rasheed,Philadelphia,LG,Alabama,26,88,9/30/98,78,332,1,69,4,Power - G,62,70,64,92,94,87,18,43,12,11,29,14,31,49,6,12,39,93,89,11,10,13,9,89,6,7,90,88,80,90,2,32,12,10,21,15,83,84,93,9,16,65,8,24,35,10,6,6,8,24,12,96,27,10,4,84.0,21.0,29.64,Normal
Ellsworth,Houston,Tampa Bay,MLB,Nebraska,35,88,1/23/90,73,233,1,54,13,Field General - MLB,85,85,85,96,78,97,33,81,12,12,62,15,78,74,4,61,85,88,94,36,13,16,12,27,67,6,87,47,47,45,4,92,55,60,93,25,47,46,43,13,49,86,24,41,91,8,6,8,6,14,14,89,27,74,1,9.0,9.0,9.0,Normal
Vic,Stanton,Los Angeles N,QB,Georgia,37,88,2/7/88,75,220,1,9,16,Field General - QB,70,70,71,88,69,89,72,29,73,55,64,15,29,70,11,11,10,28,86,52,27,29,10,14,10,13,86,22,22,25,82,18,9,8,29,14,21,18,15,16,17,77,36,36,28,90,88,91,88,94,85,100,48,22,2,84.0,42.0,40.0,Normal
Dainon,Paremore,Los Angeles N,WR,BYU,24,88,5/29/01,73,206,1,12,2,Slot - WR,92,87,93,97,62,92,90,20,21,79,74,88,96,94,86,8,20,54,84,87,25,32,38,35,10,86,89,30,23,27,32,14,11,12,26,86,62,32,36,93,92,91,77,62,32,6,10,12,31,27,27,82,53,16,4,4.084977,1.021244,0.244976,Normal
Duane,Bechtol,New England,WR,Maryland,31,88,11/29/93,72,191,1,8,10,Slot - WR,91,92,90,93,63,87,91,32,27,84,71,88,93,95,86,12,10,48,86,88,32,28,87,30,33,88,88,38,23,18,17,22,11,28,34,90,55,34,35,93,90,92,89,62,25,20,23,29,26,44,18,94,44,38,3,63.5,21.166667,16.6,Normal
Curvin,Smeja,Minnesota,TE,Iowa,28,88,7/3/97,77,248,1,87,6,Vertical Threat - TE,88,83,90,92,82,95,78,49,17,70,78,87,96,78,72,47,50,65,85,71,35,37,9,58,27,77,88,61,53,55,12,33,35,28,54,82,63,61,59,81,91,85,68,78,44,12,15,22,11,30,14,87,70,36,4,66.0,16.5,29.292,Normal
Cullen,Snider,Dallas,LG,Tulsa,24,88,4/3/01,78,332,1,73,3,Power - G,80,59,71,87,97,86,14,23,10,9,38,15,35,56,2,9,30,89,90,10,16,21,11,88,10,11,89,87,83,90,6,21,11,9,29,10,90,91,90,13,15,73,6,31,30,5,6,3,9,24,4,90,21,12,4,13.389123,3.347281,13.389123,Normal
Morgan,Murchison,Baltimore,C,Iowa,25,88,4/7/00,74,305,1,64,3,Agile - C,80,72,69,89,88,88,21,47,14,20,37,14,25,58,4,34,31,85,93,6,21,19,13,98,10,10,86,87,91,86,4,39,37,10,43,16,85,92,85,14,11,79,10,28,42,7,6,3,8,24,9,92,24,10,4,13.238286,3.309572,13.238286,Normal
Rueben,Meachem,Philadelphia,ROLB,Wisconsin,28,88,12/30/96,74,225,1,53,5,Pass Coverage - OLB,88,83,80,90,77,85,62,73,52,49,64,43,67,74,16,74,85,89,95,65,20,17,10,22,73,20,89,45,47,45,39,88,60,58,91,20,42,44,47,33,58,86,60,38,94,33,40,44,47,47,39,89,38,82,3,51.0,17.0,34.0,Normal
Royce,Specht,Dallas,K,Notre Dame,30,87,3/14/95,75,200,1,17,3,Accurate - KP,75,73,74,80,51,71,29,17,15,17,29,15,32,64,13,10,29,21,89,32,99,100,11,19,15,13,85,18,15,14,17,14,10,11,38,15,16,11,13,16,13,82,29,12,26,23,26,33,21,38,16,76,11,18,3,2.695,0.898333,0.0,Normal
Ellison,Lantz,San Francisco,WR,Arizona St.,27,87,3/17/98,72,200,1,11,5,Slot - WR,96,95,95,90,65,88,87,51,28,81,75,88,86,89,86,32,48,47,93,85,16,17,82,32,48,88,88,37,11,20,13,41,27,46,60,87,48,32,28,85,93,89,79,69,49,12,20,24,25,29,21,85,65,53,4,120.0,30.0,45.0,Normal
Clare,Fryar,Tampa Bay,HB,Oregon,23,87,8/19/02,70,195,1,7,1,Elusive Back - HB,91,89,79,85,63,86,85,30,24,85,92,55,70,85,60,12,22,32,89,97,21,28,79,30,15,63,89,46,29,35,19,16,8,17,31,59,25,27,20,72,55,88,91,70,31,14,20,30,26,38,25,90,68,20,4,4.751552,1.187888,0.731552,Normal
Hector,Goerke,Indianapolis,CB,Mid Tenn St.,29,87,5/16/96,73,196,1,7,7,Zone - CB,86,81,88,92,65,95,65,45,33,60,58,55,73,84,22,49,52,55,88,76,10,16,41,17,85,24,89,23,35,36,21,92,39,93,80,40,38,38,32,27,58,92,70,54,74,4,11,16,20,19,15,83,60,91,3,54.0,18.0,27.0,Normal
Leigh,Mccoo,Philadelphia,TE,S. Dakota St.,30,87,1/3/95,77,256,1,88,7,Vertical Threat - TE,82,82,88,91,74,86,80,32,15,77,73,84,86,74,68,9,27,60,85,75,17,20,19,53,10,73,88,60,60,56,4,16,8,10,35,75,76,73,67,78,87,87,73,82,39,5,10,12,11,24,16,83,74,17,1,10.0,10.0,10.0,Normal
Ken-Yon,Dombrowski,Dallas,CB,Fresno State,26,87,7/12/99,72,197,1,26,3,Zone - CB,93,83,84,88,56,84,78,53,16,62,60,54,85,89,7,38,56,57,92,80,17,14,36,13,85,13,85,34,38,37,3,88,35,86,78,13,37,35,33,12,58,91,69,38,67,9,6,5,4,22,12,87,30,94,4,3.964788,0.991197,0.304788,Normal
Coley,O'Donnell,Seattle,LE,Boise State,33,87,4/28/92,75,265,1,0,11,Run Stopper - DE,81,77,81,85,88,88,42,90,12,27,41,24,31,68,6,84,84,88,85,43,21,20,9,12,39,9,85,43,44,45,5,91,80,43,87,20,47,46,44,14,26,83,34,44,87,7,6,7,6,26,14,95,46,50,3,32.5,10.833333,13.0,Normal
Proc,Zalejski,Green Bay,C,Mississippi St.,29,87,12/26/95,77,311,1,74,6,Pass Protector - C,71,61,69,87,90,89,13,41,12,10,23,15,24,57,3,26,44,85,89,21,12,20,9,75,12,7,87,85,88,86,8,22,32,8,41,21,73,75,72,8,14,75,21,13,36,4,6,5,5,25,12,88,28,15,4,68.0,17.0,24.0,Normal
Mirro,Obrovac,Jacksonville,MLB,Yale,30,87,8/2/95,74,230,1,23,7,Field General - MLB,86,83,90,95,71,91,42,72,15,28,60,49,72,77,9,47,86,80,91,41,15,21,39,19,66,11,87,37,37,34,5,90,55,61,95,17,37,36,37,21,45,89,30,34,93,11,10,14,7,29,8,87,33,72,3,30.0,10.0,21.5,Normal
Dat,Ervins,Detroit,QB,California,30,87,10/14/94,76,223,1,16,9,Field General - QB,81,71,67,91,66,92,59,19,75,50,56,21,41,69,17,10,15,23,94,47,22,20,12,21,12,16,87,16,17,16,96,22,11,7,27,17,15,12,9,28,25,72,42,33,29,84,91,94,87,92,89,95,35,18,4,212.0,53.0,113.611,Normal
Lavern,Weir,New Orleans,FS,Stanford,28,87,2/15/97,73,207,1,21,7,Run Support - S,91,89,86,92,65,85,60,61,13,26,62,63,73,89,14,45,86,68,92,69,81,95,52,19,77,14,86,31,38,37,14,87,38,74,84,23,32,33,32,24,61,92,65,43,78,9,10,16,13,28,18,88,32,82,3,31.5,10.5,22.25,Normal
Gonzalo,Doren,Los Angeles A,RE,Buffalo,34,87,2/22/91,75,269,1,52,11,Run Stopper - DE,84,86,96,86,85,87,56,88,12,33,62,54,63,71,7,86,88,93,93,55,20,25,9,27,50,3,86,46,43,45,8,85,88,49,88,28,43,44,46,13,51,85,61,53,88,7,6,4,6,30,12,92,57,59,1,18.0,18.0,18.0,Normal
Sampson,Ramirez,Las Vegas,LT,UCLA,29,87,10/9/95,80,325,1,74,7,Pass Protector - OT,78,70,76,93,86,93,14,30,12,16,30,15,18,60,10,11,29,87,86,6,12,12,11,83,12,12,85,90,87,91,7,13,9,14,28,13,81,76,87,16,14,75,13,13,31,3,6,5,8,11,16,87,24,16,3,66.0,22.0,25.0,Normal
Yamon,Godfrey,Seattle,DT,USC,31,87,6/20/94,77,302,1,99,10,,75,69,74,83,88,94,39,86,12,13,59,29,40,59,3,70,82,90,92,45,16,16,8,16,25,7,89,44,44,45,8,93,85,19,85,15,46,43,46,16,26,78,33,51,84,8,6,7,6,36,14,85,47,33,3,64.5,21.5,26.15,Normal
Chief,Rorison,New York N,WR,LSU,22,87,7/28/03,72,199,1,1,1,,90,91,97,95,61,88,90,28,27,82,74,85,85,96,89,11,20,42,90,88,24,27,71,21,12,84,88,24,8,10,8,21,11,14,33,76,39,15,21,83,94,96,83,62,32,5,10,14,10,30,15,88,53,18,4,8.0,2.0,4.0,Normal
Stumpy,Fine,Houston,HB,Georgia,29,87,12/27/95,71,227,1,21,7,Power Back - HB,89,85,96,90,86,82,93,27,28,92,93,53,68,82,44,10,36,37,89,86,12,18,34,41,12,49,85,67,25,38,12,19,16,15,35,50,41,30,35,54,50,87,70,93,29,15,20,22,16,24,13,94,90,16,1,2.5,2.5,1.5,Normal
'Omar,Truluck,Washington,RG,Texas,26,87,2/16/99,78,309,1,76,4,Agile - G,85,75,71,94,84,87,21,21,12,9,54,55,58,53,13,20,32,86,88,8,19,19,12,95,11,15,88,86,87,79,8,24,21,10,28,40,91,96,82,38,50,75,11,21,38,5,6,6,5,21,16,82,19,14,4,8.0,2.0,4.0,Normal
Ade,Stallworth,Detroit,LT,Ohio State,31,87,8/23/94,79,318,1,68,9,Pass Protector - OT,65,57,72,88,90,95,12,26,12,6,28,15,44,51,5,14,70,89,89,11,19,18,9,83,11,5,87,89,86,91,6,19,15,10,29,16,83,83,83,25,15,69,12,15,34,6,6,6,6,22,15,92,20,14,3,60.0,20.0,31.83,Normal
Tip,Studwell,Cincinnati,WR,Clemson,26,87,1/18/99,76,219,1,5,5,Physical - WR,88,85,97,89,71,90,83,34,27,78,76,88,97,82,80,10,26,44,85,79,13,17,65,31,19,82,87,34,18,20,15,16,10,16,40,90,48,34,33,84,95,91,74,77,33,27,31,37,25,28,22,84,62,27,4,115.0,28.75,30.0,Normal
Larrye,Haverdink,Green Bay,RT,Wake Forest,26,87,3/26/99,76,304,1,50,3,Agile - OT,83,74,79,88,80,91,27,31,13,17,27,19,23,58,5,8,23,83,95,10,12,12,11,87,9,9,85,87,93,81,8,28,14,9,28,14,83,92,75,18,23,73,7,24,27,7,6,5,4,19,13,77,24,9,4,88.0,22.0,30.2,Normal
Brady,Keck,New York N,MLB,Stanford,29,86,7/29/96,73,235,1,58,6,Field General - MLB,88,81,81,94,73,88,31,73,12,19,47,25,70,76,5,56,81,75,91,44,14,17,10,13,74,5,86,45,45,45,6,89,62,50,93,20,45,45,45,15,41,88,39,33,89,6,6,6,6,25,15,85,37,75,4,8.0,2.0,4.0,Normal
Altie,Kapter,Minnesota,RT,Pittsburgh,29,86,9/15/95,79,310,1,75,7,Pass Protector - OT,74,74,76,90,83,95,28,25,12,22,47,18,38,60,11,12,27,87,94,30,16,22,8,85,12,16,84,89,85,85,3,10,8,11,28,14,88,88,85,18,18,75,21,33,27,9,6,3,7,21,18,95,40,13,5,92.5,18.5,22.626,Normal
Dunc,Trimble,New York N,RE,Florida State,27,86,4/23/98,77,250,1,0,6,Smaller Speed Rusher - DE,88,86,86,80,76,89,30,81,12,24,43,28,45,75,7,86,78,77,92,43,19,15,10,13,45,7,85,43,48,46,8,83,72,19,84,19,48,46,49,19,34,88,38,31,87,3,6,3,5,21,8,89,28,56,4,8.0,2.0,4.0,Normal
Eldon,Stansauk,New Orleans,WR,Ohio State,25,86,6/27/00,72,187,1,12,3,Deep Threat - WR,91,88,82,86,63,80,80,21,22,71,66,85,90,89,89,12,18,40,88,72,18,19,79,21,21,86,87,24,15,15,8,30,11,20,38,85,41,28,18,83,82,91,72,42,13,10,10,16,12,21,20,86,34,29,4,19.271874,4.817969,19.271874,Normal
Mick,Kelm,Seattle,WR,Eastern Wash.,32,86,6/15/93,74,208,1,10,8,Slot - WR,92,91,81,99,66,84,94,27,22,85,74,87,95,87,82,9,25,55,89,89,21,24,85,36,15,88,88,45,33,37,34,21,9,14,35,87,61,25,34,86,86,87,84,75,33,31,36,45,43,61,30,89,51,26,3,45.0,15.0,17.5,Normal
Naaman,Munsey,Chicago,WR,Maryland,28,86,4/14/97,72,210,1,2,7,,91,95,97,96,63,82,95,23,23,86,71,90,91,84,82,11,17,42,95,94,10,15,77,20,18,82,85,26,25,21,15,24,9,28,32,86,53,25,31,81,90,92,82,82,30,17,27,33,24,46,24,91,68,24,4,8.0,2.0,4.0,Normal
Marcello,Matesic,Denver,MLB,Arkansas,28,86,5/25/97,72,230,0,57,6,Field General - MLB,86,80,79,88,70,91,51,70,12,38,54,35,73,72,19,61,89,77,87,50,14,20,11,25,74,24,84,47,43,45,4,92,55,46,92,28,44,43,46,31,53,85,48,32,89,4,6,7,6,21,15,84,45,78,3,31.5,10.5,11.5,Normal
Damien,Forbath,New York A,WR,Ohio State,25,86,7/22/00,72,192,1,5,3,,91,91,85,92,58,82,89,17,19,82,76,85,92,95,84,8,18,39,95,92,14,17,81,24,14,87,85,28,20,16,10,20,8,13,34,79,47,25,25,84,94,94,85,63,25,14,15,20,24,26,14,80,40,21,4,8.0,2.0,4.0,Normal
Mush,Statuto,New England,FS,Michigan,29,86,10/4/95,71,215,1,5,8,Run Support - S,88,87,83,85,70,86,83,62,35,77,67,63,78,78,37,44,90,73,84,87,18,25,84,21,76,40,87,35,35,34,28,83,36,78,81,49,35,38,37,48,63,90,74,48,79,22,26,31,38,36,30,81,41,84,3,24.0,8.0,11.68,Normal
Chester,Schick,Atlanta,LT,Texas AM,33,86,2/11/92,77,309,1,70,11,Pass Protector - OT,74,69,76,95,87,91,27,42,12,24,46,35,38,58,9,30,40,85,96,8,21,20,12,79,12,19,85,88,88,91,4,32,35,9,52,35,76,80,74,29,26,71,13,21,43,5,6,8,6,27,13,87,38,15,2,45.0,22.5,38.0,Normal
Loren,Ferris,Philadelphia,QB,Oklahoma,27,86,8/7/98,73,223,1,1,5,Improviser - QB,91,91,85,96,79,87,95,32,93,78,64,50,63,93,16,12,32,38,93,85,20,20,22,27,16,28,84,23,19,20,91,21,9,11,39,28,34,11,16,37,50,90,76,72,37,90,87,94,92,86,88,91,74,22,5,255.0,51.0,110.0,Normal
Francis,Barber,Tampa Bay,CB,Auburn,28,86,10/15/96,73,206,1,35,6,Manto Man - CB,94,82,94,90,62,84,70,48,13,55,59,59,73,85,25,37,66,56,82,74,31,35,63,17,86,22,85,32,37,33,5,84,28,88,81,25,35,34,32,31,69,93,66,46,72,9,6,3,7,18,11,86,39,86,4,52.0,13.0,21.5,Normal
Dixie,Peed,Los Angeles N,LE,Florida State,24,86,11/4/00,76,254,1,8,1,Power Rusher - DE,90,83,84,83,93,89,41,80,17,41,66,60,68,70,32,82,84,86,88,39,18,20,11,27,45,43,88,45,42,43,9,87,88,34,86,41,48,48,44,41,62,90,32,36,83,3,6,3,8,17,15,88,42,49,4,15.134346,3.783587,15.134346,Normal
Kaulana,Iwanowski,Seattle,WR,Ohio State,23,86,2/14/02,73,200,1,11,2,Slot - WR,94,97,86,85,64,92,89,22,18,80,74,84,93,90,81,12,22,50,84,76,12,13,67,33,16,87,85,30,21,25,2,19,11,14,28,75,52,28,32,80,89,89,71,59,20,7,10,14,8,32,14,80,42,14,4,14.417307,3.604327,14.417307,Normal
Tahaun,Galazin,Carolina,CB,South Carolina,25,86,11/26/99,73,200,1,8,4,Manto Man - CB,89,91,96,90,67,79,68,48,17,51,64,63,74,88,20,40,66,51,81,77,13,26,59,21,87,24,88,33,32,37,3,82,32,86,71,25,32,38,35,38,73,91,66,46,70,9,12,15,31,32,18,87,37,83,4,100.0,25.0,46.707,Normal
Novo,Sherwin,Seattle,FS,Notre Dame,27,86,3/19/98,71,195,1,20,6,Zone - S,90,86,87,95,64,89,72,55,14,62,67,58,75,84,20,33,71,48,91,75,15,17,71,16,76,29,85,34,37,35,7,90,29,71,84,37,34,34,37,39,62,90,69,33,82,8,6,8,6,31,12,85,34,83,3,33.0,11.0,13.165,Normal
Rogerick,Bird,Los Angeles A,QB,Oregon,27,86,3/10/98,78,236,1,10,5,Field General - QB,87,82,85,91,72,89,81,27,81,60,66,12,41,71,8,11,32,22,91,65,15,21,11,20,11,12,86,19,16,14,89,14,12,15,40,13,23,12,20,18,16,87,59,65,35,83,86,92,89,97,88,96,57,18,5,262.5,52.5,133.738376,Normal
Tre,Stincic,Los Angeles N,HB,Notre Dame,25,86,8/26/00,69,194,1,23,3,Power Back - HB,91,79,78,93,76,90,85,40,28,92,93,60,69,89,55,11,35,49,85,90,11,15,81,42,22,63,88,60,44,35,29,27,9,21,43,58,48,38,32,70,62,88,78,91,42,27,33,38,35,45,28,83,94,30,3,33.0,11.0,15.145,Normal
Christian,Hemphill,Washington,CB,Ohio State,29,86,5/20/96,72,192,1,2,8,Manto Man - CB,91,87,92,91,70,85,76,54,17,66,60,60,73,90,18,41,70,56,81,78,24,31,69,16,84,25,86,36,37,37,7,89,34,92,74,21,36,34,33,35,71,88,74,31,75,5,6,5,8,20,9,80,25,86,5,97.603,19.5206,34.103,Normal
Allan,Koziak,Detroit,TE,Iowa,24,86,1/12/01,75,245,1,87,2,Vertical Threat - TE,86,84,85,89,75,85,78,56,25,71,73,86,93,79,66,42,62,67,87,75,13,19,39,51,31,72,86,62,57,58,24,45,46,27,63,78,63,56,63,80,82,85,72,75,61,18,22,26,19,30,24,89,70,36,4,9.46599,2.366498,7.833173,Normal
Kendal,Titensor,Seattle,CB,UTSA,26,86,5/2/99,76,210,1,27,3,Zone - CB,96,87,94,92,60,83,62,50,16,53,62,62,82,84,40,34,61,53,89,71,18,24,45,15,76,42,86,35,35,35,6,82,29,85,71,44,35,35,35,44,71,95,63,33,57,6,10,15,17,27,9,75,39,88,4,3.992216,0.998054,0.332216,Normal
Gifford,Amaya,Carolina,RT,W. Michigan,31,86,8/18/94,77,325,1,72,8,Pass Protector - OT,66,61,78,95,86,97,26,36,12,9,26,15,27,59,5,8,34,88,98,12,18,23,10,83,12,1,84,89,89,89,6,10,11,6,30,14,81,82,78,17,32,70,8,15,27,6,13,20,13,22,6,98,31,12,2,35.0,17.5,8.0,Normal
Chad,Primeau,Tennessee,HB,Memphis,28,86,4/30/97,72,209,1,20,6,Elusive Back - HB,95,84,84,87,67,84,87,32,26,87,92,62,72,86,63,17,31,32,91,88,8,13,89,29,40,65,86,64,31,32,12,30,14,26,40,62,34,31,26,69,60,91,85,69,36,13,15,22,13,27,13,85,74,36,3,21.75,7.25,10.49,Normal
Rat,Sigillo,Denver,DT,Boston College,28,86,8/20/97,77,285,1,99,6,Power Rusher - DT,78,73,80,94,95,91,45,85,12,34,41,49,51,64,22,74,82,85,91,41,13,16,11,36,35,26,86,47,44,46,5,96,83,22,81,26,51,47,47,32,44,75,30,45,84,7,6,4,4,21,11,85,45,47,4,102.0,25.5,44.25,Normal
Pannel,Danmeier,Las Vegas,P,N.C. State,29,85,11/27/95,76,220,1,6,6,Power - KP,72,63,64,82,47,70,21,11,17,11,47,37,43,53,28,8,34,22,91,19,93,98,10,24,16,34,86,19,19,15,18,15,11,10,26,20,21,15,20,39,42,74,15,15,40,25,28,33,21,29,17,74,8,24,4,15.8,3.95,6.5,Normal
Tai,Coryatt,Minnesota,HB,UTEP,30,85,12/2/94,69,208,1,33,8,Elusive Back - HB,91,90,90,92,70,84,89,21,18,86,87,61,71,87,59,12,26,40,89,91,21,20,53,43,15,64,85,59,30,35,13,20,12,22,37,66,23,14,16,69,64,90,84,87,28,21,30,36,13,31,14,93,81,20,2,20.0,10.0,11.5,Normal
Josh,Sutherland,Tampa Bay,QB,Oklahoma,30,85,4/14/95,73,215,1,6,7,Field General - QB,87,81,74,97,70,86,84,30,78,75,63,23,66,80,15,11,23,30,96,68,18,19,12,25,10,19,85,14,8,14,86,14,8,12,31,16,27,8,13,29,60,84,66,71,31,82,86,95,84,93,85,97,69,12,3,100.0,33.333333,40.0,Normal
Earle,Sossamon,Indianapolis,LT,Central Michigan,27,85,9/23/97,78,303,1,79,3,Pass Protector - OT,80,73,75,84,90,85,50,23,17,30,50,45,48,63,22,11,24,89,93,29,31,30,13,89,14,25,87,84,85,90,7,16,8,10,32,31,86,89,81,29,47,72,23,40,33,9,10,12,16,20,14,82,37,16,4,100.0,25.0,36.656,Normal
Wood,Smukler,Minnesota,CB,Washington,27,85,1/18/98,71,190,1,7,6,Zone - CB,91,90,89,93,59,86,68,46,10,55,63,63,80,90,28,32,76,54,89,76,10,11,69,14,80,34,87,9,33,35,7,85,26,80,80,39,19,36,33,44,65,92,66,32,52,7,6,4,6,26,10,81,31,88,4,8.0,2.0,4.0,Normal
Wilkie,Sirochman,New England,CB,Auburn,28,85,12/31/96,73,206,1,7,7,Manto Man - CB,91,77,84,90,63,91,55,52,15,46,67,62,76,78,7,36,66,56,89,69,13,21,41,19,87,15,83,36,35,36,9,89,23,92,75,24,35,36,34,23,60,91,58,26,61,2,6,7,4,25,11,90,29,86,4,8.0,2.0,4.0,Normal
Trevard,Turnure,Pittsburgh,K,Rice,34,85,3/16/91,74,185,1,9,11,Accurate - KP,73,61,66,83,42,74,8,12,12,11,44,10,27,52,8,10,15,10,90,12,92,94,9,12,12,8,87,17,8,10,11,9,10,11,9,12,23,11,11,8,13,73,9,11,33,28,33,38,10,27,20,49,14,12,4,20.0,5.0,9.76,Normal
Rokevious,Jacoby,Tampa Bay,WR,Penn State,29,85,2/27/96,73,208,1,14,8,Slot - WR,90,85,88,98,75,85,87,31,22,76,68,90,97,84,86,11,31,42,86,82,18,25,49,19,15,87,83,60,17,22,2,21,8,21,33,83,56,16,19,89,88,90,73,75,31,14,15,23,13,37,22,92,73,25,4,8.0,2.0,4.0,Normal
Abe,Engram,Buffalo,CB,Villanova,24,85,9/21/00,73,205,1,47,3,Zone - CB,92,81,86,90,67,86,59,51,15,52,58,60,75,81,24,40,55,53,93,70,14,15,43,17,82,26,86,36,32,34,9,89,36,88,75,40,31,37,37,35,66,87,62,42,70,5,6,4,4,31,8,83,40,89,4,69.0,17.25,18.85,Normal
Javin,Perko,Carolina,HB,Oklahoma St.,26,85,6/11/99,73,210,1,30,4,Elusive Back - HB,90,89,87,87,73,88,93,29,40,88,88,57,72,86,45,12,22,40,88,86,17,18,76,37,11,59,87,56,29,36,20,15,12,18,39,48,38,30,28,61,52,94,78,74,33,12,20,25,15,31,15,81,73,18,4,33.2,8.3,11.958,Normal
Onzy,Ivory,Denver,WR,SMU,29,85,10/10/95,76,216,1,14,7,Physical - WR,92,93,93,91,77,84,82,27,48,79,69,92,84,84,82,8,23,62,86,85,15,19,30,23,23,77,84,41,19,27,30,25,12,16,36,83,58,33,37,82,98,92,76,83,33,50,53,62,39,62,39,88,74,30,4,92.0,23.0,40.0,Normal
Aldrick,Steinke,Detroit,DT,Clemson,31,85,7/1/94,75,335,1,98,9,,62,55,73,82,96,90,15,82,12,7,27,14,33,57,2,62,78,87,79,17,16,19,12,32,18,8,84,44,48,45,8,96,77,12,83,13,42,45,47,13,17,72,18,22,86,9,6,3,4,28,17,82,32,26,2,22.0,11.0,7.425,Normal
Wilford,Hajek,Pittsburgh,WR,Ole Miss,27,85,12/14/97,76,235,1,4,6,Physical - WR,93,86,96,91,79,82,86,37,29,83,66,87,90,85,84,8,29,49,93,82,12,15,43,28,15,86,86,38,19,21,11,22,9,15,35,88,48,29,35,81,93,96,74,85,33,10,13,18,12,38,21,94,80,29,4,132.0,33.0,60.0,Normal
Wallace,Hand,Jacksonville,ROLB,Utah,26,85,9/30/98,75,235,1,0,3,Run Stopper - OLB,90,81,85,92,77,86,64,76,18,47,64,58,71,74,26,63,87,87,93,54,37,43,12,25,60,32,85,44,46,46,5,87,53,47,92,34,43,46,44,30,72,82,42,48,95,11,12,15,14,30,8,90,46,64,4,12.936605,3.234151,12.936605,Normal
Armanti,Bracken,Denver,TE,Ole Miss,30,85,9/2/94,75,240,1,1,8,Vertical Threat - TE,89,90,89,94,65,84,87,35,14,80,75,81,92,83,67,30,30,70,85,79,15,18,60,54,24,70,87,60,56,60,15,25,19,19,40,74,62,62,61,77,82,88,70,71,43,11,18,19,26,28,10,75,75,31,2,23.0,11.5,16.5,Normal
Dextor,Mccants,Indianapolis,DT,Albany St.,31,85,10/20/93,76,315,1,90,8,,72,62,64,83,88,85,28,90,12,11,30,22,30,50,4,60,76,90,92,17,12,13,11,33,22,2,87,45,43,47,6,90,74,14,87,14,42,48,48,13,13,72,16,29,85,5,6,6,8,17,11,93,32,35,3,39.0,13.0,17.99,Normal
Issiac,Skrepenak,Arizona,HB,Pittsburgh,30,85,5/5/95,73,233,1,6,8,Power Back - HB,86,80,78,88,85,90,90,26,20,91,88,54,69,81,54,49,37,49,85,83,17,17,56,54,10,62,87,68,40,45,11,19,30,16,34,65,54,40,42,66,67,89,78,85,32,9,14,19,20,25,11,92,89,15,2,19.0,9.5,8.25,Normal
Dylan,Wills,Washington,QB,LSU,24,85,12/18/00,76,210,1,5,1,Scrambler - QB,91,94,85,88,58,81,89,18,90,75,59,19,36,90,10,12,10,14,93,81,18,7,13,18,15,10,87,8,9,12,78,22,11,6,30,12,14,15,9,17,23,89,72,33,17,85,90,91,86,96,87,91,27,14,4,37.74665,9.436663,37.74665,Normal
Tracy,Lusk,Miami,WR,Alabama,26,85,11/25/98,70,182,1,17,4,,99,97,87,89,59,86,93,28,28,74,72,82,82,97,80,11,21,46,90,87,13,23,81,22,14,81,86,33,20,21,19,17,8,11,30,82,49,33,26,85,83,95,81,55,30,22,23,25,31,31,27,86,38,19,3,84.75,28.25,35.978,Normal
Keenan,Frampton,Cleveland,LG,Nevada,33,85,10/11/91,76,320,1,75,11,Power - G,72,70,74,93,91,94,24,10,12,15,37,15,31,51,5,12,33,90,98,9,18,24,6,86,12,2,87,82,79,86,2,26,11,13,22,14,84,85,84,14,17,72,10,11,30,7,6,6,5,19,15,93,24,20,1,15.0,15.0,14.602942,Normal
Tremain,Dally,Buffalo,RE,Ohio State,30,85,7/11/95,77,280,1,97,9,Run Stopper - DE,82,81,79,88,89,88,37,88,12,23,41,26,46,67,4,87,83,91,86,31,18,25,10,21,26,4,85,47,43,47,8,87,78,23,89,15,43,46,46,14,27,80,26,45,87,4,6,8,5,30,15,88,37,37,1,12.61,12.61,12.0,Normal
Levi,Curzon,Arizona,RE,Florida State,28,85,3/29/97,77,265,1,10,7,Smaller Speed Rusher - DE,88,82,87,80,81,88,35,82,12,24,48,28,50,69,3,87,79,90,91,37,12,19,11,22,37,9,84,48,47,47,6,87,77,28,81,15,44,42,41,14,31,87,23,43,87,6,6,6,8,20,16,86,26,49,4,76.4,19.1,38.0,Normal
Aundray,Wadsworth,Los Angeles N,RG,UL Lafayette,28,85,9/18/96,76,321,1,69,5,Power - G,71,59,82,85,91,87,14,29,12,9,29,15,29,53,3,9,27,85,87,7,14,10,12,95,12,5,84,74,69,77,2,18,12,10,25,14,94,86,90,13,16,71,7,12,33,3,6,2,7,22,10,94,21,12,3,48.0,16.0,11.25,Normal
Usama,Stofer,Los Angeles N,DT,Wake Forest,26,85,4/26/99,74,288,1,91,2,,80,79,73,82,87,87,48,89,12,34,32,24,32,62,7,71,87,77,88,35,13,17,11,57,27,10,86,48,43,52,6,90,79,14,78,15,54,52,51,19,32,74,35,33,83,8,7,6,7,26,10,91,43,34,4,5.391474,1.347869,0.921072,Normal
Fran,Josue,New England,DT,LA. Tech,26,85,4/6/99,75,290,1,97,4,Power Rusher - DT,90,84,89,80,92,87,18,75,12,16,28,24,25,67,5,73,74,84,94,27,12,17,6,30,17,9,87,44,43,47,10,86,85,14,82,16,41,44,48,16,15,84,17,25,90,10,6,6,7,20,8,86,28,25,4,104.0,26.0,51.0,Normal
Roscoe,Rymkus,Philadelphia,CB,Toledo,24,85,7/18/01,72,195,1,27,1,Manto Man - CB,96,89,92,92,65,83,75,48,28,65,73,72,77,90,25,29,69,53,91,77,20,23,67,30,83,27,85,24,15,15,18,81,24,79,77,42,23,17,22,27,75,96,72,48,67,9,21,25,26,29,15,88,44,85,4,14.818096,3.704524,14.818096,Normal
Curley,Kohl,Buffalo,RT,Northern Iowa,27,85,2/28/98,80,311,1,79,4,Power - OT,80,75,77,86,91,85,27,34,12,24,50,49,55,57,5,38,45,91,89,10,25,25,10,89,12,14,85,83,81,86,6,33,49,10,51,23,86,85,87,33,49,74,10,30,42,6,6,6,6,23,10,85,35,15,4,72.0,18.0,19.855,Normal
Guy,Mello,Houston,RT,Florida,32,85,4/13/93,80,370,1,77,10,Power - OT,60,57,66,88,89,88,15,34,12,9,29,12,39,51,5,9,18,91,83,9,20,16,13,82,12,3,87,85,77,91,9,11,11,10,12,13,85,82,85,12,13,67,10,21,40,2,6,6,5,24,13,76,36,15,4,8.0,2.0,4.0,Normal
Warner,Scardine,Baltimore,WR,Boston College,24,85,9/11/00,69,182,1,4,2,,92,96,85,95,54,80,96,34,30,83,72,83,86,88,81,21,29,45,91,92,19,20,70,25,27,88,84,32,14,12,30,30,17,30,42,81,49,29,26,82,84,94,81,42,32,30,35,38,36,53,32,87,37,37,4,14.036434,3.509109,14.036434,Normal
Bashir,Cordova,New York A,RG,USC,26,84,6/17/99,77,308,1,75,4,Agile - G,76,62,77,86,93,83,9,23,12,6,37,10,23,57,4,12,25,92,84,9,21,22,12,93,12,6,84,84,79,83,4,8,12,12,32,11,86,87,79,9,14,77,12,11,35,4,6,7,7,24,17,91,17,12,4,8.0,2.0,4.0,Normal
Jabara,Rattay,New Orleans,HB,Tennessee,30,84,7/25/95,70,215,1,41,8,Receiving Back - HB,90,91,90,94,76,86,86,30,24,85,94,74,74,86,70,47,31,40,93,88,18,22,81,39,18,73,84,52,21,29,27,20,32,19,33,80,42,27,27,78,75,87,80,85,28,22,31,32,34,40,13,83,86,24,2,24.5,12.25,19.233333,Normal
Pratt,Hurley,New York A,HB,Iowa State,24,84,5/31/01,71,220,1,20,3,Elusive Back - HB,90,93,92,93,73,83,82,29,31,86,87,59,70,88,50,11,26,43,88,88,15,21,44,46,13,57,83,60,33,35,16,18,9,17,36,57,44,34,33,63,59,92,82,82,32,9,15,21,23,32,21,89,77,17,4,8.0,2.0,4.0,Normal
Eldred,Delhomme,Jacksonville,WR,LSU,22,84,10/8/02,75,209,1,7,1,,92,87,92,91,60,86,84,28,22,73,73,81,88,89,86,11,13,41,93,88,12,22,47,25,15,88,82,26,10,12,5,21,9,12,32,78,45,28,23,83,88,99,81,55,28,6,10,15,8,24,18,85,43,19,4,8.0,2.0,4.0,Normal
Adrian,Brovelli,San Francisco,QB,Iowa State,25,84,12/27/99,73,220,1,13,3,Field General - QB,88,80,68,90,64,81,79,20,77,64,63,12,25,76,11,12,15,25,87,64,19,24,12,20,10,12,84,12,15,12,88,16,11,8,29,15,18,18,14,13,14,76,64,28,26,85,93,95,89,88,90,87,52,12,5,265.0,53.0,100.0,Normal
Shipwreck,Dalby,Houston,SS,Florida,27,84,12/20/97,71,208,1,23,6,Zone - S,91,86,89,92,68,88,64,52,12,53,61,61,86,85,14,49,77,63,87,77,47,65,64,20,83,22,83,36,31,33,17,84,33,77,77,28,32,33,35,28,66,92,65,26,63,11,10,12,16,27,19,85,39,86,4,8.0,2.0,4.0,Normal
Terance,Monahan,Dallas,QB,Mississippi St.,32,84,7/29/93,74,238,1,4,9,Improviser - QB,82,84,78,94,77,79,88,27,85,73,66,20,44,79,14,9,40,39,91,70,23,27,14,27,12,16,82,23,20,14,90,23,9,11,35,19,40,33,36,16,21,84,49,69,40,93,84,91,92,93,89,97,71,18,4,240.0,60.0,129.0,Normal
Martay,Tuaolo,Pittsburgh,CB,Mississippi St.,34,84,1/1/91,72,190,1,23,12,Zone - CB,89,84,87,91,59,90,85,53,17,77,63,65,80,89,24,49,76,56,86,83,22,26,73,14,80,31,86,33,33,35,8,88,40,82,74,40,33,34,34,42,79,90,81,44,60,8,6,4,6,37,12,83,40,85,4,8.0,2.0,4.0,Normal
Bake,Choice,Detroit,HB,Iowa State,28,84,6/7/97,70,222,1,5,6,Power Back - HB,87,83,77,89,75,93,92,26,29,89,95,56,72,84,51,12,29,43,89,87,10,19,43,41,12,57,84,59,37,36,24,14,11,13,24,61,47,27,30,68,52,89,76,76,29,28,36,41,33,49,20,92,93,13,2,18.25,9.125,9.0,Normal
Knowshon,Partridge,Kansas City,ROLB,Notre Dame,30,84,8/15/95,74,228,1,23,6,Pass Coverage - OLB,91,87,85,91,75,92,53,73,12,50,64,33,58,78,12,61,85,77,84,59,17,16,12,18,66,21,86,46,45,43,6,90,51,56,90,10,46,45,48,34,35,90,41,38,83,8,6,8,4,25,13,94,26,71,3,19.0,6.333333,12.5,Normal
Antwaan,Haggerty,Kansas City,LE,Purdue,24,84,4/3/01,76,263,1,56,3,Power Rusher - DE,87,80,83,83,86,90,35,79,12,23,42,28,50,66,0,74,82,87,96,33,15,16,9,15,17,2,85,46,48,43,7,90,83,20,90,13,46,43,41,11,33,81,26,42,87,10,6,3,8,20,11,89,36,23,4,88.0,22.0,32.0,Normal
Tyson,Gavin,Detroit,MLB,Iowa,25,84,8/22/00,77,249,1,46,2,Run Stopper - MLB,90,89,89,89,75,87,56,78,12,50,57,64,73,75,6,51,88,75,90,46,21,17,13,32,64,12,82,44,47,44,5,86,55,66,92,17,48,47,44,22,65,84,39,64,91,3,6,6,5,26,18,98,52,68,4,14.722004,3.680501,14.722004,Normal
Rashawn,Schable,Cleveland,WR,Alabama,26,84,4/24/99,73,193,1,3,5,,93,92,85,90,64,85,87,28,25,77,75,81,87,92,84,10,26,43,87,91,17,19,69,28,23,85,84,35,13,18,10,24,10,26,38,80,45,22,27,84,85,91,81,75,33,10,15,20,23,27,21,88,56,31,3,52.5,17.5,41.0,Normal
Ropati,Clime,Minnesota,WR,USC,23,84,1/27/02,71,175,1,3,2,Slot - WR,92,88,84,88,52,89,89,30,42,74,78,86,91,91,88,22,31,36,90,89,17,23,76,18,28,85,84,27,15,13,40,27,14,29,47,74,42,26,19,84,88,90,79,46,37,32,39,47,47,58,38,84,30,34,4,13.731739,3.432935,13.731739,Normal
Arunas,Esser,Tennessee,CB,LA. Tech,28,84,1/21/97,73,192,1,38,5,Zone - CB,92,83,96,99,60,85,80,58,14,60,70,58,77,83,32,47,77,57,90,78,21,21,71,18,75,25,83,24,35,36,5,85,34,93,80,20,16,38,35,27,70,92,80,49,60,7,6,10,8,27,16,80,49,84,4,76.4,19.1,44.0,Normal
Harlon,Peterman,Los Angeles A,WR,Georgia,23,84,11/11/01,72,186,1,15,1,Slot - WR,96,94,91,84,55,86,84,33,25,69,72,84,90,90,83,12,30,44,86,83,12,20,75,21,12,88,83,31,16,19,5,10,11,16,39,70,45,33,24,89,81,90,71,52,37,6,10,18,14,28,15,81,38,17,4,9.995186,2.498797,9.185943,Normal
Shiner,Botchan,Kansas City,LOLB,Wisconsin,24,84,10/26/00,75,250,1,54,3,Run Stopper - OLB,94,83,92,86,84,83,73,83,25,69,69,44,51,76,20,54,89,90,92,63,20,23,24,36,63,22,85,44,47,45,17,80,63,55,89,32,44,44,47,26,44,88,55,62,84,14,18,19,21,26,18,90,53,70,4,5.044908,1.261227,0.849024,Normal
Randal,Pontbriand,Buffalo,ROLB,Boston College,31,84,7/28/94,72,223,1,58,8,Pass Coverage - OLB,85,72,88,95,77,90,61,78,12,33,54,54,73,72,10,62,83,83,86,52,20,21,7,23,71,15,85,41,43,43,6,90,50,53,95,15,46,48,45,23,68,84,40,54,81,4,6,6,7,24,11,84,37,79,1,6.3065,6.3065,5.631,Normal
Thane,Birney,Denver,RE,Oklahoma,25,84,9/26/99,75,240,1,15,3,Smaller Speed Rusher - DE,91,82,85,72,79,90,44,77,41,26,53,37,60,73,2,85,76,72,91,43,15,17,10,24,38,5,85,48,49,46,26,85,74,31,85,15,46,42,43,7,37,90,42,36,75,21,30,34,33,36,26,72,33,52,4,5.80189,1.450473,1.399556,Normal
Travelle,Olivea,Arizona,LT,Ohio State,24,84,7/3/01,78,313,1,70,2,Pass Protector - OT,81,77,77,86,88,87,17,48,12,14,37,26,31,57,11,41,40,88,92,8,28,32,9,89,10,10,84,89,85,88,7,37,45,9,33,12,80,86,81,22,24,72,8,20,39,5,6,7,4,21,8,86,24,12,4,8.0,2.0,4.0,Normal
Tarik,Gladchuk,Pittsburgh,TE,Penn State,26,84,10/25/98,77,258,1,88,4,Possession - TE,82,75,90,87,79,94,76,57,19,66,79,85,89,73,64,44,58,72,92,67,60,73,32,57,32,71,85,65,59,63,4,42,49,28,61,78,60,56,61,79,85,83,59,73,60,9,15,51,12,32,13,86,79,41,4,48.4,12.1,11.6,Normal
Marquand,Hickerson,Los Angeles N,RT,Wisconsin,33,84,5/13/92,80,330,1,79,10,Power - OT,65,54,73,89,87,94,11,26,12,3,39,15,29,48,6,12,18,85,93,12,13,17,8,85,12,4,84,83,74,83,4,27,12,9,28,16,91,92,88,17,13,66,8,12,34,8,6,4,4,12,13,91,20,13,3,34.5,11.5,19.17647,Normal
Ermal,Stegall,Denver,SS,USC,25,84,2/1/00,72,200,1,9,4,Run Support - S,88,83,86,92,57,84,65,63,36,45,63,63,78,77,25,54,90,62,82,69,19,22,42,32,72,30,84,36,34,36,37,86,47,68,90,41,36,37,36,36,64,91,62,45,75,32,32,34,30,40,35,87,42,83,3,39.0,13.0,20.0,Normal
Nesby,Ragsdale,Buffalo,CB,Weber State,29,84,7/27/96,71,192,1,7,7,Zone - CB,93,79,81,95,59,91,62,62,10,50,61,62,76,84,23,37,49,51,88,73,11,10,41,11,81,31,82,11,34,42,8,94,27,81,74,27,40,38,38,38,61,89,65,32,60,6,6,9,5,28,9,79,18,85,3,30.75,10.25,17.825,Normal
Joyce,Blackwood,Jacksonville,CB,Colorado,22,84,5/18/03,73,188,1,12,0,Manto Man - CB,93,97,98,97,63,78,84,53,33,78,68,82,87,98,82,44,71,58,89,85,21,24,77,31,82,84,85,34,36,35,19,77,35,82,76,80,45,29,34,82,87,93,83,58,67,22,26,30,31,42,24,93,49,84,4,46.649126,11.662282,46.649126,Normal
Brant,Raines,Dallas,CB,Alabama,27,84,9/20/97,74,195,1,7,5,Zone - CB,88,88,94,95,70,91,72,57,12,52,73,78,84,84,56,42,67,53,88,71,21,19,77,17,76,55,83,34,36,35,5,85,30,83,74,58,40,33,37,62,83,91,64,47,59,5,6,7,6,33,10,80,42,87,5,97.0,19.4,33.304,Normal
Jo,Ottis,Pittsburgh,C,West Virginia,24,84,8/29/01,75,310,1,54,1,Agile - C,71,59,67,87,90,89,20,23,5,12,28,13,31,53,4,13,35,87,92,7,14,20,12,91,8,8,83,81,88,82,9,28,17,9,28,13,92,88,83,10,12,65,10,21,27,8,6,3,6,22,17,99,31,9,4,7.544214,1.886054,5.039272,Normal
Verdi,Ursella,Miami,DT,Ferris State,29,84,9/7/95,78,305,1,92,7,,76,71,72,85,90,86,25,87,12,21,32,20,37,55,4,84,84,85,88,35,15,15,11,15,18,4,86,45,47,47,3,89,75,21,80,14,44,45,45,16,25,77,30,35,82,5,6,3,8,24,18,90,39,29,3,67.75,22.583333,0.0,Normal
Ashton,Ghee,Detroit,DT,N.C. State,25,83,5/11/00,74,315,1,54,4,Power Rusher - DT,79,66,74,79,94,89,41,85,12,34,48,30,46,57,18,73,79,86,91,35,17,24,17,40,19,23,82,46,47,45,7,91,82,18,78,29,52,48,46,29,35,75,30,49,85,5,6,8,6,20,10,88,58,27,4,97.0,24.25,28.060667,Normal
Abner,Slackford,Minnesota,RE,Wisconsin,30,83,7/1/95,76,242,1,43,6,Smaller Speed Rusher - DE,87,84,91,85,76,90,44,76,12,11,57,37,72,74,7,81,81,79,87,31,21,17,12,17,64,7,83,44,47,46,8,85,70,48,84,35,47,46,47,14,42,86,36,53,82,5,6,4,7,23,9,95,50,72,1,23.0,23.0,22.44,Normal
Audie,Hobbs,Las Vegas,HB,Boise State,21,83,12/2/03,69,211,1,2,0,Elusive Back - HB,94,89,95,88,81,78,85,40,29,86,91,60,71,92,57,32,32,50,92,82,23,22,76,40,32,57,83,54,34,44,27,40,25,27,43,56,39,29,33,63,62,91,80,85,38,19,21,22,19,30,28,94,88,35,4,35.895812,8.973953,35.895812,Normal
Reynold,Rockford,Minnesota,MLB,Minnesota,29,83,5/10/96,73,237,1,51,6,Field General - MLB,91,84,88,83,68,84,22,76,12,11,50,30,48,77,3,62,81,84,73,30,13,17,8,19,69,3,83,47,43,43,5,83,56,47,88,20,47,46,46,13,26,89,26,22,87,4,6,5,7,26,8,81,26,75,3,22.5,7.5,9.475,Normal
Juddy,Tackett,Indianapolis,RT,Auburn,29,83,3/25/96,78,315,0,72,7,Power - OT,70,61,81,86,91,92,17,17,12,9,25,10,22,53,4,9,60,86,84,11,14,14,12,88,10,8,85,79,74,79,7,26,21,13,28,14,90,93,89,12,15,69,10,16,54,3,6,5,4,26,13,95,26,17,4,70.0,17.5,32.0,Normal
Blane,Berra,Denver,FS,Texas,27,83,4/2/98,73,191,1,22,5,Run Support - S,92,89,88,93,58,86,57,59,12,43,60,52,71,87,6,48,82,58,86,71,20,20,43,21,73,13,82,35,31,34,15,81,37,67,89,21,43,36,34,17,63,91,62,46,77,7,10,16,17,22,22,92,23,79,3,20.0,6.666667,11.0,Normal
Sandy,Sacrinty,Seattle,LT,Mississippi St.,24,83,11/25/00,77,311,1,67,3,Pass Protector - OT,75,56,75,88,84,88,12,22,14,18,25,14,20,60,5,10,30,82,91,10,14,19,10,83,10,10,83,87,90,83,6,21,10,10,28,12,79,82,75,15,15,74,10,20,25,6,6,6,6,23,9,81,15,10,4,21.383626,5.345907,21.383626,Normal
Carson,Luckhurst,Baltimore,CB,Colorado,30,83,5/24/95,72,202,1,3,8,Zone - CB,89,88,90,93,67,84,70,54,14,53,64,57,75,82,16,49,77,46,84,78,26,23,65,18,82,21,82,34,32,34,3,82,38,75,75,29,35,35,33,34,71,89,71,39,65,2,6,8,4,32,14,83,33,84,1,1.255,1.255,0.0,Normal
Alex,Rifenburg,Philadelphia,CB,Iowa,22,83,2/9/03,72,202,1,33,1,Zone - CB,90,88,90,90,66,84,83,62,59,71,72,70,82,84,55,38,72,60,93,75,27,24,81,37,76,54,83,36,32,33,46,82,32,77,77,60,43,37,34,56,73,91,73,53,70,48,53,56,60,54,40,89,60,84,4,9.283622,2.320906,7.469987,Normal
Deltha,Borden,Detroit,CB,Kansas State,28,83,11/11/96,69,188,1,4,7,Zone - CB,88,87,85,97,56,86,69,49,17,61,57,65,74,89,9,36,52,46,86,73,14,14,84,16,79,16,82,39,35,36,9,82,27,90,80,13,32,39,35,21,66,89,74,39,71,5,10,16,8,18,11,73,29,86,4,8.0,2.0,4.0,Normal
August,Kern,Washington,DT,Alabama,28,83,5/27/97,75,320,1,94,7,,83,63,71,83,91,86,38,89,12,35,46,23,43,58,3,75,76,89,94,24,15,21,9,31,23,6,82,44,43,47,5,86,80,13,84,24,48,44,44,18,21,76,24,39,82,5,6,6,4,27,15,90,43,29,4,8.0,2.0,4.0,Normal
Scotty,Dansby,Los Angeles A,ROLB,Wash. St.,25,83,11/18/99,73,225,1,0,2,Pass Coverage - OLB,87,85,92,91,65,86,73,67,12,66,67,68,68,75,44,58,80,69,90,68,42,48,60,30,73,49,84,43,38,38,4,82,51,73,85,63,44,46,48,53,71,87,62,61,92,6,6,6,5,22,8,87,60,76,4,5.420421,1.355105,0.942124,Normal
Jamaica,Finsterwald,Carolina,LG,LSU,28,83,3/21/97,74,327,1,68,5,Power - G,65,56,74,84,92,90,15,34,12,5,33,15,25,46,7,29,46,90,92,11,27,24,9,84,12,5,85,83,78,86,5,32,42,11,32,14,89,81,87,15,15,69,14,36,44,7,6,6,7,26,10,96,40,15,4,53.0,13.25,26.215,Normal
Ahmed,Berti,Miami,HB,Texas AM,23,83,10/13/01,69,188,1,28,2,Elusive Back - HB,98,87,81,80,69,77,82,29,33,75,94,54,73,87,58,11,25,36,91,82,16,18,83,37,13,60,85,43,24,29,31,24,8,15,38,58,34,29,23,69,54,95,78,70,33,32,35,40,35,45,29,89,68,19,4,8.0,2.0,4.0,Normal
Tydus,Hartman,Washington,WR,South Carolina,29,83,1/15/96,72,215,1,1,6,,91,92,97,95,80,80,92,42,30,81,69,86,83,90,82,9,38,44,87,88,9,12,85,21,21,80,85,41,13,22,23,34,12,15,52,81,54,22,27,84,88,90,88,88,45,18,27,33,36,45,24,89,86,29,4,8.0,2.0,4.0,Normal
Bradlee,Crayton,San Francisco,RG,Kansas,25,83,2/24/00,77,320,1,77,1,Power - G,63,71,71,85,95,80,28,39,19,30,40,22,44,62,15,32,52,86,88,21,21,22,9,91,9,21,82,79,73,79,10,35,32,3,42,18,85,91,89,21,21,62,23,33,50,10,21,21,10,25,10,87,32,9,4,5.700548,1.425137,0.965852,Normal
Kato,Mallett,Dallas,WR,Georgia,24,83,3/4/01,75,200,1,3,3,Slot - WR,92,92,94,87,61,82,84,22,20,69,74,91,85,91,80,13,17,47,85,80,20,18,71,33,12,80,84,29,22,22,6,18,13,16,31,75,56,42,33,84,97,89,78,47,24,9,10,19,12,26,13,77,38,17,4,6.752179,1.688045,3.102593,Normal
Rashard,Awasom,New England,TE,Arkansas,30,83,12/7/94,77,250,1,85,9,Possession - TE,85,80,85,92,74,89,78,47,15,56,74,86,92,70,64,16,29,71,92,67,17,18,17,58,14,71,85,57,55,58,6,21,19,14,43,73,68,58,66,72,83,82,55,69,41,10,10,14,8,30,8,94,78,21,3,27.0,9.0,15.8,Normal
Earl,Greenlee,Kansas City,HB,Rutgers,25,83,3/2/00,70,216,1,10,3,Elusive Back - HB,98,85,87,93,80,84,83,37,32,83,95,47,75,86,49,19,43,44,89,86,12,19,84,27,19,55,82,56,31,37,24,26,15,24,43,52,31,25,19,67,50,95,77,74,33,22,27,34,32,38,28,88,84,32,4,3.739108,0.934777,0.079108,Normal
Almon,Azumah,Las Vegas,WR,N.C. State,28,83,11/8/96,74,200,1,16,6,Slot - WR,93,89,89,91,60,82,80,37,38,75,75,92,92,86,80,10,28,47,93,84,29,47,64,28,24,86,82,35,30,30,41,31,10,24,42,72,52,32,36,84,89,89,69,49,38,46,52,59,58,74,50,84,48,32,3,33.0,11.0,10.5,Normal
Sherwood,Dibernardo,Houston,FS,Baylor,26,83,6/3/99,71,198,1,5,3,Zone - S,91,92,80,95,63,82,68,53,15,49,63,58,75,87,22,49,75,57,92,76,34,35,46,21,78,25,81,31,35,37,11,82,36,63,85,23,33,34,33,34,64,88,64,42,65,14,12,18,13,25,10,84,35,84,3,39.0,13.0,20.656,Normal
Kailee,Talbert,Chicago,SS,Penn State,26,83,4/20/99,73,200,1,9,3,Run Support - S,90,85,92,93,67,84,71,63,19,57,62,53,72,86,27,43,89,65,85,75,15,21,70,24,69,28,83,33,36,36,5,81,42,62,89,29,37,37,33,33,67,87,64,46,81,7,6,5,5,30,9,87,46,74,4,7.35554,1.838885,3.568827,Normal
Ramos,Hoese,Cleveland,ROLB,Notre Dame,25,83,11/4/99,74,221,1,6,4,Pass Coverage - OLB,90,86,89,89,66,86,62,71,41,46,59,53,73,81,22,63,86,77,90,57,16,16,36,17,70,31,83,44,46,47,30,84,49,50,91,29,47,43,46,35,58,90,52,39,85,28,36,41,45,45,30,90,36,75,3,37.5,12.5,20.0,Normal
Emile,Fena,Las Vegas,SS,S. Illinois,27,83,2/26/98,75,220,1,11,5,Run Support - S,91,85,92,91,66,86,63,56,15,46,71,58,68,86,10,58,84,59,89,67,8,13,48,23,71,19,85,32,34,33,6,85,44,72,85,18,33,35,35,30,67,92,60,46,73,8,6,5,4,19,19,94,51,76,2,16.258,8.129,12.25,Normal
Jamain,Angelo,New York N,FS,Oregon,25,83,3/3/00,73,210,1,8,4,Zone - S,93,80,87,90,69,83,74,62,10,43,68,69,82,89,39,50,81,63,90,80,15,13,71,20,82,38,84,36,36,37,13,82,42,65,81,45,35,32,35,46,77,89,68,31,68,13,10,15,16,26,10,82,37,83,4,8.0,2.0,4.0,Normal
Byron,Lichtensteiger,Houston,SS,N. Illinois,34,83,7/18/91,71,195,1,20,11,Zone - S,87,85,90,92,54,88,63,48,10,31,66,55,71,84,13,57,87,56,82,68,22,20,36,8,74,9,85,34,32,36,6,83,50,85,82,14,35,36,34,16,64,91,61,43,77,6,6,9,7,28,17,87,62,81,1,10.508,10.508,8.758,Normal
Nuu,Lange,Minnesota,LE,Florida,28,83,5/25/97,75,263,1,58,5,Smaller Speed Rusher - DE,84,78,72,82,83,88,48,81,16,23,56,47,63,72,18,83,80,87,88,48,19,19,21,29,42,18,84,47,45,44,3,91,76,42,87,28,47,48,48,33,47,85,43,43,81,4,6,4,4,19,12,84,32,52,4,76.0,19.0,38.0,Normal
Wardell,Stuvaints,Green Bay,QB,Utah State,26,83,11/2/98,76,219,1,10,5,Field General - QB,84,76,83,91,60,83,76,28,77,54,68,15,20,69,12,11,22,23,90,66,26,40,14,17,16,15,83,16,18,14,81,15,8,11,32,16,17,16,20,16,15,86,48,60,25,88,85,92,91,91,89,90,49,20,4,220.0,55.0,100.8,Normal
Fletcher,Burruss,Green Bay,DT,UCLA,29,83,10/4/95,75,314,1,97,9,,71,61,72,82,88,85,23,80,12,11,36,22,24,57,4,64,83,92,92,26,14,17,12,38,33,4,81,44,44,42,6,87,73,13,86,14,41,45,49,14,21,73,16,30,88,2,6,9,8,19,19,93,32,38,3,64.0,21.333333,17.5,Normal
Palmer,Kinzer,Jacksonville,P,Mississippi St.,30,83,7/28/95,77,230,1,9,7,Power - KP,67,50,61,86,56,70,16,26,25,20,41,15,39,45,15,10,25,24,87,14,91,95,10,17,13,15,83,21,21,21,17,16,10,10,40,17,21,21,21,15,15,72,10,19,33,16,20,26,19,43,18,71,17,16,4,16.0,4.0,9.5,Normal
Alfonso,Lenc,Seattle,P,Texas,29,83,1/4/96,74,208,1,4,7,Power - KP,75,66,33,87,49,73,18,26,15,14,40,15,28,56,13,9,15,15,92,22,91,97,9,18,11,14,83,19,16,18,19,15,8,8,39,17,15,18,18,14,17,76,15,8,29,17,24,27,23,35,22,73,14,16,4,16.2,4.05,7.5,Normal
Duriel,Zecher,Kansas City,MLB,Missouri,25,83,3/10/00,71,237,1,32,4,Run Stopper - MLB,84,74,78,95,74,89,32,77,17,21,54,34,64,72,6,49,87,81,94,42,11,20,10,17,65,10,83,45,45,45,6,88,61,48,94,15,45,45,45,20,37,87,38,31,88,6,6,6,6,13,16,89,29,66,3,45.0,15.0,30.0,Normal
Kris,Titus,Baltimore,FB,Maine,31,83,5/27/94,75,305,1,42,8,Blocking - FB,77,70,83,86,86,83,65,74,12,58,66,45,70,60,36,66,79,79,85,60,19,15,11,100,53,45,85,71,48,54,7,72,74,35,70,42,73,57,61,55,41,71,59,68,80,7,6,4,6,25,17,90,66,58,1,2.8725,2.8725,0.1675,Normal
Ruben,Tulloch,Kansas City,WR,SMU,25,83,4/22/00,74,203,1,4,2,Slot - WR,90,81,92,89,68,84,85,33,25,81,72,82,97,90,77,8,27,49,92,81,23,25,39,33,11,86,84,37,26,31,10,11,11,7,35,88,60,32,32,89,87,92,77,72,35,11,20,26,14,48,16,89,65,16,4,6.495208,1.623802,3.519025,Normal
Artimus,Markland,Minnesota,C,Alabama,32,83,5/30/93,76,307,1,78,9,Pass Protector - C,73,70,72,87,86,94,26,28,12,10,22,19,32,61,4,12,36,84,93,22,21,16,12,76,12,4,84,83,79,85,6,22,11,7,28,14,76,83,81,16,15,70,18,24,31,6,6,9,4,20,10,91,29,14,2,18.0,9.0,9.25,Normal
Morrie,Ogle,Washington,RE,Texas AM,36,83,3/26/89,75,250,1,24,14,Smaller Speed Rusher - DE,85,84,81,84,85,87,41,81,12,18,64,20,49,70,4,81,89,92,92,55,17,22,11,28,49,7,85,43,46,45,8,87,75,64,85,33,44,44,46,17,40,84,44,37,86,8,6,4,6,20,13,88,42,60,1,6.1,6.1,4.995,Normal
Rian,Hanner,Los Angeles N,DT,Florida State,25,82,1/18/00,77,297,1,55,1,Power Rusher - DT,82,71,81,83,92,89,54,78,12,40,34,17,48,67,4,76,79,82,91,49,19,16,6,14,39,10,83,47,48,43,6,86,81,22,84,15,44,42,41,11,18,79,35,45,85,10,6,9,5,18,15,88,49,51,4,9.410122,2.352531,7.643653,Normal
Enid,Wyhonic,Arizona,DT,Miami,39,82,9/1/86,80,295,1,93,17,,70,74,83,80,90,84,19,92,12,17,47,10,42,58,4,69,85,89,92,16,32,31,11,21,20,5,82,43,44,43,4,82,77,36,83,13,46,47,47,12,13,74,13,47,79,4,6,5,4,36,12,90,40,27,1,5.5,5.5,4.25,Normal
Vlad,Herchman,Indianapolis,SS,California,27,82,7/19/98,72,200,1,0,4,Run Support - S,89,83,79,96,69,82,71,56,15,46,57,55,76,88,36,41,74,58,89,68,8,11,54,17,71,36,83,32,34,33,8,84,38,72,87,45,39,38,36,41,67,88,69,29,82,5,6,3,5,22,9,86,24,76,4,60.0,15.0,26.0,Normal
Zeke,Wykoff,Chicago,TE,Notre Dame,26,82,3/10/99,78,260,0,85,5,Vertical Threat - TE,85,73,86,93,76,84,71,56,15,60,73,84,97,71,66,51,48,69,95,61,15,24,15,57,27,70,82,61,58,61,15,38,42,27,58,74,63,63,61,73,86,85,53,70,48,14,17,19,16,39,15,90,75,33,4,50.0,12.5,22.893,Normal
Akiem,Ingersoll,Cleveland,P,New Mexico,29,82,9/13/95,72,217,0,13,7,Power - KP,77,64,47,86,41,66,11,20,16,12,33,10,23,49,10,8,13,19,83,9,87,96,10,14,12,15,83,18,13,21,15,14,11,13,26,11,17,19,16,14,15,68,14,15,32,20,25,29,18,30,19,60,13,17,2,4.0,2.0,2.75,Normal
Le-Lo,Treu,Miami,TE,Georgia Tech,32,82,9/13/92,78,245,1,83,8,Vertical Threat - TE,91,83,90,88,74,86,88,34,13,75,77,82,83,76,71,8,17,55,80,80,17,22,19,42,10,75,83,60,55,61,6,16,11,12,34,77,59,58,58,78,83,90,75,70,32,7,10,17,11,33,12,76,71,20,1,2.0,2.0,0.0,Normal
Solly,Lawler,Baltimore,WR,Clemson,33,82,6/6/92,73,212,1,10,12,Physical - WR,85,88,91,94,77,81,92,44,22,81,74,89,89,86,79,34,37,51,92,87,19,21,70,27,32,83,82,42,26,25,17,30,28,39,28,88,53,37,39,80,93,91,86,79,53,12,10,14,13,37,22,98,60,35,1,5.0,5.0,5.0,Normal
Goldie,Danenhauer,San Francisco,CB,Oregon,25,82,10/6/99,70,200,1,2,4,Zone - CB,91,81,81,88,57,83,68,46,10,50,57,53,75,79,31,38,78,53,90,75,16,21,66,26,76,34,83,36,39,37,8,80,34,79,78,41,33,37,36,37,57,91,65,42,70,4,6,8,6,26,10,87,41,85,5,88.884,17.7768,15.858889,Normal
Jah,Caravello,Pittsburgh,SS,Texas,28,82,4/21/97,73,210,1,25,7,Run Support - S,89,81,88,89,58,84,64,55,15,39,64,58,78,77,12,53,84,68,88,71,16,20,34,23,67,9,82,33,34,37,4,84,46,75,85,26,33,33,37,21,61,87,57,55,82,8,6,7,7,22,16,83,41,76,4,8.0,2.0,4.0,Normal
Hanford,Quaerna,Chicago,DT,Clemson,32,82,4/28/93,72,305,1,50,10,,75,68,73,79,87,84,15,83,12,10,40,15,31,57,7,68,84,88,78,13,25,24,10,34,25,4,81,49,42,46,8,82,79,12,85,13,46,41,45,13,13,74,8,39,87,6,6,6,7,25,16,84,22,29,3,42.75,14.25,27.25,Normal
Dj,Belden,Kansas City,K,Georgia Tech,30,82,7/14/95,76,199,1,7,8,Accurate - KP,75,52,64,80,46,70,29,14,14,15,24,10,28,44,11,10,12,15,87,27,93,95,11,16,15,8,81,20,17,16,22,18,10,12,10,12,19,21,16,9,11,74,16,14,16,23,25,34,20,25,24,63,15,15,4,25.6,6.4,17.75,Normal
Harrie,Machado,Denver,HB,Ohio State,26,82,12/17/98,70,212,1,27,5,Elusive Back - HB,92,85,91,88,76,79,85,28,27,88,91,56,62,88,43,13,29,44,78,85,15,18,60,37,13,59,81,61,34,30,16,16,10,18,33,56,45,26,36,60,51,92,79,84,29,11,25,30,18,29,14,86,76,17,4,8.0,2.0,4.0,Normal
Carey,Mccluskey,Miami,LE,Miami,26,82,5/28/99,77,263,1,15,4,Smaller Speed Rusher - DE,87,87,86,84,87,81,32,79,11,19,36,21,39,80,12,84,75,81,85,34,13,21,12,10,40,15,84,45,42,46,9,81,76,28,86,21,47,46,46,21,25,87,31,35,84,7,6,6,5,18,13,77,30,48,4,14.018202,3.504551,14.018202,Normal
Curtland,Principe,Detroit,WR,Alabama,24,82,3/26/01,74,189,1,1,3,,92,92,79,84,60,82,92,26,21,76,72,77,83,94,79,11,23,40,88,86,17,18,83,24,15,84,83,29,22,17,13,20,9,17,33,72,42,27,22,77,82,99,75,51,29,6,10,15,19,31,19,84,41,22,4,17.46179,4.365448,17.46179,Normal
Deauntae,Bunch,Los Angeles A,RT,Notre Dame,22,82,2/28/03,81,321,1,76,1,Power - OT,79,74,72,89,88,84,46,33,49,37,58,54,56,61,27,38,47,88,99,38,13,16,14,86,15,36,82,82,80,83,32,34,36,12,23,45,83,83,87,44,57,69,38,58,45,37,43,43,36,53,30,96,46,13,4,33.160944,8.290236,33.160944,Normal
Felipe,Orvis,New York A,LG,Clemson,28,82,8/19/97,76,324,1,76,5,Power - G,63,48,74,90,90,84,22,27,12,15,42,15,31,49,7,9,40,88,89,13,23,34,7,83,12,6,84,85,77,86,6,17,25,14,28,16,83,80,82,20,17,68,20,34,29,3,6,6,7,13,17,91,29,12,4,8.0,2.0,4.0,Normal
Ordell,Conaty,Minnesota,SS,Michigan,27,82,1/21/98,71,207,1,44,5,Run Support - S,88,85,84,91,69,85,55,64,10,44,61,52,71,80,11,49,83,64,94,69,12,22,51,18,64,13,80,32,34,37,15,83,41,62,92,13,31,39,31,15,55,90,62,39,86,10,10,16,14,21,19,85,23,72,3,36.0,12.0,14.605,Normal
Armegis,Kopp,Atlanta,MLB,Idaho,30,82,7/10/95,74,238,1,55,6,Run Stopper - MLB,90,88,82,89,72,90,53,75,38,33,65,50,53,77,7,68,87,80,93,53,13,22,14,23,58,13,83,45,43,44,36,90,62,45,88,18,44,48,42,22,53,87,42,36,90,40,41,46,45,68,49,86,40,67,3,21.5,7.166667,10.16,Normal
Da'Norris,Moroski,Buffalo,WR,Boise State,25,82,2/3/00,72,190,1,10,3,Slot - WR,93,85,85,88,64,86,90,26,26,80,78,82,91,84,75,9,20,38,88,92,15,20,72,21,11,83,81,28,28,18,24,20,8,14,28,75,41,27,22,84,85,91,78,51,29,19,27,31,31,38,28,78,45,17,4,53.058,13.2645,18.1,Normal
Taco,Chilton,Chicago,CB,Washington,25,82,12/17/99,72,200,1,6,3,Zone - CB,92,92,93,91,62,85,60,46,20,58,58,50,68,92,30,46,65,51,95,73,24,20,51,22,77,38,84,34,39,36,18,87,39,69,78,38,35,34,34,39,68,89,69,32,62,13,15,18,21,26,14,77,38,83,3,40.0,13.333333,21.256,Normal
Dujuan,Easy,Cincinnati,MLB,Wyoming,29,82,7/8/96,74,245,1,55,5,Field General - MLB,92,84,78,97,77,82,48,72,30,30,61,48,78,80,29,50,84,84,93,48,54,71,7,16,66,37,80,46,48,44,8,84,58,49,90,30,49,46,41,45,61,85,43,38,91,12,16,21,23,30,24,89,44,73,4,36.0,9.0,10.0,Normal
Petey,Dolbin,Tampa Bay,RT,Central Michigan,26,82,11/21/98,77,312,1,67,3,Power - OT,70,67,76,92,86,82,39,29,10,36,46,40,46,54,28,29,31,87,93,25,25,23,13,91,10,38,83,81,85,87,2,32,34,8,34,31,86,91,83,39,41,62,24,36,38,6,6,3,8,29,7,86,34,12,4,6.178985,1.544746,2.659671,Normal
Grant,Carman,Indianapolis,WR,USC,27,82,10/5/97,76,223,1,11,5,Physical - WR,87,84,94,91,71,81,83,41,31,78,71,89,89,83,78,10,42,56,88,77,15,22,76,42,14,80,82,43,30,35,28,16,10,20,40,83,58,32,38,81,93,89,71,75,55,28,33,39,39,48,29,92,68,20,4,8.0,2.0,4.0,Normal
Night,Mcelwain,New England,RG,Michigan,27,82,12/10/97,75,350,1,71,5,Power - G,51,53,62,87,93,85,23,22,12,18,31,24,26,47,4,10,32,90,91,18,13,18,7,81,17,9,81,79,78,84,10,19,21,19,30,13,82,74,84,16,15,65,20,34,24,4,6,3,4,19,14,83,28,22,3,57.0,19.0,36.5,Normal
Whit,Devree,Denver,RT,Notre Dame,30,82,1/12/95,80,315,1,69,7,Power - OT,69,65,70,95,86,87,9,33,12,12,31,17,29,48,10,12,40,82,89,9,14,16,9,84,11,9,82,76,72,83,4,21,11,8,25,13,87,87,88,16,14,70,12,9,31,8,6,7,5,9,14,94,23,13,5,87.5,17.5,35.0,Normal
Marques,Julien,Los Angeles A,HB,Alabama,27,82,3/9/98,73,242,1,22,4,Power Back - HB,94,88,96,87,81,79,83,40,42,87,95,58,67,87,51,20,41,56,91,88,15,17,57,49,21,59,83,56,35,36,33,33,23,25,39,59,48,40,42,69,61,89,76,90,41,22,37,47,35,43,24,92,86,26,1,5.25,5.25,5.25,Normal
Hillary,Binns,Baltimore,RE,Penn State,26,82,12/15/98,77,257,1,99,4,Power Rusher - DE,91,87,95,78,81,81,47,79,17,34,50,41,56,76,21,70,83,85,88,46,24,31,12,26,45,27,80,43,44,45,8,77,83,27,84,32,44,44,44,30,44,89,41,35,84,5,6,12,6,21,13,79,37,53,4,11.342391,2.835598,8.916701,Normal
Uche,Ridgle,Pittsburgh,MLB,LSU,26,82,8/13/99,72,237,1,6,5,Field General - MLB,89,85,86,92,76,85,71,77,12,49,74,50,71,82,37,63,93,80,95,76,16,21,19,27,64,48,83,47,46,44,6,89,55,57,93,40,43,44,45,51,55,87,59,51,82,7,6,6,8,31,15,92,66,68,3,41.0,13.666667,13.84,Normal
Perce,Olander,New York N,CB,Stanford,26,82,7/3/99,73,192,1,21,4,Zone - CB,92,91,88,90,65,80,69,52,10,49,61,61,79,88,26,45,60,45,92,72,32,33,44,14,77,32,82,36,37,37,5,80,39,86,72,40,33,36,37,38,71,90,65,32,66,4,6,8,7,31,14,87,40,84,4,8.0,2.0,4.0,Normal
Bourbon,Welborne,New York A,ROLB,Murray State,29,82,8/28/96,71,225,1,56,6,Pass Coverage - OLB,88,74,93,91,67,83,36,69,12,18,44,33,63,70,2,60,87,71,89,38,16,19,13,22,64,6,84,17,43,42,9,84,48,53,92,19,26,44,44,17,51,89,34,36,92,6,6,3,8,28,11,89,30,76,4,8.0,2.0,4.0,Normal
Stacey,Oordt,Green Bay,LE,Michigan,27,82,12/3/97,77,277,1,52,6,Run Stopper - DE,86,79,87,83,85,89,28,80,12,19,30,18,29,70,4,67,79,88,91,32,11,12,8,16,39,8,82,43,47,44,4,85,80,32,88,13,46,47,44,13,14,83,22,29,85,4,6,5,4,22,12,86,26,49,4,96.0,24.0,34.646928,Normal
Dwan,Figaro,New England,ROLB,W. Michigan,29,82,12/14/95,73,229,1,14,7,Pass Coverage - OLB,86,81,75,88,71,91,42,71,12,33,61,42,73,69,8,49,84,81,85,46,12,22,7,13,65,5,81,44,45,47,5,95,55,44,91,14,47,46,41,18,30,85,39,40,93,3,6,6,7,23,12,88,45,71,3,33.0,11.0,20.6,Normal
Shelton,Banks,Carolina,RG,UL Lafayette,29,82,8/25/96,78,335,1,50,5,Power - G,61,62,71,93,89,88,26,31,12,24,37,19,41,47,7,12,37,89,93,29,21,19,9,88,12,8,81,75,77,78,3,25,27,11,25,11,84,87,88,13,26,68,11,12,39,6,6,5,4,29,16,85,37,15,5,100.0,20.0,44.0,Normal
Rico,Thelwell,Houston,WR,Houston,25,82,10/29/99,70,165,1,3,2,Slot - WR,93,88,79,91,51,85,88,19,17,73,69,85,84,94,80,11,11,32,84,84,14,18,78,20,10,84,82,26,23,17,7,17,8,17,30,75,49,22,16,85,82,91,79,37,20,9,15,21,9,26,15,85,29,10,4,5.689104,1.422276,1.137528,Normal
Red,Toogood,Jacksonville,HB,Clemson,26,82,1/26/99,70,215,1,1,4,Elusive Back - HB,93,92,87,87,68,82,82,27,27,83,88,54,74,87,52,8,24,44,86,83,19,18,81,36,15,62,80,52,30,37,31,13,11,16,36,58,30,25,17,69,60,95,78,75,34,31,40,44,37,52,33,87,78,19,4,8.0,2.0,4.0,Normal
D'Brickashaw,Shekleton,Carolina,FS,TCU,26,82,6/16/99,74,202,1,7,4,Run Support - S,94,82,78,92,63,85,66,59,10,50,67,68,77,82,35,43,90,56,95,70,23,22,62,29,68,33,80,34,35,36,2,87,36,73,81,44,32,32,32,41,68,91,66,55,79,5,6,7,7,22,22,87,39,78,4,8.0,2.0,4.0,Normal
Marviel,Witucki,Miami,QB,Alabama,27,82,3/2/98,73,220,0,1,5,Field General - QB,84,82,69,83,61,78,82,24,80,73,65,19,31,76,10,12,23,28,83,71,13,22,10,18,11,16,84,12,13,15,91,18,11,13,33,14,26,12,22,16,21,82,58,55,24,93,87,93,82,83,90,95,51,17,4,212.4,53.1,93.171,Normal
Marion,Paris,New York N,LE,Penn State,21,81,10/3/03,76,250,1,51,0,Smaller Speed Rusher - DE,93,83,89,81,81,79,51,82,25,36,47,33,43,75,8,81,78,86,88,53,23,20,24,17,50,15,82,43,43,46,28,75,80,40,80,22,36,40,43,21,33,87,45,45,74,18,18,19,15,20,29,95,45,55,4,8.0,2.0,4.0,Normal
Clair,Cercone,Minnesota,LS,Rutgers,38,81,7/28/87,73,229,1,42,13,Power - LS,69,78,79,68,74,72,21,56,10,22,61,66,69,69,36,41,60,66,94,39,12,12,13,59,15,46,82,55,45,53,5,36,46,16,63,49,67,55,61,46,60,76,35,36,66,12,9,7,11,34,8,73,28,20,3,4.025,1.341667,1.515,Normal
Lynn,Hester,Atlanta,P,Clemson,31,81,6/1/94,77,229,1,13,10,Accurate - KP,67,60,67,84,50,72,19,19,16,9,40,15,36,49,15,8,16,24,93,9,92,89,11,18,15,15,79,26,13,13,25,20,9,10,34,13,30,19,13,19,13,72,10,10,26,35,42,51,25,55,28,56,15,15,3,8.65,2.883333,4.325,Normal
Alterraun,Birden,Washington,HB,Alabama,26,81,3/2/99,73,228,1,8,3,Power Back - HB,88,79,80,87,81,76,86,40,29,90,95,43,63,79,38,12,39,43,94,84,18,17,71,41,12,47,79,55,34,40,16,17,11,12,47,47,36,29,24,54,42,88,71,81,38,17,20,30,18,30,13,89,88,17,4,8.0,2.0,4.0,Normal
Kendyl,Tyner,Dallas,P,California,36,81,10/6/88,75,202,1,5,13,Power - KP,73,63,76,86,53,70,24,18,32,27,61,43,66,46,13,14,22,22,98,56,91,94,8,15,11,14,80,21,17,19,21,30,12,12,38,15,24,18,18,17,37,73,33,9,36,23,30,32,20,52,15,82,26,25,2,6.4,3.2,3.3,Normal
Matthias,Munchak,Houston,QB,Ohio State,23,81,10/3/01,75,218,1,7,2,Field General - QB,86,78,76,87,60,82,78,20,73,55,63,13,22,73,8,11,14,15,89,60,21,18,10,12,9,9,81,14,14,12,87,15,12,11,31,15,11,13,14,10,12,81,44,38,26,87,85,91,88,92,88,87,29,10,4,36.279243,9.069811,36.279243,Normal
Neil,Holloway,Tennessee,WR,Alabama,30,81,12/20/94,73,190,1,0,7,,93,95,87,83,62,77,89,26,29,71,75,82,85,87,80,11,19,43,82,91,14,18,71,20,17,84,83,33,24,13,13,17,9,24,32,81,49,34,31,79,90,94,76,60,30,21,23,28,23,34,23,78,31,25,4,92.0,23.0,46.98,Normal
Stefen,Shello,Cincinnati,CB,Nebraska,25,81,10/15/99,71,202,1,29,3,Zone - CB,95,87,83,93,62,83,59,57,48,53,63,50,79,84,23,46,72,55,92,72,13,17,54,20,75,29,80,35,32,33,34,82,39,72,74,29,32,33,31,31,75,93,67,30,66,43,44,45,42,50,32,83,35,82,4,5.952727,1.488182,1.509256,Normal
Theo,Curcio,Cincinnati,HB,Illinois,25,81,3/21/00,69,215,1,30,2,Elusive Back - HB,96,87,92,89,70,81,84,31,27,81,87,48,70,90,51,10,28,40,86,84,11,13,69,38,10,55,80,54,33,42,24,16,10,16,37,44,51,33,35,63,49,93,76,67,25,26,35,38,39,46,35,83,77,17,4,4.126156,1.031539,0.286156,Normal
Duffy,Kennard,Houston,WR,Texas AM,28,81,11/18/96,71,200,1,13,7,Slot - WR,90,85,86,92,66,77,85,21,23,75,69,83,91,85,81,8,25,42,87,92,11,19,83,19,15,83,82,34,25,28,19,21,12,17,36,76,44,31,35,83,85,91,80,71,32,35,30,39,32,43,22,90,43,19,4,72.0,18.0,37.0,Normal
Na'Shan,Engstrom,Chicago,HB,Georgia,26,81,1/14/99,69,215,1,4,5,Elusive Back - HB,92,87,92,87,67,82,86,27,23,80,84,61,72,86,59,16,30,41,85,90,14,20,64,32,16,68,83,51,36,32,18,18,22,15,35,59,33,20,25,75,57,90,82,77,32,14,25,29,28,37,19,85,74,13,3,24.0,8.0,14.0,Normal
Julie,Digris,Atlanta,WR,Tulane,27,81,10/29/97,70,173,1,1,5,Deep Threat - WR,89,84,87,88,59,85,84,27,23,75,77,83,87,84,80,9,29,48,84,84,17,16,62,30,20,79,80,30,11,14,13,30,12,20,33,86,59,27,34,85,87,91,80,40,28,10,10,11,11,22,18,79,32,28,3,39.0,13.0,26.0,Normal
Jasen,Podlesh,Buffalo,DT,Houston,27,81,12/12/97,73,287,1,91,6,Power Rusher - DT,85,84,85,86,86,83,34,79,12,21,32,24,28,67,5,73,82,91,91,38,9,14,6,32,19,8,79,45,45,47,3,83,83,12,81,18,44,43,49,11,21,83,28,33,82,3,6,6,7,27,13,87,29,32,4,68.0,17.0,24.528,Normal
Wendell,Condo,Cleveland,SS,LSU,26,81,9/20/98,75,208,1,9,5,Zone - S,89,88,91,92,59,84,61,55,15,36,67,60,74,81,12,50,86,55,84,66,10,13,56,21,71,16,81,33,37,37,5,85,44,71,78,22,37,37,34,18,69,90,54,45,68,7,6,8,7,24,17,94,39,82,3,36.0,12.0,14.909558,Normal
Mister,Listopad,Cleveland,CB,Northwestern,25,81,5/18/00,72,192,1,0,4,Manto Man - CB,96,93,86,94,63,82,63,48,15,50,57,55,71,89,23,41,65,48,87,71,9,17,40,16,81,36,79,38,35,34,6,83,29,85,73,37,33,32,35,41,57,94,64,44,43,7,6,6,5,23,14,80,32,77,4,8.0,2.0,4.0,Normal
Osi,Sites,Dallas,TE,Wisconsin,26,81,1/18/99,77,255,1,87,3,Vertical Threat - TE,90,80,90,88,73,82,85,36,21,73,72,80,94,70,62,22,37,66,94,75,15,18,14,64,14,70,80,63,63,55,20,36,33,9,36,71,66,66,57,74,82,80,63,70,37,11,20,25,15,33,9,83,73,21,4,50.0,12.5,21.406,Normal
Devery,Winn,Arizona,FS,Wash. St.,27,81,7/18/98,71,190,1,34,6,Zone - S,91,81,82,97,58,84,49,56,10,46,59,50,79,85,11,52,68,60,90,71,20,20,62,16,65,8,81,37,33,36,4,81,51,66,85,14,37,34,33,22,67,91,65,44,84,4,6,7,7,20,17,84,38,75,3,36.0,12.0,20.17,Normal
Tinker,Hoel,Minnesota,DT,S.C. State,32,81,2/7/93,74,305,1,98,9,Speed Rusher - DT,78,64,87,83,87,86,18,81,12,11,33,14,28,53,1,84,78,83,91,13,19,21,9,32,18,5,79,43,43,45,9,81,73,11,78,13,46,43,49,17,18,76,16,25,88,2,6,6,7,23,10,87,33,26,2,30.0,15.0,19.0,Normal
Siupeli,Barney,Green Bay,WR,Michigan St.,25,81,4/28/00,71,187,1,11,2,,94,86,83,85,55,82,87,26,28,78,72,84,78,87,79,26,20,43,90,83,18,19,82,20,29,79,83,25,20,12,23,28,13,26,48,72,47,27,23,82,84,92,75,47,30,28,35,37,40,52,34,84,35,35,4,7.180778,1.795195,4.048783,Normal
Connie,Bratzke,Pittsburgh,TE,FIU,30,81,8/22/95,75,248,1,81,8,Vertical Threat - TE,85,78,85,85,76,88,79,30,13,73,68,83,90,80,68,23,38,70,93,77,26,26,16,53,15,67,82,60,62,59,6,13,27,11,44,72,53,60,54,74,83,90,76,80,27,5,6,2,8,34,12,82,69,20,1,12.01,12.01,7.745,Normal
Terdell,Nord,Los Angeles A,LS,Auburn,36,81,4/27/89,73,224,1,47,13,Accurate - LS,76,75,76,75,72,70,55,45,15,26,72,62,55,73,34,9,57,73,97,42,15,22,10,58,22,40,82,60,40,50,9,42,11,19,34,24,56,50,51,48,57,78,47,54,59,10,10,7,8,28,9,87,56,21,4,5.6,1.4,1.92,Normal
Dejon,Waddy,Atlanta,RT,Washington,30,81,2/22/95,78,306,1,76,6,Power - OT,71,62,84,86,84,95,33,35,12,38,43,47,52,51,22,33,37,85,90,33,15,20,11,91,15,29,82,74,72,79,7,55,47,10,24,47,90,94,86,40,41,74,32,38,37,7,6,6,5,31,9,96,34,20,2,30.0,15.0,0.0,Normal
Leonard,Mitchell,Houston,CB,Georgia,22,81,1/23/03,72,180,1,4,1,Zone - CB,88,93,88,92,51,85,69,42,21,63,56,57,65,87,54,28,76,41,91,79,10,18,62,14,81,49,81,29,25,22,16,87,24,71,75,42,33,27,28,48,61,89,70,33,66,4,11,14,15,36,9,78,28,84,4,9.0148,2.2537,7.090508,Normal
Gartrell,Barrie,Chicago,FS,Mid Tenn St.,32,81,8/17/93,71,212,0,31,9,Zone - S,83,88,90,96,74,84,64,63,10,59,79,47,82,83,10,54,81,61,98,68,16,19,55,18,66,9,79,15,33,32,14,80,46,65,83,24,12,33,35,34,71,89,62,47,77,40,26,34,16,44,28,89,55,77,4,8.0,2.0,4.0,Normal
Brandon,Zuzzio,Los Angeles A,RG,Louisville,26,81,4/18/99,79,363,1,73,5,Power - G,71,53,82,72,97,84,19,30,12,25,43,12,32,57,8,11,18,94,73,11,18,16,11,79,12,5,80,73,64,76,6,15,8,10,12,13,82,88,83,12,13,70,10,24,43,6,6,5,5,24,16,84,39,15,4,8.0,2.0,4.0,Normal
Keylon,Covert,Chicago,LE,Mississippi St.,28,81,9/4/96,78,262,1,98,6,Smaller Speed Rusher - DE,90,82,86,81,80,75,48,84,12,31,56,45,57,71,33,80,81,84,87,50,16,14,10,16,33,36,81,45,45,45,6,77,74,19,85,39,45,45,45,40,43,88,41,39,88,6,6,6,6,22,10,88,51,44,4,98.0,24.5,41.964888,Normal
Harlan,Galigher,New England,RT,Virginia,34,81,3/3/91,78,320,0,76,11,Power - OT,45,50,70,83,86,91,7,18,12,5,46,15,35,42,3,11,18,89,96,10,22,29,6,80,12,5,79,79,72,85,8,19,11,10,27,16,81,74,89,14,15,66,14,27,29,9,6,6,5,27,14,92,18,15,3,24.0,8.0,11.0,Normal
Kenton,Hay,Green Bay,CB,Illinois,26,81,6/24/99,73,195,1,21,4,Zone - CB,89,90,92,88,69,85,73,60,13,49,58,54,63,84,34,35,68,59,91,75,13,15,70,24,74,42,79,35,38,37,5,82,30,85,78,40,32,34,38,43,67,90,71,40,58,5,6,6,4,28,15,81,33,83,4,48.0,12.0,16.0,Normal
Chase,Eshmont,Philadelphia,LE,Georgia,24,81,1/18/01,74,238,1,3,2,Smaller Speed Rusher - DE,89,90,90,78,68,76,46,70,21,36,49,43,52,81,11,78,83,76,92,56,22,22,26,23,43,16,79,36,38,34,8,72,72,40,82,17,38,40,39,24,39,91,56,36,83,10,15,24,13,26,17,83,43,51,4,8.0,2.0,4.0,Normal
Chidi,Pace,Baltimore,WR,Minnesota,25,81,11/29/99,73,197,1,7,4,Deep Threat - WR,94,86,92,87,60,82,83,29,22,78,74,83,90,89,81,11,26,48,84,79,17,19,50,23,12,79,82,39,27,20,13,15,8,18,38,82,44,36,29,83,86,91,72,60,26,7,10,19,12,32,20,88,49,16,3,36.75,12.25,16.5,Normal
Armin,Schumacher,Buffalo,MLB,Washington,31,81,4/21/94,72,230,1,45,10,Field General - MLB,87,78,82,89,71,89,75,76,17,58,75,67,79,75,15,64,84,88,89,83,22,19,11,26,62,24,82,42,48,43,6,87,54,62,86,37,46,43,45,36,45,83,79,67,86,4,6,8,5,24,17,88,74,69,1,1.255,1.255,0.0,Normal
Dieter,Bredde,Chicago,ROLB,Wisconsin,29,81,8/12/96,73,242,1,53,6,Pass Coverage - OLB,83,83,81,94,73,84,37,72,31,30,63,52,73,76,3,55,82,85,92,31,18,22,9,16,69,4,81,44,44,47,30,83,64,46,93,13,47,43,44,13,49,87,32,51,90,31,36,41,42,43,32,83,45,73,2,20.0,10.0,16.65,Normal
Heine,Mccallum,Atlanta,HB,BYU,25,81,4/15/00,71,220,1,25,3,Power Back - HB,92,82,80,85,84,82,81,31,25,92,97,45,67,80,39,15,42,43,90,79,10,18,69,48,17,51,79,65,31,37,19,23,22,16,43,41,42,38,26,55,43,85,75,80,40,12,15,21,17,26,16,86,89,25,4,3.993896,0.998474,0.333896,Normal
Hardy,Branton,Washington,C,Wisconsin,27,81,11/20/97,75,316,1,63,5,Agile - C,65,62,70,97,86,89,15,34,12,11,26,13,24,54,3,21,45,84,87,16,45,49,10,86,12,8,81,79,82,79,5,28,26,9,36,16,83,89,78,17,16,73,9,20,36,5,6,8,5,20,13,95,29,14,3,29.25,9.75,17.7,Normal
Verron,Colo,Carolina,WR,Minnesota State,35,80,8/22/90,74,195,1,19,12,Slot - WR,92,88,90,87,66,82,88,31,22,78,77,88,94,84,76,8,16,47,83,83,37,34,70,28,10,76,82,36,20,26,29,25,8,14,29,77,49,30,32,77,95,87,79,71,32,36,37,45,31,50,28,85,56,16,1,8.5,8.5,3.5,Normal
Ovie,Corley,Baltimore,FS,TCU,25,80,11/2/99,68,176,1,29,4,Zone - S,89,83,90,88,55,83,66,50,15,51,57,63,69,83,14,31,72,51,83,71,12,9,39,9,79,27,80,37,37,36,13,85,27,61,80,11,36,36,37,31,69,83,67,31,69,16,20,26,20,29,11,86,31,82,1,3.263,3.263,0.0,Normal
Gerard,Carrell,Houston,MLB,FAU,28,80,8/4/97,74,228,1,0,6,Run Stopper - MLB,89,77,78,87,76,85,34,71,13,18,42,48,60,73,12,55,84,80,82,32,18,15,8,14,65,14,82,45,49,46,10,80,57,47,84,20,44,48,45,17,42,88,33,36,90,3,6,2,5,27,12,85,36,65,3,34.0,11.333333,21.5,Normal
Sherrick,Gehring,New Orleans,LE,Wyoming,28,80,12/18/96,77,261,1,96,6,Run Stopper - DE,86,73,82,79,82,81,41,85,12,24,27,29,39,68,9,81,76,79,90,28,13,17,30,17,33,13,81,44,44,44,5,84,73,25,85,14,44,44,47,19,28,81,21,33,87,7,6,8,6,26,10,84,30,44,4,52.0,13.0,22.55,Normal
Thurston,Perpich,New England,DT,Alabama,26,80,7/28/99,77,305,1,90,4,Speed Rusher - DT,78,64,80,78,89,85,27,81,12,22,42,23,37,59,6,82,80,90,92,24,14,11,10,29,17,14,82,46,45,47,4,83,78,13,86,15,41,45,45,16,23,73,26,30,82,10,6,7,7,20,15,88,35,25,4,83.0,20.75,31.822124,Normal
Rebel,Ellzey,Houston,TE,Stanford,29,80,7/11/96,77,244,1,86,7,Possession - TE,84,78,79,90,76,76,76,31,12,62,75,84,91,74,68,11,28,74,90,68,15,16,38,59,12,71,79,57,60,55,5,15,12,13,38,74,68,61,64,79,87,80,59,69,30,7,10,12,12,24,12,85,64,15,3,36.0,12.0,23.5,Normal
Samie,Giordano,Los Angeles N,CB,UAB,32,80,3/15/93,69,187,1,31,7,Manto Man - CB,96,82,90,89,56,83,70,51,10,57,60,56,79,83,13,34,58,47,91,63,12,14,46,15,82,14,82,39,35,34,4,88,34,72,71,28,35,36,33,23,70,88,57,32,50,10,6,6,5,31,16,79,18,79,3,22.5,7.5,7.0,Normal
Shann,Knapper,Chicago,RT,Tennessee,24,80,8/10/01,78,335,1,58,2,Power - OT,77,58,74,84,93,80,34,53,12,30,32,23,41,50,8,43,57,92,94,21,13,17,11,88,10,14,78,79,77,83,7,43,58,13,51,17,84,89,79,23,37,73,15,30,45,5,5,6,3,11,11,92,28,15,4,20.968267,5.242067,20.968267,Normal
Sean,Yablonski,New Orleans,DT,LSU,30,80,11/11/94,75,330,1,92,8,,65,58,74,84,91,76,39,82,12,10,29,24,33,48,4,73,75,85,89,35,10,11,8,34,22,5,80,47,47,46,7,82,60,9,78,11,47,44,44,13,19,70,18,42,93,5,6,7,4,14,12,87,42,31,2,11.0,5.5,7.45,Normal
Antwuan,Karamatic,Seattle,MLB,South Carolina,25,80,11/22/99,74,230,1,13,4,Run Stopper - MLB,89,70,92,90,72,77,48,78,12,36,61,47,68,72,26,43,88,90,88,62,15,15,9,35,59,33,80,44,45,47,4,82,66,46,90,36,47,51,45,37,51,84,41,45,93,7,6,4,5,21,17,88,44,62,4,8.0,2.0,4.0,Normal
Andre',Gentry,Washington,ROLB,Wash. St.,28,80,9/19/96,75,235,1,4,7,Run Stopper - OLB,86,84,73,94,83,86,42,74,12,22,48,22,56,69,8,80,88,84,86,52,8,18,12,16,55,4,81,41,46,43,9,88,70,53,85,22,44,46,49,17,52,83,36,33,80,3,6,7,8,32,17,86,54,64,3,31.0,10.333333,14.625,Normal
Tra,Warne,Arizona,CB,Syracuse,24,80,6/1/01,70,192,1,21,2,Zone - CB,89,88,89,85,64,82,66,55,53,66,57,59,74,92,12,36,72,46,84,72,15,17,66,16,76,16,78,26,33,33,44,82,27,79,76,20,26,36,32,26,67,88,66,37,63,43,48,53,51,52,35,84,34,83,4,5.63493,1.408733,1.098132,Normal
Emarlos,Kacmarek,Las Vegas,QB,West Virginia,34,80,10/10/90,75,221,1,7,12,Field General - QB,84,82,80,92,56,82,77,23,74,62,58,46,56,72,8,9,13,33,85,62,17,19,14,23,18,18,80,26,18,21,87,19,12,14,31,32,18,14,14,29,47,88,68,55,39,84,85,89,88,86,87,89,33,25,2,75.0,37.5,58.5,Normal
Olrick,Partlow,New England,LE,Boston College,29,80,6/5/96,74,252,1,2,7,Smaller Speed Rusher - DE,86,84,90,89,78,82,49,83,12,35,47,44,59,69,13,76,83,80,89,52,14,22,16,21,46,14,79,41,46,43,8,77,64,35,85,14,45,45,45,22,51,86,45,38,87,7,6,10,7,23,16,87,36,56,4,8.0,2.0,4.0,Normal
Canute,Rabach,Arizona,C,Arkansas,29,80,8/20/96,77,310,1,72,6,Power - C,68,68,69,83,90,88,18,40,12,11,34,25,41,51,13,20,31,84,90,20,20,33,7,86,11,15,82,72,72,76,9,46,26,10,39,20,82,78,84,18,28,72,14,21,45,7,6,4,8,7,8,84,29,12,2,12.0,6.0,7.25,Normal
Will,Still,Carolina,LT,N.C. State,24,80,10/31/00,76,320,0,79,3,Power - OT,79,56,70,86,92,78,17,46,14,18,38,14,34,57,6,34,54,95,94,12,25,29,9,85,12,7,80,77,67,83,7,34,41,9,44,14,88,89,82,8,16,73,12,28,44,5,6,4,5,24,10,98,30,14,4,27.568052,6.892013,27.568052,Normal
Chastin,Waldron,Pittsburgh,LG,Oregon State,31,80,10/29/93,76,303,1,73,9,Power - G,75,68,64,89,84,86,10,34,12,7,31,10,17,53,2,32,49,86,84,10,18,22,9,83,15,6,81,79,72,83,6,27,38,7,33,10,79,83,83,13,15,68,8,6,36,2,6,6,5,23,8,79,19,20,3,24.0,8.0,6.95,Normal
Gail,Gabbard,Baltimore,TE,Coastal Carolina,25,80,4/18/00,76,241,1,80,3,Vertical Threat - TE,85,82,87,86,68,84,83,32,28,70,75,79,87,75,67,31,30,52,91,76,13,17,37,56,25,70,80,54,50,50,13,38,19,35,34,73,66,61,58,73,82,84,69,72,34,12,15,23,26,23,14,90,68,30,4,4.16434,1.041085,0.50434,Normal
Spider,Eissler,Los Angeles A,P,Alabama,28,80,10/30/96,77,208,1,16,7,Power - KP,79,68,72,91,47,69,13,21,20,12,34,15,23,58,15,12,15,16,91,14,77,95,9,16,12,12,81,21,22,19,21,15,11,12,29,17,16,17,17,18,19,76,11,9,31,20,27,32,26,39,22,69,15,15,4,8.0,2.0,4.0,Normal
Zachary,Weatherspoon,San Francisco,WR,Tennessee,28,80,7/10/97,75,212,1,15,5,Physical - WR,89,80,96,83,79,86,88,32,51,83,75,86,87,77,76,8,32,61,86,77,16,17,34,47,11,78,80,32,21,26,41,15,11,22,32,83,66,39,41,84,90,89,71,75,29,44,51,58,53,70,47,77,65,17,2,11.89,5.945,8.435,Normal
Lito,Myhra,Pittsburgh,HB,Oklahoma St.,26,80,11/1/98,68,215,1,30,3,Elusive Back - HB,95,79,73,81,75,83,88,25,24,85,92,63,69,85,55,14,21,54,90,88,19,23,68,46,14,60,80,54,27,26,16,19,12,18,33,61,52,38,36,59,58,88,80,76,32,20,21,25,18,25,15,88,75,19,1,5.346,5.346,0.0,Normal
Isiah,Upshaw,Pittsburgh,CB,Penn State,25,80,7/26/00,74,193,1,24,2,Manto Man - CB,91,88,90,89,67,76,69,58,10,63,60,54,59,83,13,31,77,55,92,70,13,15,54,11,82,22,78,36,37,36,5,78,41,87,77,23,33,36,36,32,65,92,63,54,58,10,11,19,7,26,9,92,49,76,4,8.0,2.0,4.0,Normal
Stoney,Susoeff,Denver,DT,Stephen F. Austin,28,80,9/26/96,76,288,1,98,7,,82,70,80,79,90,83,32,78,12,27,26,18,35,65,3,80,83,87,88,35,8,13,7,17,25,10,82,48,46,44,8,81,77,25,80,16,45,42,47,12,13,76,18,32,87,6,9,12,10,19,19,86,30,33,2,15.0,7.5,8.0,Normal
Malcom,Gafford,Denver,LE,Ohio State,27,80,1/8/98,76,257,1,0,4,Power Rusher - DE,88,78,78,85,80,86,21,85,17,27,33,21,46,67,6,75,78,85,89,29,19,17,8,23,38,12,79,47,43,45,8,84,82,47,84,12,43,44,47,14,21,85,25,34,81,4,6,5,6,19,14,77,29,49,4,60.0,15.0,17.606,Normal
Harold,Widby,Miami,MLB,Texas Tech,27,80,10/21/97,72,240,1,20,5,Run Stopper - MLB,86,85,82,92,74,85,35,74,12,10,56,38,56,76,5,59,87,83,90,30,20,20,10,17,55,5,80,45,45,45,6,83,52,46,90,12,45,45,45,15,45,87,25,52,87,6,6,6,6,25,10,89,30,60,3,26.25,8.75,9.5,Normal
Oscar,Fernandes,Indianapolis,WR,North Carolina,24,80,8/12/01,70,175,1,1,2,Slot - WR,95,90,92,85,53,82,83,23,34,73,72,82,88,88,80,10,19,34,91,75,26,26,72,20,10,80,78,24,17,17,36,14,10,11,26,69,46,26,17,82,81,90,67,37,23,38,40,44,43,55,33,86,35,10,4,5.520459,1.380115,1.01488,Normal
Cam,Moyer,New Orleans,SS,Utah,27,80,8/24/98,72,187,1,28,5,Zone - S,89,88,87,89,57,84,66,52,11,51,52,60,75,85,26,37,75,52,82,74,15,22,30,11,70,31,80,25,35,35,6,83,29,67,78,30,25,35,35,44,68,88,62,40,77,6,6,6,6,21,18,82,40,76,1,3.17,3.17,3.17,Normal
Gibby,Lesueur,Houston,K,UCLA,31,80,1/29/94,72,183,1,15,9,Power - KP,82,66,70,89,39,69,14,12,15,14,41,20,37,56,14,9,16,16,81,7,91,97,13,16,14,11,79,12,15,16,23,22,12,12,19,17,23,18,21,19,25,77,6,10,34,27,30,34,18,39,16,63,10,20,3,15.9,5.3,11.06,Normal
Donnell,Sabb,Kansas City,HB,Toledo,30,80,8/6/95,71,210,1,29,8,Power Back - HB,91,90,91,87,83,83,85,30,21,84,91,59,73,84,57,8,23,48,84,83,18,26,57,56,13,59,80,57,25,29,24,17,9,18,32,50,55,32,38,66,58,85,78,85,30,16,20,23,32,29,17,87,85,28,1,1.5,1.5,0.85,Normal
Porky,Clow,New England,SS,Lenoir-Rhyne University,29,80,3/22/96,74,220,1,23,5,Run Support - S,92,88,92,89,79,81,75,68,11,63,73,56,71,84,26,51,89,83,88,79,16,19,82,13,71,32,78,36,38,34,10,76,47,72,81,28,36,35,38,37,68,88,67,46,73,6,6,10,12,25,13,85,48,74,4,58.0,14.5,29.75,Normal
Sky,Sinceno,Baltimore,LE,BYU,34,80,3/26/91,75,250,1,53,11,Run Stopper - DE,82,79,78,91,78,91,53,77,12,25,63,65,71,69,7,70,71,89,85,49,24,28,12,19,61,5,81,44,47,45,7,90,79,62,89,25,43,46,44,14,34,83,41,46,88,5,6,7,6,22,18,65,46,68,2,9.0,4.5,5.25,Normal
Alabama,Dils,Kansas City,WR,Oklahoma,28,80,6/4/97,69,180,1,5,6,,95,94,84,87,46,75,84,18,17,74,73,81,87,91,81,10,12,33,88,84,15,21,79,21,17,78,81,22,11,10,4,17,10,13,24,76,42,12,15,76,86,94,78,54,17,17,20,28,15,40,14,86,27,27,1,7.0,7.0,6.5,Normal
Irvin,Svare,Cleveland,DT,Michigan,21,80,9/2/03,76,306,1,94,0,,86,75,71,80,89,80,24,89,18,27,39,20,29,65,22,67,76,89,95,21,18,30,31,30,17,21,79,46,42,44,19,74,77,14,78,29,47,46,45,17,23,77,20,38,79,8,8,7,10,24,13,95,31,24,4,40.874192,10.218548,40.874192,Normal
Jermaine,Kowgios,Cincinnati,LT,Oklahoma,29,80,5/2/96,80,345,1,75,7,Power - OT,60,57,53,92,95,85,15,29,12,12,31,12,21,45,13,9,38,92,95,14,13,16,13,73,12,15,82,80,72,82,6,13,8,11,16,11,79,75,79,12,9,58,11,27,36,5,6,3,5,23,13,86,40,15,4,8.0,2.0,4.0,Normal
Vilnis,Hickey,Los Angeles N,DT,Texas,29,80,11/19/95,71,310,1,95,7,,70,64,71,84,85,89,13,84,12,11,33,15,38,54,5,79,78,82,93,8,10,16,8,35,25,9,80,47,44,44,5,94,65,14,77,17,47,46,46,17,14,73,12,36,82,4,6,4,4,27,16,92,22,30,3,27.6,9.2,15.6,Normal
Orlando,Dye,Green Bay,LT,Penn State,25,80,2/13/00,78,324,1,63,3,Pass Protector - OT,73,65,72,85,86,84,28,45,12,16,35,15,30,58,9,41,44,85,88,27,17,18,9,75,10,8,82,84,82,86,2,36,51,8,34,11,72,76,66,11,18,65,21,34,40,7,6,7,5,19,12,79,32,12,4,3.740872,0.935218,0.080872,Normal
Lonyae,Considine,Philadelphia,FS,Mid Tenn St.,26,80,3/2/99,73,203,1,32,3,Zone - S,93,84,81,92,58,82,69,54,17,55,65,59,79,80,6,43,74,63,84,72,20,29,67,13,65,13,78,33,33,35,5,79,34,62,84,17,32,39,32,16,66,85,65,47,67,11,15,17,13,22,12,80,46,80,1,3.575,3.575,3.935,Normal
Langston,Doxzon,New England,HB,Oklahoma,27,80,2/23/98,72,230,1,38,4,Power Back - HB,84,81,76,86,79,82,82,34,21,90,89,47,68,81,42,9,34,52,89,89,22,21,46,55,10,56,82,64,32,35,16,19,12,18,39,47,58,35,43,66,51,86,80,88,42,14,20,28,20,33,14,84,87,16,4,36.0,9.0,17.116,Normal
Vaughn,Slaby,Carolina,HB,South Carolina,27,80,6/14/98,72,215,1,5,5,Elusive Back - HB,92,81,84,84,73,83,86,28,28,85,94,44,65,86,47,19,22,53,81,84,23,24,79,35,15,52,78,55,39,37,14,21,21,20,40,54,49,38,38,62,56,87,79,77,37,28,30,39,28,36,23,83,80,20,1,2.75,2.75,2.75,Normal
Tab,Cain,Los Angeles A,CB,Maryland,23,80,6/9/02,73,196,1,29,1,Zone - CB,95,85,93,81,55,81,61,42,10,69,63,64,75,90,8,33,57,58,93,73,17,18,80,13,74,18,82,13,8,11,3,79,27,77,70,29,16,10,12,26,66,88,70,30,60,4,10,10,9,26,12,78,29,84,4,4.39572,1.09893,0.37572,Normal
Gannon,Buchanan,Cleveland,RG,Oklahoma St.,27,80,3/3/98,78,321,1,74,4,Power - G,72,62,81,86,89,77,18,20,12,7,21,11,18,51,6,10,40,87,83,9,13,12,13,87,10,4,79,85,77,86,8,20,20,9,25,15,80,83,81,11,15,74,11,23,29,4,6,5,6,20,15,92,34,10,1,3.05,3.05,2.67,Normal
Jocelyn,Trent,Chicago,MLB,Virginia Tech,27,80,5/2/98,77,250,1,49,7,Field General - MLB,87,89,86,89,75,86,37,71,12,25,50,36,78,82,1,71,87,82,92,48,10,20,11,20,65,4,81,45,43,46,10,81,63,35,87,16,49,45,44,17,49,84,43,43,87,7,6,7,5,22,9,89,28,72,4,72.0,18.0,36.8,Normal
Daven,Humm,Minnesota,RG,Penn State,27,80,4/4/98,78,309,1,76,4,Power - G,66,58,75,86,85,83,12,27,12,4,28,10,21,66,6,21,41,86,92,8,23,20,9,83,12,6,82,80,74,82,5,27,36,8,44,12,86,88,81,8,13,59,12,12,36,4,6,7,6,27,5,86,17,11,5,87.72,17.544,34.0,Normal
Lydon,Diles,Kansas City,WR,Texas,22,80,4/27/03,71,165,1,1,1,,98,86,86,89,43,83,90,14,45,69,74,75,86,91,85,11,13,31,91,82,24,23,83,15,13,77,79,24,15,14,29,15,12,7,25,66,35,22,19,75,77,97,77,60,18,50,52,48,63,61,44,80,28,18,4,13.790264,3.447566,13.790264,Normal
Stillwell,Deberg,Tennessee,FS,LA. Tech,30,80,7/26/95,71,200,1,25,8,Run Support - S,91,86,81,93,72,80,70,62,12,55,70,72,79,82,8,43,86,66,96,79,18,18,71,23,68,15,79,37,33,35,8,80,55,67,86,20,33,36,33,22,67,88,69,49,80,4,6,4,6,19,19,86,41,74,2,8.0,4.0,3.49,Normal
Kion,Spann,Tampa Bay,RE,Louisville,26,80,5/30/99,75,270,1,0,2,Power Rusher - DE,94,77,85,81,70,84,36,82,18,21,51,42,42,72,17,71,79,75,87,41,26,28,26,30,34,17,82,31,38,36,5,85,84,44,85,23,40,36,43,26,43,91,37,46,88,3,6,9,8,19,15,77,31,41,4,5.465412,1.366353,0.974844,Normal
Austen,Dragon,Indianapolis,MLB,Syracuse,29,80,7/2/96,72,235,1,44,7,Run Stopper - MLB,92,78,90,96,80,81,41,68,12,22,55,48,60,73,5,65,80,82,94,50,23,23,10,19,54,6,78,48,45,47,5,81,57,40,90,18,46,45,45,13,44,85,38,35,85,6,6,4,4,23,11,91,33,63,3,31.26,10.42,17.62,Normal
Reed,Cheverko,Tampa Bay,CB,Sam Houston,26,80,5/3/99,74,199,1,27,3,Manto Man - CB,96,97,92,91,60,79,63,47,22,52,66,54,70,93,20,38,63,44,90,71,18,17,49,19,80,27,82,32,32,27,15,75,31,71,65,27,37,32,32,27,61,92,62,38,53,11,10,15,20,23,12,76,39,76,4,3.981732,0.995433,0.321732,Normal
Demetrious,Langas,Indianapolis,WR,Cincinnati,25,79,5/2/00,75,211,0,14,3,Deep Threat - WR,94,79,92,83,67,81,75,29,20,70,75,84,87,83,82,10,24,45,87,73,16,19,65,26,23,81,79,35,28,24,15,26,10,20,35,77,44,32,25,78,85,93,68,50,29,10,10,15,15,26,19,84,40,27,4,6.601342,1.650336,2.986037,Normal
Aston,Falls,Detroit,ROLB,Florida,30,79,9/22/94,75,240,1,34,8,Pass Coverage - OLB,88,77,77,93,75,83,37,72,12,12,51,33,61,72,7,56,82,86,82,27,18,27,15,25,67,12,80,45,45,43,6,84,64,44,84,21,47,47,44,19,36,84,22,43,88,5,6,4,5,23,18,79,38,74,3,18.3,6.1,9.0,Normal
Pierce,Banyard,Denver,QB,Oregon,25,79,2/25/00,74,214,1,10,1,Field General - QB,92,78,75,92,58,78,78,13,74,57,69,59,66,75,12,10,12,14,97,62,44,52,9,9,12,21,80,15,14,13,81,11,10,11,26,21,18,12,12,40,63,88,44,36,19,85,84,87,83,92,82,96,34,13,4,18.613166,4.653292,18.613166,Normal
Dajuan,Calicchio,Miami,RE,N.C. State,29,79,6/24/96,76,275,1,2,7,Run Stopper - DE,85,75,85,82,88,77,42,80,12,38,51,36,56,71,4,76,85,91,87,38,18,18,9,16,48,9,80,44,48,47,7,82,74,28,82,11,43,44,42,19,53,85,35,42,81,5,6,5,8,20,14,96,36,53,3,54.49,18.163333,8.7,Normal
Kliff,Tenner,New Orleans,WR,Oregon State,31,79,9/25/93,70,189,1,10,11,Deep Threat - WR,93,90,87,87,53,80,88,30,22,75,75,84,87,91,82,9,13,42,92,79,21,23,80,22,18,80,79,33,20,19,7,26,11,12,33,77,48,29,38,78,87,95,71,43,24,8,10,13,12,33,21,76,43,25,2,13.0,6.5,7.75,Normal
Jermey,Mcgeary,New England,P,Michigan St.,26,79,4/26/99,75,215,1,17,2,Power - KP,72,64,62,87,50,66,20,23,23,11,40,15,25,62,13,11,32,19,88,19,88,92,13,17,10,13,78,16,14,14,28,19,11,10,29,14,11,12,15,15,22,75,22,12,35,26,31,29,21,37,16,84,15,10,4,4.018456,1.004614,0.178456,Normal
Hubie,Bua,Los Angeles A,K,Texas,25,79,5/6/00,73,216,1,11,3,Accurate - KP,80,63,60,88,48,66,20,11,15,7,29,13,28,54,7,8,19,13,95,8,86,91,9,12,10,11,78,21,15,13,19,13,11,10,36,8,20,13,15,6,18,78,10,7,31,19,23,27,16,44,11,69,15,10,4,22.004,5.501,8.735,Normal
Deangelo,Pastrana,New Orleans,RE,California,36,79,7/10/89,76,287,1,94,14,Run Stopper - DE,76,78,78,87,88,84,28,79,12,12,41,15,43,64,5,66,84,93,96,29,30,31,8,20,31,9,79,43,46,46,5,83,73,20,89,18,47,43,47,14,16,76,26,23,84,5,6,8,7,28,15,93,8,41,1,6.05,6.05,6.05,Normal
Lynwood,Abbruzzi,New Orleans,RG,Michigan,26,79,6/14/99,76,316,1,51,5,Power - G,75,55,81,86,84,86,15,17,12,8,25,15,22,57,4,11,26,83,93,14,12,15,9,82,12,1,80,81,77,86,5,8,8,11,26,14,82,74,82,14,17,78,10,10,24,10,6,5,5,24,9,89,22,12,4,44.0,11.0,18.188983,Normal
Joique,Dinkins,Tampa Bay,K,Illinois,29,79,4/9/96,73,190,1,4,6,Power - KP,77,66,50,80,38,65,19,19,15,12,44,10,37,46,14,8,14,17,81,15,88,91,10,18,15,6,80,10,15,14,20,16,11,10,19,11,18,16,16,13,12,72,12,19,21,16,25,30,21,41,25,73,13,20,3,12.3,4.1,5.0,Normal
Tyrod,Loneker,New Orleans,RE,Ohio State,26,79,1/1/99,77,264,1,99,5,Smaller Speed Rusher - DE,89,83,85,80,85,75,38,81,27,25,45,25,35,69,6,84,81,87,82,39,20,16,9,16,34,8,79,43,44,44,14,74,75,26,81,16,44,46,43,15,22,85,35,41,84,22,25,30,32,34,21,88,35,47,3,51.0,17.0,27.17,Normal
Alain,Courville,Tennessee,MLB,Utah,28,79,11/13/96,74,237,1,50,6,Field General - MLB,84,86,79,93,77,85,40,69,12,39,49,50,74,76,18,53,80,77,94,54,19,13,11,23,59,24,81,44,43,44,7,81,60,47,89,30,45,42,47,28,51,84,44,53,90,6,6,5,5,20,13,86,39,67,3,21.0,7.0,9.0,Normal
Devone,Kapinos,Tampa Bay,RG,North Dakota St.,26,79,1/15/99,77,302,1,69,2,Power - G,79,74,70,87,89,82,45,46,53,40,53,49,52,61,32,33,49,85,91,39,16,17,8,82,10,36,79,82,75,84,33,46,50,9,52,47,78,79,83,41,49,68,36,49,47,42,43,44,41,45,40,93,40,11,4,7.485456,1.871364,4.613231,Normal
Ebert,Casares,Buffalo,DT,Penn State,33,79,12/17/91,76,320,1,92,11,Power Rusher - DT,63,64,67,79,87,89,8,83,12,9,40,15,23,48,3,68,80,89,92,8,19,9,8,15,24,7,77,44,44,45,8,93,83,21,80,15,43,47,43,16,13,70,12,21,80,5,6,8,6,15,14,84,16,36,2,16.0,8.0,10.5,Normal
Kaelin,Greenhalgh,Atlanta,DT,Manitoba,32,79,11/13/92,75,300,1,90,9,,80,70,78,77,91,77,15,84,12,8,32,15,39,53,0,62,81,80,89,16,13,28,9,26,22,1,81,45,44,45,4,77,75,12,79,12,44,47,43,12,23,73,9,27,89,7,6,5,6,12,17,85,28,33,3,35.0,11.666667,24.5,Normal
Molly,Look,Cincinnati,CB,Michigan,24,79,11/9/00,72,180,1,20,2,Manto Man - CB,97,92,91,90,43,74,65,40,15,60,53,48,69,93,11,35,44,33,88,77,15,18,65,15,76,16,79,35,35,35,15,73,25,70,65,27,35,35,35,22,65,96,65,25,54,10,15,22,11,27,10,83,28,77,4,8.0,2.0,4.0,Normal
Torell,Mendez,Chicago,C,Stanford,26,79,10/15/98,75,300,1,52,4,Agile - C,76,70,81,80,89,88,8,28,12,6,36,15,24,52,4,9,23,78,93,12,12,17,9,88,9,4,79,71,73,70,4,33,12,11,29,17,87,88,85,16,13,69,11,9,34,8,6,5,8,16,9,81,26,11,3,42.0,14.0,26.5,Normal
Keo,Henry,New York N,CB,Kentucky,23,79,11/30/01,71,180,1,22,1,Slot - CB,93,92,93,85,61,80,63,58,26,65,53,51,57,87,20,41,68,53,90,70,25,25,62,23,81,27,79,27,17,13,15,81,32,78,72,34,32,23,23,33,49,92,66,37,66,23,25,24,24,26,9,92,34,81,4,8.0,2.0,4.0,Normal
Xavier,Beauford,Green Bay,MLB,Texas AM,23,79,11/17/01,74,230,1,56,1,Pass Coverage - MLB,96,79,82,86,68,76,63,70,23,48,61,61,73,78,21,64,85,74,92,68,19,18,46,37,72,30,78,39,38,36,21,76,56,70,88,25,45,47,41,36,55,91,61,56,87,20,22,28,25,19,39,88,57,75,4,8.59892,2.14973,6.568275,Normal
Deck,Eliopulos,Los Angeles A,FS,Washington,26,79,1/30/99,70,192,1,2,4,Zone - S,93,86,89,87,58,80,78,45,10,55,61,54,63,84,26,31,72,43,90,82,12,15,61,15,76,30,78,37,36,40,4,83,29,67,83,36,41,37,37,45,59,90,71,49,69,8,6,7,6,24,15,87,47,80,3,18.5,6.166667,13.5,Normal
Skyler,Lyght,Las Vegas,ROLB,N.C. State,29,79,5/21/96,74,250,1,57,6,Pass Coverage - OLB,87,79,77,92,74,86,54,67,12,53,48,46,74,71,28,59,81,84,91,52,20,27,14,23,68,34,80,47,46,44,9,85,62,52,86,29,49,48,42,38,57,86,42,45,87,7,6,8,7,22,18,79,31,69,1,4.26,4.26,3.75,Normal
Artis,Pettis,Chicago,DT,Florida,23,79,10/5/01,78,312,1,99,2,,80,67,76,81,85,85,35,81,12,24,45,45,52,57,5,66,82,89,92,24,9,12,10,41,10,8,79,40,40,40,6,81,79,14,82,14,45,45,45,13,46,76,17,42,87,6,6,6,6,14,11,83,44,12,4,8.0,2.0,4.0,Normal
Rodrique,Koman,Cleveland,RT,Michigan St.,31,79,8/17/94,78,308,1,78,9,Power - OT,69,59,73,84,88,89,8,26,12,4,26,15,26,48,2,13,25,87,83,12,22,21,12,82,11,8,81,79,77,86,8,21,17,8,29,14,81,85,77,14,14,67,9,18,37,8,5,8,6,21,11,94,25,14,3,45.0,15.0,15.318333,Normal
Zane,Bullitt,Detroit,P,Rice,29,79,9/1/96,74,224,1,3,7,Power - KP,79,62,71,85,49,66,11,27,15,6,38,15,24,54,14,11,11,14,91,8,77,93,11,14,11,17,79,15,18,15,16,22,11,8,33,16,14,14,14,17,13,78,12,11,31,17,29,46,13,51,19,66,9,20,4,14.065,3.51625,5.561667,Normal
Chet,Littleton,Atlanta,LE,Georgia,24,79,2/24/01,73,243,1,11,0,Smaller Speed Rusher - DE,91,81,81,69,82,78,47,73,25,31,52,39,52,76,28,81,79,68,87,51,28,27,34,39,35,31,78,47,42,47,26,72,69,33,85,37,45,41,45,42,40,88,43,32,78,21,18,20,18,17,29,86,30,47,4,20.56237,5.140593,20.56237,Normal
Dameon,Gooch,Miami,LG,Iowa,27,79,9/13/97,76,327,1,78,7,Power - G,65,75,75,91,84,90,15,29,12,8,28,15,24,60,8,11,27,86,87,10,12,18,6,76,12,5,81,78,77,83,2,9,9,11,27,13,79,85,78,10,8,68,9,10,24,6,6,5,7,30,12,84,18,12,3,24.0,8.0,7.255,Normal
Kurt,Swink,Seattle,DT,Alabama,31,79,12/16/93,75,306,1,90,9,,66,60,77,85,88,88,19,81,12,8,31,14,29,55,1,76,76,87,90,17,16,16,10,33,18,6,79,43,43,45,5,85,66,14,80,17,44,44,47,14,14,72,16,27,86,5,6,5,8,24,13,86,30,26,3,22.0,7.333333,8.0,Normal
Sullivan,Colvin,Seattle,K,Marist,34,79,5/12/91,70,190,1,5,10,Power - KP,67,44,43,84,46,66,19,10,13,15,30,10,30,46,9,9,11,16,85,11,88,91,9,15,10,7,81,18,19,17,21,16,8,9,25,11,23,12,15,10,14,68,23,17,24,26,30,35,18,44,12,49,18,25,4,21.1,5.275,8.665,Normal
Bolo,Burroughs,New York A,RE,Florida State,26,79,1/7/99,77,262,1,11,3,Power Rusher - DE,86,79,80,80,81,75,41,82,12,30,46,28,46,72,8,74,84,87,91,41,14,16,11,16,32,14,80,47,46,44,8,78,80,28,87,23,47,44,44,20,29,85,39,41,88,8,6,5,6,20,10,90,44,43,4,8.0,2.0,4.0,Normal
Cheta,Addison,New York A,C,Wisconsin,24,79,3/24/01,78,317,1,66,2,Power - C,81,65,69,91,88,79,9,24,12,9,44,36,43,60,10,9,33,88,88,16,10,14,13,88,12,12,80,79,80,80,9,25,11,13,32,27,82,84,81,20,32,74,14,26,32,8,6,3,5,8,8,88,10,13,4,8.0,2.0,4.0,Normal
Deems,Coutre,Minnesota,HB,Georgia Tech,26,79,5/24/99,71,223,1,27,3,Power Back - HB,94,75,82,76,75,83,92,33,35,86,87,54,57,76,36,18,50,42,87,84,15,12,67,39,30,43,77,48,40,34,12,26,15,36,47,54,45,37,32,49,58,87,71,84,44,18,21,28,23,40,9,89,84,35,2,10.5,5.25,7.23,Normal
Herdis,Hagood,Jacksonville,CB,Michigan,30,79,8/31/95,70,195,1,2,8,Manto Man - CB,86,83,86,87,68,83,72,59,16,67,67,73,74,85,17,38,65,63,88,76,25,27,80,12,80,21,79,36,37,33,8,81,25,80,79,24,34,37,33,31,75,91,74,40,71,5,6,7,5,26,12,85,36,76,3,30.0,10.0,20.0,Normal
Deshaun,Ross,Los Angeles N,SS,Arkansas,26,79,3/31/99,74,198,1,3,5,Run Support - S,87,81,82,93,72,80,65,58,10,53,56,54,66,83,26,53,79,57,94,70,16,21,61,11,70,33,81,34,37,35,8,80,44,72,84,30,33,33,34,37,64,88,57,37,75,11,10,9,10,22,10,91,33,75,2,9.0,4.5,6.0,Normal
Brison,Perkins,Arizona,QB,Oklahoma,28,79,8/7/97,70,207,1,1,6,Scrambler - QB,91,92,66,90,60,72,92,15,87,74,68,19,48,87,11,10,12,10,83,85,14,17,9,11,17,16,81,10,14,12,85,18,10,8,30,11,15,14,11,16,23,92,78,48,35,80,80,85,89,92,84,85,24,23,5,230.5,46.1,103.3,Normal
Franco,Demery,Indianapolis,LS,William  Mary,32,79,12/2/92,74,238,1,46,9,Power - LS,79,77,86,81,82,65,50,66,18,23,48,43,52,71,31,48,79,72,93,53,22,19,36,58,48,36,80,49,44,50,7,55,58,54,69,24,46,36,42,38,42,80,44,46,76,4,6,8,6,31,10,88,46,55,4,6.465,1.61625,2.5,Normal
Plaxico,Hertz,Dallas,FS,Ohio State,29,79,4/2/96,74,212,1,28,8,Zone - S,88,82,86,90,76,84,70,50,13,47,67,59,84,84,9,39,83,58,83,68,21,19,51,14,67,19,80,10,36,36,16,83,35,64,76,21,17,29,30,29,76,86,60,46,78,14,10,18,14,24,20,78,42,76,3,21.0,7.0,11.0,Normal
Waddell,Gelbaugh,Arizona,WR,Ohio State,23,79,8/11/02,75,209,1,18,1,,91,92,95,88,55,80,89,16,22,72,77,82,86,95,76,18,19,38,85,81,16,27,48,20,17,80,77,24,13,18,5,30,12,21,23,76,49,18,25,78,87,93,74,46,22,4,10,13,10,25,23,88,38,25,4,8.0,2.0,4.0,Normal
Wonder,Cobbs,Cincinnati,TE,Penn State,29,79,10/3/95,78,250,1,88,7,Vertical Threat - TE,85,85,92,88,77,73,78,33,13,71,77,82,89,76,67,10,38,66,93,79,15,19,17,56,10,70,77,58,54,51,5,22,10,18,36,75,56,56,54,70,93,84,71,78,29,7,10,16,10,51,15,82,75,15,3,25.5,8.5,6.5,Normal
Grenny,Rae,Baltimore,CB,Clemson,22,79,8/28/03,74,173,1,2,1,Manto Man - CB,99,93,84,83,46,72,79,41,32,71,58,59,67,86,39,30,53,34,84,77,19,15,68,21,81,48,81,18,11,12,17,67,23,69,72,35,26,20,21,50,67,95,76,33,60,21,23,28,30,31,17,79,18,77,4,12.819822,3.204956,12.819822,Normal
Jonas,Milner,New York A,K,Arizona,40,79,11/5/84,73,222,1,18,17,Accurate - KP,69,57,49,78,59,70,22,27,20,11,50,10,44,45,10,21,13,19,82,25,88,90,12,17,15,11,78,16,20,15,21,24,16,10,38,10,15,24,23,13,9,68,23,15,22,26,30,33,18,56,12,67,14,20,4,8.0,2.0,4.0,Normal
Darius,Chesbro,Dallas,DT,UCLA,27,79,8/13/98,74,280,1,97,4,,81,68,76,85,84,86,21,81,12,24,28,14,27,61,4,75,77,85,92,25,19,19,11,24,19,9,80,45,43,46,6,86,78,17,83,15,47,45,45,10,20,78,22,30,89,7,6,6,5,12,12,87,27,26,4,80.0,20.0,39.0,Normal
Twan,Witte,Green Bay,ROLB,Georgia,25,79,5/8/00,76,241,1,7,3,Run Stopper - OLB,88,88,80,90,74,76,69,71,15,54,57,49,56,72,30,65,87,71,89,59,15,17,9,22,57,28,81,47,44,45,8,77,56,47,92,35,46,46,43,30,48,88,52,38,88,5,6,4,6,18,7,85,51,64,4,13.841641,3.46041,13.841641,Normal
Wimpy,Tilton,Tampa Bay,HB,Arizona St.,26,79,1/12/99,72,214,1,1,3,Elusive Back - HB,91,91,87,80,68,78,86,26,21,79,92,60,79,90,53,8,24,38,89,88,15,24,78,38,12,61,80,60,26,23,16,16,8,19,33,64,38,39,29,68,62,88,79,77,28,11,15,17,19,26,12,83,77,17,4,5.129999,1.2825,0.910908,Normal
Dominique,Gladden,Las Vegas,HB,Purdue,33,79,4/9/92,70,205,1,31,10,Elusive Back - HB,96,88,88,84,63,81,88,26,20,82,85,53,74,84,54,12,21,31,81,84,22,28,86,35,15,58,81,63,20,27,18,21,12,19,51,59,47,33,35,67,52,93,77,81,38,18,30,38,14,27,9,83,70,20,1,1.6,1.6,0.175,Normal
Tavon,Shlapak,New Orleans,WR,Weber State,27,79,8/31/98,72,180,1,22,3,,97,92,89,86,58,76,88,24,22,75,69,77,87,92,86,14,19,31,87,89,15,20,87,17,25,76,78,34,13,16,9,19,15,13,33,61,41,11,16,72,77,93,78,33,24,9,15,20,21,29,11,76,42,30,1,5.2,5.2,1.0,Normal
Nielson,Shank,Buffalo,FB,Toledo,28,79,8/20/97,73,243,1,41,5,Utility - FB,90,84,83,84,77,85,69,42,20,62,72,59,74,77,55,24,85,70,85,57,12,16,37,85,31,57,78,65,49,53,14,38,33,11,60,60,66,60,57,65,61,86,50,69,57,19,21,23,26,34,22,87,75,36,1,2.0,2.0,2.0,Normal
Leonardo,Manoa,Chicago,WR,Washington,23,79,6/3/02,75,212,1,15,1,Slot - WR,96,85,91,91,64,82,82,26,24,78,75,86,83,87,78,10,24,45,89,82,19,17,77,24,11,76,77,26,21,22,5,15,10,22,32,76,52,36,29,78,87,91,74,62,29,9,14,15,10,22,15,86,46,17,4,22.7245,5.681125,22.7245,Normal
Talman,Molden,Green Bay,WR,Nevada,25,79,4/13/00,74,204,1,87,3,Deep Threat - WR,94,89,82,83,64,85,78,36,19,74,66,85,83,82,81,24,25,40,92,76,14,22,77,19,19,83,80,29,23,18,16,32,19,21,38,81,35,28,23,81,83,90,71,46,31,10,15,21,13,24,18,88,39,31,4,4.343916,1.085979,0.683916,Normal
Jerramy,Free,Arizona,CB,Central Michigan,28,79,6/19/97,72,195,1,23,6,Manto Man - CB,92,91,92,93,62,84,72,59,10,61,59,63,77,91,28,38,64,55,90,70,29,23,63,16,78,31,80,26,32,34,7,82,26,71,72,41,21,39,36,43,73,92,67,38,50,9,6,9,4,32,9,81,37,75,4,8.0,2.0,4.0,Normal
Ronde,Malcolm,Seattle,CB,UCF,30,79,7/20/95,72,198,1,24,8,Zone - CB,90,83,92,94,64,84,72,52,13,50,66,68,71,87,13,38,65,57,88,77,8,16,41,16,75,15,81,33,39,37,5,79,26,85,75,18,38,33,35,25,71,89,72,48,63,5,6,6,8,16,8,89,37,80,1,3.0,3.0,1.75,Normal
Denny,Yanda,Tennessee,DT,Texas,24,79,7/11/01,77,366,1,93,1,,67,70,63,73,93,71,41,82,13,39,46,41,47,47,1,74,82,87,91,38,25,24,10,28,24,1,80,44,43,38,5,77,66,17,78,14,43,42,45,11,42,65,33,58,90,7,10,11,7,18,17,84,53,28,4,9.55244,2.38811,7.926795,Normal
Scot,Bowens,Buffalo,SS,Washington,27,79,12/22/97,72,208,1,9,6,Run Support - S,87,86,84,89,63,80,58,61,22,46,61,60,77,86,17,49,85,48,91,67,14,18,57,10,65,22,79,35,35,35,6,76,41,69,84,22,35,35,35,29,66,86,61,44,83,12,18,25,30,36,14,84,33,76,3,10.625,3.541667,3.675,Normal
Jeromy,Wright,Buffalo,MLB,Baylor,26,79,5/7/99,73,224,1,8,3,Field General - MLB,90,85,83,90,69,86,47,69,18,32,51,45,76,81,4,60,80,72,84,60,15,16,28,18,60,4,79,43,47,43,13,84,51,42,92,16,44,43,46,13,52,87,52,42,86,14,17,23,16,23,13,90,38,67,4,42.143,10.53575,14.1,Normal
Mossis,Mosier,Houston,P,Florida,28,79,11/12/96,73,191,1,6,5,Power - KP,82,65,57,90,41,67,9,30,19,10,39,15,19,59,16,10,12,14,84,8,81,96,9,13,16,17,81,9,13,11,18,29,10,12,22,15,16,12,12,17,13,81,12,12,37,35,41,47,20,59,16,58,8,24,2,6.0,3.0,2.0,Normal
Lofa,Joines,Green Bay,TE,S. Dakota St.,24,79,11/3/00,77,259,1,85,2,Vertical Threat - TE,91,80,83,87,75,77,80,51,41,75,74,76,92,78,63,43,50,67,86,66,17,30,11,60,26,71,79,58,56,61,46,39,36,25,54,72,61,61,61,74,79,89,61,66,55,34,39,46,45,51,40,81,72,35,4,5.537934,1.384484,1.027588,Normal
Baptiste,Mcdonald,Tennessee,HB,Tulane,24,79,6/15/01,70,200,1,2,2,Elusive Back - HB,93,86,90,87,73,78,80,23,25,84,93,54,72,89,52,11,23,36,88,88,17,23,61,32,12,60,79,58,21,24,17,14,9,17,33,54,44,26,21,68,59,87,78,72,32,9,15,21,16,31,14,84,67,15,4,5.490616,1.372654,0.993176,Normal
Alvoid,Curran,Tennessee,WR,Kansas State,32,79,9/28/92,70,182,1,4,10,Slot - WR,88,87,82,88,53,79,85,22,27,71,69,85,91,90,81,12,14,46,99,83,29,28,91,29,10,76,80,30,14,15,10,16,9,8,30,78,55,28,36,81,89,87,78,38,28,6,10,13,9,30,22,87,34,25,1,4.0,4.0,3.49,Normal
Maulty,Holt,New York N,HB,Purdue,25,79,11/23/99,73,210,1,29,1,Elusive Back - HB,88,89,89,87,76,77,77,24,18,82,91,50,68,92,60,9,27,31,94,85,35,27,85,32,13,63,78,46,30,33,11,18,9,17,28,58,26,16,15,66,49,88,76,68,29,9,15,21,8,21,15,82,75,19,4,8.0,2.0,4.0,Normal
Taylor,Pagac,New England,LT,LSU,21,79,1/6/04,78,319,1,66,0,Agile - OT,76,69,76,90,89,78,10,20,12,14,29,21,19,57,4,12,33,86,89,12,14,18,11,84,12,6,79,85,83,84,4,32,24,12,24,27,82,82,81,15,19,75,12,17,28,7,6,4,5,9,13,92,29,12,4,43.662103,10.915526,43.662103,Normal
Enio,Vollenweider,Cleveland,RG,Virginia Tech,30,79,11/21/94,76,315,1,77,7,Power - G,65,66,71,94,91,89,27,48,35,25,42,29,33,47,14,36,45,81,88,25,11,19,8,81,9,18,81,73,72,78,26,32,44,10,36,16,82,85,77,23,29,73,27,18,51,19,24,28,25,40,29,88,45,10,4,56.8,14.2,16.591,Normal
Tremayne,Hills,New Orleans,LS,SMU,32,79,1/10/93,75,255,0,49,8,Power - LS,64,65,70,75,75,67,45,61,12,20,47,42,46,55,11,60,72,64,93,34,23,25,10,47,24,15,80,59,36,49,12,35,63,28,68,21,51,34,36,27,37,72,28,57,67,12,10,10,11,43,12,83,44,33,4,6.31,1.5775,2.3,Normal
Rhondy,Brunner,Los Angeles N,CB,Colorado,30,78,3/21/95,74,195,1,4,8,Manto Man - CB,91,84,93,89,55,83,62,50,10,43,57,53,77,83,8,31,43,45,82,71,18,21,54,11,81,18,78,37,34,37,5,80,25,74,68,25,37,36,36,26,65,88,67,29,41,7,6,5,8,36,12,70,27,77,1,1.255,1.255,1.255,Normal
Deandre,Isom,Los Angeles N,LT,Iowa,27,78,7/14/98,79,345,1,77,4,Agile - OT,65,63,62,83,86,87,29,49,12,30,32,25,23,52,12,33,45,86,90,22,12,11,11,87,10,17,78,81,82,81,8,22,48,9,47,20,81,82,81,22,26,61,16,22,40,4,6,7,4,25,14,88,35,12,3,56.3,18.766667,30.0,Normal
Nolan,Fricke,Los Angeles A,FS,Notre Dame,27,78,9/17/97,70,201,1,32,5,Zone - S,83,88,78,89,63,84,67,62,18,48,58,52,73,85,27,48,78,62,90,71,17,19,45,16,67,31,78,35,35,35,6,81,43,59,81,30,35,35,35,36,60,87,64,57,69,6,6,6,6,26,10,92,48,79,2,10.125,5.0625,5.625,Normal
Bullets,Kasap,Tennessee,SS,Iowa,27,78,6/14/98,71,210,1,37,6,Zone - S,91,90,89,88,63,85,73,51,17,57,66,57,79,83,25,55,80,58,87,73,42,53,45,19,71,31,80,34,33,35,15,81,45,63,72,35,33,36,34,39,71,88,59,47,68,26,28,32,27,43,17,81,33,77,3,30.0,10.0,17.15,Normal
Wash,Schweder,New York A,FS,Syracuse,25,78,3/23/00,72,210,1,8,4,Zone - S,89,89,87,92,68,80,59,59,15,41,59,62,74,88,25,40,82,65,90,73,19,15,42,31,70,24,80,36,33,36,14,77,34,73,77,27,35,38,36,23,68,90,57,39,66,10,10,16,14,28,11,86,33,77,4,8.0,2.0,4.0,Normal
Jarriel,Brazinsky,New England,RE,Alabama,28,78,5/1/97,75,259,1,33,5,Run Stopper - DE,88,76,86,81,83,79,45,84,20,30,61,58,61,68,22,62,79,89,83,47,10,23,11,24,54,31,77,46,43,45,4,73,73,57,84,29,46,43,46,36,60,82,41,41,84,6,5,4,5,25,16,87,42,61,3,12.0,4.0,5.5,Normal
Brannon,Star,New England,HB,Memphis,27,78,6/23/98,72,228,1,4,5,Elusive Back - HB,89,87,90,90,70,78,79,40,32,81,85,67,70,85,63,28,43,36,92,89,16,20,82,28,23,69,80,58,27,28,29,30,21,30,45,71,41,21,28,77,73,92,77,78,42,30,34,37,38,42,30,84,76,34,3,11.25,3.75,5.3,Normal
Ross,Kaiser,Jacksonville,DT,Oregon,31,78,11/15/93,79,290,1,91,10,,72,71,83,85,90,78,19,78,12,14,46,10,37,59,0,66,80,88,91,14,32,32,8,15,32,5,77,46,44,45,4,76,76,33,80,12,44,47,46,12,13,74,27,44,89,4,6,7,6,33,17,89,43,40,3,43.5,14.5,28.0,Normal
Darris,Ledbetter,Seattle,RE,Minnesota,26,78,11/30/98,76,261,1,53,3,Smaller Speed Rusher - DE,93,78,93,74,74,76,27,77,12,29,27,22,34,69,4,77,81,76,89,22,27,30,11,14,37,6,77,46,46,45,11,75,67,30,87,15,47,46,46,13,33,90,19,41,84,11,12,18,9,23,10,85,34,47,4,8.562251,2.140563,6.319285,Normal
Vaughan,Wender,Chicago,LT,Southern Utah,26,78,3/27/99,78,310,1,70,3,Pass Protector - OT,84,67,69,85,84,87,11,46,12,12,35,18,30,55,10,38,37,87,95,10,25,29,10,80,10,12,76,80,85,79,3,37,46,9,51,11,77,70,76,13,27,74,10,20,41,3,6,2,4,25,8,73,25,12,4,3.959552,0.989888,0.299552,Normal
Rosey,Livers,Kansas City,FS,Cincinnati,25,78,9/7/99,73,206,1,6,3,Run Support - S,89,78,82,88,69,78,56,54,20,52,60,51,72,83,29,36,84,65,90,62,16,20,36,26,64,33,80,37,33,35,8,76,32,58,80,35,36,33,34,37,60,90,54,46,76,8,6,4,6,22,10,89,44,75,4,5.847138,1.461785,2.403243,Normal
Boyce,Dicus,Los Angeles N,RE,Tennessee,27,78,3/13/98,74,248,1,0,2,Power Rusher - DE,95,74,88,83,71,82,61,75,14,53,61,46,53,64,28,74,80,70,87,55,13,14,45,35,46,35,80,44,41,39,4,83,78,46,83,23,49,44,42,38,43,90,46,57,83,6,6,3,7,22,8,82,55,53,4,5.668712,1.417178,2.130369,Normal
Tommie,Mcgriggs,Chicago,K,Tulane,33,78,11/12/91,68,175,1,8,11,Power - KP,76,67,62,86,34,65,12,28,15,16,36,15,26,53,17,10,25,16,82,12,87,95,12,14,20,16,79,19,19,17,17,31,10,9,43,15,16,18,18,13,17,72,8,9,23,14,15,34,15,28,15,60,11,14,4,15.6,3.9,3.383333,Normal
Saladin,Myslinski,Houston,LT,Alabama,29,78,10/9/95,78,335,1,74,8,Pass Protector - OT,64,61,65,92,87,90,11,38,12,5,29,26,30,48,7,27,41,88,92,19,29,19,5,75,11,13,76,85,80,86,6,30,32,13,32,16,69,66,67,26,25,68,15,23,29,9,6,6,4,17,12,96,29,17,1,12.0,12.0,10.75,Normal
Corn,Hampton,Green Bay,WR,North Dakota St.,26,78,5/12/99,76,208,1,9,3,Deep Threat - WR,93,84,92,82,64,80,83,25,18,73,73,85,86,85,82,10,20,42,88,79,16,13,76,24,11,80,80,29,18,25,11,18,10,17,29,69,50,30,21,75,82,96,70,55,29,11,15,19,12,25,17,78,45,18,4,9.241033,2.310258,7.425893,Normal
Conroy,Sweet,Pittsburgh,MLB,North Carolina,29,78,6/30/96,73,240,1,55,6,Field General - MLB,90,88,79,91,73,77,48,71,12,43,58,45,63,76,22,46,77,73,87,35,36,20,11,18,65,24,76,46,43,45,4,74,54,51,88,30,44,44,46,29,46,87,25,24,90,4,6,8,6,28,12,85,34,72,3,18.0,6.0,4.92,Normal
D'Andre,Wukits,Buffalo,C,Penn State,27,78,11/3/97,77,318,1,66,6,Pass Protector - C,61,59,68,83,89,91,9,22,12,7,39,15,36,54,4,9,21,85,89,11,24,23,9,70,12,3,78,82,79,77,11,17,9,9,16,10,79,80,77,14,13,71,8,12,38,9,10,8,9,31,12,82,19,15,3,22.35,7.45,9.9,Normal
Dukes,O'Neill,Denver,DT,Ole Miss,30,78,1/19/95,72,305,1,93,8,,76,68,71,79,87,87,28,84,12,16,28,24,38,59,1,57,77,91,91,24,19,25,6,35,20,11,80,48,45,45,9,85,77,15,78,12,49,42,49,17,17,71,13,33,84,5,6,5,5,28,8,87,45,27,3,39.0,13.0,26.0,Normal
Dannell,Carthen,Houston,HB,Florida,25,78,2/19/00,70,214,1,31,3,Power Back - HB,86,82,81,85,84,72,82,41,30,87,91,54,70,78,45,9,42,47,99,81,12,18,78,45,12,51,79,58,37,41,17,16,8,13,50,51,45,30,37,59,50,92,71,85,44,9,15,17,14,24,13,89,94,16,4,4.475432,1.118858,0.815432,Normal
Talance,Gilchrist,Las Vegas,K,Auburn,30,78,1/23/95,77,215,1,8,7,Power - KP,75,62,42,83,52,67,23,17,17,13,41,15,30,45,15,11,19,23,95,27,83,92,8,16,12,16,76,22,20,17,20,19,9,7,19,16,15,15,18,14,12,69,17,12,25,19,22,35,15,27,16,62,13,16,4,18.4,4.6,6.699556,Normal
Zac,Klever,New England,WR,Liberty,24,78,12/8/00,68,185,1,3,2,,93,89,87,85,56,77,89,33,17,71,74,79,94,87,77,9,30,36,93,85,19,20,76,20,32,78,80,29,25,17,3,35,8,31,47,71,49,29,17,76,81,90,75,53,45,7,15,28,9,25,13,85,54,41,4,8.0,2.0,4.0,Normal
Flavio,Brito,Los Angeles A,CB,LSU,29,78,11/8/95,70,180,1,26,7,Manto Man - CB,93,92,97,91,49,81,69,44,17,45,63,60,79,91,10,34,59,42,84,79,13,17,77,13,76,12,78,35,35,35,6,79,23,66,67,12,35,35,35,15,73,93,75,27,49,6,6,6,6,20,18,67,17,73,2,13.0,6.5,7.0,Normal
Neill,Linden,Washington,LE,Kansas,28,78,6/10/97,76,255,1,92,7,Smaller Speed Rusher - DE,78,78,82,82,83,83,22,81,12,14,30,23,33,68,7,82,76,81,85,30,13,15,9,17,27,11,79,46,43,45,5,86,72,33,82,12,43,46,44,13,18,79,22,24,79,8,6,4,6,19,14,93,26,41,3,33.0,11.0,16.125,Normal
Rhett,Givins,New England,QB,North Carolina,23,78,8/30/02,76,223,1,10,1,Strong Arm - QB,89,83,69,87,62,79,85,16,80,64,69,15,31,81,14,8,18,10,93,70,49,56,8,8,12,14,76,19,12,17,80,21,12,10,29,13,13,12,12,12,16,90,63,52,20,81,82,88,80,91,81,91,43,15,4,36.639764,9.159941,36.639764,Normal
Derrie,Sorey,Jacksonville,LG,Boise State,27,78,5/8/98,78,312,1,76,5,Power - G,78,74,74,92,89,76,11,60,12,5,38,15,26,56,1,35,51,82,93,14,8,8,13,82,11,4,80,81,73,83,3,42,52,7,48,17,80,83,74,14,15,74,9,14,56,7,6,6,7,13,8,92,25,12,3,24.0,8.0,14.25,Normal
Sneeze,Kinder,Cincinnati,FS,Iowa,26,78,4/19/99,70,209,1,22,5,Zone - S,85,86,85,91,61,81,65,52,26,49,65,48,84,82,14,35,85,56,91,70,18,20,55,17,67,14,77,9,38,34,20,81,33,58,75,32,16,35,39,31,63,88,64,55,65,20,25,27,32,42,28,88,50,81,1,4.9,4.9,1.5,Normal
Bernie,Dabney,Minnesota,DT,Stanford,29,78,1/25/96,75,307,1,97,7,,68,71,76,84,92,74,32,77,12,23,27,22,28,60,4,64,77,82,89,27,13,15,12,34,19,9,78,47,44,46,7,79,74,13,82,14,44,43,43,16,20,69,20,36,88,8,6,7,8,25,16,89,36,27,2,15.0,7.5,13.091667,Normal
Karsten,Lovetere,Minnesota,ROLB,Cincinnati,24,78,12/16/00,71,231,1,0,2,Run Stopper - OLB,82,77,85,84,70,77,46,72,14,29,52,47,64,72,3,73,85,74,90,51,18,22,11,26,63,4,80,37,36,35,8,79,61,44,93,20,39,41,39,12,44,85,47,34,89,8,6,8,6,20,7,88,42,68,4,8.0,2.0,4.0,Normal
Tarvaris,Cieslak,Carolina,LS,Notre Dame,39,78,1/20/86,74,235,1,44,18,Power - LS,68,64,43,72,69,71,22,43,10,22,64,51,58,58,36,10,50,69,92,11,20,17,11,55,14,38,76,57,42,50,7,26,10,9,61,40,55,44,49,47,42,63,12,8,55,5,6,5,6,39,16,76,22,12,1,1.4225,1.4225,1.1975,Normal
Barry,Garner,Denver,CB,Texas,23,78,12/4/01,71,194,1,12,0,Zone - CB,90,90,86,92,52,76,76,52,9,46,64,63,73,89,32,44,49,46,88,75,13,20,53,17,74,29,78,27,37,27,4,80,25,74,75,32,26,33,26,35,68,92,67,38,58,7,6,7,4,23,7,89,33,79,4,18.073176,4.518294,18.073176,Normal
Lamont,Cavanaugh,Philadelphia,K,Memphis,30,78,1/21/95,69,167,1,4,8,Power - KP,78,66,49,82,34,66,19,30,14,10,29,19,31,55,12,12,24,19,90,13,81,94,10,17,20,12,80,21,17,19,19,19,8,6,38,17,20,20,19,23,14,75,14,14,25,17,19,33,22,28,13,58,11,14,4,24.0,6.0,9.7,Normal
Link,Doane,Dallas,HB,North Carolina,25,78,4/25/00,70,220,1,33,4,Power Back - HB,88,82,89,90,78,75,84,29,26,91,91,51,70,84,55,8,28,54,87,81,16,20,41,54,15,55,78,61,34,39,14,14,8,19,36,50,51,39,45,63,54,86,73,85,36,9,10,11,20,34,13,90,86,20,1,3.0,3.0,1.0,Normal
Hampton,Gaulke,Tennessee,RT,Alabama,22,78,2/8/03,78,335,1,55,1,Power - OT,65,61,67,86,95,72,17,51,18,14,34,19,26,51,11,32,51,91,94,8,16,19,9,88,9,13,77,82,78,85,6,27,47,11,29,19,82,79,82,16,28,63,9,47,42,7,9,13,6,23,5,91,42,10,4,26.045188,6.511297,26.045188,Normal
Jaime,Scruggs,Washington,CB,Auburn,31,78,9/20/93,70,190,1,31,9,Slot - CB,88,83,86,90,65,80,62,55,15,57,61,60,76,87,12,41,67,44,85,67,19,20,58,12,75,14,77,32,36,33,7,78,35,77,72,27,32,35,35,24,71,92,63,28,68,7,6,8,6,29,12,73,30,76,1,5.5,5.5,4.5,Normal
Erasmus,Clinton,Philadelphia,DT,Georgia,25,78,1/12/00,78,336,1,90,3,,87,58,78,69,93,71,39,80,12,32,54,21,32,52,0,61,83,91,92,21,14,11,14,43,11,6,79,41,45,47,9,73,71,17,74,12,45,45,46,10,28,79,17,25,77,8,6,10,8,15,13,86,44,19,4,17.009278,4.25232,17.009278,Normal
Orie,Ninkovich,Los Angeles N,FS,Miami,22,78,9/29/02,71,202,1,26,1,Zone - S,88,84,81,80,57,84,52,56,25,47,64,68,80,80,14,42,90,54,88,69,14,20,13,45,73,19,76,44,32,36,9,84,40,72,79,21,45,39,42,27,65,87,68,46,70,10,17,18,22,28,10,85,50,81,4,5.596312,1.399078,0.890044,Normal
Turk,Fonoti,New England,LE,Georgia Tech,26,78,1/20/99,77,285,1,99,2,Power Rusher - DE,83,76,81,84,84,75,55,78,21,49,67,58,60,65,39,72,84,87,84,52,13,14,32,48,32,48,78,45,48,49,10,76,80,42,84,53,49,49,51,52,65,80,46,54,82,6,6,6,14,19,11,82,52,41,4,7.790161,1.94754,5.321678,Normal
Antony,Lurtsema,Miami,DT,Michigan,21,78,10/27/03,76,330,1,90,0,,79,64,75,74,91,75,35,83,21,28,44,37,45,60,10,69,83,86,94,26,28,33,25,28,15,14,77,45,47,43,14,74,76,15,79,15,43,47,46,17,38,66,18,36,79,7,10,13,11,15,16,95,40,21,4,21.956312,5.489078,21.956312,Normal
Samkon,Chalenski,Atlanta,TE,Florida,24,78,10/6/00,78,246,1,8,4,Vertical Threat - TE,91,79,91,87,70,68,83,41,31,61,79,81,84,79,64,33,34,64,91,74,16,16,38,50,16,71,78,58,57,58,21,23,16,19,41,77,54,58,55,71,88,92,67,74,42,25,32,31,30,50,20,92,69,23,4,32.910495,8.227624,32.910495,Normal
Tray,Harbor,Arizona,MLB,Alabama,27,78,2/14/98,73,246,1,2,6,Field General - MLB,89,79,81,90,81,84,51,71,27,31,57,58,70,70,5,69,84,84,85,52,15,14,9,27,65,10,78,47,44,46,28,85,68,54,83,16,43,47,43,20,62,89,41,40,85,28,38,50,27,54,32,90,34,68,4,8.0,2.0,4.0,Normal
Ceasar,Dilger,New England,CB,Houston,26,78,10/22/98,68,175,1,25,3,Manto Man - CB,93,94,89,95,50,76,89,44,24,76,63,48,79,91,41,36,60,41,86,86,12,13,89,16,77,46,76,29,26,29,4,76,25,69,75,29,32,29,32,56,68,92,85,33,65,10,12,18,21,25,10,84,24,70,4,5.176952,1.294238,0.945056,Normal
Bennie,Marquardt,Buffalo,CB,Kentucky,22,78,8/6/03,72,183,1,31,0,Manto Man - CB,92,91,89,83,56,71,77,45,22,47,62,61,72,91,35,33,53,47,87,75,17,20,49,23,78,36,76,22,32,24,10,67,28,71,69,42,37,35,21,41,67,97,73,33,63,24,15,14,20,21,25,85,30,77,4,15.257982,3.814496,15.257982,Normal
Lakei,Stamer,Arizona,WR,Stanford,25,78,2/23/00,74,213,1,14,2,Slot - WR,90,89,93,76,72,80,79,33,24,77,72,86,89,85,75,10,37,52,83,76,24,25,60,34,10,78,78,32,23,25,10,15,10,17,39,75,56,34,39,79,86,89,73,74,42,15,20,25,15,33,20,80,64,15,4,5.339461,1.334865,0.883244,Normal
Nehemiah,Ladrow,Kansas City,RE,Michigan,27,78,12/1/97,74,257,1,51,5,Run Stopper - DE,83,74,72,80,84,77,51,79,12,30,30,16,34,63,2,65,80,88,90,31,13,14,7,16,16,5,76,45,46,47,6,80,76,17,79,17,45,47,46,10,20,82,33,41,87,6,6,4,7,24,12,85,37,25,4,8.0,2.0,4.0,Normal
Gorden,Mouton,San Francisco,RE,Georgia,21,78,6/29/04,77,267,1,98,0,Power Rusher - DE,92,81,80,82,87,75,38,83,18,31,43,15,41,67,11,75,84,86,87,40,18,22,31,52,18,18,76,49,51,52,28,75,79,24,85,20,48,49,53,19,14,80,34,39,76,7,18,9,20,6,22,83,36,26,4,24.943354,6.235839,24.943354,Normal
Phillipkeith,Quinn,New Orleans,ROLB,Ohio State,27,78,6/5/98,75,242,1,20,4,Run Stopper - OLB,86,82,88,89,70,80,36,72,12,13,54,42,63,70,3,52,81,70,89,20,18,19,8,15,70,6,78,47,47,47,8,77,63,51,89,21,46,46,47,9,46,82,28,40,87,7,6,7,8,28,16,81,48,66,3,22.5,7.5,11.185,Normal
Roberto,Landsberg,Cleveland,SS,Miami,31,78,1/25/94,73,200,1,28,8,Run Support - S,84,80,85,91,72,82,64,63,17,43,65,64,81,81,13,38,92,59,84,75,18,18,68,13,63,22,79,38,32,36,14,78,48,63,85,23,36,34,33,29,63,87,62,35,74,14,15,19,21,30,11,89,46,74,1,1.4225,1.4225,1.1675,Normal
Jamarcus,Sutter,Tennessee,CB,Auburn,25,78,2/10/00,71,190,1,21,3,Manto Man - CB,92,86,75,91,66,75,67,54,36,56,64,60,71,86,30,49,66,55,93,73,38,43,62,18,81,32,78,37,36,36,20,78,37,85,71,39,37,37,37,39,59,87,66,39,57,25,28,33,35,41,18,83,34,80,4,9.165609,2.291402,7.245752,Normal
Godwin,Bellino,Minnesota,WR,Purdue,25,78,6/9/00,67,180,1,4,4,,91,90,91,81,66,72,88,28,34,75,71,77,81,91,76,11,17,43,79,83,20,23,78,24,10,77,77,31,16,25,26,16,9,14,36,64,49,28,24,79,79,95,82,52,27,33,36,41,35,40,30,79,55,16,1,2.0,2.0,0.25,Normal
Tino,Calahan,Tennessee,DT,Rutgers,30,78,3/21/95,76,310,1,69,7,,80,67,75,77,87,81,21,78,12,15,23,20,22,60,2,57,74,82,86,22,4,10,11,21,20,6,78,46,44,47,8,85,75,8,77,14,47,47,47,13,18,73,19,24,86,4,6,5,5,11,12,89,22,26,4,8.0,2.0,4.0,Normal
Lebron,Carson,New Orleans,LT,Oregon State,23,78,4/5/02,78,324,1,75,1,Power - OT,75,61,78,86,94,73,18,41,15,28,30,18,23,46,3,9,47,86,94,16,28,34,11,85,9,8,80,73,69,78,5,16,37,10,15,11,83,78,87,9,21,69,14,44,41,6,7,13,8,12,3,96,44,9,4,17.348158,4.33704,17.348158,Normal
Libby,Conwell,Cincinnati,C,Illinois,32,78,3/15/93,76,310,1,64,9,Pass Protector - C,59,53,65,89,87,82,9,31,12,7,30,24,25,43,7,27,67,82,94,11,22,24,9,68,12,10,80,82,82,83,8,9,31,12,38,18,69,68,67,21,25,69,8,12,31,4,6,7,6,31,10,90,23,12,1,6.0,6.0,3.0,Normal
Kenoy,Bromell,Detroit,WR,Utah,31,78,11/23/93,76,212,1,12,8,Deep Threat - WR,89,84,87,87,67,81,75,26,22,71,75,85,93,82,75,10,27,58,86,77,16,17,46,39,20,80,76,44,15,20,7,24,10,18,32,82,57,28,33,76,83,88,71,69,36,17,15,22,15,35,19,83,56,26,1,2.5,2.5,2.5,Normal
Algy,Ehlers,Los Angeles A,SS,Oklahoma,33,78,1/27/92,71,212,1,23,10,Run Support - S,82,76,84,84,70,82,76,55,15,43,53,44,62,79,10,60,89,61,81,66,15,27,43,19,73,10,77,32,33,36,9,83,52,70,82,26,33,35,36,20,63,85,63,54,74,4,6,9,5,28,20,79,41,78,1,1.38,1.38,0.025,Normal
Clyde,Calico,Baltimore,DT,Connecticut,25,78,10/15/99,76,334,1,98,3,,72,71,75,71,99,77,22,81,10,19,28,13,30,58,6,59,79,88,92,18,18,15,12,36,15,5,80,45,44,46,8,78,72,15,80,13,45,49,47,9,15,73,17,35,83,5,6,7,7,20,12,90,31,19,4,5.301962,1.325491,1.035972,Normal
Keyon,Economos,Jacksonville,LE,Georgia,24,78,12/18/00,77,272,1,44,3,Power Rusher - DE,92,83,91,83,87,75,46,81,12,28,51,46,60,76,14,72,88,97,91,46,14,16,13,23,44,19,79,45,41,46,7,76,77,29,85,26,41,45,45,22,52,90,40,49,77,10,6,7,4,15,11,88,48,54,4,37.372621,9.343155,37.372621,Normal
Kendric,Schweidler,Baltimore,ROLB,Clemson,24,78,6/14/01,74,234,1,32,2,Run Stopper - OLB,97,82,96,86,78,74,66,75,40,57,65,44,49,80,13,68,91,68,94,73,12,15,11,36,62,20,78,37,33,37,33,74,57,65,85,21,43,47,47,27,52,89,66,59,81,26,31,35,38,33,26,85,57,66,4,5.408845,1.352211,0.930548,Normal
Kassim,Gruneisen,Jacksonville,CB,Georgia,25,78,3/17/00,73,195,1,3,4,Zone - CB,92,84,84,91,60,75,53,48,12,27,45,50,73,85,14,35,54,42,91,62,16,18,45,12,73,17,78,29,21,21,5,77,26,82,70,21,36,33,32,19,55,94,54,36,60,4,10,13,11,33,12,80,25,81,4,76.5,19.125,31.4,Normal
Jermon,Hixson,Houston,RG,Alabama St.,29,78,5/23/96,77,322,1,71,6,Pass Protector - G,66,61,71,89,86,84,48,23,30,39,23,15,26,53,6,11,30,81,85,40,14,18,9,83,12,7,78,81,82,87,26,14,11,8,26,13,75,74,74,16,16,72,34,40,25,29,37,44,38,54,27,87,46,15,3,56.0,18.666667,36.002,Normal
Hoot,Bergen,Atlanta,K,Ga. Southern,31,78,8/3/94,69,185,1,6,8,Power - KP,77,59,71,85,46,68,28,28,16,19,40,10,36,56,7,12,26,16,91,20,78,99,8,15,15,8,77,7,11,14,20,20,8,7,28,14,16,19,13,10,13,73,22,20,39,18,26,30,21,34,10,71,18,20,5,24.25,4.85,8.0,Normal
Amani,Ashburn,Washington,TE,Stanford,34,78,11/10/90,77,250,1,86,12,Possession - TE,77,80,78,87,73,91,82,43,25,67,79,83,89,71,61,9,14,69,86,71,24,20,34,60,19,67,78,63,58,59,8,18,9,12,34,81,57,57,51,75,83,80,71,74,34,8,10,13,8,40,14,89,70,18,1,6.25,6.25,5.59,Normal
Darren,Winborne,Seattle,HB,UCLA,24,78,1/8/01,73,220,1,26,2,Power Back - HB,89,82,86,86,79,79,85,39,26,87,92,53,70,78,47,40,50,41,91,80,12,18,64,42,25,52,79,55,33,39,14,41,32,28,50,50,50,23,36,63,54,89,76,84,49,10,14,18,21,21,13,85,91,31,4,6.876079,1.71902,3.813333,Normal
Nathan,Shelton,Miami,C,Texas State,27,77,10/28/97,73,295,1,55,5,Agile - C,61,64,74,85,80,85,26,19,12,13,20,15,33,52,17,15,15,74,85,23,11,16,9,92,15,17,76,75,76,70,4,17,22,12,23,25,85,85,76,25,22,74,29,30,33,7,6,7,6,11,13,84,29,17,3,21.0,7.0,10.215,Normal
Dominic,Crowl,Philadelphia,CB,USC,29,77,9/18/95,71,185,1,8,8,Zone - CB,90,92,90,88,58,77,84,45,17,71,63,70,74,90,48,36,58,44,90,85,33,27,86,22,75,57,76,39,35,33,6,72,27,73,70,58,36,37,36,61,75,91,77,54,49,6,6,7,7,9,13,79,35,79,1,1.755,1.755,1.0,Normal
Tahir,Gormley,Denver,ROLB,Montana State,31,77,12/7/93,74,240,1,49,7,Run Stopper - OLB,86,76,76,90,68,81,34,72,12,33,55,40,60,71,5,53,80,80,88,37,18,22,11,28,56,3,76,44,45,46,4,79,62,42,89,12,47,44,42,14,42,83,30,28,92,5,6,5,7,24,13,86,37,64,3,18.0,6.0,9.0,Normal
Keena,Olejniczak,New York A,WR,Iowa State,29,77,12/11/95,77,227,0,10,7,Physical - WR,88,79,95,82,69,83,70,39,22,76,76,87,84,75,78,10,15,51,82,78,15,17,49,34,15,76,75,46,19,20,8,20,10,16,42,80,58,28,32,78,88,88,67,61,33,8,10,17,10,23,19,92,51,25,4,8.0,2.0,4.0,Normal
Windell,Anderson,Detroit,CB,LA. Tech,27,77,7/6/98,68,187,1,21,5,Zone - CB,89,88,89,88,57,83,68,52,29,53,64,63,75,86,32,44,63,49,84,77,10,11,49,10,78,30,79,19,20,21,21,80,39,70,71,29,32,13,15,32,73,86,77,47,46,22,27,34,39,38,29,92,32,83,2,9.25,4.625,4.5,Normal
Dietrich,Owen,New York A,RT,Missouri,21,77,3/27/04,76,332,1,70,0,Agile - OT,76,70,86,90,88,74,10,42,24,7,38,14,21,64,8,19,32,89,89,6,15,15,11,83,12,9,76,79,81,79,10,34,28,11,24,6,79,84,75,18,22,75,7,30,27,5,6,8,4,47,13,88,29,14,4,8.0,2.0,4.0,Normal
Urban,Kacherski,Atlanta,LE,Penn State,26,77,1/23/99,75,256,1,17,3,Smaller Speed Rusher - DE,91,85,90,80,79,74,21,72,12,14,45,32,41,75,10,77,80,80,95,20,14,15,10,11,33,16,76,48,44,47,8,70,68,27,82,29,46,49,49,25,32,85,19,28,85,6,6,5,4,20,13,90,21,43,4,8.818689,2.204672,6.764389,Normal
Copeland,Glass,Washington,HB,Western Colorado,30,77,5/17/95,70,200,1,30,8,Receiving Back - HB,92,92,88,93,81,75,85,13,26,78,81,65,75,85,67,11,22,49,87,87,16,23,66,49,15,74,77,53,20,27,17,11,11,18,41,73,40,28,33,80,67,91,80,73,33,17,20,28,16,29,18,88,75,20,2,8.43,4.215,4.21,Normal
Willert,Perlo,Cincinnati,DT,N.C. State,29,77,4/20/96,75,311,1,92,7,,77,72,68,84,89,73,25,80,12,24,42,20,44,61,1,63,80,88,92,32,10,20,11,19,22,6,77,47,47,47,8,75,78,10,79,14,44,47,47,13,14,75,24,36,89,5,6,4,4,18,13,88,43,28,3,33.0,11.0,11.0,Normal
Skippy,Brunell,Philadelphia,P,Texas AM,27,77,11/24/97,71,198,1,10,5,Power - KP,79,77,76,87,45,66,21,26,19,20,25,10,30,69,10,10,12,23,86,10,82,92,10,23,21,10,77,20,24,24,10,10,10,10,25,12,20,23,23,10,12,78,10,15,44,15,15,15,18,28,14,83,15,29,2,4.2,2.1,2.775,Normal
Husain,Delpino,Green Bay,K,Temple,34,77,7/25/91,75,201,1,17,12,Power - KP,76,74,68,80,59,68,22,33,15,19,42,15,36,61,15,9,28,17,95,25,78,99,12,15,11,16,79,17,14,18,18,23,8,8,35,16,18,19,13,19,15,77,24,8,27,19,15,31,17,37,15,74,10,20,3,15.3,5.1,5.0,Normal
Patrick,Travis,Seattle,DT,Texas,22,77,9/8/02,73,308,1,91,1,,81,68,83,82,86,77,55,76,12,41,42,22,45,64,16,68,80,85,92,49,19,20,7,26,25,20,76,45,42,43,3,79,75,32,77,30,44,41,48,33,24,79,40,47,81,6,6,8,5,25,11,90,53,34,4,8.0,2.0,4.0,Normal
Alshermond,Scarry,Tampa Bay,TE,Washington,26,77,4/15/99,77,247,1,88,3,Possession - TE,86,68,74,94,77,79,68,41,11,61,72,81,85,66,56,24,41,69,92,58,16,20,23,68,14,70,76,62,64,59,12,44,27,13,45,71,61,58,63,74,81,82,55,64,37,18,20,29,13,29,12,82,71,21,4,4.493944,1.123486,0.833944,Normal
Darryl,Fokou,New Orleans,HB,Florida State,26,77,6/22/99,70,217,1,26,5,Elusive Back - HB,89,93,86,88,73,71,86,25,41,79,88,55,65,80,46,9,29,52,85,87,20,16,74,27,12,55,78,55,36,41,38,20,12,15,34,54,42,28,33,61,54,87,79,84,25,42,43,49,53,56,41,75,82,16,1,1.17,1.17,0.0,Normal
Larod,Chickillo,Miami,LE,Penn State,22,77,1/2/03,75,254,1,44,1,Smaller Speed Rusher - DE,90,78,82,82,73,74,36,73,12,27,29,20,32,79,2,81,78,79,92,38,12,14,13,11,47,8,79,45,48,46,5,72,72,36,82,18,45,41,46,10,17,87,20,26,73,5,6,6,4,19,13,80,35,49,4,14.976228,3.744057,14.976228,Normal
Marc,Jacox,Pittsburgh,SS,Virginia Tech,30,77,4/19/95,72,210,1,21,8,Run Support - S,90,84,83,89,65,82,53,53,10,44,61,57,69,80,10,47,83,66,97,62,25,25,38,19,72,10,75,32,32,37,11,82,36,65,78,14,38,38,35,19,59,89,49,47,73,13,10,11,14,30,9,93,49,72,1,1.4225,1.4225,0.0,Normal
Mohamed,Acks,Arizona,DT,Alabama,31,77,2/28/94,75,325,1,94,8,,66,59,67,79,86,85,32,79,12,19,23,22,34,52,0,64,84,86,94,27,14,17,17,33,22,9,75,48,42,46,6,85,78,13,80,16,48,44,43,9,24,68,20,39,86,7,6,6,4,26,18,93,37,29,2,29.0,14.5,13.5,Normal
Saverio,Lopienski,New York N,WR,Auburn,28,77,1/12/97,73,194,0,18,6,Deep Threat - WR,89,84,93,87,58,79,83,29,18,71,73,79,82,88,82,19,21,39,89,78,12,19,71,19,23,79,75,26,9,10,5,25,15,12,33,79,44,13,14,79,85,94,77,64,28,4,10,16,10,25,17,84,35,26,4,8.0,2.0,4.0,Normal
Coonie,Bosseler,Buffalo,TE,Ole Miss,28,77,11/14/96,76,254,1,88,6,Vertical Threat - TE,92,84,91,86,68,75,72,24,21,55,68,81,82,75,64,8,20,66,90,59,9,13,21,53,13,65,79,61,65,60,24,10,8,13,30,68,63,66,61,72,88,87,55,75,32,20,23,31,27,41,21,86,73,16,3,29.5,9.833333,12.75,Normal
Woodley,Tippett,Cincinnati,CB,Michigan,24,77,9/29/00,72,191,1,23,3,Manto Man - CB,94,96,88,88,56,75,65,52,21,55,63,60,71,92,27,53,78,56,92,73,15,18,40,15,73,30,77,35,35,35,6,74,40,72,75,30,35,35,35,33,66,93,64,35,65,8,10,12,19,22,12,87,45,69,4,8.0,2.0,4.0,Normal
Stacy,Manalac,Pittsburgh,DT,Oregon,22,77,8/3/03,77,313,1,99,0,,75,75,74,85,95,75,33,78,18,30,32,18,25,66,10,66,80,86,95,22,18,32,22,28,14,16,76,43,45,43,13,78,80,12,78,21,42,45,45,12,15,72,23,38,76,10,10,12,22,31,13,96,44,18,4,17.973604,4.493401,17.973604,Normal
Basil,Brandt,Las Vegas,LG,Memphis,26,77,8/24/99,75,311,1,66,3,Power - G,80,60,66,90,86,84,39,34,15,37,47,38,40,58,30,29,35,82,94,28,23,24,8,90,15,31,75,73,76,73,5,38,29,17,42,30,80,78,86,37,41,75,21,31,35,8,6,4,6,24,5,82,40,25,4,5.131429,1.282857,0.911948,Normal
Kendricke,Allard,Buffalo,WR,Ole Miss,25,77,3/27/00,70,180,1,18,4,,91,95,85,86,59,71,86,25,21,75,78,84,87,89,72,8,16,40,85,88,13,16,75,27,12,73,79,30,17,17,17,13,9,15,34,64,43,36,27,76,83,90,82,38,27,10,10,13,9,38,22,88,46,17,1,2.5,2.5,2.5,Normal
Dialleo,Presnell,New York N,K,Florida State,38,77,4/9/87,74,202,1,9,16,Power - KP,76,63,37,82,64,61,11,14,14,7,33,10,36,54,8,8,10,14,85,12,84,95,11,10,12,9,77,18,19,18,18,9,11,9,16,14,14,13,14,12,10,73,8,35,35,24,30,33,18,29,15,58,9,12,4,8.0,2.0,4.0,Normal
Ockie,Audet,Detroit,LS,Idaho,25,77,8/6/00,73,238,1,49,1,Accurate - LS,84,77,86,81,67,56,54,63,18,26,55,46,60,69,31,47,77,70,94,57,19,15,33,57,48,37,77,46,41,51,7,44,56,52,71,26,47,36,39,38,47,76,43,43,74,4,6,4,4,27,9,87,47,55,3,2.831,0.943667,0.001,Normal
Alberto,Ojomo,Las Vegas,C,Oregon,22,77,1/23/03,75,328,1,58,1,Power - C,72,71,74,85,89,75,10,50,12,6,40,17,28,60,5,36,53,86,92,9,15,17,13,91,11,13,75,77,71,80,5,41,44,8,41,13,84,83,82,18,18,71,14,14,42,7,6,9,10,19,8,90,22,11,4,8.767762,2.191941,6.777157,Normal
Christo,Petitgout,Miami,P,Stanford,28,77,6/18/97,74,205,1,16,6,Power - KP,86,65,79,80,45,66,20,24,17,9,41,15,38,57,14,10,12,10,84,18,82,93,8,8,10,14,79,10,9,10,19,28,10,9,22,15,5,9,8,13,16,82,9,17,27,15,23,24,23,45,14,43,14,27,2,4.2,2.1,2.225,Normal
Kasey,Mailei,Miami,K,New Mexico,29,77,11/16/95,71,190,1,7,7,Power - KP,74,55,28,81,34,66,12,19,15,8,24,15,47,54,11,9,18,15,84,15,82,93,10,14,11,10,76,17,21,18,12,15,11,12,26,12,14,16,17,21,16,75,11,9,27,15,20,29,13,26,14,54,7,17,5,22.0,4.4,7.52,Normal
Yatil,Adkins,Kansas City,CB,Wash. St.,26,77,9/17/98,74,197,1,35,3,Manto Man - CB,93,84,89,87,65,76,65,57,20,51,61,57,63,87,33,41,64,53,89,75,19,18,47,25,76,37,76,27,27,29,8,77,33,78,70,41,33,33,35,41,53,93,64,36,57,13,14,16,19,23,14,80,38,78,4,3.745372,0.936343,0.085372,Normal
Jameel,Nelson,Cleveland,HB,Cincinnati,25,77,9/12/99,70,210,1,34,3,Elusive Back - HB,94,83,77,81,72,78,80,34,25,79,96,55,69,85,48,25,37,40,87,83,14,21,78,44,16,52,77,56,36,39,8,23,34,18,44,52,42,33,29,61,53,90,75,77,37,16,25,29,12,27,12,81,79,24,1,1.75,1.75,1.75,Normal
Lennie,Shelburne,Cleveland,ROLB,Ohio State,28,77,12/25/96,74,225,1,17,7,Run Stopper - OLB,88,85,85,91,76,77,55,72,12,31,59,51,68,74,8,69,79,73,93,62,14,19,9,22,69,17,77,46,42,45,5,80,55,48,87,20,46,45,42,18,66,91,56,32,85,4,6,7,8,23,16,83,23,67,1,1.4225,1.4225,0.7175,Normal
Olandis,Yerges,San Francisco,SS,Penn State,25,77,1/25/00,71,202,1,27,2,Run Support - S,93,83,86,89,62,77,76,61,15,60,64,71,81,85,17,61,87,63,95,71,16,18,61,16,72,18,75,36,36,35,13,77,51,73,76,20,36,33,36,29,71,86,65,50,71,11,10,17,15,32,16,87,57,77,4,5.395807,1.348952,0.924224,Normal
Kawika,Katalinas,Chicago,RG,Ohio State,28,77,2/5/97,76,305,1,73,5,Power - G,69,57,66,89,83,92,9,29,12,4,32,15,27,48,5,23,22,84,97,10,12,14,9,88,12,8,76,76,73,76,3,28,36,11,32,13,80,79,75,16,16,70,10,11,33,3,6,6,7,13,11,87,25,13,3,52.5,17.5,24.5,Normal
Brashton,Montoute,Carolina,HB,Texas,22,77,7/21/03,72,216,1,24,1,Elusive Back - HB,93,92,87,84,72,73,84,34,25,81,94,50,66,89,49,12,32,37,83,83,24,27,42,32,23,57,77,56,37,44,16,28,8,24,40,55,33,25,20,67,49,88,76,79,39,11,15,21,18,21,20,88,82,30,4,8.417082,2.104271,6.240268,Normal
Jumbo,Lavalais,Atlanta,FS,Ohio State,27,77,3/4/98,74,203,1,29,5,Zone - S,83,81,83,91,57,84,66,57,31,50,58,55,72,83,18,34,76,60,86,69,16,20,53,17,72,24,76,36,32,33,13,83,26,62,77,22,37,36,35,31,61,89,61,52,71,13,15,19,19,31,24,86,37,74,1,1.335,1.335,0.08,Normal
Tootie,Mehre,Buffalo,WR,Tennessee,25,77,9/22/99,73,210,1,5,4,Deep Threat - WR,86,80,86,84,69,84,80,24,18,78,78,87,84,79,79,12,19,40,89,76,17,21,52,22,15,83,79,26,17,22,7,12,11,12,31,81,41,28,36,79,87,87,69,63,22,10,15,20,12,31,17,90,52,19,4,8.0,2.0,4.0,Normal
Lyle,Oher,Baltimore,HB,Oklahoma St.,27,77,11/14/97,70,200,1,43,6,Elusive Back - HB,88,90,94,80,67,80,78,24,22,72,84,55,73,86,53,12,13,41,78,80,11,11,79,32,12,58,78,58,31,34,8,13,9,12,31,56,27,15,18,65,57,89,84,75,23,10,17,16,17,21,14,78,63,15,2,6.0,3.0,4.218954,Normal
Ryne,Herosian,New York N,RE,Oregon,24,77,12/15/00,77,258,1,5,3,Power Rusher - DE,91,80,91,81,82,74,37,79,17,27,51,38,43,72,17,74,82,86,93,35,16,14,9,19,51,23,79,42,44,43,6,79,75,46,82,32,45,48,45,27,41,90,28,34,83,3,6,12,5,20,15,83,31,58,4,8.0,2.0,4.0,Normal
Kevis,Tumulty,New England,WR,Eastern Wash.,30,77,8/4/95,73,190,1,84,8,Slot - WR,93,89,86,82,67,83,82,24,22,75,75,83,86,86,73,12,13,43,88,81,20,22,66,21,16,75,77,49,21,19,16,23,9,14,33,78,58,17,21,80,83,86,77,44,25,29,31,35,37,46,29,81,44,24,3,19.5,6.5,5.5,Normal
Visco,Dowler,Kansas City,CB,LSU,26,77,9/3/98,71,197,1,8,5,Zone - CB,87,89,83,85,61,85,58,49,15,52,55,49,59,86,19,35,51,56,90,71,12,9,41,14,78,26,78,34,35,34,6,83,32,79,70,36,25,32,36,35,60,90,62,30,44,3,6,6,8,22,9,82,23,82,2,20.0,10.0,15.0,Normal
Denarius,Ioane,Indianapolis,RE,Michigan,26,77,11/19/98,74,261,1,51,4,Power Rusher - DE,84,87,86,82,88,70,54,82,12,37,58,22,45,73,18,63,80,93,89,43,16,19,12,27,25,22,77,43,46,44,8,71,74,28,85,29,47,47,43,31,24,86,43,50,86,7,6,8,4,23,8,85,54,36,4,13.644833,3.411208,13.644833,Normal
Demetrin,Deshane,Atlanta,RE,Georgia,32,77,9/8/92,77,240,1,56,9,Smaller Speed Rusher - DE,87,82,90,84,76,83,41,81,12,24,40,27,58,67,8,74,78,82,97,44,18,22,15,16,52,1,75,46,44,41,6,80,66,40,82,20,41,42,44,19,25,87,30,32,82,4,6,5,8,25,16,83,27,57,1,10.0,10.0,10.0,Normal
Marvin,Hermeling,Detroit,ROLB,Oklahoma St.,26,77,3/29/99,71,225,1,44,3,Run Stopper - OLB,90,82,89,88,77,79,62,73,51,46,56,34,59,76,2,51,80,85,89,55,20,23,9,24,53,12,79,41,46,47,47,80,49,36,83,13,45,45,44,20,37,84,44,32,88,40,44,46,46,48,37,89,35,63,4,8.0,2.0,4.0,Normal
Ladue,Thweatt,New England,SS,Wyoming,29,77,1/27/96,73,191,1,22,6,Run Support - S,85,88,88,95,67,80,64,62,11,50,57,57,71,83,28,45,86,54,87,69,14,16,60,18,68,29,79,32,38,35,7,80,34,70,79,29,37,37,31,35,54,89,62,51,73,11,12,10,4,26,12,86,33,75,1,2.025,2.025,0.5,Normal
Elliot,Beckum,Denver,WR,Oklahoma,23,77,3/19/02,71,182,1,19,2,,92,91,90,82,56,76,86,23,20,75,72,80,88,91,80,8,18,40,92,77,14,17,90,20,10,78,76,28,12,11,12,16,9,10,26,70,48,23,16,83,88,90,68,46,21,11,15,23,10,31,15,87,32,14,4,8.0,2.0,4.0,Normal
Shurron,Defelice,New York A,CB,Duke,26,77,3/8/99,70,184,1,30,4,Manto Man - CB,92,84,86,88,57,79,51,46,15,38,55,44,66,83,12,37,43,36,87,73,19,16,47,14,78,17,77,34,33,36,7,78,29,70,70,25,37,36,37,24,67,94,66,24,54,5,6,8,8,25,12,84,29,76,4,8.0,2.0,4.0,Normal
Niko,Potteiger,Washington,CB,Michigan,24,77,10/3/00,70,182,1,0,1,Zone - CB,95,95,91,88,53,71,72,45,21,72,65,70,77,93,56,44,58,40,93,76,15,17,63,14,79,54,77,32,22,24,11,73,34,68,79,44,33,22,21,54,75,92,73,32,53,13,16,18,20,26,14,91,31,80,4,7.702336,1.925584,5.258934,Normal
Hub,Gantt,Philadelphia,MLB,Georgia,24,77,12/13/00,71,231,1,17,3,Field General - MLB,91,84,78,90,64,76,61,68,15,37,64,57,64,75,6,68,88,76,91,59,22,20,12,21,60,14,76,44,47,45,5,79,53,40,93,15,43,47,43,21,62,87,44,35,89,8,6,5,6,24,11,87,36,67,4,5.204639,1.30116,0.965192,Normal
Lyman,Gronkowski,Los Angeles A,HB,North Carolina,22,77,3/16/03,72,221,1,8,0,Power Back - HB,93,82,90,89,78,73,85,38,19,84,91,61,73,77,51,31,37,47,92,82,18,31,76,45,28,54,77,55,42,39,23,44,30,30,44,54,43,28,29,61,58,90,77,80,43,12,24,15,24,25,21,94,88,36,4,17.774464,4.443616,17.774464,Normal
Lefty,Whitmyer,Washington,FS,Illinois,25,77,4/17/00,72,195,1,20,2,Hybrid - S,95,89,96,88,63,74,73,55,14,66,64,61,77,83,14,44,77,52,88,78,21,21,63,22,77,15,77,34,36,33,8,71,39,70,70,19,36,37,37,25,66,92,71,45,69,8,7,6,8,23,16,81,41,72,4,8.0,2.0,4.0,Normal
Jerry,Wren,San Francisco,CB,Florida State,24,77,11/9/00,72,186,1,0,1,Manto Man - CB,92,89,88,89,59,71,63,40,35,66,57,50,56,83,20,36,56,49,92,75,14,20,51,15,79,27,75,30,21,19,18,74,34,81,74,35,36,24,19,30,59,92,69,39,61,25,22,25,32,24,23,83,37,76,4,6.389874,1.597469,3.347629,Normal
Kay,Brees,Indianapolis,P,Hawaii,30,77,9/8/94,72,195,1,8,8,Power - KP,72,59,59,88,50,66,28,25,21,12,51,18,38,51,11,11,32,20,85,7,83,90,10,15,18,8,76,19,17,17,21,25,11,14,24,13,20,18,18,12,14,68,20,16,29,27,32,38,28,39,19,70,25,26,3,7.5,2.5,2.5,Normal
Jacquian,Muransky,Miami,P,Colorado St.,26,77,5/11/99,70,193,1,49,3,Power - KP,83,59,51,85,45,61,26,19,15,9,27,15,25,57,9,9,14,11,89,21,82,100,6,6,11,17,76,12,15,10,20,13,8,8,23,13,19,15,20,17,12,84,19,7,22,27,26,32,19,32,15,71,12,12,1,1.725,1.725,0.075,Normal
Jed,Gerberry,Seattle,QB,USC,28,77,6/5/97,75,225,1,14,7,Field General - QB,82,83,65,86,58,72,80,28,72,59,57,16,35,80,11,11,30,21,92,65,15,21,13,22,24,16,75,20,19,15,87,20,12,21,37,10,24,11,16,13,48,82,53,46,33,88,84,87,89,87,82,93,46,35,3,100.5,33.5,37.5,Normal
Lemuel,Dees,Cleveland,DT,Illinois St.,34,77,8/11/91,74,290,1,93,11,,77,64,81,77,82,77,24,79,12,10,46,10,46,54,1,77,77,89,89,10,22,18,11,18,20,7,78,49,49,44,6,79,65,13,77,13,41,49,48,7,12,77,9,38,87,8,6,5,5,21,11,76,34,25,2,9.0,4.5,3.99,Normal
Ronnell,Hallock,Cincinnati,LE,Texas AM,21,77,11/12/03,77,267,1,97,0,Power Rusher - DE,94,87,89,90,87,79,28,80,12,32,45,21,44,78,3,76,80,86,88,38,24,18,17,27,17,10,78,44,44,44,9,76,76,26,83,16,46,42,44,15,20,84,39,40,69,5,6,6,7,19,11,86,35,24,4,18.96928,4.74232,18.96928,Normal
Napoleon,Kyles,Jacksonville,HB,Auburn,24,77,8/30/01,72,213,1,4,2,Elusive Back - HB,89,83,84,86,75,76,84,34,28,81,86,51,59,89,37,11,25,37,92,84,18,17,75,31,11,45,76,58,25,31,18,14,12,19,36,49,33,24,16,59,53,90,72,79,31,16,16,19,19,28,15,90,86,16,4,5.392915,1.348229,0.92212,Normal
Charly,Oldham,Carolina,WR,Arizona,22,77,4/5/03,76,213,1,4,0,Physical - WR,90,88,93,95,78,78,88,37,52,79,71,85,84,86,73,34,41,49,91,79,15,28,72,32,27,79,75,27,18,24,38,29,31,24,44,81,47,36,37,81,88,89,71,68,42,55,56,63,69,77,53,89,56,26,4,8.0,2.0,4.0,Normal
Giradie,Jaszewski,San Francisco,P,SMU,39,77,3/7/86,76,225,1,7,16,Power - KP,59,57,48,84,70,65,8,13,16,10,33,10,29,47,8,13,24,21,92,12,86,91,11,13,12,11,77,17,12,16,19,21,10,9,28,14,24,17,14,12,14,70,8,12,15,41,48,48,19,48,19,74,9,15,1,1.4225,1.4225,1.1975,Normal
Franny,Ingwersen,Pittsburgh,RT,Washington,24,77,10/11/00,76,317,1,76,1,Power - OT,81,68,83,81,86,80,27,48,8,16,35,33,37,59,24,35,43,89,93,18,33,34,13,84,9,19,76,81,80,78,5,25,45,9,31,26,82,80,85,25,32,70,16,38,42,5,6,5,8,14,5,86,41,11,4,15.055296,3.763824,15.055296,Normal
Roger,Krieg,Detroit,DT,Ohio State,22,77,2/25/03,75,329,1,91,0,,74,68,78,67,92,76,23,84,18,26,39,20,30,61,7,71,74,88,88,27,21,22,26,27,13,11,76,43,44,44,17,74,71,17,74,19,42,44,45,21,21,74,20,35,79,11,10,16,9,22,15,85,32,19,4,8.0,2.0,4.0,Normal
Andrew,Garmon,Dallas,RG,Alabama,21,77,4/12/04,77,321,1,52,0,Power - G,58,54,66,86,92,82,11,41,12,6,21,21,25,54,7,45,51,91,91,8,14,16,8,84,11,4,77,77,73,80,4,19,49,9,40,14,80,75,78,8,23,61,11,17,56,7,6,8,5,19,12,90,28,13,4,22.553718,5.63843,22.553718,Normal
Zed,Dardar,New York N,SS,Minnesota,24,77,11/1/00,74,210,1,27,1,Run Support - S,83,80,79,88,60,72,69,68,19,62,61,68,78,81,14,49,85,76,90,70,19,18,47,46,69,17,79,38,38,36,9,73,48,74,82,21,46,42,39,17,70,87,63,46,79,8,8,12,7,27,5,89,54,79,4,8.0,2.0,4.0,Normal
Dirk,Ranglin,Los Angeles N,TE,W. Kentucky,32,77,1/1/93,78,255,1,89,9,Possession - TE,77,83,84,90,77,77,76,34,12,70,76,83,89,70,68,17,27,65,90,69,17,20,17,51,14,68,76,59,57,59,11,21,17,15,32,71,66,61,58,72,86,81,60,70,35,18,18,20,21,24,16,90,76,21,2,17.0,8.5,11.075977,Normal
Marger,Bravyak,Arizona,DT,Ole Miss,21,77,10/14/03,76,300,1,97,0,,86,79,83,77,85,75,37,78,19,25,44,31,43,73,11,66,79,82,91,34,16,25,30,23,18,17,75,47,47,45,12,74,76,20,78,14,44,43,46,19,35,81,29,35,85,5,10,17,18,23,13,90,33,22,4,19.36755,4.841888,19.36755,Normal
Bubba,Heater,New York N,WR,Kentucky,24,77,1/5/01,68,185,1,17,3,Slot - WR,96,91,81,86,61,76,82,28,24,73,75,82,90,86,77,9,30,41,84,82,17,24,77,25,24,75,78,29,13,11,14,28,11,19,40,58,44,27,17,81,82,93,76,54,34,7,14,16,20,28,18,84,49,30,4,8.0,2.0,4.0,Normal
Bryce,Huffine,Denver,K,Georgia State,31,77,7/7/94,71,184,1,3,9,Power - KP,69,55,57,79,55,64,11,27,15,8,42,15,16,46,15,11,12,14,82,14,82,98,6,19,11,15,79,16,15,16,16,14,8,12,27,14,13,20,14,19,16,72,13,10,29,18,15,32,16,39,18,71,14,17,2,8.4,4.2,4.51,Normal
Stepfret,Perez,Los Angeles A,LG,Boston College,25,77,11/18/99,75,316,1,77,3,Power - G,76,71,78,88,87,79,14,27,9,10,31,10,24,58,9,22,37,82,95,6,19,24,13,84,12,6,79,78,79,83,3,26,24,7,32,14,79,81,78,11,12,64,10,23,35,6,6,5,4,25,3,88,26,10,4,14.746678,3.68667,14.746678,Normal
Chick,Ivlow,Philadelphia,HB,Boston College,27,76,5/2/98,72,247,1,29,5,Power Back - HB,85,75,88,82,85,72,82,30,36,81,94,44,65,79,34,9,30,52,91,78,8,17,26,58,10,41,75,58,38,41,12,13,16,13,29,39,57,43,45,52,52,89,74,82,30,10,15,20,19,30,16,90,83,17,1,1.3375,1.3375,0.1675,Normal
Kivuusama,Mulligan,Buffalo,RE,Iowa,26,76,9/15/98,78,260,1,57,5,Run Stopper - DE,73,74,82,81,85,81,41,81,12,25,52,31,49,66,14,66,79,86,90,38,13,24,15,14,20,23,77,48,46,46,6,80,75,18,79,25,43,41,42,30,37,78,24,40,82,5,6,7,5,21,16,88,33,28,2,12.0,6.0,6.56,Normal
Randy,Brazill,Pittsburgh,QB,California,41,76,12/2/83,74,223,1,8,20,Field General - QB,74,77,73,94,60,77,78,20,79,62,62,15,46,73,13,10,12,29,90,50,19,14,12,21,13,15,78,11,11,12,91,27,10,9,25,15,21,16,20,13,13,77,52,20,18,80,83,85,85,91,82,98,31,19,1,13.65,13.65,10.0,Normal
Ronney,Joswick,Seattle,RT,Wash. St.,26,76,10/25/98,78,322,1,72,3,Pass Protector - OT,83,77,70,83,84,79,34,29,12,28,46,33,39,57,20,19,26,82,88,24,15,15,11,80,10,28,75,83,85,79,6,30,22,9,30,31,75,75,67,36,37,75,15,28,31,6,5,3,5,13,10,79,31,10,4,5.391678,1.34792,1.10122,Normal
Porter,Schlecht,Miami,HB,Boise State,27,76,6/19/98,71,215,1,8,6,Power Back - HB,89,79,85,91,75,81,85,27,24,83,95,53,69,79,42,10,31,40,88,83,11,17,76,42,16,52,78,56,30,37,11,16,10,15,37,54,35,24,28,65,49,86,75,83,37,11,15,22,19,24,12,88,87,21,1,1.3375,1.3375,1.1975,Normal
Pete,Tubbs,Cincinnati,RT,Georgia,22,76,10/14/02,80,340,1,71,1,Power - OT,73,69,65,83,94,75,48,44,22,27,49,41,45,65,21,29,46,88,88,44,28,37,10,80,12,32,75,79,77,80,4,28,41,16,38,43,74,77,80,37,54,71,42,52,39,9,11,15,10,10,12,87,49,11,4,15.371558,3.84289,15.371558,Normal
Winslow,Wistert,Washington,RT,Eastern Michigan,31,76,8/19/94,78,309,1,71,8,Power - OT,67,70,84,92,86,77,28,29,12,19,30,30,35,54,5,31,38,85,87,20,14,23,7,86,11,16,77,80,75,79,6,18,38,6,31,21,81,82,82,27,27,69,19,19,36,5,5,2,4,21,12,81,32,11,1,4.0,4.0,3.495,Normal
Burr,Costict,Washington,LG,TCU,24,76,10/12/00,77,313,1,74,1,Power - G,80,68,82,81,81,80,31,36,12,30,28,22,26,60,4,33,44,84,91,20,14,15,13,79,10,11,74,83,76,84,2,19,36,12,37,17,77,81,74,8,25,71,19,37,28,5,10,13,3,26,8,81,31,10,4,6.058224,1.514556,1.22598,Normal
Ab,Degeare,Tampa Bay,DT,Pittsburgh,24,76,3/1/01,73,281,1,94,2,,89,80,80,80,83,76,29,82,10,20,44,43,53,66,24,79,80,76,88,43,13,12,6,32,19,27,74,39,35,36,9,75,72,10,77,19,40,40,39,35,45,84,33,20,82,6,6,5,4,23,12,85,32,29,4,14.493474,3.623369,14.493474,Normal
Demise,Slaton,Philadelphia,C,Nebraska,26,76,8/21/99,75,303,1,51,3,Agile - C,76,70,79,81,79,81,44,22,10,31,45,43,43,57,29,20,31,77,86,43,18,15,6,91,10,35,74,74,77,73,9,16,22,13,38,41,82,87,74,36,36,76,40,45,25,6,6,7,8,19,9,79,36,10,4,68.0,17.0,24.606,Normal
Erick,Bulman,Jacksonville,K,Arkansas,22,76,8/17/03,74,179,1,39,1,Power - KP,74,65,69,86,38,58,8,15,11,4,16,15,24,61,15,8,15,17,92,24,91,98,6,15,11,16,74,18,17,18,16,15,9,9,33,13,17,17,17,12,15,76,12,11,17,13,21,30,13,29,14,73,12,12,4,4.158388,1.039597,0.138388,Normal
Vito,Hartzog,Kansas City,SS,Virginia Tech,25,76,7/11/00,72,206,1,27,2,Hybrid - S,91,83,97,93,64,74,65,61,21,60,59,58,65,82,39,47,84,61,95,70,15,15,56,31,76,43,75,38,35,36,15,72,33,73,74,43,39,35,38,46,59,88,65,56,64,11,10,14,23,21,11,88,58,73,4,4.591368,1.147842,0.751368,Normal
Anquan,Kirkendoll,Kansas City,LE,Texas,28,76,8/20/97,77,280,1,90,6,Power Rusher - DE,78,78,91,74,86,88,35,75,12,22,44,44,46,67,13,73,76,81,84,28,15,14,8,14,37,14,78,44,41,46,7,80,78,27,83,27,46,48,41,18,45,72,18,39,81,9,6,6,5,31,12,86,42,45,1,4.0,4.0,3.45,Normal
Odie,Rousch,Los Angeles N,CB,S.C. State,27,76,2/9/98,71,180,1,14,3,Zone - CB,97,86,85,86,49,78,63,43,44,57,57,59,74,88,22,35,56,41,85,75,19,24,52,11,70,25,75,25,25,23,32,79,31,64,72,23,30,26,30,34,64,92,68,34,51,37,39,40,44,40,32,76,32,77,4,8.0,2.0,4.0,Normal
Gennaro,Judson,New York N,CB,LSU,24,76,8/24/01,73,175,1,28,3,Zone - CB,91,89,81,91,46,77,60,40,12,48,47,49,61,90,31,31,44,46,91,73,18,18,38,10,73,32,75,19,22,21,9,81,23,69,72,19,30,24,29,34,62,87,66,27,54,9,10,19,9,21,11,77,21,81,4,8.0,2.0,4.0,Normal
Willmer,Shazor,Buffalo,WR,Ohio State,29,76,8/11/96,71,195,1,1,8,,92,88,84,83,67,73,86,28,22,80,73,83,89,83,75,19,22,45,85,87,19,23,79,27,20,74,74,39,30,31,6,30,10,24,30,77,43,20,23,74,84,91,77,52,23,8,10,13,12,24,21,76,40,28,3,24.0,8.0,14.02,Normal
Ode,Wilson,Carolina,RE,South Carolina,27,76,10/31/97,77,258,1,98,5,Power Rusher - DE,84,76,79,81,84,81,40,73,12,19,44,22,46,66,3,68,82,79,91,35,11,21,11,12,45,9,77,45,43,44,3,75,79,33,80,18,49,44,42,13,27,81,28,39,85,2,6,9,4,20,11,88,37,53,2,12.5,6.25,1.25,Normal
Ellery,Berner,Tennessee,LT,Texas AM,26,76,9/28/98,77,315,1,75,4,Agile - OT,65,67,72,93,91,85,14,27,12,12,35,11,27,56,2,14,32,85,92,7,12,18,14,86,12,5,78,78,76,75,3,31,19,9,25,13,76,81,77,13,18,63,9,20,36,7,6,8,8,13,8,77,39,13,4,82.0,20.5,42.51,Normal
Laveranues,Greenway,Dallas,RE,Florida,31,76,8/3/94,75,261,1,13,10,Smaller Speed Rusher - DE,86,78,77,81,70,81,46,67,12,35,55,45,54,63,1,78,82,84,81,46,22,18,12,12,41,10,75,44,43,43,9,78,68,42,84,26,45,48,42,11,44,80,51,45,76,9,6,10,4,25,14,78,51,45,4,8.0,2.0,4.0,Normal
Collin,Mccloughan,Pittsburgh,TE,Georgia,24,76,8/17/01,79,264,1,80,2,Blocking - TE,85,90,87,79,78,70,82,47,19,67,72,78,78,82,52,33,55,75,93,70,21,12,15,73,18,57,77,66,61,65,3,16,28,27,52,63,73,70,70,61,82,86,60,72,55,3,10,11,12,33,16,88,65,23,4,5.353909,1.338477,0.893752,Normal
Wilmer,Culliver,Tennessee,CB,Ga. Southern,27,76,3/27/98,73,190,1,39,3,Zone - CB,93,81,95,87,57,74,70,54,17,57,60,57,58,86,36,35,64,52,89,71,14,13,50,21,76,39,76,30,23,24,6,75,30,78,75,35,35,25,26,44,59,91,65,47,62,8,12,18,21,30,17,78,38,79,4,8.0,2.0,4.0,Normal
Darry,Kinney,Dallas,ROLB,Texas,25,76,8/13/00,74,220,1,0,2,Pass Coverage - OLB,91,76,85,89,63,82,64,69,18,53,57,63,64,74,25,67,90,67,84,68,17,16,12,41,68,35,74,33,36,35,7,78,52,64,87,34,39,39,41,36,65,88,61,53,83,7,6,5,6,21,15,82,43,66,4,5.390028,1.347507,0.92002,Normal
Cole,Clarks,Houston,LE,Mississippi St.,35,76,7/15/90,77,285,1,96,11,Run Stopper - DE,69,68,71,81,87,86,16,81,12,13,42,15,37,63,7,69,74,80,89,11,7,20,10,18,24,8,75,45,46,47,5,80,76,12,87,14,42,49,45,19,14,72,10,35,82,6,6,6,8,11,18,87,28,29,2,20.0,10.0,10.5,Normal
Lyons,Casper,Los Angeles A,MLB,Miami,32,76,12/5/92,71,240,1,6,10,Run Stopper - MLB,84,74,79,91,82,82,37,77,12,8,66,15,58,67,3,51,90,95,84,28,21,22,12,20,59,7,75,46,43,45,8,82,58,46,88,12,47,44,43,16,31,82,27,51,81,5,6,4,6,26,17,88,43,55,1,2.655,2.655,0.3,Normal
Tevita,Tennell,Cleveland,WR,Toledo,29,76,7/5/96,70,183,1,16,6,,92,92,84,93,63,68,86,25,27,75,68,83,82,94,78,9,15,37,91,85,51,54,83,18,17,78,76,30,18,16,42,17,9,13,36,81,48,11,19,75,87,90,78,71,28,44,40,49,47,51,36,84,40,20,1,1.17,1.17,0.0,Normal
Shelly,Boykin,Dallas,SS,Texas AM,30,76,2/21/95,72,204,1,6,6,Zone - S,87,84,84,91,62,82,62,63,10,54,52,52,73,81,23,38,89,68,85,65,13,16,32,12,66,31,76,36,37,34,4,79,30,64,81,44,33,37,33,37,67,85,57,42,67,7,6,7,7,26,18,80,37,75,3,21.0,7.0,13.5,Normal
Curtis,Teifke,Tennessee,LE,Ohio State,28,76,1/5/97,75,281,1,45,6,Run Stopper - DE,78,76,78,85,79,79,45,76,12,32,51,39,51,60,21,78,82,89,85,38,13,18,10,18,34,20,75,41,45,46,6,77,69,28,87,27,46,45,45,23,38,72,30,45,91,9,6,9,5,27,14,84,35,48,1,8.5,8.5,7.99,Normal
La'Roi,Joseph,Jacksonville,WR,North Carolina,25,76,11/1/99,72,195,0,5,4,Deep Threat - WR,93,86,83,83,64,78,81,41,28,77,71,81,86,86,80,18,32,41,91,79,11,15,61,27,22,77,76,27,13,14,22,26,10,22,39,74,47,35,27,74,82,91,76,49,39,29,32,44,40,50,32,83,60,29,1,10.0,10.0,9.5,Normal
Slade,Hoying,Houston,ROLB,Tarleton State,30,76,6/1/95,75,224,1,45,6,Run Stopper - OLB,90,85,84,89,75,79,61,72,12,50,64,66,68,75,28,59,86,77,90,69,15,17,61,24,55,33,76,44,46,47,5,82,51,35,88,39,46,43,43,40,62,86,62,31,84,7,6,5,8,25,14,79,28,61,1,3.5,3.5,3.25,Normal
Channing,Reasons,Las Vegas,MLB,Houston,31,76,4/22/94,73,238,1,52,9,Run Stopper - MLB,83,73,83,89,82,82,35,75,12,33,48,15,52,70,5,57,89,89,89,34,20,20,10,55,53,15,76,45,45,47,6,82,64,52,84,12,52,46,53,27,35,85,25,50,83,6,6,6,6,25,14,86,36,65,1,3.01,3.01,2.5,Normal
Hanik,Paulson,Los Angeles N,P,Wingate,24,76,7/19/01,76,235,1,42,2,Power - KP,71,57,62,82,55,59,10,14,30,10,35,10,29,51,10,11,29,20,91,10,82,95,10,14,10,10,76,14,14,14,20,19,11,10,30,12,15,15,15,10,12,68,10,10,24,25,28,30,21,39,17,75,10,10,4,3.948004,0.987001,0.108004,Normal
Hubbard,Toneff,Arizona,LG,SMU,28,76,9/16/96,74,320,1,63,7,Agile - G,64,52,89,88,87,85,13,24,12,7,29,14,28,56,5,15,24,79,88,8,12,17,6,80,12,6,77,73,81,73,2,19,13,8,31,16,75,78,66,10,14,70,13,15,38,5,5,2,7,22,13,86,21,14,2,11.5,5.75,6.0,Normal
Trevin,Levens,New York N,RG,Penn,35,76,2/26/90,76,305,1,74,12,Power - G,63,57,83,83,86,86,17,23,12,4,27,25,34,49,11,10,15,83,90,9,21,19,12,80,12,22,78,79,71,80,8,11,10,9,35,40,81,76,81,31,29,67,11,8,46,5,6,4,6,18,10,75,16,12,4,8.0,2.0,4.0,Normal
Laron,Betts,Tampa Bay,LE,Temple,30,76,9/22/94,73,240,1,5,8,Smaller Speed Rusher - DE,91,86,85,87,84,66,76,74,12,42,78,60,69,74,32,77,84,70,97,70,19,20,60,19,58,46,74,42,40,45,7,68,72,45,84,47,44,41,43,49,59,87,51,57,82,4,6,6,4,22,11,82,63,62,1,14.0,14.0,12.0,Normal
Wagner,Diaz,Minnesota,CB,Massachusetts,27,76,1/7/98,70,170,1,2,5,Zone - CB,88,85,96,90,54,73,74,50,10,53,53,54,71,84,28,43,52,49,85,78,34,45,87,21,73,33,78,25,36,37,14,75,37,72,77,21,22,34,35,35,69,94,72,42,56,8,10,17,14,29,17,81,34,79,4,8.0,2.0,4.0,Normal
Speed,Dowd,Detroit,K,Arkansas,26,76,3/3/99,70,202,1,39,2,Power - KP,75,59,57,82,35,60,17,7,12,15,32,10,31,47,13,11,26,17,88,10,82,98,7,12,10,6,78,20,12,13,21,15,8,10,21,11,21,14,11,7,14,73,9,13,25,13,22,27,19,32,17,63,6,10,2,1.98,0.99,0.15,Normal
Alva,Chorovich,Dallas,WR,South Alabama,26,76,2/27/99,73,195,1,1,3,Deep Threat - WR,95,85,85,86,63,79,81,21,26,75,77,81,85,87,77,12,24,40,91,79,12,21,46,20,13,76,76,30,24,25,22,16,12,14,26,75,43,29,20,76,83,90,73,50,22,16,20,23,21,26,18,89,40,16,4,5.135719,1.28393,0.915068,Normal
Nigel,Karcher,Kansas City,RT,Florida,27,76,11/25/97,77,330,1,74,6,Pass Protector - OT,60,64,72,90,87,82,15,36,12,6,30,10,35,51,5,10,43,86,94,10,20,22,10,70,12,5,76,82,79,85,6,10,10,10,27,12,70,67,73,10,12,67,10,25,38,6,6,6,6,19,10,84,34,12,4,80.0,20.0,40.0,Normal
Broderick,Cone,Washington,DT,Illinois,23,76,8/31/02,74,304,1,95,1,,86,69,84,87,81,74,10,76,21,23,40,10,32,66,7,76,80,84,91,10,15,26,8,17,12,14,78,47,46,44,3,76,68,10,77,13,48,49,48,11,15,80,10,11,80,5,5,2,4,30,11,92,7,22,4,8.0,2.0,4.0,Normal
Teddy,Goble,Philadelphia,ROLB,Alabama,21,76,2/24/04,75,235,1,30,0,Run Stopper - OLB,88,88,88,85,75,76,50,69,23,40,62,56,62,82,29,63,85,72,89,57,19,18,9,30,64,30,77,46,47,44,7,73,57,53,88,34,45,42,49,35,64,90,52,47,83,4,6,4,4,23,13,87,39,70,4,14.903574,3.725894,14.903574,Normal
Pong,Havens,Chicago,SS,Missouri W State,30,76,7/22/95,71,210,1,36,6,Zone - S,91,83,93,91,66,78,62,48,17,47,67,56,72,85,29,30,75,59,86,70,22,17,30,14,63,33,76,12,35,35,6,76,26,65,80,34,16,35,35,37,63,91,62,42,70,6,6,6,6,18,10,84,41,73,2,4.75,2.375,1.5,Normal
Tyvon,Archibald,Cincinnati,SS,Alabama,24,76,12/14/00,73,206,1,27,2,Run Support - S,94,75,73,91,62,76,79,64,19,71,64,60,73,81,23,38,84,66,94,69,14,14,68,22,65,32,76,26,33,36,7,77,35,72,82,34,36,37,36,39,69,86,63,49,79,13,21,26,24,33,12,92,46,74,4,5.325017,1.331254,0.87274,Normal
Gaynell,Faaola,New York A,WR,Texas AM,30,76,2/16/95,75,196,1,83,8,Deep Threat - WR,87,85,89,84,68,84,83,25,22,74,78,85,84,87,76,9,26,47,93,77,15,19,44,31,18,78,76,42,24,27,19,19,12,19,30,80,50,22,26,77,89,89,73,73,33,16,20,24,29,28,22,79,53,26,4,8.0,2.0,4.0,Normal
Kerwin,Conners,Pittsburgh,FS,Virginia,29,76,10/19/95,72,205,1,22,6,Zone - S,87,82,91,88,67,83,63,54,20,57,64,59,78,82,11,49,76,58,96,77,19,22,47,22,65,12,77,33,36,35,19,82,38,73,73,15,34,33,33,21,64,90,59,51,72,29,40,43,35,51,27,85,48,71,1,3.0,3.0,1.83,Normal
Stevan,Korte,Miami,CB,Texas AM-Commerce,26,76,11/28/98,70,195,1,4,3,Manto Man - CB,94,80,91,92,59,78,59,43,15,52,50,47,66,84,5,23,56,38,85,73,30,37,46,13,76,6,77,35,34,33,6,79,20,77,77,13,34,31,39,10,51,94,72,32,52,8,6,6,18,24,7,86,31,70,1,3.263,3.263,0.0,Normal
Limas,Fortunato,Pittsburgh,DT,Wisconsin,24,76,6/17/01,76,309,1,95,2,,75,69,73,75,88,78,25,79,14,10,38,32,46,59,6,64,84,87,91,25,10,13,10,41,15,7,76,40,40,40,6,77,79,10,77,15,45,45,45,15,36,70,22,41,83,6,6,6,6,19,15,88,35,21,4,7.333122,1.833281,4.279836,Normal
Baron,Mccourty,Green Bay,CB,South Carolina,28,76,6/22/97,70,200,1,25,6,Zone - CB,93,82,78,93,55,79,71,54,10,50,61,55,74,79,13,45,64,50,87,69,13,15,90,20,73,18,75,33,36,35,4,80,36,73,79,30,34,37,36,31,67,93,64,33,66,4,6,7,6,31,10,84,44,77,3,18.0,6.0,6.5,Normal
Bookie,Dellerba,New Orleans,RT,Texas,21,76,3/10/04,77,315,1,71,0,Agile - OT,69,57,79,88,84,74,11,20,15,11,28,13,25,59,4,12,40,81,87,19,10,16,9,87,13,9,75,82,83,80,13,31,34,11,25,17,80,78,83,11,13,66,16,13,29,17,18,19,16,13,13,92,30,14,4,27.731246,6.932812,27.731246,Normal
Kaipo,Lainhart,Buffalo,WR,Florida State,22,76,5/17/03,75,213,1,0,1,Physical - WR,89,87,92,84,70,80,84,43,22,77,74,84,83,90,78,9,41,41,88,77,23,24,76,15,25,78,78,54,30,28,31,25,11,28,45,76,45,33,35,73,85,85,72,62,41,41,46,51,33,65,21,86,53,31,4,10.074258,2.518565,9.640505,Normal
Macarthur,Secord,Indianapolis,HB,Virginia Tech,27,76,4/21/98,69,212,1,26,4,Elusive Back - HB,86,86,82,86,74,75,83,27,22,84,94,47,66,81,44,11,23,37,87,85,16,18,85,31,10,55,78,63,30,35,16,18,8,11,36,43,37,27,23,56,45,87,75,75,28,12,16,22,18,37,19,76,75,17,1,1.3375,1.3375,0.4825,Normal
Daleroy,Powell,Indianapolis,RE,UCLA,24,76,12/31/00,77,259,1,97,1,Smaller Speed Rusher - DE,90,79,77,84,79,74,38,78,13,37,43,38,53,70,14,79,76,80,86,37,8,13,8,27,47,13,78,47,43,45,7,68,75,28,84,15,47,43,46,13,43,84,36,8,80,3,5,3,5,21,16,84,24,50,4,17.031894,4.257974,17.031894,Normal
Deke,Druckenmiller,Houston,LG,Duke,33,76,2/9/92,75,323,1,75,10,Power - G,69,55,78,95,86,93,13,19,12,5,25,10,19,49,6,9,19,80,96,11,23,16,10,79,12,3,74,73,72,79,6,19,12,10,34,13,77,76,73,7,12,71,12,14,37,9,6,4,4,17,13,86,15,15,1,4.25,4.25,2.5,Normal
Terry,Studstill,Buffalo,DT,Charlotte,31,76,6/3/94,75,305,1,99,8,,74,73,77,85,88,83,28,78,12,17,29,30,34,52,5,63,79,87,94,29,16,18,15,36,23,8,75,46,43,44,7,81,75,15,75,15,47,46,44,12,27,74,24,30,82,7,6,8,6,21,10,89,32,31,1,6.696735,6.696735,5.426735,Normal
Johan,Regan,Denver,C,Washington,27,76,9/10/97,77,300,1,60,3,Pass Protector - C,80,71,71,82,81,79,14,30,12,6,26,15,27,64,4,23,29,78,92,15,17,17,8,82,7,7,76,83,86,79,8,24,22,8,26,12,71,72,70,13,13,65,12,20,33,7,6,5,5,19,11,71,29,8,4,3.94772,0.98693,0.28772,Normal
Khari,Cronkhite,Chicago,WR,Missouri,21,76,12/12/03,72,236,1,87,0,,88,90,91,87,67,65,87,27,28,77,79,80,84,94,77,24,34,42,89,84,29,27,82,30,30,75,78,27,20,26,31,35,22,21,38,75,51,34,32,74,83,93,76,67,31,10,10,12,19,7,26,85,65,41,4,10.96403,2.741008,10.96403,Normal
Jurrell,D'Orazio,Atlanta,LG,Syracuse,25,76,2/26/00,77,323,1,65,2,Power - G,77,70,74,87,88,76,18,26,12,7,29,10,30,57,9,13,33,88,91,15,29,32,11,77,10,15,76,76,71,81,5,15,18,9,19,21,80,84,73,24,11,61,10,25,28,5,6,8,7,22,12,87,27,9,4,8.97848,2.24462,7.014143,Normal
Onterrio,Katnik,Green Bay,WR,Texas,22,76,8/1/03,71,191,1,22,0,,94,95,85,87,61,70,80,36,25,67,72,78,77,89,77,30,29,45,88,79,24,34,87,36,31,80,74,23,17,23,26,29,23,25,32,74,53,27,23,74,77,89,77,41,26,27,31,39,33,53,30,87,40,26,4,17.575338,4.393835,17.575338,Normal
Ralf,Million,New York N,ROLB,Indiana,25,76,1/3/00,74,232,1,41,3,Run Stopper - OLB,93,82,82,90,73,77,49,72,16,34,52,37,61,76,9,59,83,88,87,48,14,17,9,22,64,12,74,44,47,45,7,81,64,39,87,12,44,46,46,22,37,85,35,41,79,4,6,5,6,21,12,87,33,67,4,8.0,2.0,4.0,Normal
Boob,Deramus,Miami,CB,Ole Miss,31,76,3/9/94,69,184,1,38,9,Slot - CB,88,89,84,90,69,74,69,60,16,58,57,61,78,83,8,27,43,47,87,77,13,11,69,13,74,17,74,19,20,25,21,74,35,78,89,25,26,16,19,30,68,89,70,47,74,17,20,23,17,22,13,84,31,78,1,1.4225,1.4225,0.1675,Normal
Estus,Manders,Baltimore,LE,Marshall,22,76,7/28/03,75,251,1,45,0,Smaller Speed Rusher - DE,92,88,89,74,81,67,40,72,22,25,42,23,40,76,4,76,77,78,86,38,24,24,29,24,28,5,75,46,47,47,2,69,70,25,79,14,46,49,43,18,22,87,34,38,80,5,8,5,8,18,9,87,22,39,4,7.419415,1.854854,4.871004,Normal
Kez,Tamm,Indianapolis,FS,Maryland,23,76,9/10/01,72,212,1,20,3,Zone - S,98,85,89,88,69,72,66,56,17,51,52,59,72,81,15,35,85,50,90,66,22,24,39,20,64,16,75,36,34,35,10,68,29,69,73,25,37,36,36,19,69,92,61,43,81,13,14,20,15,27,9,83,49,74,4,5.065638,1.26641,0.8641,Normal
Shanley,Herrmann,Washington,WR,Ohio State,29,76,1/6/96,74,215,1,85,8,Physical - WR,84,83,91,80,75,85,79,42,22,71,75,84,85,77,71,12,45,59,86,75,21,21,71,45,16,82,78,49,27,32,17,22,12,9,49,80,59,34,36,80,85,88,60,78,48,20,23,27,29,30,18,73,57,24,1,3.25,3.25,2.47,Normal
Dilly,Milton,Los Angeles N,ROLB,LSU,24,76,3/2/01,73,225,1,48,1,Run Stopper - OLB,93,82,79,87,80,75,66,71,34,62,52,46,49,77,3,49,83,72,89,61,13,23,13,33,66,3,78,34,25,21,14,77,47,55,84,21,33,18,22,14,40,84,61,60,83,4,10,13,20,31,11,78,61,70,3,2.839,0.946333,0.009,Normal
Colston,Griggs,Jacksonville,RG,California,28,76,8/13/97,76,305,1,65,6,Power - G,68,58,67,86,85,86,15,25,12,9,33,10,22,50,5,15,30,83,87,12,20,22,10,76,9,5,76,79,77,80,6,30,15,10,31,12,77,75,79,10,12,72,10,10,34,6,6,6,6,22,10,84,23,12,3,37.5,12.5,20.0,Normal
Rudi,Kaeding,Pittsburgh,ROLB,N.C. State,25,76,4/21/00,76,238,1,41,1,Pass Coverage - OLB,93,86,82,82,70,75,68,62,21,59,62,66,75,85,26,71,86,69,85,65,25,24,22,34,62,33,75,35,32,24,15,73,61,72,89,29,44,37,38,32,73,93,61,52,88,17,17,24,21,27,9,90,59,70,4,5.596312,1.399078,0.890044,Normal
Rob,Clady,Tennessee,LG,Northwestern,24,76,7/31/01,76,313,1,77,2,Agile - G,79,56,85,90,86,79,25,21,15,23,28,22,38,57,7,16,22,85,92,21,31,30,12,79,10,12,74,82,82,76,9,24,24,11,32,18,78,74,80,15,14,67,16,28,24,7,8,7,6,27,7,87,25,9,4,19.673318,4.91833,19.673318,Normal
Flip,Niziolek,Los Angeles A,WR,TCU,23,76,9/6/01,76,215,1,1,2,,88,81,92,83,69,80,90,28,28,84,73,81,84,83,74,10,25,47,87,77,16,20,41,22,13,80,78,36,29,30,11,18,10,17,34,75,53,36,30,78,85,93,77,76,30,12,15,19,13,28,18,87,65,19,4,14.188778,3.547195,14.188778,Normal
Darrell,Neufeld,Tampa Bay,P,Syracuse,32,76,8/24/93,76,221,1,92,9,Power - KP,75,71,71,92,59,65,47,20,24,35,49,15,38,54,10,8,57,24,88,51,78,92,6,14,13,9,75,11,7,9,22,25,12,13,59,16,21,15,16,9,16,71,30,35,34,20,33,38,28,43,11,81,38,22,2,6.0,3.0,3.0,Normal
Rogers,Pride,Denver,CB,Iowa,25,76,3/3/00,72,193,1,21,2,Zone - CB,96,93,94,90,51,76,80,42,24,66,69,69,73,91,10,35,65,45,94,75,25,20,78,17,66,15,76,23,37,36,18,72,25,68,73,23,36,37,36,23,70,93,72,40,64,14,15,22,27,33,8,78,51,76,4,5.447487,1.361872,0.961808,Normal
Rocket,Nabors,New York N,QB,Wisconsin,36,76,11/29/88,71,215,1,3,13,Strong Arm - QB,82,88,83,96,58,74,83,14,84,70,66,35,70,84,9,9,10,35,98,76,18,12,9,38,15,23,76,8,11,11,83,24,9,9,46,27,43,37,39,33,44,86,77,68,28,86,82,86,82,88,79,96,39,14,4,8.0,2.0,4.0,Normal
Bishop,Gustafson,Dallas,RE,Ole Miss,26,76,3/31/99,76,261,1,54,3,Power Rusher - DE,94,84,84,74,79,69,28,76,19,16,32,34,43,69,5,67,81,84,88,28,14,13,10,18,30,5,75,41,47,43,7,70,76,23,82,12,43,44,42,12,33,87,19,30,82,2,6,7,5,23,16,79,30,40,4,6.526744,1.631686,2.997141,Normal
Elston,Gaynor,Cincinnati,HB,Oklahoma,29,76,9/16/95,70,236,1,34,9,Power Back - HB,91,77,76,90,80,76,76,38,18,79,96,48,74,76,49,12,41,51,86,74,21,23,49,50,15,56,75,58,33,36,12,21,11,13,48,39,54,40,45,67,45,85,63,85,40,18,23,24,14,32,15,78,87,13,2,3.6,1.8,0.04,Normal
Don,Griffen,Indianapolis,CB,Toledo,26,76,7/7/99,70,189,1,33,3,Manto Man - CB,93,88,88,86,45,75,49,42,11,43,52,55,72,88,20,38,44,36,87,73,9,9,49,16,77,29,74,24,24,23,6,76,30,70,66,26,25,25,24,34,60,90,64,32,58,5,6,9,8,17,9,69,35,73,4,8.0,2.0,4.0,Normal
Dezman,Catano,Los Angeles N,LG,TCU,25,76,10/16/99,75,330,0,73,2,Power - G,71,59,69,87,89,80,7,19,11,11,31,20,23,52,7,9,34,89,92,12,27,29,9,76,9,10,74,73,67,80,5,17,12,8,19,14,80,73,80,21,17,66,6,8,34,3,5,3,4,20,9,91,19,10,4,9.25271,2.313178,7.44215,Normal
Sig,Schamel,New Orleans,TE,BYU,35,76,8/23/90,74,221,1,7,8,Vertical Threat - TE,88,80,90,84,83,79,93,54,81,88,76,77,81,82,57,51,67,74,84,88,56,69,77,60,53,65,78,59,55,57,78,44,43,46,69,67,64,57,63,67,77,91,81,82,53,76,74,80,80,83,77,93,84,59,4,40.0,10.0,10.1,Normal
Gordy,Boatswain,Detroit,CB,Alabama,23,76,3/22/02,72,189,1,6,1,Slot - CB,97,90,91,92,58,68,71,48,21,66,67,67,82,87,44,35,71,44,93,78,17,18,58,21,73,47,78,31,20,22,15,72,32,74,70,40,39,27,22,52,70,92,76,38,73,16,22,25,23,33,14,92,33,75,4,14.34371,3.585928,14.34371,Normal
Aldon,Cappelletti,Carolina,DT,Missouri University of Science & Technology,27,76,6/25/98,73,280,1,92,5,Speed Rusher - DT,82,72,79,78,88,86,17,75,12,21,29,10,34,60,6,77,82,82,85,15,19,20,9,22,19,5,75,45,49,47,3,79,70,11,81,13,46,45,41,10,28,78,13,20,81,9,6,6,4,25,8,86,38,29,3,45.05,15.016667,30.25,Normal
Bobbie,Brophy,New York A,SS,Illinois,26,76,1/24/99,72,205,1,22,3,Hybrid - S,94,87,99,86,60,76,65,51,21,54,59,52,70,85,39,31,75,53,86,75,9,12,52,21,77,42,78,34,38,37,15,72,24,67,70,39,37,35,32,44,54,92,64,46,64,7,10,16,23,22,8,74,42,75,4,8.0,2.0,4.0,Normal
Cie,Levels,New England,HB,Ohio State,22,76,10/22/02,70,202,1,32,0,Elusive Back - HB,89,85,90,87,70,68,84,34,31,77,96,50,65,84,54,28,31,46,83,81,19,29,73,41,28,60,77,54,40,38,27,44,25,31,38,51,40,27,29,65,49,91,80,77,32,12,15,26,20,20,32,83,78,24,4,11.143234,2.785809,11.143234,Normal
Cato,Klimek,Arizona,HB,Florida State,23,76,7/23/02,73,223,1,33,1,Elusive Back - HB,93,83,82,85,75,63,80,41,32,80,93,52,72,84,57,31,47,40,84,83,15,17,79,38,27,60,77,56,28,33,19,38,26,27,46,56,44,32,28,67,51,93,78,77,47,17,20,26,24,28,20,82,78,34,4,6.059606,1.514902,1.226984,Normal
Neiko,Lafavor,Jacksonville,LT,Stanford,26,76,4/1/99,79,325,1,72,4,Pass Protector - OT,69,67,74,82,84,80,11,29,12,4,27,15,24,55,4,25,38,82,80,13,17,19,11,87,11,7,76,83,86,81,8,26,33,9,22,14,72,79,72,15,16,63,14,13,37,7,6,4,8,20,16,81,22,14,3,40.5,13.5,25.944256,Normal
Visanthe,Papit,New York A,LE,Iowa State,26,76,6/4/99,75,241,1,9,2,Smaller Speed Rusher - DE,87,88,86,78,69,74,45,72,33,33,49,45,48,80,28,82,87,70,91,50,32,35,25,44,38,30,76,45,45,45,15,69,73,52,81,35,45,45,45,35,46,82,45,52,77,22,25,30,25,44,11,78,43,50,4,8.0,2.0,4.0,Normal
Marvel,Baldischwiler,Arizona,LE,Tulsa,26,76,5/19/99,76,260,1,25,4,Run Stopper - DE,85,79,84,89,72,75,46,79,45,31,53,64,70,74,3,68,86,80,91,33,21,20,10,29,65,9,78,45,45,46,24,76,76,45,83,14,46,42,45,16,63,86,32,50,85,32,34,37,44,44,39,84,51,72,2,14.0,7.0,11.25,Normal
Sonny,Eubanks,Arizona,WR,East Carolina,30,76,3/30/95,74,200,1,17,8,Deep Threat - WR,92,86,86,86,76,74,82,27,22,77,73,80,88,86,77,22,37,49,79,78,17,22,81,29,15,76,76,38,23,25,19,17,18,20,23,79,61,12,22,77,86,89,72,74,34,25,29,34,32,39,20,78,68,24,1,2.4,2.4,1.3,Normal
Wade,Kenn,Carolina,DT,Alabama,30,75,3/21/95,75,320,1,94,9,,70,59,65,82,83,81,20,78,12,11,38,34,40,51,1,57,80,90,91,22,16,16,8,35,18,4,75,46,43,43,5,81,75,15,81,14,47,44,47,11,39,67,19,26,89,4,6,7,7,22,19,89,35,26,3,22.5,7.5,7.29,Normal
Drayton,Merkel,Green Bay,LG,Notre Dame,27,75,9/3/97,77,325,0,65,4,Power - G,56,59,78,83,87,81,9,16,12,7,29,10,29,51,6,12,31,83,87,11,24,17,8,78,12,3,75,72,71,78,7,12,11,8,26,14,82,81,78,11,14,62,12,23,23,8,6,8,7,23,12,84,21,15,4,77.0,19.25,27.0,Normal
Quinton,Dill,San Francisco,DT,Texas,23,75,10/8/01,78,332,1,95,0,,82,69,78,78,89,74,30,75,17,24,43,35,39,51,8,61,76,88,94,19,24,20,23,27,11,12,76,44,45,43,10,73,76,12,81,17,42,45,46,15,39,72,17,33,79,10,10,12,8,21,12,93,34,15,4,10.306886,2.576722,8.330859,Normal
Aundra,Taua,Tampa Bay,ROLB,Northwestern,30,75,8/8/95,73,235,1,3,8,Run Stopper - OLB,85,80,74,86,74,85,64,68,12,29,58,63,70,73,8,52,79,78,91,48,22,12,7,19,55,14,77,45,45,43,10,86,56,44,82,17,45,44,42,21,62,87,31,49,88,4,6,5,5,22,12,98,36,61,4,8.0,2.0,4.0,Normal
Hiram,Tidd,Tennessee,RE,LSU,29,75,5/3/96,77,240,1,49,7,Run Stopper - DE,76,78,77,78,78,83,20,80,12,12,34,19,33,63,6,79,84,80,89,38,13,15,12,12,34,10,75,46,46,44,4,78,69,23,80,11,43,43,46,12,17,82,28,30,82,7,6,5,8,8,15,77,27,46,3,21.0,7.0,11.58,Normal
Elwyn,Fenenbock,Carolina,C,Nevada,29,75,9/5/95,76,305,1,63,7,Agile - C,71,58,68,87,86,85,17,16,12,5,30,15,19,49,6,12,28,83,86,9,11,18,8,82,12,7,75,81,79,76,7,15,18,8,22,11,77,78,77,9,11,67,11,11,27,8,6,7,8,25,9,86,22,12,1,3.0,3.0,2.0,Normal
Dekoda,Tolleson,Detroit,CB,Pittsburgh,29,75,3/31/96,69,184,1,29,7,Manto Man - CB,92,91,88,87,55,76,73,44,12,48,62,65,71,93,24,39,61,45,81,83,10,19,74,15,73,27,75,35,35,40,6,76,25,74,70,27,40,35,35,37,67,89,66,34,56,6,6,6,6,27,10,77,25,75,1,1.4225,1.4225,1.1975,Normal
Anton,Decoud,Pittsburgh,CB,West Virginia,25,75,12/17/99,69,182,1,31,1,Slot - CB,92,83,85,84,69,69,65,50,19,56,65,69,75,91,15,34,60,47,90,64,12,13,48,19,75,21,75,28,17,19,5,70,30,71,75,17,37,20,25,21,70,90,62,22,70,7,6,7,5,37,13,80,26,71,4,8.0,2.0,4.0,Normal
Brunswick,Keisel,Tampa Bay,CB,Notre Dame,21,75,3/11/04,72,193,1,21,0,Manto Man - CB,94,93,88,86,57,70,81,42,22,56,64,69,77,91,19,32,54,42,82,81,22,27,78,24,77,25,74,36,35,24,9,65,26,77,71,22,38,34,25,24,72,91,71,39,49,11,7,12,8,14,8,80,38,71,4,8.215968,2.053992,3.576882,Normal
Mack,Belding,Los Angeles A,CB,Minnesota,27,75,9/8/97,75,200,1,24,4,Zone - CB,94,91,80,84,57,76,59,50,10,41,56,53,60,93,9,35,58,47,91,69,14,15,36,21,70,14,74,36,36,33,6,75,30,88,72,23,35,35,34,18,69,92,64,43,66,7,6,7,7,21,13,72,34,76,1,2.5,2.5,1.0,Normal
Jacquies,Scroggins,Jacksonville,HB,Virginia Tech,23,75,2/14/02,69,206,1,33,0,Elusive Back - HB,93,92,95,90,78,59,82,42,27,79,85,54,62,91,50,29,32,36,87,83,23,32,83,26,26,49,74,49,29,35,17,27,30,20,38,57,32,28,28,62,59,94,76,77,34,7,15,24,15,27,27,86,77,30,4,5.276528,1.319132,1.076528,Normal
Terrance,Garay,Arizona,P,Penn State,27,75,1/21/98,74,196,1,12,5,Power - KP,77,64,79,79,48,58,21,25,17,11,32,15,37,54,17,10,12,10,83,18,84,96,11,8,10,16,77,7,11,10,22,24,10,12,33,15,9,9,8,16,14,73,12,13,30,14,22,24,23,42,14,60,10,25,2,3.7,1.85,1.2,Normal
Le'Shai,Haggans,New York A,CB,SMU,27,75,12/29/97,73,215,1,21,4,Zone - CB,88,84,94,89,71,77,75,62,15,62,72,58,73,82,32,42,66,57,89,71,18,18,25,26,74,34,76,39,39,36,3,82,42,81,82,34,34,35,36,49,75,89,67,50,64,3,6,6,4,24,15,85,56,78,4,8.0,2.0,4.0,Normal
Bart,Ori,San Francisco,RE,Memphis,27,75,4/17/98,75,255,1,47,5,Smaller Speed Rusher - DE,85,80,82,77,71,73,24,68,12,8,42,25,34,73,6,79,80,80,87,24,14,13,11,9,38,10,77,43,47,45,8,68,68,35,79,17,44,47,46,16,30,83,34,28,84,7,6,7,6,27,12,87,23,48,3,51.1,17.033333,34.0,Normal
Tarzan,Villa,Carolina,QB,Alabama,24,75,7/5/01,70,204,1,9,2,Scrambler - QB,91,82,74,84,53,75,79,15,80,67,57,18,34,87,7,12,12,21,91,78,21,22,20,11,9,11,75,13,10,9,82,15,11,8,34,11,17,9,8,17,18,85,67,37,22,79,82,90,86,86,83,87,30,10,4,37.955071,9.488768,37.955071,Normal
Manase,Keating,Minnesota,FB,Augustana,32,75,7/22/93,71,250,1,30,9,Utility - FB,84,77,88,90,77,73,71,38,12,62,78,56,70,69,43,22,42,60,90,73,14,21,54,81,12,47,73,72,50,50,14,29,26,26,48,47,65,57,60,63,59,81,69,72,32,21,23,23,22,31,11,88,80,18,2,8.65,4.325,4.4,Normal
Amod,Eberts,Chicago,QB,USC,23,75,11/18/01,73,214,1,18,1,Scrambler - QB,91,82,83,91,65,66,84,22,86,73,63,15,44,78,14,11,21,19,95,77,23,22,30,16,13,14,77,12,17,27,80,28,11,10,30,14,14,15,25,19,16,85,70,53,27,76,79,85,88,95,81,92,58,18,4,39.486058,9.871515,39.486058,Normal
Shawnbrey,Parquet,Houston,FS,USC,22,75,4/30/03,74,188,1,2,1,Zone - S,92,87,80,90,51,76,75,52,17,70,61,69,81,86,23,33,80,54,94,73,22,15,57,16,70,27,73,31,21,24,9,73,27,66,71,38,29,24,32,36,74,88,69,54,69,10,10,19,14,34,8,86,42,75,4,5.856998,1.46425,1.079636,Normal
Trusse,Conner,Pittsburgh,WR,Memphis,26,75,3/24/99,69,162,1,19,3,,96,91,89,82,56,67,80,29,25,71,72,78,85,93,73,12,26,37,88,79,18,16,84,21,22,75,74,23,12,20,28,29,9,20,40,67,48,22,15,71,76,97,74,47,35,19,28,34,29,35,27,81,33,33,4,4.16434,1.041085,0.50434,Normal
Sione,Trippi,Pittsburgh,P,Ohio State,33,75,2/24/92,71,194,1,5,7,Power - KP,76,57,55,90,45,58,18,29,19,22,27,10,32,51,11,12,11,25,89,13,78,94,9,21,21,8,73,19,21,26,7,10,8,7,25,10,18,26,22,13,13,74,10,18,36,13,15,18,16,25,12,85,16,29,3,9.0,3.0,2.875,Normal
Zackary,So'Oto,Cleveland,MLB,UCLA,22,75,2/24/03,75,242,1,49,0,Field General - MLB,91,84,94,88,72,73,56,71,22,41,64,58,68,77,33,66,81,71,92,61,21,21,10,22,63,32,77,48,48,46,5,70,57,53,86,32,46,44,46,36,62,85,54,44,83,9,6,7,7,28,14,88,47,68,4,11.8004,2.9501,11.8004,Normal
Oren,Flones,Atlanta,CB,Utah,23,75,12/19/01,70,183,1,22,2,Manto Man - CB,97,90,80,94,63,72,78,41,12,65,58,64,75,87,21,37,57,39,94,78,12,12,57,15,78,24,73,32,37,36,11,76,32,59,73,26,37,38,37,26,71,91,70,59,59,10,12,15,9,19,13,83,29,74,4,4.613528,1.153382,0.773528,Normal
Laquan,Englund,Washington,RE,Clemson,28,75,5/17/97,76,265,1,99,6,Smaller Speed Rusher - DE,82,73,83,72,85,79,24,75,12,12,32,18,47,64,5,75,80,84,87,25,11,20,8,14,27,9,73,47,44,45,7,78,66,24,84,14,44,47,46,15,17,83,21,26,83,4,6,8,6,27,10,85,29,35,1,2.0,2.0,0.1,Normal
Jamell,Steele,Seattle,SS,Cincinnati,26,75,3/29/99,73,193,1,8,3,Zone - S,88,81,82,88,62,73,66,51,14,51,61,64,73,82,11,26,64,41,90,76,21,20,53,16,69,15,75,9,35,35,5,79,18,80,75,18,13,36,31,22,68,90,64,32,71,7,6,4,16,28,10,82,27,79,4,4.467804,1.116951,0.807804,Normal
Kim,Sinnott,Pittsburgh,P,South Alabama,30,75,7/21/95,74,210,0,3,5,Power - KP,68,65,64,82,42,63,31,18,33,24,53,22,48,49,11,12,45,23,91,29,77,94,14,21,12,12,77,17,13,17,23,18,12,9,33,16,22,14,18,12,33,69,25,15,39,27,36,45,28,42,24,78,38,15,1,0.985,0.985,0.0,Normal
Judson,Tippins,Atlanta,WR,LSU,28,75,9/23/96,75,200,1,16,7,Deep Threat - WR,88,80,91,84,63,72,83,20,20,71,76,83,81,81,81,11,15,42,86,81,15,22,82,17,10,75,76,22,18,14,6,18,11,13,30,74,54,19,27,71,86,92,75,59,31,14,15,17,17,28,17,81,33,17,4,8.0,2.0,4.0,Normal
Dinty,Dumas,Buffalo,TE,Utah,25,75,10/18/99,76,240,1,86,2,Vertical Threat - TE,88,68,92,85,69,74,73,37,17,69,75,80,84,81,67,10,41,62,88,74,20,19,37,55,16,68,76,60,59,54,4,19,10,21,32,69,62,59,56,74,81,86,60,62,35,7,10,13,10,23,10,83,66,20,4,13.427023,3.356756,13.427023,Normal
Peck,Yates,Jacksonville,SS,Maryland,28,75,7/30/97,71,198,1,6,6,Hybrid - S,91,84,95,88,58,82,75,50,15,53,69,60,76,85,18,55,80,61,94,75,16,26,65,15,75,23,75,34,36,33,17,76,33,66,72,20,37,36,37,36,70,91,73,42,62,9,10,13,16,21,12,83,36,72,3,21.75,7.25,12.5,Normal
Kavika,Liwienski,Buffalo,LG,Wisconsin,28,75,3/20/97,78,308,1,76,6,Agile - G,69,60,66,86,79,89,49,41,30,36,42,30,44,52,15,26,37,80,91,35,11,21,10,81,12,17,76,73,83,71,27,26,30,9,35,31,76,77,75,23,36,69,24,43,40,26,34,43,32,36,28,91,46,12,2,6.0,3.0,2.95,Normal
Bivian,Nave,Washington,RE,Arkansas,31,75,7/26/94,78,285,1,91,8,Run Stopper - DE,77,69,79,82,82,80,32,76,12,18,31,35,35,55,16,66,79,89,91,32,20,10,11,15,24,17,77,43,42,47,5,81,74,12,82,14,45,44,45,17,30,77,20,31,83,8,6,3,8,15,18,82,26,33,4,8.0,2.0,4.0,Normal
Stuart,Fleming,Tampa Bay,MLB,LSU,30,75,11/4/94,73,222,1,45,9,Pass Coverage - MLB,89,83,85,83,73,76,29,63,12,14,58,45,71,78,5,56,85,88,89,35,19,23,10,21,70,5,73,44,40,45,5,76,49,52,80,19,48,45,45,18,60,85,30,29,73,6,6,9,4,25,8,77,31,76,1,1.255,1.255,0.0,Normal
Jeremi,Asiata,New York N,CB,Maryland,24,75,3/3/01,74,205,1,2,2,Manto Man - CB,94,87,100,88,57,72,70,52,20,65,51,57,66,91,32,42,67,49,86,81,17,16,53,27,69,36,73,29,30,27,9,70,31,72,69,39,34,34,35,36,61,93,71,53,64,9,14,13,17,29,15,87,45,71,4,8.0,2.0,4.0,Normal
Jerod,Heldt,Seattle,LE,Auburn,24,75,3/19/01,75,252,1,58,2,Power Rusher - DE,95,72,84,84,80,74,55,69,22,31,45,45,55,78,35,67,82,80,89,44,14,17,28,28,47,38,73,38,43,42,10,72,76,41,78,43,43,47,42,41,50,89,43,42,77,18,21,26,24,33,14,86,44,55,4,9.115578,2.278895,7.222545,Normal
Anwar,Zusevics,New York A,DT,Florida State,29,75,5/9/96,73,317,1,91,7,,66,51,70,78,87,85,22,77,12,15,26,15,23,44,2,57,79,89,89,26,10,19,12,33,19,5,77,46,44,45,4,89,69,16,77,15,47,47,43,14,14,73,20,39,83,5,6,4,6,22,16,93,48,28,4,8.0,2.0,4.0,Normal
Arrelious,Drumstead,Chicago,WR,Texas,27,75,9/12/97,71,202,1,12,5,,94,88,85,86,66,73,87,37,29,80,76,82,89,84,73,10,28,49,89,79,14,15,81,33,16,74,77,29,23,24,23,19,10,17,42,70,51,28,32,75,81,93,73,70,33,25,28,40,30,43,26,89,68,20,1,1.3375,1.3375,0.1675,Normal
Jermichael,Gildea,New York N,HB,FAU,27,75,9/3/97,67,203,1,26,6,Elusive Back - HB,91,89,83,93,68,71,85,27,27,78,85,49,68,87,49,11,23,42,93,84,9,12,72,36,13,55,75,57,37,37,18,14,12,17,39,49,32,23,25,58,47,88,76,78,39,11,15,22,15,22,11,91,77,15,4,8.0,2.0,4.0,Normal
Raphel,Ebli,Cleveland,ROLB,Michigan,27,75,7/18/98,71,234,1,30,6,Run Stopper - OLB,91,87,90,85,72,79,36,64,12,19,56,55,62,82,5,61,86,72,90,41,10,11,13,24,62,6,76,46,43,44,7,75,56,51,87,16,45,45,45,13,54,85,38,35,90,8,6,8,4,17,12,84,35,65,1,3.25,3.25,2.97,Normal
Torrian,Mcadoo,Green Bay,DT,Georgia,27,75,3/31/98,75,304,1,95,3,Speed Rusher - DT,89,67,73,77,84,79,33,76,12,26,41,38,39,61,21,79,81,87,90,24,23,25,14,33,24,23,75,47,46,47,7,72,71,14,78,23,47,43,44,25,36,78,21,32,80,6,5,6,3,26,8,83,49,29,4,12.861184,3.215296,12.861184,Normal
Alf,Willegale,Dallas,LE,Boston College,21,75,9/25/03,75,248,1,41,0,Smaller Speed Rusher - DE,88,86,83,80,78,71,24,78,19,25,40,23,37,76,8,80,75,77,93,35,14,23,27,30,33,9,75,44,44,46,8,67,69,29,80,16,47,46,46,14,22,82,31,32,80,8,6,11,14,23,13,91,26,43,4,10.155086,2.538772,8.775719,Normal
D'Aundre,Chevrier,Green Bay,WR,Virginia,24,75,6/16/01,73,206,0,13,2,,87,85,89,78,61,79,86,22,36,74,70,78,80,87,76,10,21,43,84,84,21,22,41,24,10,79,77,25,16,24,30,18,10,17,32,73,43,28,19,76,80,89,73,49,31,34,39,47,44,51,40,85,44,10,4,4.142548,1.035637,0.302548,Normal
Dequincy,Bunz,Buffalo,ROLB,Tulane,24,75,6/28/01,74,230,1,42,2,Pass Coverage - OLB,96,76,83,84,63,77,57,65,15,48,51,55,65,79,13,56,73,64,86,66,14,16,39,26,62,13,74,34,33,32,16,75,45,69,86,23,38,31,33,12,57,88,60,56,85,6,12,18,8,22,12,78,45,68,4,5.472806,1.368202,0.914768,Normal
Tutan,Isabel,Kansas City,HB,UL Lafayette,27,75,5/2/98,70,200,1,25,4,Elusive Back - HB,95,89,88,91,71,71,82,27,26,78,94,57,72,82,50,13,20,30,86,84,19,23,73,27,13,60,76,53,31,29,8,17,10,19,38,53,39,27,17,64,56,86,77,77,26,14,17,21,12,27,16,82,79,18,1,2.5,2.5,1.35,Normal
Eddie,Rosdahl,Tampa Bay,WR,Ohio State,22,75,10/14/02,73,201,1,9,0,Deep Threat - WR,97,86,88,94,58,76,83,38,26,73,77,82,83,87,77,34,40,37,90,79,22,29,74,22,20,77,76,20,15,19,25,32,29,23,40,76,47,25,29,81,81,90,76,54,29,20,22,24,22,69,24,88,41,23,4,18.17273,4.543183,18.17273,Normal
Ookie,Harrington,Las Vegas,CB,Georgia,26,75,3/1/99,72,194,1,22,4,Manto Man - CB,92,85,93,89,59,73,72,42,10,50,56,58,67,84,33,34,47,37,86,80,8,16,49,17,72,35,75,23,36,33,10,69,25,79,70,38,33,33,36,36,61,96,67,37,51,11,12,19,15,31,10,76,37,70,1,3.5,3.5,2.99,Normal
Patterson,Schibanoff,Houston,DT,Connecticut,30,75,3/4/95,76,318,1,91,7,,69,65,73,77,92,75,15,78,12,9,27,15,24,59,1,55,82,86,90,18,16,8,9,27,18,5,75,43,43,46,7,74,74,11,76,16,47,44,46,17,16,64,14,21,84,7,6,8,5,21,9,91,18,28,4,8.0,2.0,4.0,Normal
Gaylon,Woodall,New England,C,N.C. State,30,75,6/20/95,75,300,1,65,6,Agile - C,80,66,78,88,92,85,43,40,12,36,47,42,54,56,16,34,42,79,88,23,19,20,12,83,12,23,76,69,71,71,5,28,43,9,39,41,78,84,79,28,41,73,18,31,46,7,6,5,6,31,12,89,48,15,2,9.5,4.75,3.8,Normal
Kanavis,Mcmanus,Detroit,RG,Michigan,33,75,8/19/92,78,310,1,60,9,Power - G,65,61,62,92,85,85,17,24,12,7,28,14,19,55,7,13,31,79,87,16,19,22,7,86,12,4,77,69,67,73,8,20,12,9,29,15,80,82,82,12,15,64,12,17,28,7,6,5,6,22,15,89,27,14,3,20.0,6.666667,8.0,Normal
Brit,Nunamaker,Seattle,LG,North Dakota St.,23,75,3/30/02,78,312,1,76,0,Agile - G,81,63,85,90,88,76,13,27,11,9,25,10,24,62,3,19,27,84,92,7,13,20,11,87,10,5,74,73,79,74,3,16,21,14,28,15,77,75,76,16,12,73,5,17,29,6,6,6,8,20,13,88,23,10,4,18.47146,4.617865,18.47146,Normal
Ziggy,Taves,Denver,CB,East Carolina,25,75,6/4/00,70,183,1,29,2,Slot - CB,85,93,86,90,55,77,65,38,25,54,60,58,79,88,31,34,47,38,90,73,16,17,47,17,79,32,74,29,29,30,20,77,25,74,77,19,29,32,29,37,66,88,65,28,63,25,27,30,32,34,15,79,26,76,4,8.0,2.0,4.0,Normal
Jerron,Mertens,Miami,CB,Arizona St.,27,75,12/20/97,71,175,1,23,3,Zone - CB,93,88,84,88,53,76,64,44,15,55,60,57,77,90,29,28,54,40,86,73,33,37,60,10,73,31,75,25,25,25,15,77,23,65,70,26,25,25,25,35,71,94,66,32,43,10,10,15,15,26,10,73,34,77,1,1.1,1.1,0.0,Normal
Putt,Wiatrak,New England,ROLB,Hawaii,28,75,9/28/96,74,246,1,48,6,Run Stopper - OLB,86,79,79,89,76,70,46,71,12,50,55,45,69,72,20,52,82,87,90,46,18,12,14,21,60,24,73,46,42,44,5,77,65,49,88,28,49,43,45,35,46,86,40,55,84,7,6,2,8,24,11,86,51,63,3,16.0,5.333333,9.0,Normal
Jarious,Jones-Drew,Denver,HB,Youngstown St.,24,75,9/13/00,67,187,1,38,2,Elusive Back - HB,92,78,78,80,66,80,78,32,28,75,92,48,74,84,49,12,29,37,88,87,11,17,74,29,15,55,73,52,28,29,17,19,17,17,34,56,28,25,23,58,51,90,79,66,29,20,21,24,29,28,21,85,58,21,3,2.71,0.903333,0.055,Normal
Ilia,Fifer,Atlanta,RE,Tennessee,21,75,10/12/03,77,245,1,27,0,Smaller Speed Rusher - DE,94,73,74,73,75,76,48,69,12,30,46,33,52,65,5,77,76,65,87,40,23,24,30,29,40,10,74,37,39,41,14,66,66,33,80,12,40,37,41,14,31,89,35,41,75,15,13,23,8,32,9,79,36,50,4,16.778784,4.194696,16.778784,Normal
Vickey,Carton,Green Bay,FS,Georgia,22,75,9/5/02,71,198,1,20,1,Zone - S,92,84,79,88,73,73,66,53,15,64,61,61,69,88,24,39,89,57,93,71,27,24,57,27,69,26,77,33,28,26,15,71,32,73,79,29,34,32,33,33,70,88,64,43,72,7,10,16,16,33,19,86,44,77,4,6.706132,1.676533,3.735287,Normal
Sammie,Sledge,Indianapolis,CB,Texas AM,23,75,4/3/02,74,200,1,40,2,Zone - CB,95,86,89,91,61,75,73,51,16,62,64,62,69,79,34,44,75,51,89,68,11,13,58,14,73,39,73,27,24,25,7,74,35,77,73,49,37,34,33,37,69,89,65,53,60,9,13,16,19,35,15,80,50,78,4,3.95348,0.98837,0.11348,Normal
Jace,Kab,New York N,RT,Texas AM,30,75,12/13/94,76,330,1,72,8,Power - OT,63,55,74,82,93,78,22,18,12,11,25,20,26,51,5,11,38,82,88,28,29,27,10,73,12,8,77,74,74,77,9,11,11,9,23,13,79,78,80,21,17,67,15,28,36,8,6,6,5,25,8,85,36,12,4,8.0,2.0,4.0,Normal
Marshall,Marefos,Seattle,DT,Ohio State,33,75,3/30/92,74,320,1,97,12,,63,59,76,78,92,87,27,77,12,9,46,16,31,52,1,51,65,92,90,13,9,10,9,17,20,1,73,43,46,45,4,84,71,11,76,12,44,46,47,9,14,73,14,41,83,4,6,7,6,9,16,76,36,29,1,2.115,2.115,0.35,Normal
Ogemdi,Terlep,New York N,LG,Michigan,28,75,8/8/97,76,307,1,76,5,Pass Protector - G,68,61,76,90,84,82,11,21,12,17,29,22,39,57,2,18,23,82,94,21,11,18,8,77,12,13,76,82,77,80,6,22,26,11,31,16,68,70,68,17,11,70,19,25,30,3,6,4,5,28,13,90,27,15,4,8.0,2.0,4.0,Normal
Ickey,Kenney,Las Vegas,LG,W. Kentucky,27,75,1/4/98,75,300,1,61,4,Agile - G,77,73,78,79,85,79,15,23,12,8,30,21,21,53,5,8,38,86,88,10,5,7,7,85,12,1,76,82,76,83,6,7,12,10,31,8,74,77,78,13,18,70,10,23,38,2,6,2,5,19,8,83,28,12,1,0.75,0.75,0.0,Normal
Gus,Sintim,Baltimore,P,Penn State,27,75,8/4/98,75,214,1,11,3,Power - KP,89,64,64,87,44,59,23,19,18,11,36,15,29,58,16,9,17,14,88,30,75,93,11,16,10,16,75,16,15,15,13,15,12,11,26,17,13,15,18,13,13,83,22,14,26,20,23,25,18,32,18,74,11,10,4,4.357836,1.089459,0.697836,Normal
Dusty,Searcey,Green Bay,RG,Arizona,24,75,8/4/01,77,311,1,77,1,Agile - G,80,61,66,83,86,76,22,31,13,15,37,15,31,57,8,20,35,87,91,24,14,19,14,85,16,10,76,80,79,80,5,26,26,10,20,16,74,78,75,15,17,69,12,24,38,10,15,22,6,23,6,82,30,18,4,14.185596,3.546399,14.185596,Normal
Yancey,Soliai,Kansas City,LT,Ohio State,22,75,12/26/02,77,317,1,71,0,Power - OT,75,66,72,90,85,79,16,39,14,1,29,14,15,60,7,31,40,85,83,7,16,12,13,80,12,5,77,78,81,82,7,18,34,13,28,10,79,74,75,18,17,72,10,20,34,5,6,5,7,17,12,84,25,16,4,14.675356,3.668839,14.675356,Normal
Leslie,Robnett,Kansas City,CB,Fayetteville State,25,75,10/17/99,75,193,1,2,3,Zone - CB,91,87,89,88,58,76,71,44,21,64,62,61,73,80,33,38,66,55,90,70,15,13,57,21,72,38,74,33,32,34,5,72,32,74,71,43,33,37,34,42,68,89,63,42,62,4,6,8,11,31,13,84,40,77,4,4.32626,1.081565,0.66626,Normal
Daddy,Scoggins,Kansas City,WR,USC,28,75,11/22/96,73,215,1,9,8,Physical - WR,89,87,90,87,73,80,83,27,22,80,69,85,86,79,71,21,41,64,84,79,19,22,79,46,37,75,76,48,29,34,16,13,15,24,49,76,52,37,39,72,89,87,69,81,42,12,18,22,28,36,21,91,76,45,1,1.4225,1.4225,1.1975,Normal
Demorrio,Stein,Pittsburgh,HB,Iowa,22,75,8/14/03,73,224,1,20,0,Elusive Back - HB,88,91,71,80,77,69,87,33,18,82,91,57,67,92,43,34,32,39,87,81,16,33,76,32,33,48,77,53,46,45,16,34,32,27,36,45,37,31,33,60,52,88,75,79,36,10,13,9,20,23,19,91,81,29,4,6.372062,1.593016,1.274228,Normal
Regan,Duckworth,Detroit,WR,Holy Cross,31,75,8/8/94,68,182,1,11,8,Deep Threat - WR,93,89,84,83,52,80,74,35,22,72,71,74,89,85,77,16,42,41,86,84,21,21,82,22,22,75,76,39,17,21,5,23,11,20,53,75,43,17,24,78,82,91,78,52,46,7,10,17,10,33,19,75,31,31,2,10.5,5.25,8.15,Normal
Mervyn,Peck,Dallas,WR,TCU,29,75,8/2/96,69,160,1,9,4,,96,94,88,85,49,73,87,13,33,81,66,75,81,91,68,10,13,32,85,88,10,14,95,17,25,67,74,24,9,10,24,16,9,8,25,72,34,24,14,66,76,97,80,31,11,26,28,36,35,39,33,76,23,24,4,8.0,2.0,4.0,Normal
Lindsay,Day,New Orleans,HB,TCU,23,75,6/11/02,72,220,1,5,2,Elusive Back - HB,94,84,83,84,79,74,80,58,24,80,92,47,63,83,39,36,64,37,93,85,12,20,41,30,33,44,76,47,34,29,21,48,41,49,55,42,37,28,25,50,46,89,76,77,56,24,26,35,29,36,21,88,83,38,4,5.654319,1.41358,1.112232,Normal
Paco,Beckham,Pittsburgh,HB,Memphis,26,75,3/14/99,69,200,0,14,4,Elusive Back - HB,87,86,84,84,70,74,86,25,34,83,88,56,65,83,54,12,25,34,94,86,43,50,63,27,12,60,74,53,30,33,29,11,11,18,38,59,30,29,16,65,55,90,83,75,34,25,33,44,43,50,30,84,71,16,1,1.79,1.79,0.62,Normal
Benjamin,Chandler,New Orleans,CB,Alabama,22,75,9/30/02,72,196,1,4,1,Manto Man - CB,92,88,83,87,53,69,64,53,21,67,54,58,68,84,22,41,57,45,90,72,11,14,82,15,76,21,74,12,6,9,11,64,30,82,73,28,24,13,11,30,64,88,71,41,68,11,15,19,6,25,13,83,27,74,4,9.157108,2.289277,7.282112,Normal
Orien,Mcclendon,Tennessee,C,LSU,27,75,11/22/97,76,315,1,79,5,Pass Protector - C,66,53,61,88,88,88,11,20,12,5,29,10,30,47,4,14,20,81,84,12,21,22,13,81,13,8,76,77,78,80,5,24,13,9,25,13,74,76,75,7,12,72,8,10,21,5,6,9,7,21,16,90,22,14,4,8.0,2.0,4.0,Normal
Lupe,Olshansky,Baltimore,FS,Georgia,21,75,11/13/03,73,197,1,24,0,Zone - S,89,92,79,94,64,72,73,56,35,59,63,57,74,92,20,36,80,57,90,74,17,22,79,23,69,23,75,37,37,36,32,69,34,71,77,27,34,34,36,33,63,88,65,48,73,25,29,34,32,39,33,89,51,78,4,16.579658,4.144915,16.579658,Normal
Kellogg,Lanza,Cleveland,DT,Nebraska,30,75,4/8/95,74,310,1,96,9,,71,67,75,81,86,87,23,74,12,11,34,17,31,59,7,79,78,84,89,16,17,17,8,34,18,4,73,44,45,42,3,86,66,10,79,14,43,44,50,10,21,69,21,26,79,2,6,8,7,24,15,90,27,26,2,20.0,10.0,10.0,Normal
Le'Ron,Foldberg,Seattle,WR,USF,30,75,10/10/94,76,206,1,1,7,Deep Threat - WR,93,84,81,82,61,77,79,25,19,72,72,80,81,81,80,9,23,52,85,74,20,16,76,26,10,75,75,33,24,26,11,18,11,15,29,79,52,17,22,77,85,94,72,45,31,9,15,18,13,22,15,76,46,17,1,4.0,4.0,3.0,Normal
Deshone,Fronczek,Cleveland,CB,Mississippi St.,24,75,9/27/00,74,201,1,1,3,Zone - CB,91,85,87,87,62,78,64,49,17,55,60,50,71,86,28,41,57,47,90,70,16,22,44,22,70,29,73,35,32,36,3,81,29,87,74,34,35,38,35,35,57,91,65,39,55,12,13,19,17,22,12,81,35,79,4,8.0,2.0,4.0,Normal
Garo,Fraser,Kansas City,P,San Diego St.,25,75,5/16/00,73,201,0,14,3,Power - KP,85,66,77,88,48,54,27,19,21,16,37,15,28,55,13,9,25,19,88,34,78,97,9,18,11,13,75,18,15,15,17,18,8,11,36,13,17,17,14,16,21,85,24,9,32,21,25,28,22,33,21,77,13,15,1,0.96,0.96,0.0,Normal
Johnie,Kuykendall,Minnesota,CB,USC,26,75,3/18/99,71,178,1,5,2,Slot - CB,92,89,86,91,58,74,71,38,13,58,52,58,71,90,35,40,62,46,85,72,15,13,71,11,70,41,77,26,23,28,10,78,30,75,72,47,30,32,35,55,68,92,66,27,72,6,6,3,5,23,8,87,22,74,4,5.304084,1.326021,0.857516,Normal
Kelley,Gorin,Buffalo,RE,Brown,27,75,10/5/97,76,267,1,55,5,Smaller Speed Rusher - DE,86,82,81,72,83,74,50,76,12,32,49,35,30,66,18,75,81,83,87,52,9,9,36,24,46,22,73,53,42,47,6,76,67,21,85,13,48,45,43,29,33,83,40,49,79,9,6,9,7,13,12,87,57,50,3,21.0,7.0,13.43,Normal
Alphonso,Fluellen,Carolina,CB,Miami,28,75,1/10/97,73,210,1,2,6,Manto Man - CB,90,82,94,85,62,75,55,55,10,41,59,40,66,84,11,36,65,46,88,69,15,17,29,16,77,18,75,33,33,36,7,78,34,76,76,47,33,34,36,27,60,89,61,37,66,4,6,5,4,27,14,82,30,73,4,8.0,2.0,4.0,Normal
Murrell,Youmans,Miami,WR,Indiana,28,75,3/21/97,74,211,1,18,5,Slot - WR,89,78,84,79,61,79,78,38,23,71,76,85,88,80,73,8,28,46,91,73,12,19,25,26,14,77,77,34,25,28,7,17,8,18,38,75,58,23,24,80,85,89,70,55,35,11,15,19,17,28,19,85,54,19,4,8.0,2.0,4.0,Normal
Charle,Wisener,Kansas City,TE,Duke,26,75,4/30/99,75,240,1,83,4,Vertical Threat - TE,90,86,84,84,67,80,75,35,34,69,79,78,87,70,60,12,28,63,93,68,17,25,27,48,14,62,75,61,59,55,31,17,11,17,45,68,61,57,56,70,79,87,62,64,39,33,36,41,36,52,32,87,67,18,3,18.0,6.0,10.016,Normal
Galand,Artoe,New York A,LT,Penn State,22,75,12/9/02,78,312,1,74,1,Power - OT,76,65,79,88,86,75,27,47,12,13,35,15,31,59,4,29,42,88,97,28,15,13,8,82,10,4,76,80,74,80,8,27,42,11,37,12,77,80,76,12,22,69,23,29,45,5,6,7,6,20,11,88,40,11,4,8.0,2.0,4.0,Normal
Terrell,Fiorentino,Los Angeles N,SS,UCLA,26,75,1/29/99,73,201,1,37,3,Zone - S,88,80,85,94,57,76,56,55,20,49,60,57,70,80,8,33,67,50,86,67,19,21,42,16,65,16,73,38,35,37,10,74,31,68,78,24,34,37,36,21,66,84,57,38,73,13,17,18,18,30,9,74,43,74,4,3.792016,0.948004,0.132016,Normal
Wayne,Whitlatch,Atlanta,WR,Clemson,28,75,10/15/96,69,190,1,34,8,,93,83,84,82,49,81,86,24,13,75,68,79,91,84,76,19,26,43,93,84,15,20,83,28,20,79,76,31,16,20,8,23,13,18,41,69,52,35,37,77,80,89,67,60,35,5,10,17,10,24,15,84,60,17,4,8.0,2.0,4.0,Normal
Deron,Haymond,San Francisco,WR,Florida,24,75,9/9/00,73,191,1,1,1,,95,92,94,83,61,77,80,28,30,73,74,79,87,95,77,9,14,40,91,79,22,22,76,26,16,80,77,33,22,23,31,19,9,16,32,68,50,28,20,74,85,90,70,51,25,39,47,44,38,52,35,87,42,20,4,12.538398,3.1346,12.538398,Normal
Therrian,Landers,Pittsburgh,WR,USC,33,75,4/10/92,72,195,1,16,12,Slot - WR,87,86,87,93,61,78,79,39,22,79,73,84,82,86,75,12,16,52,88,87,24,23,79,32,18,79,75,44,31,29,14,21,11,38,40,77,60,31,38,81,83,87,76,59,37,18,24,27,21,36,22,78,55,21,1,2.0,2.0,0.745,Normal
Limbo,Mcfadden,Minnesota,P,Tulane,25,75,6/1/00,75,245,1,17,3,Power - KP,85,62,78,86,64,61,36,24,21,27,43,21,30,57,6,10,44,25,89,33,84,90,12,17,10,12,73,17,9,8,27,24,10,8,30,15,6,7,7,14,25,81,25,32,37,34,40,47,24,46,14,81,35,10,1,1.75,1.75,0.65,Normal
Tracey,Buben,Carolina,P,Appalach. St.,35,75,2/27/90,73,211,1,6,12,Power - KP,71,56,68,88,47,65,12,12,17,8,45,10,45,48,9,8,14,17,92,13,76,86,10,15,10,8,74,18,17,16,18,12,12,13,38,13,25,18,11,13,12,77,13,6,24,19,15,18,16,37,11,76,10,25,1,1.6,1.6,1.6,Normal
Wali,Etter,Indianapolis,RE,Eastern Wash.,30,75,5/9/95,75,240,1,52,8,Smaller Speed Rusher - DE,88,80,87,82,81,69,46,84,12,25,41,42,52,64,8,75,81,82,97,57,20,17,13,21,48,12,76,45,45,47,6,67,65,34,82,15,45,47,45,27,47,83,48,35,82,9,6,10,4,22,13,85,52,61,3,24.0,8.0,10.755,Normal
Homer,Skorich,Houston,DT,Louisville,31,75,4/2/94,74,305,1,90,9,,72,71,83,79,87,83,26,76,12,13,40,28,43,58,3,66,80,85,89,25,17,17,9,35,28,5,75,44,45,44,6,82,73,13,75,15,45,45,46,13,26,72,17,25,81,6,6,6,6,23,13,91,33,39,1,5.25,5.25,4.5,Normal
Sammy,Maslowski,Los Angeles A,DT,FIU,28,75,2/28/97,74,304,1,90,5,,78,66,74,75,86,80,11,77,12,11,42,15,33,50,6,68,80,84,87,11,11,16,17,28,12,5,74,47,47,45,8,79,74,12,79,12,44,46,47,10,15,71,9,26,81,7,6,4,6,30,16,88,36,23,1,4.5,4.5,3.5,Normal
Darin,Ruff,Chicago,P,Iowa,28,75,7/10/97,76,223,1,19,1,Power - KP,87,64,67,84,58,58,28,25,26,12,54,10,47,55,12,11,47,20,97,23,78,96,10,16,10,12,74,22,13,17,15,15,8,12,45,11,21,18,12,10,15,79,19,27,39,22,25,25,23,38,11,83,28,13,4,4.7679,1.191975,0.7479,Normal
Ham,Maskas,Jacksonville,QB,Clemson,25,75,10/6/99,78,220,1,16,4,Scrambler - QB,92,84,78,91,65,74,86,24,82,74,64,25,51,80,12,12,17,28,88,71,20,23,16,22,13,14,76,13,15,13,87,20,11,11,31,22,24,14,21,27,29,87,78,50,27,85,78,82,86,91,80,93,58,18,5,275.0,55.0,142.0,Normal
Rex,Rabb,Washington,CB,Ole Miss,23,75,3/3/02,73,195,1,23,0,Zone - CB,95,80,86,92,66,76,73,51,47,53,61,60,71,79,32,28,48,57,93,76,24,30,45,20,75,35,76,38,33,26,42,76,32,81,73,38,32,35,24,36,66,93,70,49,63,39,45,52,48,49,44,89,39,77,4,7.28002,1.820005,4.568725,Normal
Gene,Attache,Los Angeles A,LE,USC,22,75,9/3/02,75,266,1,45,2,Run Stopper - DE,79,72,71,81,85,77,37,82,12,25,32,27,35,61,9,79,82,80,88,31,25,34,7,32,43,9,76,44,40,42,8,74,71,38,85,14,45,49,41,17,32,76,22,39,79,3,7,13,5,23,15,91,40,55,4,6.571383,1.642846,3.577887,Normal
Khalif,Scarbath,Los Angeles N,WR,Louisville,25,75,10/7/99,69,165,1,5,4,,95,88,78,83,39,78,83,19,57,66,61,79,81,92,78,10,12,30,81,77,16,19,70,15,10,76,76,23,12,10,52,17,10,12,29,59,38,21,11,74,80,93,76,41,16,51,55,58,64,67,49,74,21,17,4,8.0,2.0,4.0,Normal
Revie,Mazurek,Tampa Bay,SS,Georgia,24,75,2/18/01,70,202,1,23,1,Hybrid - S,90,84,88,87,56,75,69,51,31,65,58,63,74,81,8,52,86,55,89,71,9,14,67,14,78,8,75,31,22,27,31,74,43,64,79,10,33,27,31,21,62,91,66,34,68,27,32,35,34,34,21,92,34,75,4,5.687018,1.421755,0.956012,Normal
Shorty,Petitti,Los Angeles A,TE,Central Michigan,30,75,7/30/95,75,254,1,83,7,Vertical Threat - TE,86,79,86,93,64,73,72,23,18,73,73,82,92,74,61,17,26,67,92,69,15,21,11,52,15,66,75,58,54,60,8,10,19,9,28,66,65,59,60,72,83,82,61,59,29,9,15,22,12,28,16,86,72,17,1,3.0,3.0,2.83,Normal
Thom,Mucker,Indianapolis,TE,Penn State,23,75,5/24/02,78,256,0,84,0,Vertical Threat - TE,90,83,91,88,79,64,78,46,43,68,72,81,83,74,63,45,38,69,96,72,34,36,43,62,39,71,76,59,63,60,44,26,41,17,45,73,61,61,66,74,83,84,63,69,47,40,50,58,38,61,44,92,69,24,4,20.96065,5.240163,20.96065,Normal
Legarrette,Durkota,Chicago,CB,Miami,25,75,5/26/00,72,204,1,29,2,Zone - CB,95,85,90,90,59,68,61,54,15,48,57,57,71,82,10,39,80,53,84,65,24,21,56,16,73,12,76,31,39,36,3,74,33,81,72,25,36,32,33,17,64,90,57,42,59,6,6,5,4,25,14,86,39,79,4,6.449498,1.612375,3.483703,Normal
Menil,Haley,Seattle,RE,USC,28,75,12/28/96,74,251,1,7,7,Smaller Speed Rusher - DE,88,83,79,85,74,79,39,81,15,31,45,46,61,71,4,74,85,77,94,51,11,16,11,19,47,7,75,46,47,46,4,80,68,38,81,37,43,46,43,13,42,81,43,32,80,8,6,5,8,19,14,81,31,60,3,45.0,15.0,32.0,Normal
Torri,Doig,Minnesota,K,Alabama,24,75,1/19/01,73,194,1,16,1,Accurate - KP,79,64,66,84,42,59,25,13,13,15,30,10,22,54,7,10,12,12,91,28,86,92,10,8,10,8,75,12,7,8,16,15,10,10,25,9,15,10,10,10,14,78,26,10,29,20,29,31,20,32,12,75,20,10,4,4.19062,1.047655,0.17062,Normal
Damik,Vatterott,Arizona,CB,Michigan,22,75,3/29/03,74,194,1,0,0,Zone - CB,90,86,89,83,62,78,79,49,12,59,69,66,77,83,41,42,66,52,81,76,21,27,53,25,72,38,75,25,35,25,6,77,34,74,74,46,25,35,25,41,73,89,69,43,57,6,6,6,6,14,10,81,41,78,4,9.410768,2.352692,7.660119,Normal
Edmund,Stonesifer,San Francisco,LE,Penn State,27,75,2/26/98,77,265,1,94,5,Power Rusher - DE,82,78,79,82,81,74,31,75,11,13,31,16,34,68,4,69,83,78,91,27,14,23,9,16,27,7,74,41,46,44,3,70,77,14,81,13,47,45,47,9,19,85,26,25,82,3,6,10,5,19,16,86,33,32,2,18.0,9.0,9.39,Normal
Derrel,Rodriguez,Miami,FB,Wisconsin,29,74,7/9/96,73,235,1,30,6,Utility - FB,78,72,85,88,78,68,71,35,33,49,81,62,75,73,41,34,39,68,83,75,38,59,32,81,15,49,72,71,46,49,37,29,28,21,45,53,67,55,52,66,54,84,65,74,46,46,47,50,49,64,38,89,74,20,3,12.2,4.066667,4.08,Normal
Gern,Brittenum,Los Angeles A,C,UCLA,28,74,5/2/97,76,300,1,78,6,Pass Protector - C,68,57,75,88,86,73,9,38,12,10,35,25,30,50,8,17,18,85,95,11,21,26,13,80,13,5,72,81,79,78,4,23,27,13,29,15,70,76,75,12,16,69,9,16,36,7,6,3,4,24,9,85,24,15,1,1.17,1.17,0.0,Normal
Erroll,Piro,Jacksonville,FS,Wyoming,28,74,12/5/96,72,200,1,42,6,Zone - S,92,88,85,86,57,78,72,52,15,52,76,43,70,85,12,46,86,59,90,72,18,17,29,23,65,26,74,38,37,34,17,76,55,61,77,17,33,38,44,36,60,88,62,44,67,9,10,17,16,34,14,89,75,74,3,9.6,3.2,4.08,Normal
Rodrick,Shea,Miami,FS,California,28,74,10/10/96,73,202,1,21,5,Zone - S,94,86,89,84,59,76,75,51,20,59,63,57,72,82,31,32,83,63,87,80,18,16,83,11,64,37,73,28,36,33,7,74,26,62,69,29,37,35,32,43,69,92,65,52,64,13,6,4,6,36,10,92,48,73,1,2.5,2.5,1.23,Normal
Corby,Mcmahon,Miami,RT,USC,26,74,8/11/99,77,320,1,73,5,Agile - OT,76,65,76,85,84,81,27,55,12,13,24,20,31,54,5,41,52,80,86,26,20,20,10,87,22,7,74,75,77,73,6,42,54,18,53,13,78,80,76,18,16,72,22,34,54,6,6,6,6,22,10,91,32,31,3,36.0,12.0,13.066124,Normal
Crawford,Zieman,New York A,CB,Florida State,21,74,7/6/04,74,196,1,23,0,Zone - CB,91,83,88,87,68,78,70,56,12,45,56,62,73,85,25,36,62,55,91,70,20,28,82,27,71,26,74,33,36,27,5,80,32,80,69,28,34,34,24,30,67,84,62,44,57,8,6,7,7,27,12,88,38,78,4,8.0,2.0,4.0,Normal
Spiro,Lomack,Arizona,LE,Ohio State,26,74,2/19/99,75,240,1,5,4,Power Rusher - DE,93,88,94,83,77,70,41,74,23,30,52,41,50,74,5,68,84,84,91,30,12,18,9,25,61,8,72,45,45,44,20,74,78,51,78,15,43,43,48,17,40,88,32,40,80,10,11,21,20,28,26,85,40,58,2,15.0,7.5,10.0,Normal
Birdie,Croston,Denver,LG,Oklahoma,28,74,10/29/96,76,310,1,74,6,Pass Protector - G,70,62,74,85,79,89,12,35,12,8,40,15,37,50,6,12,26,82,92,12,14,11,12,77,12,3,76,75,80,76,6,13,12,10,31,13,77,75,82,12,17,71,7,7,37,9,6,5,4,29,12,86,29,12,4,51.5,12.875,27.0,Normal
Guss,Broussard,Arizona,DT,Delaware,28,74,9/14/96,76,313,1,92,7,,75,65,79,87,85,72,49,75,12,21,41,32,45,58,21,62,75,84,89,36,11,17,9,33,20,33,76,46,45,46,4,73,72,11,77,28,43,42,41,33,33,71,31,47,86,8,6,6,5,23,12,86,54,28,3,21.0,7.0,12.0,Normal
Blue,Sobomehin,Los Angeles N,HB,Michigan,24,74,11/25/00,68,210,1,22,1,Elusive Back - HB,89,90,86,86,73,71,85,25,26,80,86,54,69,88,55,8,24,44,90,84,11,11,74,38,10,61,74,46,42,38,14,19,9,14,34,55,42,38,30,66,56,90,79,75,33,12,18,27,20,29,13,89,83,20,4,5.763762,1.440941,1.011828,Normal
Hurvin,Capece,Carolina,DT,Texas AM,25,74,8/7/00,76,324,1,97,4,,82,63,76,74,85,74,20,81,12,15,22,13,22,61,5,57,78,87,88,24,19,15,7,34,16,6,72,43,46,42,2,72,67,17,80,15,45,42,44,14,11,74,23,38,86,5,6,9,8,23,13,86,40,23,4,8.0,2.0,4.0,Normal
Kenrick,Brazile,Carolina,LT,BYU,28,74,9/27/96,78,300,1,70,4,Power - OT,77,73,81,86,88,77,15,17,12,10,32,24,28,55,7,9,26,79,90,14,11,20,11,75,12,12,76,75,74,78,9,11,11,10,16,20,73,69,79,13,25,72,13,21,22,6,6,6,8,19,14,80,30,15,1,2.7875,2.7875,2.7875,Normal
Rohan,Glatz,New Orleans,DT,Clemson,23,74,10/6/01,77,305,1,90,2,Power Rusher - DT,82,73,75,80,87,79,42,72,13,32,44,41,45,69,5,61,82,85,86,35,22,21,9,42,24,5,76,40,44,42,9,75,76,21,79,14,45,49,47,14,42,76,33,48,78,4,10,14,8,23,17,89,51,28,4,12.26356,3.06589,12.26356,Normal
Alyn,Whitmore,Green Bay,CB,Kentucky,23,74,9/9/01,72,189,1,24,2,Zone - CB,95,91,88,90,46,76,65,38,21,60,55,49,58,88,10,33,56,37,91,76,15,16,59,15,72,14,72,24,26,23,14,69,28,72,70,42,34,35,35,24,60,90,66,48,45,17,16,27,17,27,9,78,30,76,4,3.940704,0.985176,0.100704,Normal
Jairus,Ash,Arizona,K,Maryland,25,74,10/15/99,72,183,1,38,2,Power - KP,76,61,68,83,39,59,12,15,14,7,30,10,34,54,8,9,17,13,94,12,75,93,8,11,12,8,74,9,8,11,19,11,11,8,29,11,11,11,10,9,11,71,12,9,25,23,30,37,23,33,17,61,12,12,1,0.915,0.915,0.0,Normal
Toddrick,Borelli,New York N,LE,Iowa,27,74,2/10/98,77,268,1,57,4,Run Stopper - DE,84,72,83,82,79,77,37,76,12,29,48,49,66,65,4,68,78,82,92,34,12,9,8,16,28,9,74,46,44,44,7,76,77,21,78,15,46,46,44,32,53,80,30,35,84,7,6,8,5,24,15,87,38,39,4,8.0,2.0,4.0,Normal
Ivory,Reveiz,Tennessee,TE,Maryland,25,74,9/8/99,75,238,1,85,3,Vertical Threat - TE,95,75,84,79,64,71,76,28,12,66,75,78,81,71,59,11,33,59,84,74,21,20,31,52,12,67,75,65,63,56,3,23,9,18,30,66,64,62,60,71,78,87,61,69,33,5,10,18,7,21,8,79,67,15,4,8.0,2.0,4.0,Normal
Bradie,Spurrier,Tampa Bay,CB,Rutgers,25,74,6/8/00,68,197,1,29,2,Slot - CB,91,87,97,88,50,76,63,47,12,43,56,56,70,81,40,44,78,45,94,72,12,13,62,13,71,46,75,29,29,30,31,76,34,66,80,32,32,28,29,47,61,92,62,34,65,23,25,25,22,23,22,85,32,73,3,2.705,0.901667,0.165,Normal
Armand,Sedbrook,New Orleans,HB,LSU,26,74,4/11/99,67,207,1,23,5,Elusive Back - HB,92,86,92,85,70,68,79,22,29,79,88,57,71,88,50,10,23,34,84,86,16,23,80,34,11,58,73,56,22,27,19,13,10,18,32,57,30,17,20,67,56,87,77,77,28,22,31,38,30,35,21,84,74,16,1,1.17,1.17,0.0,Normal
Sandro,Mcgrath,Dallas,C,Kansas State,24,74,5/19/01,76,335,1,56,1,Agile - C,76,71,71,85,88,77,17,32,11,12,31,31,34,62,14,19,38,85,96,14,14,13,11,85,9,17,74,76,82,75,8,30,29,7,37,23,78,76,76,20,25,69,11,22,39,4,6,9,8,9,7,90,30,12,4,5.939718,1.48493,1.139796,Normal
Zeron,Stroughter,Cleveland,LT,Kansas State,34,74,7/18/91,80,327,1,71,11,Pass Protector - OT,55,59,66,86,82,81,11,22,12,3,36,15,26,45,7,9,18,82,88,6,11,19,12,78,12,2,73,76,75,83,6,10,8,13,20,17,75,72,80,14,14,68,6,10,29,10,6,9,7,37,11,66,24,12,4,8.0,2.0,4.0,Normal
Demario,Piepul,Los Angeles N,LT,Florida,31,74,12/28/93,77,307,1,72,10,Power - OT,64,55,77,89,87,77,14,34,12,4,44,10,35,48,4,9,27,82,82,8,9,16,12,79,18,5,73,78,75,86,3,22,12,10,28,11,75,73,75,7,13,64,11,12,45,9,6,3,8,9,10,85,18,12,1,2.5,2.5,2.34,Normal
Rae,Cure,Los Angeles A,DT,Alabama,29,74,11/14/95,75,297,1,91,7,,75,55,76,71,86,69,27,79,12,19,30,20,28,54,2,62,79,88,80,31,15,32,8,18,20,6,75,44,44,45,4,70,74,18,80,13,44,43,44,14,16,76,24,30,85,8,6,4,6,21,14,85,35,28,4,8.0,2.0,4.0,Normal
Ephesians,Raji,Buffalo,FS,Pittsburgh,27,74,3/24/98,72,200,1,3,4,Zone - S,93,84,83,90,60,77,67,53,14,51,62,62,69,75,30,38,72,61,85,66,21,21,52,30,61,34,75,36,36,35,4,77,33,61,81,38,36,37,33,36,67,88,61,46,72,7,6,7,6,23,18,78,41,71,1,2.0,2.0,2.0,Normal
Hoby,Roten,Green Bay,P,California-Davis,26,74,2/10/99,77,216,1,19,2,Power - KP,80,57,71,81,57,59,10,19,16,6,26,14,21,50,14,8,25,21,92,14,80,97,13,15,10,10,73,20,12,16,25,16,8,12,24,11,24,15,19,13,12,79,13,10,25,24,32,38,22,42,23,68,16,12,1,1.03,1.03,0.0,Normal
Jean-Phillipe,Wade,Las Vegas,CB,Iowa State,24,74,1/6/01,75,195,1,26,0,Manto Man - CB,93,90,87,83,59,69,75,46,25,53,60,65,72,88,20,25,48,54,88,76,25,27,75,27,72,27,72,34,37,25,4,69,20,74,69,28,33,34,23,29,70,96,66,43,42,5,7,8,6,21,8,88,33,68,4,6.724094,1.681024,1.530248,Normal
Rosevelt,Clarke,Jacksonville,DT,Ohio State,28,74,2/1/97,76,335,1,52,5,,65,67,74,80,91,76,27,80,12,16,32,19,25,53,2,58,77,87,90,25,22,19,7,32,16,4,72,44,40,48,2,79,74,19,76,18,45,48,41,16,22,68,24,34,82,8,6,6,4,22,9,89,39,23,3,34.5,11.5,20.0,Normal
Stephone,Saipaia,San Francisco,WR,Florida,30,74,9/21/94,73,203,1,5,9,Deep Threat - WR,90,90,87,89,62,77,80,20,22,74,71,83,87,81,74,11,15,46,95,83,23,24,69,24,16,73,73,39,18,21,13,19,11,14,33,76,56,24,29,77,82,88,71,50,25,18,18,23,18,25,19,76,37,24,2,8.0,4.0,6.0,Normal
Jemeel,Mccleon,Cincinnati,ROLB,South Carolina,25,74,1/4/00,74,235,1,44,0,Run Stopper - OLB,89,81,78,90,70,74,50,73,38,38,61,57,66,76,25,63,88,77,89,54,18,24,9,22,58,30,74,43,44,46,21,76,64,48,82,31,44,44,47,35,60,85,49,47,82,26,28,33,35,34,23,89,45,64,4,9.012482,2.253121,7.114208,Normal
Jahri,Sword,Jacksonville,RE,Sioux Falls,31,74,8/9/94,72,232,1,57,7,Smaller Speed Rusher - DE,88,76,85,84,83,72,35,74,12,22,46,32,48,71,7,76,77,76,80,45,18,15,9,14,50,8,74,44,43,44,8,70,71,33,86,13,43,44,44,12,39,86,36,47,75,7,6,7,4,30,8,89,38,59,1,2.0,2.0,1.5,Normal
Darrick,Demarie,Denver,WR,Utah,27,74,12/15/97,77,210,1,17,1,Slot - WR,90,82,87,82,56,79,78,36,28,65,70,83,88,80,74,9,27,35,86,76,19,22,83,25,20,75,76,27,29,21,21,26,9,26,31,70,44,24,16,77,80,91,65,50,37,20,30,37,38,51,33,77,43,27,4,4.12448,1.03112,0.10448,Normal
Jamin,Benners,Minnesota,LG,Ohio State,22,74,12/4/02,76,317,1,74,0,Agile - G,74,63,70,84,88,77,10,33,11,7,23,13,22,55,4,18,39,88,88,12,10,12,11,81,10,4,74,76,79,77,8,23,14,11,21,12,77,77,78,11,14,69,11,17,33,8,6,4,4,15,11,92,10,10,4,17.177054,4.294264,17.177054,Normal
Thabiti,Arrington,Cleveland,HB,Tennessee,20,74,9/14/04,68,199,1,22,0,Elusive Back - HB,89,87,86,82,67,65,84,33,21,80,90,51,65,85,47,25,24,34,90,80,27,34,68,37,22,49,74,48,35,41,18,36,26,23,35,45,40,23,26,57,53,94,78,72,30,23,14,23,15,31,28,88,70,26,4,5.130564,1.282641,0.930564,Normal
Slok,Cortez,Washington,DT,Florida State,31,74,1/6/94,75,332,1,97,8,,56,61,61,81,91,80,8,73,12,11,42,15,23,53,5,59,85,89,86,8,16,25,12,38,21,5,74,43,44,46,7,79,77,17,81,14,43,43,47,17,16,61,9,12,79,5,6,7,8,22,9,85,23,28,1,1.255,1.255,0.315,Normal
Munger,Boss,Jacksonville,RE,Oklahoma St.,31,74,11/6/93,76,278,1,90,9,Run Stopper - DE,86,74,85,83,83,77,33,77,12,16,33,17,45,63,3,63,82,85,89,31,19,20,9,12,39,7,74,45,45,45,6,75,74,22,84,17,45,45,44,14,17,82,26,31,80,6,6,6,6,22,14,89,28,51,1,3.25,3.25,2.0,Normal
Noble,Roper,Cincinnati,K,Florida,26,74,7/21/99,71,185,1,2,4,Power - KP,78,63,66,85,41,60,14,11,12,5,17,15,35,53,15,11,11,13,92,8,79,94,6,7,11,15,73,12,13,10,18,14,11,13,25,12,16,15,16,23,14,73,7,10,15,17,20,30,14,31,14,56,10,15,3,14.0,4.666667,5.0,Normal
Mason,Crooms,New York N,RT,Alabama,24,74,9/19/00,79,350,1,73,3,Power - OT,77,59,85,88,92,64,30,33,16,25,28,19,28,56,7,32,40,86,94,33,19,20,11,78,10,7,74,66,64,76,4,31,28,8,33,14,79,76,80,12,22,75,30,38,33,5,6,7,8,27,9,84,34,12,4,8.0,2.0,4.0,Normal
Daryon,Grice,Houston,LOLB,Alabama,24,74,1/5/01,74,228,1,39,2,Pass Coverage - OLB,91,82,80,88,64,79,68,71,10,60,56,54,54,71,11,55,82,66,88,65,32,34,45,29,68,19,72,36,34,35,5,81,49,58,90,23,37,33,37,23,54,85,61,63,80,8,6,8,6,31,11,85,61,66,4,4.084976,1.021244,0.244976,Normal
Ronyell,Macafee,Miami,SS,Syracuse,26,74,5/2/99,75,213,1,9,4,Zone - S,92,79,95,88,67,76,63,57,44,47,63,54,70,81,28,40,67,62,82,73,27,31,69,27,68,36,76,31,35,34,33,71,33,69,76,44,35,35,39,35,62,90,62,44,60,36,38,44,41,46,27,82,49,75,1,3.01,3.01,2.45,Normal
Tron,Duncan,Green Bay,SS,Clemson,27,74,7/26/98,76,238,1,28,5,Run Support - S,89,83,93,93,77,74,69,64,12,46,69,60,72,79,31,58,84,68,94,72,16,22,58,18,68,40,75,19,42,43,7,70,61,71,75,42,32,49,44,39,64,90,64,51,72,10,6,4,5,24,10,89,39,66,1,1.3375,1.3375,0.1675,Normal
Roc,Cushing,New England,WR,Washington,23,74,4/11/02,74,203,1,1,1,Deep Threat - WR,92,87,86,82,63,76,79,31,22,72,74,82,81,85,73,10,23,47,90,80,10,16,47,31,11,76,72,33,18,20,8,22,10,9,26,74,52,34,38,76,83,89,74,46,32,14,20,26,23,29,22,83,44,22,4,9.694744,2.423686,8.214275,Normal
Terrail,Donlin,Tampa Bay,CB,Kansas State,21,74,2/29/04,70,191,1,25,0,Manto Man - CB,93,89,89,86,65,64,76,53,20,53,56,59,73,89,39,40,64,56,91,77,32,21,55,24,75,37,74,35,35,25,12,65,32,76,76,38,35,35,25,38,69,94,70,44,63,10,13,15,15,29,18,90,40,70,4,6.348646,1.587162,1.257196,Normal
Uhuru,Hetherington,San Francisco,C,UCLA,32,74,9/10/92,76,299,1,64,9,Agile - C,74,70,72,88,85,82,14,28,12,5,44,15,41,61,5,13,16,79,89,6,19,18,11,81,20,5,72,75,77,71,3,29,21,6,31,17,80,84,75,12,16,68,7,10,38,9,6,3,7,23,8,90,14,20,4,16.5,4.125,4.49,Normal
Jalen,Seick,Tampa Bay,WR,Washington,23,74,12/7/01,73,197,1,15,1,,92,88,92,79,63,79,84,27,19,72,75,76,85,87,72,12,20,38,81,81,19,12,72,30,10,78,73,29,22,27,7,9,9,17,31,72,44,32,25,81,78,91,74,50,29,7,15,24,13,25,15,84,53,17,4,5.663024,1.415756,0.938564,Normal
Vernon,Harrell,Minnesota,WR,Michigan St.,26,74,3/2/99,72,190,1,1,3,Deep Threat - WR,95,88,85,80,60,79,77,32,15,68,69,78,83,87,80,9,28,42,81,77,16,18,77,27,22,77,74,27,25,25,8,28,8,22,40,73,50,29,35,77,78,92,71,40,33,4,10,17,9,27,14,73,27,31,4,3.84066,0.960165,0.18066,Normal
Deljuan,Okpokowuruk,Las Vegas,SS,LSU,29,74,10/17/95,73,213,1,33,8,Run Support - S,88,81,83,89,75,71,53,67,20,23,62,52,67,84,22,61,90,74,77,67,27,24,33,27,67,24,76,36,37,35,13,74,59,64,87,12,36,36,37,34,60,87,57,42,72,11,10,16,15,27,17,92,46,74,1,1.255,1.255,0.0,Normal
Nemiah,Beattie,New York A,MLB,Auburn,25,74,1/12/00,74,216,1,44,4,Field General - MLB,87,79,87,91,67,78,67,65,45,55,67,57,61,78,29,50,83,72,82,69,20,25,48,27,70,31,76,34,36,33,25,75,49,73,87,32,38,38,32,36,57,79,61,60,88,32,33,34,33,41,31,89,52,68,4,8.0,2.0,4.0,Normal
Tripp,Raible,Houston,WR,Iowa State,22,74,12/15/02,76,214,1,81,0,Physical - WR,95,83,94,95,66,75,86,36,29,72,74,84,83,80,73,35,31,45,88,77,13,26,82,31,26,74,72,27,14,21,22,30,29,23,45,75,55,37,30,75,84,90,74,67,22,16,12,6,6,31,25,88,56,29,4,11.700824,2.925206,11.700824,Normal
Kayo,Cassiano,Cleveland,RE,Washington,26,74,4/30/99,77,259,1,90,4,Smaller Speed Rusher - DE,86,80,83,80,82,71,53,77,12,40,58,46,54,71,21,74,83,81,92,40,16,17,8,32,44,31,76,46,46,45,8,75,66,44,86,33,46,43,46,34,48,82,39,48,79,7,12,17,6,31,16,83,50,52,4,8.0,2.0,4.0,Normal
Pellom,Price,Baltimore,DT,Georgia,36,74,7/11/89,75,327,1,62,12,,61,58,65,74,90,76,18,74,12,14,42,15,30,43,0,56,80,86,84,11,16,21,10,34,10,7,73,47,45,44,5,78,71,9,78,13,43,44,45,18,16,72,6,24,88,7,6,8,7,22,9,77,44,15,1,1.75,1.75,0.325,Normal
Miles,Cadet,Houston,WR,Alabama,25,74,7/18/00,71,187,1,8,3,,95,84,82,78,63,77,82,18,23,78,80,79,77,88,73,8,15,48,84,79,13,16,73,28,10,74,75,32,21,22,4,13,12,15,25,73,50,36,32,72,79,91,73,48,24,6,10,16,8,24,18,88,46,17,4,8.070172,2.017543,4.921042,Normal
Bam,Etelman,Tennessee,P,Oregon State,35,74,2/8/90,77,225,1,3,13,Power - KP,70,57,69,84,53,60,18,17,27,12,41,18,43,55,18,12,22,24,97,12,75,87,9,13,15,18,73,29,13,13,26,24,9,7,34,16,33,16,17,15,42,75,11,11,24,44,53,63,42,68,37,70,14,15,1,1.4225,1.4225,1.1975,Normal
Ryon,Mutryn,Arizona,RT,Alabama,27,74,11/17/97,77,312,1,73,6,Agile - OT,73,67,68,87,83,87,29,31,12,13,41,20,35,56,7,38,44,82,86,30,15,16,12,84,15,4,72,76,80,75,8,27,31,8,44,35,78,75,78,13,27,69,17,31,41,5,6,5,6,31,6,87,34,20,2,30.0,15.0,19.0,Normal
Erric,Sturgis,Detroit,LE,Kentucky,25,74,12/17/99,75,278,1,93,3,Run Stopper - DE,94,72,88,79,86,68,32,77,12,29,39,38,34,66,26,55,84,86,91,30,16,22,12,41,32,30,73,43,46,47,5,69,73,39,81,29,44,47,43,34,33,81,29,41,82,8,6,7,8,17,9,92,40,41,4,7.73565,1.933913,4.137548,Normal
Danieal,Morton,Washington,RT,Oregon,21,74,11/5/03,77,311,1,72,0,Agile - OT,80,74,86,87,79,74,21,33,11,15,30,18,32,57,10,28,30,83,88,10,14,25,7,85,13,7,73,77,86,78,9,22,25,20,25,16,81,78,79,14,20,69,9,26,29,5,6,6,10,20,29,87,25,15,4,15.681094,3.920274,15.681094,Normal
Leo,Steber,Philadelphia,LE,Michigan,26,74,9/18/98,75,245,1,0,5,Smaller Speed Rusher - DE,91,81,82,80,69,65,47,71,16,23,42,26,49,77,1,76,77,81,88,45,12,22,10,16,47,9,72,47,45,44,6,63,69,44,83,14,42,42,46,15,28,88,30,32,80,7,5,5,6,18,17,81,28,56,1,1.92,1.92,1.25,Normal
Damian,Comier,Indianapolis,LE,Ohio State,22,74,5/10/03,76,264,1,91,0,Power Rusher - DE,89,77,86,86,82,77,41,84,13,31,50,49,60,75,6,68,80,84,93,39,13,15,22,23,44,16,75,42,45,47,5,75,77,36,83,16,48,47,48,17,46,81,35,39,76,8,17,24,11,23,17,94,35,53,4,9.942466,2.485617,8.751358,Normal
Hezekiah,Nickel,Houston,LG,Penn State,25,74,1/19/00,75,308,1,70,2,Agile - G,74,63,78,85,89,74,10,47,16,14,28,15,39,56,7,40,53,84,89,10,22,31,10,81,10,3,75,75,80,77,9,45,50,10,47,15,80,80,74,17,16,64,8,29,48,9,6,3,4,17,14,87,26,10,4,6.099103,1.524776,3.212944,Normal
Brandian,Henne,Indianapolis,CB,Kansas State,25,74,1/18/00,75,198,1,29,2,Zone - CB,98,94,100,88,55,71,66,50,15,60,61,60,64,89,13,48,67,50,97,76,18,21,49,19,66,10,75,34,35,33,12,69,39,82,70,16,31,32,32,22,68,87,62,70,60,19,18,23,12,25,17,87,48,76,4,8.0,2.0,4.0,Normal
Sal,Giddens,Arizona,DT,N.C. State,29,74,8/28/96,75,309,1,98,7,,73,63,71,81,85,84,21,81,12,19,24,22,26,54,6,66,79,81,89,21,12,19,44,31,21,8,72,48,44,44,10,86,75,12,76,14,43,47,46,11,17,71,25,36,78,2,6,3,7,23,16,85,34,28,3,31.165,10.388333,17.75,Normal
Toimi,Guion,New York A,QB,Ohio State,26,74,3/5/99,75,228,1,7,4,Scrambler - QB,98,95,85,88,63,60,88,19,87,81,61,16,33,90,12,10,14,25,90,88,16,17,64,22,17,14,72,14,12,10,80,16,10,11,28,17,32,15,13,18,17,92,79,51,23,78,78,85,82,89,77,94,47,19,4,8.0,2.0,4.0,Normal
Mccoy,Alberghini,New Orleans,TE,Oregon,28,74,9/13/96,76,231,1,83,5,Vertical Threat - TE,88,82,84,89,68,69,80,35,26,76,76,83,85,80,61,16,38,56,91,75,28,32,45,28,19,67,76,62,52,57,26,23,16,20,39,70,62,54,60,74,84,86,68,58,34,21,25,26,22,36,23,80,50,27,3,30.75,10.25,21.25,Normal
Martin,Adeyanju,Dallas,CB,Florida,24,74,5/5/01,73,191,1,20,3,Zone - CB,91,83,90,87,62,73,62,43,23,50,57,57,78,85,26,39,52,48,87,74,16,18,57,17,70,33,75,37,34,35,8,69,31,76,66,37,34,33,34,36,63,93,66,46,65,16,20,26,21,29,14,71,51,76,4,13.690809,3.422702,13.690809,Normal
Jojuan,Kassell,New England,WR,LSU,23,74,5/7/02,72,195,1,9,2,Deep Threat - WR,94,89,82,88,60,77,87,26,21,80,72,84,83,88,71,12,22,40,82,79,10,19,69,24,11,76,76,32,19,20,10,20,11,9,29,74,51,40,31,73,84,89,71,57,25,13,15,23,17,27,18,78,44,16,4,4.027272,1.006818,0.187272,Normal
Pard,Biletnikoff,Baltimore,HB,East Carolina,23,74,1/17/02,68,186,1,34,2,Elusive Back - HB,95,82,89,88,58,72,76,22,26,76,87,64,72,85,56,24,27,36,85,84,14,14,68,29,25,53,72,46,41,39,18,23,17,23,32,41,41,39,43,62,62,92,79,56,25,23,24,25,23,23,13,81,48,32,3,2.713,0.904333,0.073,Normal
Antwan,Rash,Philadelphia,CB,Georgia,23,74,6/27/02,74,207,1,7,2,Zone - CB,95,83,81,91,58,69,73,45,16,65,59,58,70,82,42,42,65,48,94,70,21,23,53,16,68,38,73,34,36,34,10,68,36,71,67,47,32,34,39,46,67,96,61,55,59,3,6,6,5,36,17,76,51,75,4,4.660924,1.165231,0.820924,Normal
Rashaun,Plank,Cincinnati,DT,Michigan,23,74,10/10/01,75,310,1,90,1,,80,67,73,84,86,67,36,80,13,39,44,35,45,54,2,68,81,84,88,35,22,24,9,21,24,6,76,37,40,39,10,72,74,16,75,11,47,45,43,10,38,77,30,43,83,4,10,12,7,24,14,91,50,28,4,8.0,2.0,4.0,Normal
Shaud,Foote,Detroit,DT,Washington,27,74,3/2/98,75,293,1,78,4,,81,72,72,79,86,75,40,74,12,23,30,20,30,63,3,74,78,81,82,30,9,13,42,19,21,6,74,46,43,46,7,73,69,20,76,12,43,47,47,13,17,77,21,32,81,5,6,4,7,27,16,90,28,30,1,4.0,4.0,3.5,Normal
Caleb,Zelencik,Cincinnati,RG,Duke,32,74,7/30/93,75,313,1,62,9,Agile - G,85,56,69,85,81,84,21,23,12,9,24,20,20,53,8,9,34,78,85,21,21,16,16,80,12,2,75,76,73,74,10,14,12,10,25,14,79,76,75,14,15,69,13,28,33,5,6,10,4,21,12,85,30,12,1,2.1,2.1,0.2,Normal
Lonny,Dimancheff,Green Bay,RE,Iowa,24,74,7/6/01,77,272,1,90,2,Power Rusher - DE,91,84,74,75,84,70,39,73,21,23,47,35,45,74,2,62,87,77,91,44,22,23,11,28,35,5,75,37,36,34,13,68,76,25,87,16,39,42,36,15,35,85,37,46,75,16,20,26,9,31,13,88,45,41,4,17.388091,4.347023,17.388091,Normal
Paschall,Howard,New England,WR,North Carolina,31,74,9/16/93,76,221,0,13,8,Deep Threat - WR,87,81,84,89,74,75,78,51,22,69,75,85,87,72,77,8,57,60,95,71,13,19,48,42,11,76,74,57,21,22,8,21,9,9,69,77,59,31,40,79,84,90,64,72,53,16,20,26,22,29,21,86,57,22,2,8.4,4.2,3.5,Normal
Spencer,Gerak,San Francisco,FS,Wake Forest,23,74,6/25/02,70,206,1,6,1,Run Support - S,93,85,97,81,64,72,70,54,10,64,57,64,65,80,25,31,88,51,91,71,15,17,58,20,67,28,74,31,34,29,13,71,28,66,84,36,33,34,37,32,61,90,68,40,70,12,10,14,14,22,10,90,38,72,4,4.758936,1.189734,0.738936,Normal
Eugene,Worilds,Detroit,RE,UTSA,28,74,9/4/96,78,285,1,92,7,Power Rusher - DE,87,73,79,78,84,76,25,80,12,28,32,18,23,65,6,67,78,83,85,34,17,20,9,14,34,10,75,46,47,45,7,75,76,24,84,12,44,43,44,8,16,84,26,39,78,7,6,5,6,22,17,81,27,42,1,2.5,2.5,1.65,Normal
Lester,Maualuga,Pittsburgh,RG,S. Dakota St.,25,74,5/25/00,77,315,1,66,1,Power - G,80,59,84,80,91,74,23,36,12,11,18,15,24,63,6,20,35,84,91,29,18,17,11,81,10,5,73,74,71,78,9,25,30,8,33,11,73,76,77,11,13,70,23,38,38,8,7,8,6,29,12,87,32,10,4,4.784896,1.196224,0.764896,Normal
Vee,Holtzman,Washington,K,Utah,31,74,3/15/94,72,232,1,16,6,Power - KP,72,58,68,87,41,59,8,13,21,19,43,15,31,52,14,11,10,23,90,10,75,97,11,12,12,15,75,18,16,18,19,11,8,8,15,14,18,19,17,16,15,75,11,12,13,25,30,34,18,23,26,59,7,12,1,4.325,4.325,3.985,Normal
Edmond,Manske,Arizona,CB,Rutgers,23,74,4/15/02,71,187,1,16,1,Manto Man - CB,95,86,93,89,63,71,66,46,10,68,56,65,79,87,8,36,71,50,90,73,15,15,68,18,73,15,76,21,18,17,8,73,32,74,76,36,34,22,21,21,64,94,71,37,54,12,21,22,8,24,6,81,30,74,4,8.888308,2.222077,6.931266,Normal
Vin,Landolt,Green Bay,WR,Georgia,27,74,3/12/98,70,187,1,6,6,,99,88,87,85,64,64,91,45,34,73,67,77,87,88,73,9,30,43,86,83,33,45,81,19,46,72,75,26,10,9,36,35,9,42,52,69,40,12,18,71,81,97,76,59,43,41,40,46,42,53,31,72,54,41,1,1.5,1.5,0.15,Normal
Julian,Gresham,Atlanta,QB,Washington,25,74,5/8/00,74,216,0,9,1,Field General - QB,88,81,86,89,57,74,64,21,73,46,69,15,32,72,11,9,10,14,81,61,20,26,12,11,12,13,76,13,19,16,84,20,11,13,24,16,15,9,9,11,14,83,58,41,17,83,78,88,75,89,75,79,29,15,4,8.0,2.0,4.0,Normal
Cade,Noble,Atlanta,CB,UCF,28,74,2/11/97,70,189,1,21,7,Zone - CB,91,92,83,89,67,77,74,46,17,62,71,69,75,89,27,31,69,57,86,80,23,23,81,16,72,28,73,36,37,35,5,75,23,80,70,24,37,33,36,33,72,88,72,43,56,4,6,8,6,25,18,84,42,76,3,18.0,6.0,9.64,Normal
Joel,Wong,Dallas,HB,Penn State,28,74,5/1/97,71,210,1,27,6,Elusive Back - HB,90,89,87,89,68,74,79,24,23,75,90,54,67,88,53,11,23,45,83,81,11,18,76,32,12,58,74,50,25,32,15,20,11,16,37,57,34,24,27,66,57,88,74,74,35,17,27,30,20,27,20,83,72,18,1,1.3375,1.3375,0.0,Normal
Jeno,Jourdain,Los Angeles N,MLB,Colorado,26,74,11/19/98,75,235,1,53,3,Run Stopper - MLB,87,81,85,85,73,77,51,75,34,47,59,47,56,73,41,40,88,88,83,49,11,13,12,36,55,41,73,46,44,45,23,80,45,56,84,44,43,46,46,43,49,79,48,43,82,37,40,40,33,44,21,92,51,57,4,8.0,2.0,4.0,Normal
Ike,Quinlan,New Orleans,DT,Fort Hays State,31,74,10/9/93,76,315,1,93,7,,75,68,78,78,92,76,35,73,12,22,38,28,34,62,5,74,77,84,88,32,10,14,8,16,21,3,74,46,44,47,5,78,66,11,73,13,47,43,47,12,26,72,32,45,80,7,6,4,7,32,19,90,48,27,3,15.0,5.0,10.18,Normal
Rashaan,Olsson,Carolina,LE,Texas AM,21,74,8/25/04,75,257,1,11,0,Smaller Speed Rusher - DE,90,84,85,84,80,73,32,70,19,28,40,20,33,69,6,75,77,84,91,40,22,25,34,29,42,6,73,48,45,47,23,71,73,32,84,12,49,48,42,13,19,83,37,42,75,12,10,12,11,25,33,88,36,49,4,8.614236,2.153559,6.660008,Normal
Chy,Ellersick,Washington,RG,Illinois,29,74,4/21/96,76,310,1,67,6,Pass Protector - G,66,65,74,79,85,86,12,32,12,7,36,10,45,55,5,15,36,80,95,11,18,22,16,80,12,8,72,79,72,80,6,24,21,13,31,11,79,80,71,16,9,68,7,39,41,9,6,4,4,22,13,85,29,12,3,16.0,5.333333,9.02,Normal
Gerald,Sileo,Seattle,SS,South Carolina,21,74,2/7/04,75,220,1,3,0,Zone - S,90,83,96,93,73,72,70,60,15,58,63,60,74,84,27,37,83,59,91,67,16,19,43,26,65,37,75,34,34,33,6,68,36,71,81,36,35,32,36,40,65,92,62,51,70,9,6,9,8,22,10,92,51,69,4,11.60126,2.900315,11.60126,Normal
Jonte,Derby,Pittsburgh,LE,Wisconsin,23,74,11/21/01,74,240,1,51,2,Power Rusher - DE,87,76,78,77,76,78,42,75,17,33,43,35,43,75,14,70,80,69,88,49,18,23,7,31,48,15,75,35,35,36,11,71,78,37,78,23,43,42,44,22,44,85,41,30,74,4,8,11,9,25,11,88,44,62,4,4.51292,1.12823,0.67292,Normal
Malik,Mancha,Tennessee,LE,UCLA,21,74,9/20/03,75,261,1,7,0,Smaller Speed Rusher - DE,89,82,84,84,83,74,39,76,13,33,52,47,57,76,7,75,79,79,91,36,23,25,30,25,49,8,74,44,44,43,5,73,73,43,82,18,46,46,46,15,46,84,30,40,78,9,15,18,8,25,14,91,34,57,4,8.4151,2.103775,6.427588,Normal
Evar,Haluska,Cleveland,HB,Ohio State,21,74,10/29/03,72,221,1,10,0,Elusive Back - HB,95,82,92,90,81,72,78,40,20,81,90,50,67,83,44,27,38,41,92,84,21,21,45,36,25,49,76,55,38,38,17,32,26,23,37,54,36,29,30,59,50,92,74,79,42,14,27,27,6,28,26,91,84,35,4,8.0,2.0,4.0,Normal
Burnell,Shofner,Buffalo,HB,Kentucky,25,74,11/11/99,70,216,1,22,1,Elusive Back - HB,91,90,84,88,75,71,79,31,34,83,93,52,72,81,55,9,29,37,87,83,23,21,69,33,12,64,73,50,26,31,24,15,11,16,39,53,39,24,32,63,55,90,78,76,33,20,26,33,30,36,28,86,81,12,4,4.733188,1.183297,0.713188,Normal
Olaniyi,Matheson,Denver,HB,UCF,24,74,2/4/01,68,205,1,37,0,Elusive Back - HB,92,82,87,89,72,65,85,33,49,78,89,62,70,79,48,29,34,36,84,86,27,22,77,33,26,55,73,45,36,39,44,38,27,26,44,57,38,26,30,58,58,92,81,77,37,49,50,56,54,67,43,81,79,28,4,7.35968,1.83992,4.727298,Normal
Brendan,Garcia,Baltimore,RT,Washington,23,74,6/3/02,78,300,1,70,1,Agile - OT,77,69,73,87,79,74,11,30,12,26,33,11,11,64,7,12,27,84,90,30,15,13,8,85,15,9,72,80,82,75,7,23,12,10,36,14,73,82,75,9,16,74,36,13,24,4,6,7,6,16,6,78,24,10,4,6.437314,1.609329,3.384289,Normal
Ethan,Levitt,Jacksonville,LS,Baylor,28,74,9/13/96,72,240,1,46,5,Power - LS,63,68,71,77,76,65,20,62,10,15,60,45,53,59,37,45,72,69,94,20,35,24,10,41,47,42,76,58,38,46,11,60,54,30,71,39,46,32,37,46,53,73,8,8,58,11,11,11,9,30,10,82,31,50,4,5.07,1.2675,0.8,Normal
Century,Colhouer,Dallas,CB,East Carolina,24,74,4/8/01,74,202,1,27,0,Manto Man - CB,93,86,91,86,69,60,78,56,13,47,55,67,72,88,16,35,72,58,80,81,27,29,77,24,76,19,76,35,34,26,10,63,31,77,78,24,36,35,25,26,68,95,66,42,69,3,6,6,8,26,11,76,38,72,4,6.506742,1.626686,1.372176,Normal
Kenwin,Zizak,Buffalo,DT,South Carolina,22,74,7/30/03,76,305,1,98,0,,82,62,78,77,89,74,19,80,13,27,37,16,18,56,9,69,77,84,91,18,13,14,20,25,14,12,74,43,44,47,4,68,73,13,79,16,43,44,44,14,15,76,15,34,79,8,6,8,7,26,14,91,29,18,4,10.720408,2.680102,10.072496,Normal
Laroni,Cesario,New York N,TE,Penn State,24,74,2/26/01,78,264,1,84,1,Vertical Threat - TE,90,79,92,82,74,73,78,25,22,66,77,81,78,78,56,18,13,63,93,69,13,15,5,58,12,66,73,58,57,59,6,17,21,14,35,72,62,59,58,68,81,86,64,67,30,12,15,24,16,29,15,91,71,14,4,8.0,2.0,4.0,Normal
Hobby,Hymes,San Francisco,CB,Oklahoma,27,74,9/24/97,70,185,1,22,4,Manto Man - CB,91,82,89,85,56,75,69,54,10,51,56,53,62,83,13,38,45,56,75,76,23,26,71,24,75,18,75,34,34,35,4,76,25,70,74,15,34,33,34,26,52,91,69,26,63,7,6,8,6,32,12,80,31,72,1,1.7,1.7,0.5,Normal
Landon,Benjamin,Las Vegas,WR,Cincinnati,24,74,3/8/01,69,185,1,1,2,,91,87,85,85,54,70,84,25,22,74,70,76,87,81,77,12,14,39,89,80,24,21,79,14,10,75,74,27,14,13,15,20,8,18,24,56,52,25,22,77,78,94,72,38,23,13,15,16,20,25,18,83,35,10,4,5.304084,1.326021,0.857516,Normal
Dontarrious,Agase,Buffalo,CB,LSU,30,74,1/16/95,71,192,1,27,8,Manto Man - CB,92,90,81,88,74,73,81,54,40,68,63,58,75,88,17,35,68,52,81,80,16,21,81,17,73,26,74,24,33,36,15,72,29,81,78,33,23,33,34,36,69,88,73,45,63,20,22,30,32,34,31,83,27,76,1,3.0,3.0,2.2,Normal
Avon,Radecic,New Orleans,LG,Northern Iowa,26,74,5/15/99,79,325,1,70,3,Power - G,81,72,71,83,87,61,36,32,19,29,36,35,39,58,19,31,40,88,85,21,14,19,11,75,10,25,75,68,61,72,4,23,26,11,40,28,86,79,85,33,37,76,14,39,26,5,10,9,5,22,7,90,36,11,4,14.143316,3.535829,14.143316,Normal
Trezelle,Gonsoulin,Buffalo,K,Ga. Southern,28,74,2/14/97,70,183,1,2,5,Power - KP,79,60,67,86,42,59,12,12,15,7,31,10,36,56,12,10,12,12,88,8,75,96,8,10,12,9,72,19,19,17,18,12,10,12,30,12,14,13,10,8,14,85,9,11,27,24,30,36,20,26,14,60,8,12,4,20.4,5.1,9.41,Normal
Tay,Muellner,Miami,ROLB,Texas AM,27,74,6/25/98,72,237,1,11,6,Pass Coverage - OLB,87,73,86,88,74,72,33,72,12,19,45,24,58,70,5,57,84,81,84,29,16,20,10,18,72,5,76,48,45,43,9,69,50,28,77,10,48,41,47,7,54,91,27,27,83,4,6,9,5,37,8,86,30,78,2,6.25,3.125,2.605,Normal
Bull,Redwine,Seattle,ROLB,UTEP,24,74,12/20/00,73,233,1,48,1,Run Stopper - OLB,93,73,83,83,70,73,45,71,24,43,61,52,62,70,23,63,84,72,94,55,28,27,37,36,62,24,72,29,23,24,13,72,67,48,86,40,28,27,25,31,48,86,57,47,84,13,13,14,17,23,9,86,41,66,4,4.79256,1.19814,0.77256,Normal
Vernand,Beasley,Los Angeles A,TE,Washington,29,74,7/8/96,76,265,1,89,7,Possession - TE,81,78,74,86,80,71,75,47,18,74,76,80,82,72,57,43,45,71,90,71,16,16,26,57,14,61,74,67,56,65,13,30,41,8,53,66,71,67,70,67,82,81,65,58,46,14,18,29,8,24,9,84,73,19,3,14.0,4.666667,10.0,Normal
Ndamukong,Bernet,Carolina,WR,South Carolina,24,74,1/29/01,73,221,1,17,1,,91,88,94,83,75,65,85,37,46,76,73,84,81,87,76,13,32,58,91,81,18,25,80,36,23,74,74,45,31,36,29,21,10,21,40,70,58,45,38,73,85,91,77,65,37,27,32,39,41,49,35,83,57,28,4,12.357176,3.089294,12.357176,Normal
Autry,Jolly,Las Vegas,DT,Vanderbilt,31,73,4/12/94,76,300,1,69,8,,65,66,70,81,86,84,15,77,12,11,29,33,36,50,9,58,79,85,94,22,14,18,13,33,26,10,71,42,42,43,8,84,76,25,79,13,45,47,48,21,32,71,11,24,80,2,6,6,8,17,8,86,26,29,3,16.5,5.5,8.0,Normal
Alexander,Vickers,Indianapolis,WR,Texas,22,73,10/8/02,74,205,1,10,1,,98,90,89,80,47,65,75,23,24,67,69,77,80,91,79,12,15,43,83,78,12,18,64,33,10,78,72,26,21,14,19,18,12,9,32,67,54,34,29,73,80,92,69,47,27,12,20,27,32,41,25,77,32,17,4,7.386086,1.846522,4.817431,Normal
Jesse,Gulian,New Orleans,CB,Tennessee,26,73,12/3/98,73,199,1,1,3,Zone - CB,93,81,94,90,61,74,72,38,46,57,65,59,73,82,37,47,73,55,94,79,24,21,42,14,67,43,72,34,35,34,42,70,35,71,73,44,35,37,35,44,68,97,64,35,38,30,35,42,41,45,31,79,34,72,4,7.204698,1.801175,3.452266,Normal
Dino,O'Steen,New England,K,Miami,23,73,1/2/02,71,202,1,36,0,Power - KP,75,64,60,81,46,60,20,13,15,14,39,11,36,50,10,8,17,17,89,13,79,93,10,16,11,10,74,14,15,14,18,13,8,14,20,11,9,11,12,13,13,74,11,14,23,25,29,31,20,30,18,72,19,12,4,4.456484,1.114121,0.256484,Normal
Jabari,Granderson,Chicago,DT,Baylor,30,73,3/6/95,73,311,1,97,9,,66,63,70,74,91,77,26,75,12,15,26,14,25,49,4,58,79,80,87,25,20,21,11,26,18,7,73,45,43,45,8,79,75,11,75,13,46,46,47,11,14,68,19,34,82,5,6,8,8,22,12,76,45,26,2,8.0,4.0,5.06,Normal
Cece,Hurston,Seattle,RG,LSU,24,73,4/28/01,77,345,1,75,2,Power - G,85,52,76,84,95,72,12,24,12,8,28,16,23,52,7,9,19,88,84,10,19,15,8,74,11,13,74,66,57,73,4,21,9,11,26,13,81,76,77,8,17,69,11,13,34,7,7,8,5,13,6,87,17,12,4,4.643984,1.160996,0.803984,Normal
Arnie,Willie,Tampa Bay,LE,Iowa,28,73,3/4/97,79,271,1,98,6,Power Rusher - DE,81,84,84,76,77,75,30,73,12,25,31,39,49,69,1,69,80,81,89,28,20,17,9,17,37,5,74,44,41,45,4,71,77,25,80,19,46,48,45,11,42,79,26,31,82,5,6,10,5,21,16,87,26,44,2,10.0,5.0,5.5,Normal
Ernie,Pureifory,Kansas City,LE,Louisville,22,73,10/30/02,75,264,1,97,0,Run Stopper - DE,88,83,83,83,81,73,32,78,18,32,34,25,37,71,5,66,82,85,92,34,24,25,28,26,27,4,72,46,41,43,12,69,74,28,79,10,44,44,43,15,25,82,35,35,79,7,10,12,13,28,17,92,27,36,4,6.744624,1.686156,1.54518,Normal
Pinky,Chrape,New England,TE,Stanford,30,73,10/29/94,76,254,0,81,9,Possession - TE,84,79,87,90,74,77,76,31,12,65,76,79,84,69,58,17,27,68,90,71,21,19,19,55,14,61,75,57,56,59,5,23,17,18,32,69,63,61,59,66,79,81,60,80,36,4,10,13,10,25,15,88,68,21,1,5.0,5.0,4.0,Normal
Rusty,Ananis,Philadelphia,RE,Georgia,25,73,6/16/00,75,240,1,13,4,Smaller Speed Rusher - DE,88,82,73,81,75,70,46,73,12,35,55,44,51,75,18,74,80,87,81,47,10,12,8,28,43,25,72,46,46,45,5,75,67,31,82,31,47,47,43,30,47,85,40,42,75,7,6,7,6,21,14,82,32,51,1,3.0,3.0,3.0,Normal
Cory,Peabody,New Orleans,K,Notre Dame,26,73,11/5/98,67,160,1,19,2,Power - KP,75,64,63,82,28,59,23,11,14,14,23,19,32,52,12,10,21,15,87,21,82,92,10,10,15,15,73,20,17,17,20,15,10,10,27,16,20,16,16,20,17,76,15,10,24,20,21,31,24,27,15,54,11,14,3,2.6975,0.899167,0.0025,Normal
Timmy,Nystrom,Los Angeles A,C,Alabama,30,73,11/24/94,77,317,1,75,7,Power - C,59,56,66,85,85,85,6,15,12,15,20,15,16,34,9,11,11,82,95,10,16,19,13,87,10,2,71,71,71,75,5,13,9,7,19,11,82,78,77,10,7,73,12,9,16,5,6,9,8,17,13,92,13,11,2,6.5,3.25,3.375,Normal
Ramses,Volek,Houston,WR,Miami,29,73,10/6/95,69,190,1,17,7,Slot - WR,92,87,85,86,52,77,79,29,27,68,69,79,83,90,70,9,17,40,92,80,14,21,83,21,18,77,74,31,13,15,6,18,12,9,31,66,39,11,18,74,76,88,77,36,25,10,10,16,12,22,22,79,32,25,1,1.8,1.8,0.3,Normal
Hal,Hafen,Tampa Bay,CB,Virginia,27,73,11/5/97,73,202,1,34,5,Manto Man - CB,90,88,90,86,57,75,68,47,10,52,63,66,73,84,51,45,56,55,90,68,11,14,40,17,72,55,72,35,36,33,5,71,44,78,72,47,38,34,32,60,76,87,63,46,64,5,6,6,8,39,14,85,49,73,1,1.17,1.17,0.0,Normal
Garrison,Werl,Jacksonville,FS,Tulane,22,73,12/22/02,72,197,1,27,0,Hybrid - S,93,90,90,84,63,66,58,57,15,48,59,53,67,82,14,33,76,56,87,66,14,18,42,27,68,13,72,38,34,34,4,61,39,63,77,20,38,32,32,26,61,97,60,39,72,2,6,9,8,20,14,86,38,72,4,6.28108,1.57027,1.208056,Normal
Marlon,Gradkowski,New York N,HB,Arizona St.,23,73,2/5/02,70,216,1,44,0,Power Back - HB,92,85,93,96,82,67,82,39,57,88,88,56,70,84,53,35,43,51,95,83,60,64,85,45,19,56,74,57,44,46,49,17,32,18,48,61,50,32,32,60,56,85,72,83,46,54,55,59,59,65,50,95,88,22,4,8.0,2.0,4.0,Normal
Lamonte,Maneri,New Orleans,WR,Boise State,29,73,11/20/95,74,197,1,11,7,,88,85,87,85,52,72,85,26,28,72,72,82,85,84,78,12,16,41,90,83,9,17,79,21,16,75,73,28,22,28,37,20,11,11,33,69,43,27,30,77,82,86,68,51,27,48,50,54,55,70,44,79,30,22,4,8.0,2.0,4.0,Normal
Sims,Sager,Washington,WR,Cincinnati,32,73,6/16/93,73,200,1,19,8,Slot - WR,88,87,84,84,58,76,77,27,22,70,76,82,84,82,73,9,13,47,85,77,26,23,80,26,16,76,74,43,19,20,5,24,9,16,32,69,56,21,28,75,86,90,74,51,26,11,15,20,12,23,21,79,28,24,1,1.255,1.255,0.0,Normal
Kregg,Kellar,Tampa Bay,RE,Alabama,23,73,10/25/01,75,251,1,43,1,Power Rusher - DE,87,77,81,80,78,72,53,72,12,33,48,37,53,65,2,69,76,79,93,49,14,15,9,16,41,1,72,45,42,47,6,75,72,25,81,14,49,44,48,7,45,87,39,29,83,6,6,10,5,30,15,85,39,47,4,6.785196,1.696299,3.885353,Normal
Marquis,Mcclure,Carolina,ROLB,S. Dakota St.,28,73,1/30/97,74,230,1,56,5,Pass Coverage - OLB,86,78,80,84,67,81,43,65,12,30,50,33,73,69,5,56,81,74,89,49,19,16,12,21,65,5,74,45,49,43,3,77,53,45,82,13,41,44,42,27,38,81,37,40,80,9,6,10,8,22,14,83,40,72,1,2.5,2.5,1.97,Normal
Harry,Haliburton,New England,LG,Tenn-Chat,27,73,7/31/98,77,305,1,69,3,Agile - G,81,68,70,84,91,75,36,38,16,32,47,42,46,62,30,39,44,79,88,27,16,20,8,81,10,34,71,74,78,71,5,39,36,11,43,43,72,82,74,36,37,70,25,39,46,7,6,6,4,22,12,89,36,10,4,12.255969,3.063992,12.255969,Normal
Tye,Parseghian,Los Angeles N,C,Washington,30,73,7/28/95,76,299,1,65,6,Agile - C,70,64,69,82,83,83,15,10,12,5,39,15,31,56,5,10,20,82,87,10,22,22,10,80,12,5,73,75,77,73,6,10,10,10,15,12,78,78,77,10,12,73,10,10,33,6,6,6,6,26,10,84,25,12,2,12.0,6.0,9.0,Normal
Nicky,Wayne,Chicago,TE,Michigan,21,73,4/9/04,78,248,1,84,0,Vertical Threat - TE,91,84,84,86,79,69,75,37,16,70,71,78,82,70,61,43,45,69,89,61,29,22,27,58,35,69,73,54,55,52,27,35,37,20,43,70,63,62,56,69,80,88,53,68,40,12,27,16,22,22,35,91,69,36,4,26.636008,6.659002,26.636008,Normal
Travis,Sharper,San Francisco,RT,West Virginia,29,73,8/9/96,78,301,1,68,5,Agile - OT,67,55,69,82,84,86,10,37,12,9,36,15,35,45,1,20,29,84,93,10,28,26,7,84,12,6,74,75,80,70,6,34,28,14,34,16,78,78,76,16,16,69,6,31,35,7,6,3,7,26,9,90,24,15,2,4.61,2.305,1.87,Normal
Edgar,Jecha,Minnesota,RE,Alabama,22,73,2/2/03,75,247,1,15,1,Smaller Speed Rusher - DE,92,84,96,82,76,63,35,75,12,28,36,10,49,66,8,72,80,79,89,36,12,11,10,21,49,11,72,46,46,46,6,58,72,25,80,19,49,44,46,15,15,89,27,24,80,6,6,9,8,20,15,83,32,54,4,15.766864,3.941716,15.766864,Normal
Elvin,Mcelmurry,Cleveland,FS,San Diego St.,32,73,6/5/93,71,174,1,23,8,Zone - S,84,89,81,94,65,78,81,59,13,66,73,74,78,82,11,35,81,51,87,76,23,29,73,13,70,19,75,36,35,34,3,75,24,68,72,23,35,39,35,27,78,88,64,40,62,2,6,5,7,22,16,80,31,75,1,1.4225,1.4225,1.0,Normal
Calais,Gajan,New York N,SS,Iowa,24,73,12/7/00,73,205,1,24,3,Zone - S,96,85,84,89,67,76,60,46,18,44,62,59,74,89,27,44,62,51,87,62,37,43,40,23,65,25,75,35,38,37,3,73,32,66,72,34,36,34,39,28,63,90,60,43,68,6,6,7,17,22,12,79,34,71,4,8.0,2.0,4.0,Normal
Biff,Wojcik,Baltimore,RG,Minnesota,25,73,11/9/99,80,380,1,77,3,Power - G,45,38,72,78,89,72,37,36,17,38,40,33,34,39,10,12,47,85,87,23,16,21,9,71,7,15,75,77,65,80,9,13,14,7,33,16,77,76,83,23,31,53,25,58,43,9,12,13,4,25,14,72,42,7,4,4.460339,1.115085,0.80034,Normal
Juron,Spavital,Arizona,DT,Missouri,23,73,9/13/01,77,285,1,56,1,,77,76,84,78,88,73,23,80,23,27,25,25,29,57,10,72,78,83,87,17,21,20,7,23,32,8,72,35,34,37,11,69,77,21,76,12,37,41,44,11,21,75,13,27,79,28,19,12,14,17,17,87,13,33,4,13.869328,3.467332,13.869328,Normal
Richie,Lefear,Baltimore,LE,Michigan,25,73,5/17/00,76,255,1,90,3,Smaller Speed Rusher - DE,91,83,86,74,79,67,28,66,12,19,34,16,33,69,4,71,80,81,81,33,16,18,8,14,34,2,73,44,44,47,7,63,61,34,79,12,43,46,44,12,16,88,31,24,79,5,6,8,5,22,10,86,25,42,4,7.909121,1.97728,4.696593,Normal
Fearon,Mckoy,Chicago,RE,Vanderbilt,25,73,9/24/99,78,276,1,55,4,Smaller Speed Rusher - DE,82,76,85,78,84,73,42,77,12,28,44,29,47,65,13,78,82,85,89,39,17,15,11,17,23,19,72,44,43,47,8,69,71,21,81,23,43,48,46,25,30,81,26,38,82,9,6,3,5,30,14,88,35,35,3,48.0,16.0,29.5,Normal
Sheldon,Molk,Houston,RE,Tennessee,29,73,6/25/96,75,259,1,95,8,Run Stopper - DE,74,75,75,79,84,73,39,76,12,45,54,42,48,61,11,62,83,85,87,35,14,21,9,13,32,16,73,46,47,44,8,75,78,25,84,20,47,47,46,19,46,76,26,45,84,7,6,7,7,30,16,85,55,46,1,4.0,4.0,1.5,Normal
Jimmy,Micka,Los Angeles N,CB,Georgia,25,73,8/24/00,72,190,1,1,3,Zone - CB,91,86,79,90,61,77,71,49,39,61,65,66,77,83,46,32,59,49,87,72,17,20,71,26,73,50,75,33,33,35,26,81,26,73,77,47,33,36,33,53,71,85,65,34,52,33,38,42,44,43,25,82,37,78,1,1.03,1.03,0.0,Normal
David,Boyle,Detroit,LOLB,Purdue,26,73,5/29/99,73,245,1,55,4,Run Stopper - OLB,81,70,86,84,77,75,70,71,19,48,70,43,57,69,11,68,87,80,89,62,21,23,34,32,55,25,73,45,45,47,8,72,71,43,82,28,43,44,43,37,55,87,61,66,84,8,12,13,5,23,9,84,70,65,3,24.0,8.0,16.0,Normal
Oniel,Hutchins,Atlanta,ROLB,Virginia Tech,27,73,8/17/98,75,226,1,0,4,Run Stopper - OLB,87,80,79,81,73,80,67,70,21,53,58,65,73,71,45,46,87,70,85,67,9,14,50,38,55,49,75,38,33,37,8,78,43,74,85,54,38,31,38,52,68,89,64,56,86,6,6,3,4,22,20,89,48,60,2,14.0,7.0,6.66,Normal
Anttaj,Stegent,Las Vegas,RT,Maryland,23,73,8/4/02,76,315,1,71,1,Power - OT,73,57,65,87,88,77,34,33,11,31,29,22,28,48,13,9,36,81,92,22,10,12,10,86,10,13,72,76,72,76,6,15,12,7,29,14,76,76,77,12,21,64,27,45,34,4,7,6,4,30,3,87,39,15,4,8.0,2.0,4.0,Normal
Bilal,Roder,New Orleans,WR,Michigan,26,73,2/19/99,74,204,1,14,5,Physical - WR,88,83,94,87,70,65,75,38,21,77,75,85,86,80,70,10,33,50,86,74,18,17,84,32,19,73,74,38,17,20,17,25,10,22,39,74,54,29,31,71,91,87,67,55,34,8,15,21,25,35,19,79,60,24,1,1.17,1.17,0.0,Normal
Dunta,Schoenke,Houston,RG,LSU,26,73,2/11/99,75,307,1,69,3,Power - G,81,56,53,83,89,79,18,23,12,16,26,14,24,52,6,19,39,81,90,11,12,17,12,83,10,12,73,69,64,70,5,22,21,8,27,11,75,73,81,14,14,73,8,38,32,7,6,8,7,13,14,88,25,10,4,5.997982,1.499496,2.519804,Normal
Ted,Shegog,Jacksonville,SS,Minnesota,31,73,1/7/94,71,199,1,29,9,Hybrid - S,92,83,86,90,64,82,68,46,10,43,56,58,60,78,13,45,74,59,93,66,16,17,61,13,67,18,73,12,36,35,7,80,40,75,71,26,17,32,35,25,65,88,66,27,66,4,6,8,4,25,13,83,24,72,3,19.5,6.5,10.0,Normal
Wendall,Neil,Minnesota,ROLB,Cincinnati,30,73,9/26/94,73,230,1,55,8,Run Stopper - OLB,90,81,93,84,77,73,56,69,12,35,51,56,65,73,9,64,80,72,91,64,20,28,34,14,58,14,73,43,44,47,8,74,54,50,80,13,47,43,43,25,49,88,57,37,79,4,6,5,7,23,12,86,40,65,1,2.6,2.6,2.0,Normal
Casey,Pricer,Green Bay,FS,Oregon,24,73,7/28/01,71,200,1,33,1,Run Support - S,87,80,94,88,62,69,66,58,15,66,62,56,71,85,19,55,79,62,87,69,23,24,51,31,74,23,72,24,20,24,11,68,46,69,80,32,33,27,29,25,67,88,65,50,70,10,10,15,17,28,14,86,50,72,4,4.82288,1.20572,0.80288,Normal
Dawan,Graves,Tampa Bay,C,Duke,23,73,6/1/02,77,311,1,62,1,Agile - C,81,71,74,86,84,74,26,32,7,11,27,13,31,64,7,22,44,84,91,13,25,24,8,86,12,13,75,77,77,77,8,29,24,13,41,18,76,74,74,14,17,74,11,24,36,4,6,7,11,22,8,88,34,11,4,14.027456,3.506864,14.027456,Normal
Brodney,Goodwin,Arizona,WR,Wake Forest,27,73,5/29/98,67,175,1,4,7,,92,87,73,80,41,76,83,21,23,72,67,77,86,86,72,12,15,37,88,89,11,22,86,17,18,75,71,22,16,12,11,19,12,11,26,61,38,16,20,72,78,88,72,46,22,20,23,31,25,39,19,78,39,25,1,3.263,3.263,0.0,Normal
Fay,Lay,Tampa Bay,DT,Washington,29,73,5/6/96,73,312,1,96,6,,72,61,78,83,88,80,33,78,12,18,46,32,37,56,20,50,81,90,92,26,10,18,9,37,15,22,73,44,43,47,8,81,70,15,76,17,46,43,44,23,39,70,20,36,77,4,6,8,7,29,8,91,48,26,1,3.5,3.5,2.245,Normal
Rashon,Iupati,Carolina,WR,Clemson,29,73,12/25/95,70,185,1,13,6,,86,86,86,91,60,72,87,49,28,72,74,81,84,90,75,20,51,49,87,83,32,39,81,26,35,74,71,36,14,21,26,31,18,36,53,64,46,19,18,75,80,86,77,50,48,29,36,37,35,40,27,78,42,39,1,1.22,1.22,0.05,Normal
Hason,Forte,San Francisco,HB,Louisville,25,73,6/28/00,72,221,1,31,1,Elusive Back - HB,92,82,90,84,71,74,84,38,23,73,89,49,64,82,60,8,39,32,81,80,17,24,80,22,29,62,71,55,41,34,7,28,11,35,47,57,33,28,16,65,52,93,74,76,38,13,15,18,16,22,13,77,69,36,4,4.724528,1.181132,0.704528,Normal
Bing,Herline,New Orleans,CB,Boston College,29,73,2/20/96,73,188,1,27,7,Zone - CB,92,87,82,84,55,76,57,54,15,50,59,55,68,87,19,38,74,61,85,68,11,20,41,21,72,28,73,36,37,34,5,76,26,76,72,39,34,34,34,32,59,90,63,35,55,7,6,7,5,21,15,77,30,77,3,9.0,3.0,4.86,Normal
Jessie,Schuler,Green Bay,LOLB,Boston College,26,73,7/21/99,73,227,1,58,4,Run Stopper - OLB,88,76,77,79,72,76,73,68,22,53,78,41,58,69,26,53,77,72,83,67,12,16,10,26,61,28,74,48,45,47,5,77,49,41,84,36,48,46,42,32,39,85,60,71,89,12,12,22,15,23,15,80,67,60,2,8.0,4.0,2.55,Normal
Liam,Mcevoy,Minnesota,QB,Michigan,22,73,1/20/03,75,219,1,9,1,Scrambler - QB,92,85,81,95,68,68,79,27,76,70,62,10,36,86,9,8,21,29,87,66,28,32,17,19,12,17,75,15,11,17,73,15,8,13,33,14,24,17,21,14,16,86,64,50,25,79,81,83,80,88,78,94,59,14,4,21.854796,5.463699,21.854796,Normal
Walker,Maczuzak,Buffalo,CB,Buffalo,27,73,9/2/97,73,185,1,46,2,Zone - CB,90,85,89,87,69,76,67,52,12,66,57,57,67,84,29,41,71,56,84,68,20,17,27,13,67,35,71,35,35,36,6,74,34,74,68,36,38,38,36,40,64,92,64,49,64,6,10,11,11,27,8,83,40,73,2,1.9525,0.97625,0.0075,Normal
Dedric,Christman,Las Vegas,WR,TCU,22,73,12/18/02,73,214,1,18,0,Slot - WR,89,86,84,84,63,71,84,39,21,72,70,80,83,83,70,34,45,54,82,75,15,21,81,36,27,81,72,23,16,25,23,26,32,19,39,77,56,30,30,76,79,88,62,59,35,18,16,20,16,26,25,88,56,39,4,7.558817,1.889704,5.077203,Normal
Brad,Ply,Washington,LE,Temple,29,73,12/11/95,74,242,1,55,7,Smaller Speed Rusher - DE,85,80,82,83,77,72,38,77,12,19,46,30,49,72,6,78,80,71,90,36,9,20,13,14,38,2,71,46,44,46,6,74,64,31,78,27,44,47,49,13,31,85,25,33,76,6,6,7,4,27,11,86,30,43,4,8.0,2.0,4.0,Normal
Jon,Heeter,Kansas City,SS,Wash. St.,23,73,8/16/02,74,215,1,21,1,Zone - S,93,86,88,81,66,70,61,62,11,60,70,57,70,83,19,53,87,65,93,69,17,18,52,32,69,21,74,32,27,27,18,69,45,72,78,40,36,33,37,27,68,89,64,54,68,26,31,36,15,42,14,88,58,74,4,4.548708,1.137177,0.528708,Normal
Dwone,Jacquith,Philadelphia,WR,Penn State,25,73,3/22/00,71,182,1,2,3,,94,87,84,85,62,75,84,22,22,75,71,83,82,83,76,8,20,41,92,80,15,21,80,18,20,71,75,27,17,12,27,27,8,19,37,72,44,27,18,72,86,90,78,50,28,34,34,48,38,49,29,80,35,28,1,2.757048,2.757048,0.0,Normal
Kipp,Selawski,Las Vegas,CB,Maryland,25,73,8/23/00,71,195,1,0,2,Manto Man - CB,99,88,95,86,56,64,72,36,21,63,60,55,76,86,10,38,59,38,91,75,16,12,64,23,72,16,73,29,32,32,15,66,27,61,70,23,34,33,34,20,75,97,64,31,54,22,21,25,15,27,11,77,31,68,4,4.663596,1.165899,0.823596,Normal
Manny,Giles,Carolina,WR,Holy Cross,23,73,10/31/01,73,210,1,18,1,Deep Threat - WR,93,83,94,84,63,75,82,32,29,74,75,82,86,80,76,10,26,46,87,77,25,19,27,21,16,76,75,38,15,10,26,21,13,19,38,75,47,33,31,75,86,89,65,59,31,28,33,40,41,49,32,82,50,24,1,0.795,0.795,0.0,Normal
Gosder,Nagurski,Jacksonville,CB,Florida State,24,73,5/8/01,72,191,1,22,1,Manto Man - CB,89,85,93,85,41,71,69,44,12,68,61,59,74,88,23,42,60,52,90,73,14,16,48,12,74,23,74,28,12,16,6,67,29,69,74,32,30,24,23,32,66,94,69,32,52,8,9,14,7,35,14,82,27,70,4,5.596312,1.399078,0.890044,Normal
Beau,Stromberg,Tennessee,CB,Louisville,24,73,7/13/01,70,194,0,29,1,Zone - CB,90,87,78,86,59,72,71,50,23,62,55,61,73,89,27,39,73,56,94,76,18,18,61,31,68,31,75,28,18,22,15,73,30,65,77,36,32,26,31,39,66,93,67,32,70,22,24,29,26,35,11,94,39,75,4,8.0,2.0,4.0,Normal
Heinie,Yearby,Washington,DT,South Carolina,27,73,10/3/97,77,330,1,52,5,,77,72,76,75,86,75,24,75,12,16,34,16,31,62,3,71,80,85,75,29,12,19,10,33,17,7,73,45,45,45,6,72,76,16,78,17,45,45,45,15,17,73,24,31,82,6,6,6,6,24,17,86,32,25,3,45.0,15.0,30.0,Normal
Kay-Jay,Ratigan,Miami,HB,Tennessee,22,73,4/1/03,71,210,1,5,1,Elusive Back - HB,93,87,90,84,78,69,83,31,22,76,86,48,68,86,53,11,36,42,91,82,9,19,59,40,10,54,74,58,35,36,19,17,12,14,41,45,42,31,26,63,51,91,76,74,34,14,16,23,16,29,16,91,77,17,4,4.78002,1.195005,0.76002,Normal
Freeman,Cousin,Houston,WR,Iowa State,22,73,9/4/02,70,194,1,82,0,Deep Threat - WR,93,87,82,92,65,69,84,40,38,69,75,79,84,84,80,32,40,52,95,78,29,30,78,37,25,74,73,31,23,29,34,37,29,26,41,70,53,24,26,75,76,95,75,57,24,54,59,62,56,69,49,86,48,37,4,6.466856,1.616714,1.343168,Normal
Olindo,Akiu,Washington,FS,South Alabama,29,73,8/29/96,71,200,1,39,7,Run Support - S,86,78,78,87,62,73,65,54,10,51,65,48,61,72,9,43,84,56,82,76,14,17,37,9,65,15,73,36,37,37,8,73,32,73,79,16,37,36,34,16,61,85,72,35,80,7,6,8,8,26,15,85,43,69,1,5.995,5.995,4.0,Normal
Brodie,Fullington,Denver,LE,Utah,22,73,4/3/03,74,248,1,52,1,Smaller Speed Rusher - DE,87,81,90,75,74,77,26,75,12,28,29,39,29,70,0,75,72,77,86,26,19,22,9,14,41,7,74,47,47,44,5,72,70,26,81,15,44,49,44,14,42,83,20,34,75,6,6,2,8,22,19,82,24,47,4,5.870714,1.467679,1.089608,Normal
Spec,Bartell,Miami,RG,Arizona,21,73,1/13/04,76,324,1,72,0,Agile - G,75,63,58,87,84,76,9,25,10,5,28,15,20,58,5,11,27,86,86,14,14,12,13,83,10,5,75,71,79,74,10,22,12,6,26,14,75,77,74,13,19,72,13,11,20,3,6,3,8,22,11,92,30,10,4,11.322475,2.830619,11.322475,Normal
Phillip,Furrey,New Orleans,DT,Florida,31,73,10/22/93,75,290,1,58,9,,79,70,78,74,81,69,28,79,12,12,26,17,35,58,3,58,80,86,87,29,19,21,9,14,22,6,73,44,44,45,6,71,70,23,77,17,44,45,44,13,20,71,25,31,87,6,6,6,6,22,16,87,38,29,1,1.4225,1.4225,0.1675,Normal
Wee,Stansbury,Arizona,LE,Oregon,23,73,10/10/01,76,279,1,52,0,Power Rusher - DE,85,79,92,80,84,74,46,78,12,33,50,29,54,69,1,67,83,79,85,48,26,18,35,28,38,11,72,45,41,47,11,68,72,36,78,14,46,42,43,16,46,82,39,43,81,10,10,17,11,25,17,84,29,45,4,6.489476,1.622369,1.35962,Normal
Wesly,Rechichar,San Francisco,HB,Oregon,21,73,3/29/04,70,208,1,29,0,Elusive Back - HB,96,85,83,81,73,64,80,34,16,75,90,58,59,85,51,32,28,32,90,78,10,17,81,25,20,54,75,52,37,36,28,29,29,21,35,50,31,29,30,58,55,91,84,67,35,7,25,15,23,24,20,88,75,28,4,4.639684,1.159921,0.439684,Normal
Ben,Delmas,New Orleans,SS,Minnesota,25,73,5/14/00,72,209,1,31,2,Hybrid - S,89,85,92,93,59,73,65,53,12,52,52,57,68,80,31,34,85,53,91,68,9,11,63,19,68,36,75,29,32,31,9,71,39,68,71,34,28,34,35,40,60,91,59,54,75,3,6,7,4,27,10,85,51,72,4,4.166728,1.041682,0.326728,Normal
Sedric,Sulfsted,Minnesota,TE,San Jose St.,28,73,3/21/97,77,259,1,84,6,Possession - TE,86,76,80,84,77,69,69,47,18,58,74,77,83,70,57,30,44,75,89,59,16,22,38,80,17,60,73,60,61,61,4,32,28,22,51,63,74,61,71,69,77,84,53,62,45,4,10,14,11,25,9,80,67,26,3,23.25,7.75,15.645,Normal
Lee,Greisen,Houston,WR,Penn,30,73,4/4/95,74,215,1,84,7,Deep Threat - WR,95,80,92,85,68,77,68,25,22,70,76,82,83,78,76,9,21,54,84,68,19,15,73,41,17,71,72,39,35,32,7,18,11,18,33,76,47,26,36,77,82,92,62,61,30,9,10,13,9,26,27,87,56,25,2,5.0,2.5,3.0,Normal
Horace,Molinet,New England,RE,LSU,26,73,7/25/99,75,245,1,44,5,Smaller Speed Rusher - DE,89,87,83,78,79,66,30,74,15,17,46,31,50,71,4,77,86,80,89,39,16,21,8,13,49,9,73,44,46,47,4,66,63,27,78,17,46,47,46,11,34,84,32,39,74,8,6,4,5,24,11,76,28,54,4,8.0,2.0,4.0,Normal
Ladairis,Pease,Arizona,LT,SMU,36,73,6/8/89,75,308,1,68,13,Pass Protector - OT,63,58,72,88,89,88,16,41,12,13,29,10,40,46,4,30,25,84,96,21,15,13,9,74,15,4,71,81,74,81,5,16,30,12,28,15,75,74,71,9,17,63,24,16,47,7,6,5,6,14,14,71,26,25,1,4.0,4.0,3.49,Normal
Baby,Easlick,Dallas,MLB,Oklahoma,26,73,11/17/98,74,241,1,59,5,Run Stopper - MLB,89,83,90,90,73,81,51,67,20,30,55,43,60,74,15,62,85,70,88,54,12,14,10,23,60,15,73,45,45,45,25,77,51,52,82,25,45,45,45,15,47,87,48,45,85,19,20,22,21,25,28,85,35,58,4,8.0,2.0,4.0,Normal
D'Marco,Crabb,San Francisco,DT,Penn State,28,73,3/1/97,73,285,1,90,6,,65,65,77,77,89,80,14,74,12,19,26,10,30,57,3,68,76,82,84,19,22,18,11,34,19,1,75,47,47,45,7,78,74,9,79,12,43,46,47,12,14,73,12,25,81,4,6,7,6,27,10,88,37,29,1,2.05,2.05,2.05,Normal
Cornelius,Wham,Atlanta,QB,Michigan St.,37,73,8/19/88,75,205,1,18,13,Field General - QB,68,69,71,89,52,71,58,12,41,48,58,15,22,67,13,10,27,14,85,47,19,12,10,10,12,15,73,13,13,13,94,10,12,10,37,15,14,14,14,15,15,69,45,31,38,83,83,86,85,86,84,93,28,12,4,180.0,45.0,90.0,Normal
Lional,Havner,Denver,CB,Missouri,23,73,10/4/01,71,179,1,31,1,Slot - CB,95,89,82,86,38,67,66,43,15,66,56,64,73,89,17,33,57,39,91,70,17,24,57,13,75,21,71,24,20,15,6,67,25,61,73,24,36,25,27,31,66,91,64,36,67,12,12,13,6,33,8,76,30,73,4,4.368272,1.092068,0.348272,Normal
Maxie,Kimmel,Buffalo,LE,Arkansas,22,73,1/2/03,78,264,1,94,0,Run Stopper - DE,87,78,91,79,80,72,30,76,18,25,40,21,37,65,6,71,80,80,84,29,18,19,23,29,26,6,72,47,44,45,23,74,72,25,78,12,43,44,44,17,23,83,26,27,83,8,14,14,25,19,27,84,28,35,4,6.618982,1.654746,1.453804,Normal
Lacurtis,Harold,Buffalo,WR,Colorado,26,73,10/5/98,73,220,1,15,5,,88,83,86,84,71,70,91,56,33,82,78,81,79,85,66,25,53,56,85,84,11,22,78,39,24,73,74,45,27,32,28,30,29,24,54,76,54,29,28,78,88,87,78,75,52,21,25,32,25,36,26,84,75,33,4,8.0,2.0,4.0,Normal
Wiley,Korisky,Las Vegas,FS,Kentucky,29,73,11/4/95,74,213,1,32,6,Hybrid - S,91,84,91,90,67,70,62,51,25,41,62,51,65,88,28,44,70,53,86,72,12,16,37,18,76,33,73,33,33,37,5,74,30,76,69,33,37,33,37,40,61,90,65,11,55,10,14,16,20,30,16,83,26,73,4,8.0,2.0,4.0,Normal
Kendrick,Maiava,Denver,DT,Texas,27,73,6/9/98,75,290,1,97,5,,81,60,72,72,82,79,33,75,12,24,40,33,48,53,16,75,80,84,81,17,25,26,10,17,27,28,71,47,45,44,6,77,66,10,72,30,47,44,44,32,37,75,13,35,83,3,6,6,7,26,17,82,32,32,2,7.0,3.5,3.0,Normal
Verlin,Tannen,Las Vegas,RE,Buffalo,27,73,6/6/98,74,250,1,51,4,Smaller Speed Rusher - DE,83,79,84,73,76,74,46,77,12,31,54,42,49,71,19,79,80,76,89,41,16,22,17,29,38,25,73,47,44,47,5,71,71,29,83,27,44,44,47,26,46,80,36,33,81,8,6,7,4,28,14,79,30,46,1,11.04,11.04,10.02,Normal
Aundrae,Bowie,Pittsburgh,ROLB,Ohio State,27,73,3/5/98,75,259,1,50,5,Run Stopper - OLB,86,84,83,82,72,72,47,76,40,35,55,42,58,73,18,62,81,80,87,58,43,53,36,13,54,21,71,49,49,44,21,75,72,58,84,22,48,46,44,26,49,87,50,45,87,25,27,30,44,48,34,78,48,63,2,10.0,5.0,4.08,Normal
Tony,Torrey,Dallas,SS,Florida AM,26,73,1/6/99,75,205,1,14,3,Run Support - S,96,79,85,86,66,68,59,67,31,53,59,53,65,80,31,55,86,61,92,63,13,15,33,25,63,33,73,35,33,36,25,66,46,63,75,26,36,37,33,33,59,93,60,43,78,29,31,34,33,37,25,80,42,71,3,9.0,3.0,6.2,Normal
Howie,Sandberg,Green Bay,HB,USC,24,73,1/5/01,69,215,1,32,1,Elusive Back - HB,89,90,84,83,73,71,74,24,22,76,79,50,66,91,54,8,23,34,80,84,11,15,52,30,10,51,75,53,30,31,15,12,12,16,29,52,29,15,26,59,52,89,80,75,30,14,16,22,15,26,18,79,74,17,4,8.0,2.0,4.0,Normal
Nick,Strozier,Dallas,DT,Michigan,24,73,6/16/01,75,337,1,58,2,,76,76,69,73,91,64,21,77,9,25,30,25,31,70,8,54,86,89,89,14,12,13,7,30,12,6,74,41,41,41,6,59,68,16,70,13,44,44,45,15,24,75,14,43,88,1,6,7,4,26,9,89,31,14,4,13.274696,3.318674,13.274696,Normal
Rayford,Winfrey,Las Vegas,TE,Notre Dame,24,73,7/6/01,76,265,1,87,2,Possession - TE,84,73,86,90,79,62,71,52,18,62,72,82,85,71,60,45,53,72,90,71,18,13,26,61,23,61,74,63,62,62,13,34,38,26,57,61,61,59,62,69,81,83,61,72,54,9,10,15,9,24,12,92,70,34,4,9.313645,2.328411,7.596703,Normal
Malcolm,Karras,Atlanta,CB,SE Missouri St.,30,73,8/4/95,72,195,1,28,7,Manto Man - CB,95,92,96,84,61,69,72,47,15,52,63,56,66,91,30,44,58,43,85,78,11,18,60,14,75,39,72,39,38,37,10,70,42,69,74,42,36,37,34,46,63,91,68,35,49,7,6,8,4,28,16,77,31,69,4,8.0,2.0,4.0,Normal
Winfred,Ditka,Indianapolis,TE,Virginia Commonwealth,31,73,9/19/93,77,267,1,81,7,Vertical Threat - TE,81,75,84,84,69,74,59,18,18,65,72,81,86,60,68,9,11,66,85,66,11,15,9,56,10,67,74,64,57,59,6,18,12,12,29,70,68,58,62,73,84,80,54,63,29,4,10,12,8,23,16,87,65,13,1,2.2,2.2,1.1675,Normal
Kimble,Pessolano,Atlanta,DT,CSU-Pueblo,30,73,9/12/94,75,275,1,99,9,,77,74,85,82,83,75,38,74,12,20,46,31,37,68,10,61,76,84,93,27,16,20,11,13,24,13,73,46,43,43,8,77,74,12,78,18,46,44,46,21,27,71,16,32,88,5,6,5,5,25,17,89,31,29,2,5.5,2.75,3.0,Normal
Frosty,Weiss,Kansas City,CB,Marshall,27,73,7/17/98,70,199,1,13,3,Zone - CB,92,83,93,89,58,73,71,53,21,64,59,52,70,81,24,46,72,59,84,73,16,14,33,27,69,33,72,31,31,30,13,76,40,66,73,24,34,36,36,34,59,93,65,47,56,12,10,14,15,26,12,86,53,73,1,1.9,1.9,1.2,Normal
Levon,Balasz,Kansas City,CB,California,22,73,9/23/02,72,199,1,20,0,Manto Man - CB,88,85,84,96,62,72,76,55,19,54,70,68,81,82,36,34,67,55,91,73,19,28,77,26,75,35,73,36,33,23,7,71,30,75,73,39,36,37,27,37,75,88,66,39,63,8,6,7,5,24,6,90,39,75,4,6.335516,1.583879,1.247648,Normal
Holbert,Mihajlovich,Buffalo,RG,Florida,25,73,1/20/00,77,347,1,64,2,Power - G,65,52,61,82,88,73,10,41,11,5,35,12,26,48,8,8,44,88,87,10,13,18,9,67,7,8,74,71,65,75,3,9,20,10,18,11,81,74,80,11,13,62,6,9,37,1,6,4,8,21,10,92,13,8,4,6.220978,1.555245,3.30712,Normal
Loyal,Kirchbaum,Chicago,WR,Virginia,28,73,7/23/97,68,193,1,14,6,,90,87,83,83,55,75,77,36,24,74,70,79,86,86,73,23,25,44,90,80,17,14,71,29,15,77,72,33,20,19,15,28,15,9,40,71,46,19,25,79,81,90,74,40,34,6,12,17,10,32,20,84,36,23,1,1.5,1.5,0.75,Normal
Seneca,Frazier,Denver,SS,Texas,28,73,2/12/97,70,202,1,6,6,Zone - S,82,82,82,87,67,78,57,58,15,39,56,48,63,80,6,57,85,70,91,67,15,20,57,26,65,10,72,24,31,36,17,72,53,61,76,25,16,36,33,23,59,90,60,47,68,11,10,15,13,27,17,91,32,73,2,7.0,3.5,3.245,Normal
Klaus,Legree,Dallas,RE,Houston,26,73,1/7/99,78,270,1,98,4,Power Rusher - DE,87,84,86,73,81,69,26,70,12,12,42,19,36,69,5,68,88,85,86,36,19,18,10,18,23,7,72,43,44,43,6,67,74,15,82,17,45,48,42,14,21,79,32,26,84,6,6,6,7,24,11,83,29,34,1,2.5,2.5,2.0,Normal
Reaves,Clements,San Francisco,SS,UCF,27,73,11/9/97,72,200,1,24,4,Zone - S,92,91,82,94,57,76,71,57,15,55,64,65,74,81,36,55,85,62,89,73,18,18,63,43,64,36,74,33,33,35,12,76,43,64,74,34,36,37,36,38,69,86,70,42,65,9,12,13,14,21,12,90,37,74,1,1.5,1.5,0.345,Normal
Pepper,Nead,Cleveland,FS,Ohio State,23,73,10/11/01,73,209,1,33,2,Hybrid - S,85,79,88,84,68,74,59,54,27,47,58,54,64,81,12,35,85,60,88,66,12,15,45,24,74,14,74,31,26,24,16,76,45,69,71,16,34,31,38,18,60,88,58,60,71,18,23,25,24,36,13,87,50,73,3,2.715,0.905,0.22,Normal
Laval,Mahan,New York N,DT,UTEP,32,73,7/23/93,77,290,1,95,9,,72,68,87,80,81,85,24,72,12,15,18,10,36,61,5,64,74,77,90,27,30,30,6,13,30,0,74,41,45,43,7,82,74,24,80,14,42,46,44,11,13,79,28,53,77,10,6,4,5,34,11,83,46,45,4,8.0,2.0,4.0,Normal
Buzz,Dagata,Atlanta,DT,Clemson,23,73,10/13/01,76,290,1,98,1,,82,69,77,82,88,59,35,78,12,17,35,10,50,62,1,64,83,87,86,34,17,20,7,17,23,4,72,43,43,45,5,60,74,24,79,17,43,47,46,12,10,76,28,35,82,8,6,5,6,24,15,88,32,29,4,9.916126,2.479032,8.735167,Normal
Woody,Hearden,Cincinnati,P,BYU,26,73,9/11/98,76,235,1,8,1,Power - KP,74,67,66,86,55,53,9,11,20,7,33,10,29,53,10,9,28,19,86,13,72,94,13,14,10,6,71,17,14,16,13,18,13,10,28,10,15,12,14,11,15,69,9,13,28,7,15,20,20,34,15,79,9,10,2,2.035,1.0175,0.0,Normal
Leotis,Remo,Green Bay,RG,UCLA,26,73,9/20/98,77,321,1,75,3,Pass Protector - G,71,67,84,81,85,74,33,24,19,29,44,30,34,61,8,10,42,87,87,15,21,27,9,77,10,12,74,80,74,81,6,19,10,11,34,15,73,73,72,19,27,64,16,41,44,13,15,19,7,27,5,82,29,10,4,5.122854,1.280714,0.905712,Normal
Vannie,Chiaverini,Arizona,CB,UAB,25,73,1/25/00,70,194,1,24,2,Manto Man - CB,90,82,89,85,56,73,70,42,23,62,52,57,65,82,30,42,70,40,88,73,18,15,64,24,73,34,73,30,25,25,14,74,32,69,70,35,35,35,35,39,61,93,70,35,63,19,24,29,28,31,12,79,33,71,3,2.715,0.905,0.02,Normal
Baraka,Yelvington,Tampa Bay,WR,Oklahoma,32,73,2/10/93,70,196,1,17,9,,88,87,89,86,70,73,86,23,26,77,73,81,82,86,77,13,17,48,83,82,24,24,74,25,16,75,73,42,13,10,17,20,9,15,42,77,62,30,41,76,84,86,77,48,35,18,20,24,22,28,26,85,42,24,1,1.75,1.75,0.5,Normal
Toussaint,Tarr,Philadelphia,SS,Illinois,25,73,3/21/00,70,211,1,21,2,Hybrid - S,92,83,94,89,69,70,70,55,17,64,68,65,75,79,27,46,87,49,85,70,35,34,66,21,74,30,71,24,25,27,18,73,41,71,72,33,34,36,31,38,72,91,63,42,67,23,28,34,28,42,19,81,41,67,4,5.744441,1.43611,1.177776,Normal
Rashad,Bruton,Dallas,RT,Texas Tech,28,73,6/4/97,78,310,1,78,5,Power - OT,78,55,71,85,90,75,9,24,12,7,39,21,43,44,9,8,21,84,92,8,14,16,9,83,15,13,73,67,60,73,8,16,12,9,23,13,82,83,80,29,23,77,11,17,34,4,6,7,5,20,15,86,24,20,5,82.5,16.5,23.554,Normal
Corbin,Mealey,New York A,LS,Duke,31,73,6/11/94,74,246,1,42,8,Accurate - LS,72,66,75,75,68,62,26,47,10,17,62,49,62,66,32,8,59,70,92,32,11,15,9,59,25,40,73,60,42,51,5,35,12,17,47,31,44,36,39,42,50,76,23,44,58,4,6,5,5,39,9,74,33,24,4,8.0,2.0,4.0,Normal
Domanick,President,Houston,DT,Virginia Tech,28,73,7/11/97,75,313,1,98,7,,67,55,63,82,89,74,24,77,12,17,28,15,25,48,4,71,79,89,95,24,17,17,9,35,18,5,75,47,46,45,5,75,77,16,79,15,44,46,47,16,13,69,12,32,82,7,6,8,6,17,15,89,38,27,4,8.0,2.0,4.0,Normal
Cub,Beuerlein,Indianapolis,CB,Vanderbilt,29,73,3/5/96,71,190,1,42,7,Zone - CB,84,90,81,88,55,77,62,56,10,48,54,40,58,85,7,46,54,56,80,70,13,9,65,16,73,13,72,7,31,33,3,81,46,79,73,13,17,38,34,17,62,85,62,27,49,5,6,4,5,25,13,83,25,78,1,1.17,1.17,0.0,Normal
Jahvid,Hummell,Dallas,LS,Colorado St.,29,73,12/2/95,75,240,1,44,7,Power - LS,66,74,72,81,73,65,42,44,18,23,57,42,45,61,19,24,47,65,91,53,22,15,33,51,24,24,73,54,51,55,4,45,26,17,47,25,49,51,47,32,44,74,44,46,63,8,6,7,8,27,8,86,43,25,3,4.45,1.483333,1.805,Normal
Marco,O'Neal,Washington,P,Oklahoma,35,73,4/18/90,73,220,0,10,12,Power - KP,71,63,66,79,43,62,10,9,17,9,50,10,48,49,10,8,13,13,89,11,74,91,13,15,13,9,71,8,15,10,26,19,12,10,25,11,17,11,11,7,12,72,10,10,29,50,50,51,30,54,35,67,11,27,1,2.8725,2.8725,2.0,Normal
Edward,Triggs,Tampa Bay,WR,Nebraska,24,73,4/2/01,72,192,1,10,2,Deep Threat - WR,93,81,77,80,53,76,80,35,21,72,70,78,82,84,78,20,40,47,92,72,17,16,79,29,33,73,71,29,26,22,5,32,13,35,48,71,55,34,31,72,77,95,67,48,45,8,10,16,10,26,18,88,47,39,4,4.019292,1.004823,0.179292,Normal
Burgess,Vaughan,Buffalo,HB,Maryland,27,73,9/17/97,71,210,1,26,6,Elusive Back - HB,92,84,79,85,66,76,83,21,20,77,90,54,67,86,51,12,26,30,88,83,12,13,81,25,12,52,75,51,27,23,15,19,11,15,34,46,31,25,17,64,55,91,70,75,31,10,15,24,13,20,10,77,61,15,2,5.0,2.5,1.49,Normal
Isaiah,Sklopan,Minnesota,HB,North Carolina,27,73,5/12/98,71,204,1,32,3,Elusive Back - HB,92,81,76,86,62,75,82,23,19,74,91,56,64,79,52,11,25,35,93,75,18,22,76,38,11,57,74,44,38,32,20,10,11,10,34,53,45,34,21,61,60,94,71,66,31,15,20,25,17,32,16,90,76,18,4,3.95884,0.98971,0.29884,Normal
Ebby,Mcquistan,Dallas,LT,Oklahoma,23,73,6/11/02,79,327,1,60,1,Agile - OT,77,72,81,84,83,75,17,28,12,20,37,22,31,58,14,26,35,86,93,39,6,10,11,81,16,15,73,78,78,82,8,35,22,11,38,14,75,79,75,20,26,65,37,31,26,9,9,13,7,27,9,86,23,14,4,13.155806,3.288952,13.155806,Normal
Fest,Capp,Baltimore,K,Arizona,24,73,8/4/01,71,191,1,33,0,Power - KP,77,66,61,81,42,60,16,11,13,13,32,13,28,55,12,10,13,12,89,19,71,96,8,11,10,13,72,14,14,11,18,12,10,11,22,12,8,12,11,15,11,74,10,17,21,19,28,31,16,24,15,66,10,11,4,4.444772,1.111193,0.244772,Normal
Dorin,Weimer,Indianapolis,RE,Ohio State,30,73,1/30/95,75,277,1,94,7,Power Rusher - DE,85,75,84,74,81,67,34,79,13,23,29,27,31,65,6,60,83,83,81,28,14,16,9,19,29,6,73,47,44,43,8,68,74,20,79,15,46,46,44,14,23,79,23,27,83,5,6,8,5,21,13,90,25,38,2,12.0,6.0,6.7,Normal
Kelvin,Heffernan,Las Vegas,RE,Texas Tech,25,73,5/20/00,78,271,1,9,2,Power Rusher - DE,85,77,83,77,87,71,39,78,12,25,43,44,48,71,7,61,87,82,86,41,18,13,8,32,35,10,74,39,38,40,5,73,74,43,79,12,47,44,43,12,48,81,31,60,83,8,6,8,6,20,17,90,46,45,4,25.005497,6.251374,25.005497,Normal
Chas,Prosinski,New Orleans,CB,Oregon,28,73,5/16/97,69,201,1,0,6,Slot - CB,88,82,82,90,62,71,69,53,19,51,62,56,69,84,20,48,75,56,90,72,20,20,81,17,74,25,73,35,35,35,20,71,42,76,74,25,35,35,35,35,62,90,63,48,69,17,20,25,21,30,23,92,44,77,1,1.28,1.28,0.11,Normal
Karon,Yankowski,San Francisco,CB,W. Kentucky,23,73,1/9/02,69,181,1,20,0,Manto Man - CB,92,86,92,84,55,72,71,42,22,51,67,64,74,87,28,46,56,49,91,76,27,30,72,29,73,24,75,35,35,26,10,66,33,77,76,24,38,38,26,31,75,93,68,37,68,5,6,13,4,16,8,86,32,73,4,6.161184,1.540296,1.12086,Normal
Donta,Lomasney,Miami,LOLB,Mississippi St.,27,73,2/15/98,73,243,1,40,5,Run Stopper - OLB,89,80,90,87,73,69,59,69,12,54,56,46,67,79,25,57,88,81,83,66,15,31,11,25,58,30,71,46,45,44,9,68,51,54,87,30,44,46,42,39,64,86,57,46,81,10,6,2,5,21,14,82,46,62,4,8.0,2.0,4.0,Normal
Alameda,Conway,Las Vegas,HB,Georgia,25,73,9/18/99,72,215,1,3,3,Elusive Back - HB,92,82,78,85,77,76,80,36,20,81,87,46,64,80,36,11,33,41,85,78,18,22,59,24,11,41,73,50,25,27,16,14,11,13,41,42,38,24,33,47,45,89,75,77,34,12,15,21,20,29,13,88,86,14,4,4.403932,1.100983,0.743932,Normal
Zak,Douglas,Baltimore,RE,Penn State,23,72,10/4/01,76,254,1,50,1,Smaller Speed Rusher - DE,85,76,81,77,71,74,25,73,14,11,23,21,23,73,7,76,72,76,84,39,20,21,9,18,42,9,72,51,52,49,7,72,70,44,78,11,50,52,44,8,23,79,37,33,81,7,6,5,5,18,8,82,25,49,4,5.648034,1.412009,0.92766,Normal
Curome,Nottage,Houston,LT,Minnesota,23,72,2/19/02,78,331,1,79,0,Power - OT,75,62,72,91,85,76,17,44,11,13,29,18,17,50,4,27,30,81,86,10,28,19,7,84,11,2,71,76,71,77,8,23,33,7,22,12,75,73,77,16,19,71,11,36,33,6,6,9,4,15,12,90,30,12,4,9.211638,2.30291,7.36931,Normal
Sisto,Bush,San Francisco,HB,Nebraska,32,72,6/13/93,69,203,1,38,10,Elusive Back - HB,92,85,89,85,67,77,77,28,26,72,81,56,74,85,46,6,22,21,90,85,22,21,86,25,10,56,72,53,45,47,9,22,7,26,19,52,36,16,20,61,53,90,74,68,41,13,25,29,8,33,16,81,56,19,1,1.255,1.255,0.0,Normal
Jammie,Shumann,Philadelphia,FS,Texas,22,72,12/7/02,71,186,1,24,0,Zone - S,89,81,84,87,65,70,70,59,14,56,66,61,71,83,28,33,78,53,84,66,19,21,41,26,66,35,73,37,37,35,4,68,35,68,81,36,34,33,33,39,63,91,62,48,67,4,6,5,6,26,13,84,48,72,4,7.160542,1.790136,4.196147,Normal
Mana,Seiple,Indianapolis,QB,Florida,23,72,5/22/02,76,250,1,5,2,Scrambler - QB,93,86,91,74,72,59,92,26,82,81,59,17,37,88,15,12,27,33,87,79,15,24,19,29,11,18,72,17,17,18,87,19,12,12,30,16,23,21,19,22,20,89,76,81,31,79,77,82,70,98,76,88,79,17,4,8.0,2.0,4.0,Normal
Reece,Younger,Indianapolis,WR,Malone University,28,72,5/15/97,73,215,1,16,6,Deep Threat - WR,94,89,90,83,62,71,79,27,20,71,75,80,82,79,75,12,26,45,86,80,16,20,81,21,10,69,72,32,20,24,18,16,9,16,42,69,43,26,26,73,77,93,73,50,39,10,16,24,22,33,19,82,46,18,2,6.5,3.25,2.94,Normal
Proverb,Beckwith,Arizona,RE,LSU,23,72,4/5/02,74,256,1,9,2,Smaller Speed Rusher - DE,90,82,81,81,78,59,23,72,14,17,31,21,33,69,7,76,86,72,82,41,20,26,7,44,41,6,73,46,50,47,7,61,65,41,84,14,48,47,48,14,26,85,36,35,78,6,6,9,4,21,11,78,29,50,4,8.0,2.0,4.0,Normal
Ray,Verry,Minnesota,LG,Oregon State,28,72,1/23/97,79,315,1,64,5,Power - G,61,54,73,82,87,79,7,15,12,2,29,10,23,48,5,8,37,84,89,6,26,40,6,82,12,6,73,78,67,80,3,17,13,14,23,14,74,78,71,10,16,70,13,13,29,6,6,9,4,23,4,93,14,15,3,9.5,3.166667,4.75,Normal
Kalen,Savatsky,New York A,HB,Wisconsin,21,72,1/20/04,73,235,1,0,1,Elusive Back - HB,93,83,78,88,79,76,82,49,37,82,86,51,61,85,46,30,54,48,85,83,10,15,53,46,34,51,71,57,32,38,27,33,39,37,43,52,48,35,39,59,50,87,76,75,45,21,28,35,42,43,31,83,81,42,4,8.0,2.0,4.0,Normal
Fatty,Brannon,Jacksonville,TE,Penn State,24,72,12/27/00,75,247,1,85,2,Possession - TE,87,75,86,86,76,66,81,53,14,68,76,79,78,69,55,43,53,68,90,55,17,22,18,56,42,62,73,65,61,65,20,41,35,38,65,66,61,55,59,69,80,85,45,72,53,14,18,23,17,28,13,91,71,48,4,6.114333,1.528583,3.224712,Normal
Reggie,Bristor,Pittsburgh,LT,Georgia,24,72,5/16/01,77,311,1,77,2,Agile - OT,86,76,71,88,88,73,8,58,12,16,31,24,34,55,3,45,67,84,92,10,16,15,9,83,12,8,74,77,75,74,6,59,57,7,60,16,72,81,73,12,26,72,9,14,56,3,6,9,5,22,13,88,17,15,4,16.626352,4.156588,16.626352,Normal
Chilo,Townes,Los Angeles A,RE,Kentucky,32,72,2/12/93,76,269,1,48,10,Power Rusher - DE,83,74,91,79,77,75,41,77,12,17,51,26,64,67,6,65,88,82,83,45,18,26,11,17,43,3,70,43,44,45,7,77,75,57,82,30,46,43,43,13,37,83,47,42,81,8,6,5,6,32,14,84,39,56,1,6.0,6.0,2.495,Normal
Latham,Merlin,Dallas,CB,Wake Forest,23,72,3/3/02,72,193,1,21,1,Zone - CB,95,87,87,85,51,74,60,54,22,61,52,57,70,86,12,29,67,47,92,69,16,19,43,16,66,15,72,13,13,14,6,71,31,72,74,25,23,23,14,27,57,86,68,43,65,7,11,20,14,28,12,82,24,73,4,4.274276,1.068569,0.254276,Normal
Harris,Salave'A,Buffalo,SS,Buffalo,28,72,4/13/97,69,183,1,39,5,Zone - S,93,94,80,91,51,76,72,52,10,55,59,45,57,83,10,33,62,49,88,72,15,14,49,17,70,15,73,39,32,37,4,69,34,69,78,31,32,36,38,22,61,88,60,33,59,6,6,6,5,39,17,85,16,73,2,3.1,1.55,1.55,Normal
Lonzell,Kubin,Los Angeles A,CB,Notre Dame,24,72,12/5/00,74,207,1,20,1,Manto Man - CB,93,81,92,84,57,69,73,63,32,65,64,65,69,80,49,32,72,61,85,77,20,23,63,27,73,53,74,36,34,31,28,69,23,75,74,60,34,36,33,54,70,91,73,49,63,23,31,32,31,33,10,86,55,74,4,4.383928,1.095982,0.363928,Normal
Venice,Maese,Tennessee,QB,Miami,23,72,5/25/02,74,219,1,1,0,Scrambler - QB,84,81,78,90,68,74,75,42,77,65,64,28,44,82,21,37,36,29,91,60,29,23,26,30,33,18,72,24,31,37,78,33,36,34,22,24,34,32,32,37,35,81,62,42,33,76,80,85,85,93,78,92,43,35,4,8.0,2.0,4.0,Normal
Butch,Goodridge,Cleveland,WR,Tennessee,25,72,4/19/00,75,215,1,19,2,Deep Threat - WR,89,82,88,83,67,78,80,34,26,76,70,83,84,81,76,8,27,51,88,77,14,20,45,34,10,74,74,36,22,26,5,20,9,9,32,77,55,26,36,78,86,86,66,66,33,17,15,24,14,23,22,82,56,10,4,5.614512,1.403628,1.080336,Normal
Fair,Magnani,Seattle,RG,Connecticut,25,72,4/13/00,75,317,1,64,1,Power - G,76,69,81,87,86,75,31,19,7,34,32,31,27,57,8,12,40,82,93,25,13,14,11,80,12,10,72,75,73,74,9,21,12,11,31,22,76,75,74,21,34,69,22,43,31,15,15,20,11,22,9,94,37,15,4,5.802764,1.450691,1.040192,Normal
Elliott,Wolff,Buffalo,FS,Utah,22,72,10/24/02,74,206,1,24,1,Zone - S,96,87,92,88,63,67,64,62,31,62,67,58,65,81,12,55,75,66,94,68,32,30,59,30,65,16,74,15,15,15,19,65,59,69,76,13,23,15,20,15,64,93,65,53,63,20,32,36,30,36,25,89,49,75,4,6.547996,1.636999,3.469816,Normal
Rube,Fry,Cincinnati,LG,North Dakota St.,27,72,7/20/98,78,315,1,67,3,Power - G,72,55,79,86,87,80,43,41,14,32,45,33,39,51,29,35,39,80,95,32,39,39,8,85,15,29,72,69,65,71,7,37,39,9,40,34,76,79,80,33,33,61,32,45,44,5,8,12,5,26,12,76,39,20,1,2.6,2.6,0.5,Normal
Leron,Lauvao,Dallas,MLB,LSU,25,72,6/28/00,75,240,1,18,3,Field General - MLB,91,80,86,86,68,66,51,67,21,41,58,48,57,71,28,47,80,83,82,58,15,13,11,36,65,32,70,49,46,47,10,60,47,46,79,30,45,49,45,31,51,88,55,45,87,12,13,19,21,20,13,83,41,68,4,3.902552,0.975638,0.242552,Normal
Tyrell,Henricus,New York N,DT,Toledo,25,72,8/26/00,76,305,1,91,0,,80,74,80,85,85,68,47,81,13,38,52,34,52,64,8,74,76,85,91,37,20,21,28,22,31,11,70,43,46,45,11,69,78,18,76,14,44,43,43,14,42,74,29,47,79,8,6,7,10,24,7,89,40,37,4,8.0,2.0,4.0,Normal
Cletidus,Hilton,Las Vegas,CB,UCLA,27,72,6/23/98,70,195,1,30,5,Manto Man - CB,92,86,84,89,57,74,66,51,10,51,60,62,77,88,50,47,59,42,88,73,15,14,82,21,73,50,71,39,38,36,4,74,34,72,73,41,39,32,32,53,70,89,68,45,52,5,6,8,4,26,8,85,35,72,1,1.195,1.195,0.025,Normal
Ruel,Sewell,Houston,RE,Tennessee,28,72,3/24/97,76,267,1,52,5,Smaller Speed Rusher - DE,88,73,73,77,85,70,45,77,12,24,60,55,60,63,36,75,78,88,90,45,12,17,43,26,49,39,72,44,46,47,4,63,70,55,83,37,46,46,46,44,53,81,37,42,80,7,6,5,5,29,19,86,29,56,1,4.75,4.75,2.0,Normal
Rolf,Weathers,Buffalo,SS,Cincinnati,26,72,5/22/99,71,200,1,28,4,Run Support - S,94,87,93,91,69,68,66,55,11,50,54,57,75,79,33,44,86,62,86,67,19,16,64,28,66,33,73,33,33,35,7,69,37,65,78,47,36,34,34,38,66,91,66,43,75,11,12,12,6,23,10,78,35,70,1,1.3375,1.3375,0.1675,Normal
Kitrick,Munnerlyn,Cleveland,WR,Sacramento State,32,72,4/10/93,68,188,1,2,9,Slot - WR,93,91,83,84,57,74,69,34,24,61,73,77,86,85,73,24,27,44,89,83,18,13,79,32,15,76,74,25,20,17,17,23,17,7,40,68,36,20,26,71,79,86,74,38,39,7,12,20,12,27,19,76,34,23,4,8.0,2.0,4.0,Normal
Davlin,Sherels,New Orleans,LG,North Dakota St.,27,72,3/28/98,78,301,1,77,4,Power - G,71,73,80,84,85,81,17,31,11,7,27,25,27,56,4,20,35,86,86,21,20,20,8,77,13,4,71,74,69,75,8,16,25,13,30,20,75,80,75,13,16,69,10,20,33,4,6,4,6,17,14,94,26,15,1,2.25,2.25,2.25,Normal
Clarke,Ramsey,Buffalo,CB,Virginia Tech,23,72,3/14/02,73,185,1,43,0,Slot - CB,91,92,87,88,64,69,74,49,25,48,54,61,70,92,25,30,67,53,87,70,15,19,82,25,68,26,73,38,34,26,27,70,30,69,74,32,34,38,25,30,66,90,67,35,67,9,14,16,12,20,30,85,21,73,4,4.485356,1.121339,0.285356,Normal
Jimbo,Pourdanesh,San Francisco,CB,Ohio State,30,72,8/9/95,73,199,1,30,9,Manto Man - CB,89,87,81,91,59,75,63,49,10,48,62,44,71,84,12,27,45,52,89,72,17,19,61,8,73,14,71,11,35,32,2,75,26,73,70,25,15,30,33,27,63,89,68,38,52,2,6,7,7,31,13,86,23,69,4,8.0,2.0,4.0,Normal
Lloyd,Hauser,Detroit,CB,Missouri,23,72,6/5/02,72,183,1,9,1,Manto Man - CB,93,87,85,87,57,69,66,45,18,65,53,51,58,85,10,37,61,44,85,72,10,11,55,15,74,14,72,35,23,21,7,70,29,69,68,25,35,25,27,16,54,89,68,40,66,11,14,21,6,26,10,79,32,72,4,8.0,2.0,4.0,Normal
Alvro,Stinnette,Cleveland,C,LSU,30,72,8/5/95,78,320,1,55,8,Agile - C,65,57,72,90,91,76,13,34,12,6,24,14,32,48,6,9,38,85,86,20,12,12,6,89,12,15,73,70,71,73,9,35,9,10,27,14,86,82,74,24,14,72,18,28,36,2,6,5,7,23,12,88,35,12,3,18.0,6.0,6.0,Normal
Reds,Jarmon,Kansas City,RE,Kansas State,23,72,1/24/02,76,255,1,91,2,Smaller Speed Rusher - DE,80,83,83,79,73,71,30,71,12,35,33,21,33,70,4,74,86,79,89,35,31,35,9,13,24,9,74,36,34,35,5,69,72,31,83,13,38,38,41,9,25,81,31,41,79,4,6,8,6,18,11,82,36,29,4,11.817817,2.954454,11.817817,Normal
Monty,Holmberg,New Orleans,TE,LSU,28,72,5/6/97,76,250,1,87,6,Possession - TE,84,77,89,84,76,70,72,36,20,57,75,79,85,75,60,12,30,69,93,57,12,14,37,57,12,58,73,65,57,57,13,14,11,16,45,64,62,62,62,70,78,81,54,61,36,10,15,24,12,22,9,85,75,15,3,12.234,4.078,8.02,Normal
Denard,Jolley,Dallas,FB,North Dakota St.,25,72,2/28/00,73,230,1,40,2,Utility - FB,89,81,85,77,68,71,70,51,32,52,73,68,77,70,59,35,55,63,86,70,20,21,66,67,21,65,71,58,52,52,16,33,44,16,55,55,56,57,58,65,60,86,63,70,50,21,31,33,28,44,13,87,69,28,3,2.715,0.905,0.2,Normal
Torin,Shonk,New York A,FS,Colorado,28,72,9/30/96,72,210,1,26,7,Hybrid - S,89,81,93,91,62,73,71,41,17,63,73,66,79,84,40,32,44,42,86,74,12,22,77,18,74,51,73,36,32,34,9,71,21,77,70,50,37,35,38,58,71,91,73,29,61,8,6,5,4,41,15,84,23,72,4,8.0,2.0,4.0,Normal
Chris,Maddock,Dallas,MLB,Wisconsin,25,72,7/29/00,74,234,1,57,3,Run Stopper - MLB,84,82,79,84,72,76,52,80,15,47,67,50,64,71,23,43,84,83,92,57,18,24,13,37,53,31,71,35,32,33,6,81,63,34,85,27,36,40,42,31,53,79,44,51,76,7,6,6,5,23,13,92,49,62,1,1.5,1.5,0.15,Normal
Lucius,Oliver,Pittsburgh,RE,Ohio State,23,72,5/6/02,76,260,1,33,0,Power Rusher - DE,84,71,82,83,81,75,38,77,12,30,53,37,46,64,5,66,82,82,93,33,24,33,34,28,37,7,74,48,42,47,8,77,72,35,83,10,42,45,45,13,41,78,30,32,78,8,10,11,13,15,13,91,33,48,4,5.150932,1.287733,0.950932,Normal
Felto,Illman,Minnesota,DT,Oklahoma,26,72,3/12/99,74,291,1,61,2,,84,73,82,68,83,71,21,75,10,9,44,30,39,63,7,69,78,83,84,25,14,16,9,33,18,4,72,39,42,42,4,69,65,23,75,13,44,44,44,9,37,80,23,34,80,7,6,8,4,21,6,79,37,24,1,0.795,0.795,0.0,Normal
Gerry,Holliday,Atlanta,WR,San Diego,30,72,4/3/95,70,190,1,14,8,,93,92,83,89,60,64,80,59,30,71,74,78,80,88,67,34,72,47,82,87,19,18,95,20,64,72,70,35,37,37,21,58,26,65,77,74,48,34,32,72,80,93,78,62,60,30,35,41,23,48,28,73,46,62,1,2.5,2.5,0.4,Normal
Singor,Whittingham,New York N,QB,Florida State,31,72,1/6/94,76,231,1,19,10,Strong Arm - QB,72,73,72,87,70,69,75,45,84,71,59,15,46,75,9,11,30,19,90,66,29,34,9,32,12,15,74,12,15,13,77,22,12,10,47,13,39,23,34,14,18,75,76,68,42,83,80,86,80,87,76,97,66,13,4,8.0,2.0,4.0,Normal
Payton,Wolski,New York N,P,Arkansas P.B.,28,72,7/4/97,73,207,0,12,6,Power - KP,74,64,87,84,69,59,34,28,22,25,40,14,37,56,15,10,64,21,87,36,76,90,10,14,13,15,72,18,18,18,17,23,10,10,50,16,17,17,17,15,15,76,22,23,53,26,35,43,27,51,17,88,23,18,4,8.0,2.0,4.0,Normal
Willie,Rhea,Los Angeles N,HB,Auburn,22,72,12/29/02,69,204,1,35,0,Power Back - HB,90,76,85,85,71,75,75,44,31,82,90,49,63,76,38,29,42,38,95,74,23,22,80,38,40,54,72,50,37,40,24,45,30,46,51,46,41,27,33,55,50,92,68,80,44,24,29,35,32,55,32,86,83,47,4,5.19878,1.299695,0.99878,Normal
Pug,Bellini,Houston,C,Notre Dame,26,72,9/1/99,76,310,1,54,2,Pass Protector - C,68,57,70,88,83,80,22,28,11,18,24,28,33,54,10,21,36,83,85,24,15,21,10,75,10,12,74,82,73,82,8,15,31,8,28,17,68,72,60,22,21,60,14,28,32,8,5,5,4,29,5,90,24,9,4,4.009972,1.002493,0.169972,Normal
Stylez,Nafziger,San Francisco,FS,Pittsburgh,26,72,6/30/99,72,205,1,25,4,Hybrid - S,95,85,91,88,62,73,70,51,12,50,58,61,74,87,39,35,62,54,87,73,21,21,58,27,68,42,72,37,34,33,7,74,31,74,66,50,40,38,40,45,67,87,67,46,63,4,6,5,8,36,12,86,42,72,1,2.2,2.2,2.2,Normal
Carlos,Sedlock,Dallas,HB,Texas,21,72,1/8/04,69,195,1,34,0,Elusive Back - HB,93,87,75,80,66,61,80,31,18,77,83,59,70,86,57,27,27,40,87,79,23,25,70,34,29,62,74,54,34,39,19,35,25,27,41,60,37,26,28,67,62,93,73,78,28,14,19,23,20,9,31,86,81,31,4,4.627068,1.156767,0.427068,Normal
Shawntae,Neuheisel,Washington,WR,Virginia Tech,23,72,5/1/02,70,191,1,83,0,,95,92,92,89,56,66,82,38,28,75,71,76,82,89,72,26,30,36,84,81,18,25,80,26,34,71,72,21,12,21,35,26,26,23,32,69,48,21,24,74,75,92,68,61,35,31,41,45,41,58,31,83,56,37,4,5.113852,1.278463,0.913852,Normal
Parker,Mccleskey,Tennessee,K,Virginia Tech,29,72,4/10/96,71,213,1,6,6,Power - KP,75,60,60,86,64,56,17,22,15,14,38,10,34,47,9,10,11,10,89,20,74,99,12,11,12,8,73,14,11,10,12,9,10,8,31,12,18,12,11,9,14,71,23,13,32,23,30,30,11,30,16,58,13,12,1,1.295,1.295,0.025,Normal
Kam,Trout,New Orleans,FS,Virginia,22,72,11/23/02,73,206,1,33,0,Zone - S,87,81,89,90,60,70,68,54,28,58,60,56,67,88,18,34,81,59,91,71,18,22,80,23,68,22,70,34,34,35,17,65,39,67,79,28,33,37,37,30,59,90,61,51,72,16,20,23,25,29,22,89,47,73,4,6.245202,1.561301,1.181964,Normal
Trumaine,Bohannon,Dallas,WR,Ole Miss,24,72,4/20/01,74,220,1,81,2,Deep Threat - WR,90,80,89,90,69,73,78,43,22,72,72,80,81,84,72,11,39,51,91,75,21,27,57,31,26,73,74,32,15,24,4,27,8,28,45,76,51,31,27,72,81,92,67,63,43,5,10,18,8,29,19,86,54,36,4,8.856595,2.214149,6.898887,Normal
Beanie,Doolan,Los Angeles N,WR,Texas,24,72,10/1/00,73,205,1,88,1,,91,89,84,83,65,73,78,27,24,76,75,76,85,88,73,10,16,53,82,78,17,20,32,32,13,76,74,35,24,28,7,18,10,13,36,71,56,30,33,73,80,89,71,59,27,14,15,21,15,21,20,77,56,18,4,4.158388,1.039597,0.138388,Normal
Greg,Weidner,Los Angeles N,RE,Michigan,22,72,4/26/03,73,249,1,41,0,Power Rusher - DE,88,77,80,78,80,73,38,73,23,37,38,15,27,69,6,74,79,81,88,36,22,25,32,23,32,13,74,45,44,47,12,66,78,27,81,15,44,43,48,16,15,84,27,35,75,8,10,23,20,26,21,88,35,41,4,6.275412,1.568853,1.203936,Normal
Mitchell,Pivec,Cincinnati,LE,Texas,25,72,4/12/00,76,263,1,58,4,Power Rusher - DE,89,78,88,77,81,66,40,71,12,26,56,43,52,67,6,68,84,84,83,36,39,47,8,19,45,3,71,44,46,45,5,60,75,49,79,15,47,43,46,8,47,84,28,39,78,5,6,4,6,26,10,85,40,54,1,6.5,6.5,3.0,Normal
Qasim,Ilesic,Los Angeles N,K,Stanford,23,72,3/7/02,74,207,1,16,1,Power - KP,76,62,68,88,46,57,26,7,14,14,25,14,28,56,15,11,22,12,90,20,74,97,13,11,11,14,74,21,17,16,20,14,12,8,24,14,17,15,14,21,22,74,15,10,25,20,21,28,23,31,13,76,12,14,4,4.158388,1.039597,0.138388,Normal
Montique,Eilers,New York N,FS,Clemson,28,72,7/25/97,71,205,1,34,5,Hybrid - S,92,87,89,87,68,70,60,59,19,51,56,55,65,83,26,50,77,58,85,69,18,18,41,12,67,36,74,24,35,36,9,71,42,68,77,33,36,35,34,41,60,85,66,42,69,15,21,24,23,34,9,82,39,71,4,8.0,2.0,4.0,Normal
Jarrad,Wisdom,Washington,WR,Miami,28,72,6/10/97,71,203,1,13,5,Deep Threat - WR,89,86,90,91,64,77,78,39,25,71,75,78,85,79,69,8,34,43,91,79,9,17,75,29,12,79,74,39,17,19,3,18,12,13,40,76,50,27,35,75,79,90,72,50,40,3,10,15,17,25,14,81,51,17,1,1.195,1.195,0.0,Normal
Jovan,Majors,Kansas City,LG,BYU,22,72,1/18/03,77,326,1,76,1,Power - G,75,68,68,86,87,69,30,28,11,18,30,31,37,50,12,33,30,84,93,13,24,32,8,83,15,13,71,75,70,77,8,22,35,17,28,14,73,74,71,15,31,71,13,37,39,11,11,14,9,77,12,85,41,20,4,6.421506,1.605377,3.372071,Normal
Nicholas,Bucher,Buffalo,WR,Penn State,26,72,7/8/99,69,178,1,19,5,,95,94,81,82,58,60,79,23,26,74,73,77,78,92,74,11,20,39,78,78,11,18,81,23,13,68,74,25,7,8,18,11,8,13,29,63,50,28,23,73,80,94,73,47,24,10,15,24,27,28,21,83,27,22,4,8.0,2.0,4.0,Normal
Bud,Willis,New England,WR,Wash. St.,22,72,11/13/02,72,190,0,18,0,Deep Threat - WR,94,85,85,91,67,70,85,30,37,75,70,79,82,87,75,28,29,42,85,74,22,31,72,30,29,76,74,29,17,24,32,42,25,30,32,78,51,26,22,76,78,92,73,68,30,39,43,50,41,58,32,85,58,36,4,6.703572,1.675893,1.515324,Normal
Mikel,Sowell,New England,RG,Texas AM,24,72,5/3/01,76,315,1,64,1,Power - G,73,60,70,86,89,82,32,16,13,30,36,35,38,57,11,8,40,86,94,26,10,15,10,84,11,20,73,65,72,75,11,22,9,10,26,13,75,77,78,26,30,73,28,33,37,5,5,8,9,17,9,86,29,11,4,4.872072,1.218018,0.852072,Normal
Taje,Chappuis,Tampa Bay,DT,Houston,25,72,4/22/00,78,283,1,90,3,,83,75,74,83,87,75,35,72,12,19,36,25,41,65,14,68,79,83,93,29,15,11,7,24,20,10,74,44,49,43,8,73,72,25,79,23,46,42,48,20,32,75,22,41,84,2,6,9,8,25,12,87,41,28,4,9.316455,2.329114,6.861029,Normal
Gunnard,Kichefski,Houston,DT,Florida State,31,72,4/19/94,75,280,1,97,10,Power Rusher - DT,71,64,79,75,91,72,14,73,12,14,45,15,49,63,2,67,87,90,87,15,26,23,11,20,24,8,70,43,42,44,5,71,76,17,76,17,49,42,48,15,19,76,14,21,82,3,6,7,8,36,17,74,26,29,4,8.0,2.0,4.0,Normal
Rashidi,Gettis,Dallas,LOLB,Notre Dame,24,72,2/9/01,74,234,1,35,1,Run Stopper - OLB,87,77,75,82,72,69,50,79,24,29,64,49,59,79,24,60,90,80,86,57,24,27,13,43,68,30,70,40,41,39,13,71,74,63,84,31,47,44,42,30,54,85,53,48,74,18,21,22,23,28,18,89,49,67,4,5.691514,1.422879,0.959284,Normal
Latarence,Loewen,Dallas,LE,W. Michigan,24,72,7/8/01,75,267,1,94,1,Power Rusher - DE,82,81,84,79,79,72,38,72,12,29,27,10,29,75,3,68,79,83,85,30,19,22,13,10,31,1,73,42,45,47,6,78,73,25,78,11,46,41,49,7,18,80,25,27,82,5,6,3,8,33,11,81,33,32,4,6.832646,1.708162,4.011379,Normal
Javor,Wilmot,New England,SS,Sacramento State,25,72,11/8/99,75,230,1,15,2,Run Support - S,86,85,84,85,69,67,71,63,50,64,61,62,75,81,32,57,84,65,89,66,22,21,44,35,70,36,72,37,33,37,33,67,40,67,80,45,37,37,34,44,63,90,61,56,79,40,41,48,45,56,30,83,57,67,4,5.563706,1.390927,1.046332,Normal
Lekevin,Purdy,New York A,TE,LSU,21,72,5/8/04,77,246,1,85,0,Possession - TE,86,79,81,91,72,66,74,45,25,65,70,78,83,72,55,38,37,69,92,69,29,18,20,56,34,66,71,60,57,62,10,27,37,18,41,70,65,62,60,68,74,85,53,70,40,15,14,5,28,26,33,91,68,37,4,8.0,2.0,4.0,Normal
Armando,Pringley,Philadelphia,RG,TCU,30,72,12/16/94,79,332,1,79,7,Power - G,53,57,63,81,86,77,12,22,12,18,21,15,23,49,5,17,30,84,87,17,13,17,10,82,10,5,72,76,73,79,6,14,21,10,25,12,75,78,72,10,15,60,15,21,27,6,6,6,6,19,13,85,24,12,1,1.355,1.355,0.7,Normal
Hessley,Cichowski,Washington,WR,Colorado St.,29,72,4/4/96,73,198,1,12,6,,86,86,92,83,69,73,85,28,20,77,77,82,83,78,77,12,30,43,85,80,14,15,58,24,15,73,70,28,21,25,10,19,11,13,35,78,49,27,29,74,83,90,76,77,33,10,15,23,11,26,20,86,48,20,1,1.25,1.25,0.2,Normal
Blaine,Halloran,New York A,RE,Texas AM,28,72,8/21/97,77,281,1,72,3,Power Rusher - DE,84,74,84,73,80,74,29,77,19,23,28,20,30,65,4,60,81,84,86,27,12,15,10,18,20,8,72,45,45,45,6,72,74,26,82,12,45,45,45,10,26,77,29,31,82,10,15,20,10,23,12,87,27,28,4,8.0,2.0,4.0,Normal
Kellen,Duden,Cleveland,DT,Ohio State,22,72,6/13/03,74,300,1,51,1,,83,70,77,73,81,75,31,77,12,20,36,28,29,57,6,72,79,81,88,32,13,19,10,14,21,8,71,44,44,47,8,72,73,12,74,14,45,41,46,9,26,83,31,42,82,6,6,6,4,28,18,89,48,27,4,8.0,2.0,4.0,Normal
Olie,Bordelon,Cleveland,CB,UTEP,28,72,11/4/96,73,196,1,25,6,Manto Man - CB,85,88,73,89,58,78,57,53,10,56,61,58,73,85,26,35,57,44,86,74,13,11,62,19,73,29,72,36,37,34,7,75,30,74,65,31,37,33,33,34,67,86,67,39,64,7,6,8,4,25,18,78,33,72,1,1.17,1.17,0.0,Normal
Odessa,Oates,Los Angeles A,HB,N.C. State,28,72,11/12/96,69,196,1,31,7,Elusive Back - HB,93,86,86,83,63,70,80,21,20,73,84,70,74,81,63,11,14,28,88,85,15,21,89,24,11,66,72,52,29,30,17,17,7,8,32,59,27,19,22,74,63,92,78,74,28,9,15,22,17,24,14,80,48,18,4,8.0,2.0,4.0,Normal
Wop,Banaszak,Philadelphia,LE,Oklahoma,30,72,4/24/95,74,250,1,50,7,Smaller Speed Rusher - DE,83,78,90,74,83,77,36,76,13,39,40,25,41,69,15,73,75,83,85,39,10,15,10,25,45,15,72,45,45,45,5,74,67,30,84,15,45,45,45,15,15,81,35,10,77,5,5,5,5,19,16,85,25,51,4,8.0,2.0,4.0,Normal
Ping,Manuwai,Jacksonville,WR,Penn State,23,72,3/21/02,70,212,1,11,2,,87,88,90,81,62,73,84,17,20,73,72,81,81,90,71,9,29,47,87,79,21,19,84,29,10,73,73,24,16,13,9,20,11,13,20,67,43,27,21,70,84,88,74,49,29,9,10,15,8,27,19,89,60,10,4,4.032264,1.008066,0.192264,Normal
Waine,Banfield,Miami,LT,Houston,23,72,11/1/01,80,331,1,52,1,Power - OT,73,66,73,88,90,73,30,42,11,16,32,31,33,59,10,37,46,87,93,19,22,26,10,79,14,21,74,73,73,77,5,19,34,12,33,24,72,80,77,25,38,67,21,39,43,12,11,18,3,30,4,86,38,11,4,6.911696,1.727924,4.163624,Normal
Sid,Lathon,Carolina,LE,Pittsburgh,26,72,9/29/98,76,264,1,91,4,Power Rusher - DE,85,74,76,76,79,76,29,73,12,21,40,22,40,64,7,68,76,82,87,35,13,19,11,14,30,3,71,44,47,45,4,76,76,25,78,12,47,47,43,8,25,77,35,30,81,5,6,8,6,17,16,82,26,39,4,8.0,2.0,4.0,Normal
Rufus,Bedner,Carolina,RE,Ole Miss,23,72,4/18/02,76,244,1,33,0,Smaller Speed Rusher - DE,89,78,89,77,79,68,29,77,22,24,40,23,32,69,8,76,76,74,86,37,23,24,25,21,46,4,70,47,48,43,3,66,71,37,75,13,46,42,46,14,19,83,35,33,73,6,10,18,8,25,12,87,24,52,4,6.350542,1.587636,1.367668,Normal
Jug,Graf,New Orleans,CB,Louisville,24,72,5/26/01,71,194,1,29,0,Manto Man - CB,92,90,85,85,61,70,76,41,28,44,62,65,74,81,29,30,57,47,88,71,18,25,75,27,74,30,73,36,35,27,23,67,31,74,69,35,36,36,27,31,72,91,69,36,51,8,12,20,27,28,28,86,36,74,4,5.087236,1.271809,0.887236,Normal
Daunte,Keiser,Chicago,HB,Texas,24,72,1/31/01,72,225,1,23,2,Power Back - HB,85,81,77,83,78,75,85,29,43,83,96,46,66,82,34,8,34,44,91,78,28,23,69,30,10,45,74,58,35,44,38,10,12,11,40,43,31,20,27,53,44,87,75,69,32,28,38,44,45,48,34,83,80,15,4,4.608688,1.152172,0.768688,Normal
Ocie,Youboty,Detroit,DT,Arizona,28,72,8/7/97,74,318,1,51,4,,66,67,75,76,89,75,13,78,12,18,22,13,21,61,6,68,76,84,88,15,14,18,16,30,12,7,72,47,43,43,5,76,73,9,73,14,43,46,47,11,11,64,17,28,80,4,6,7,5,20,15,84,32,19,1,3.5,3.5,3.33,Normal
Montrae,Woodley,Chicago,DT,Texas AM,22,72,1/14/03,75,290,1,95,0,Power Rusher - DT,85,74,82,80,91,73,33,77,17,30,41,22,32,62,8,66,78,78,87,31,21,31,28,24,15,11,74,48,43,44,11,72,76,18,73,14,49,45,45,16,25,79,25,32,76,11,10,14,14,27,15,91,35,20,4,7.220286,1.805072,4.423048,Normal
Verran,Sanu,Kansas City,WR,W. Michigan,24,72,9/10/00,70,195,1,24,3,,95,86,86,85,69,68,85,31,32,77,79,76,83,89,73,10,27,41,84,83,18,20,60,25,25,71,72,31,23,20,30,28,10,24,34,76,47,34,28,73,78,89,74,57,30,34,35,42,42,55,32,80,60,32,4,6.450498,1.612625,2.869476,Normal
Peria,Stynchula,Los Angeles A,WR,Ole Miss,23,72,2/28/02,74,205,1,9,0,Deep Threat - WR,90,81,89,85,69,74,79,40,36,73,73,82,84,83,74,33,30,45,88,79,27,34,71,32,24,73,73,19,12,21,31,34,31,23,35,74,53,35,31,72,84,88,74,56,22,38,44,52,43,62,33,89,47,27,4,7.817694,1.954424,5.578246,Normal
Cobb,Fennema,Denver,WR,Vanderbilt,29,72,2/25/96,73,205,0,5,7,Slot - WR,94,89,79,84,51,73,75,35,31,65,70,81,84,82,67,8,52,40,93,77,15,16,57,22,30,76,74,38,29,26,28,18,9,31,54,72,60,12,25,76,78,91,70,47,50,29,35,36,38,50,26,67,41,44,4,8.0,2.0,4.0,Normal
Skip,Mcclairen,Carolina,HB,Georgia,21,72,7/9/04,69,198,0,23,0,Elusive Back - HB,92,76,81,83,73,70,78,40,24,77,90,49,74,84,54,30,37,35,84,79,30,30,81,32,27,57,70,50,35,37,31,35,31,25,32,54,36,31,29,60,46,94,72,79,39,27,32,39,13,48,27,86,82,35,4,5.208744,1.302186,1.008744,Normal
Darcy,Crick,Denver,WR,Oregon,22,72,2/6/03,74,176,1,11,1,,93,85,93,89,60,70,78,35,22,73,75,77,79,86,75,11,33,45,88,83,20,19,43,28,25,70,72,28,22,21,5,29,12,9,41,67,41,29,22,75,79,94,75,54,33,8,10,14,8,21,20,84,50,32,4,4.874836,1.218709,0.854836,Normal
Momcilo,Owusu,Tennessee,WR,Florida,29,72,7/26/96,73,200,1,11,5,Slot - WR,93,82,84,88,58,77,76,33,24,70,78,82,80,81,71,8,25,42,91,77,15,16,74,18,16,73,72,39,20,26,22,16,8,15,39,73,34,27,29,76,82,87,73,55,36,21,27,31,26,35,26,83,32,23,1,1.67,1.67,1.17,Normal
Kern,Brancato,Washington,SS,Boston College,29,72,12/19/95,73,207,1,3,6,Zone - S,93,87,88,84,64,75,61,52,14,56,68,52,71,82,28,34,79,58,90,69,10,15,42,14,66,34,73,38,38,37,14,72,26,68,70,37,34,31,36,36,62,91,63,32,70,11,10,16,13,19,15,88,31,73,2,8.0,4.0,3.39,Normal
Derrius,Tomich,Denver,TE,Dayton,28,71,2/5/97,77,253,1,82,5,Possession - TE,81,81,87,89,70,63,71,35,48,63,77,80,83,74,51,9,32,69,88,65,23,26,35,55,13,62,72,64,64,62,44,14,12,16,34,67,67,67,65,69,82,81,67,73,29,47,55,58,54,62,45,91,69,19,2,7.5,3.75,5.0,Normal
Levar,Reger,Carolina,CB,Missouri,26,71,6/2/99,74,198,1,29,3,Zone - CB,96,83,88,84,61,67,57,48,21,42,53,48,63,86,19,41,64,57,88,62,15,17,43,26,66,23,73,33,29,31,12,71,36,79,69,26,32,35,37,28,52,89,61,33,54,13,10,13,18,24,13,85,37,76,4,4.421076,1.105269,0.761076,Normal
Steve,Kemp,Arizona,ROLB,Appalach. St.,27,71,9/21/97,74,228,1,27,5,Run Stopper - OLB,89,84,88,86,72,71,53,68,15,40,63,45,64,79,20,60,80,75,84,62,20,27,42,19,60,30,71,39,33,37,14,74,54,62,85,17,33,33,34,34,61,89,61,48,80,12,10,13,16,28,8,86,55,67,2,10.0,5.0,5.0,Normal
Taz,Poage,Detroit,RE,Miami,30,71,3/28/95,76,250,1,96,8,Power Rusher - DE,80,69,72,85,78,75,37,75,28,18,37,28,38,67,2,64,74,85,96,39,21,16,8,10,31,8,69,47,46,43,3,75,74,16,82,11,45,43,46,11,27,78,27,43,76,9,6,4,5,33,12,83,32,42,1,1.4225,1.4225,0.9175,Normal
Kenechi,Hoge,Las Vegas,RG,Humboldt State,30,71,1/27/95,78,310,1,65,7,Power - G,63,60,66,91,83,82,41,37,12,33,47,39,53,49,15,38,34,81,87,31,17,20,9,77,12,25,71,69,68,75,8,33,42,8,29,39,72,70,77,35,38,66,28,41,42,5,6,4,7,15,15,97,39,12,2,11.02,5.51,5.5,Normal
Fritz,Tuimaunei,Minnesota,CB,Michigan,25,71,9/9/99,72,190,1,23,4,Zone - CB,87,82,92,88,61,71,71,48,10,44,57,49,65,82,13,39,64,48,92,80,15,16,78,21,63,16,70,33,36,33,6,70,31,77,67,34,32,35,35,28,65,90,73,29,63,5,6,10,7,14,15,87,25,73,1,1.1,1.1,0.0,Normal
Mel,Holz,Cincinnati,WR,Princeton,25,71,10/15/99,75,212,1,80,2,,91,89,90,87,67,72,81,28,27,76,73,80,83,87,74,11,22,35,88,75,21,24,50,17,10,72,71,22,15,19,21,15,10,16,31,64,37,14,21,71,78,92,71,54,28,10,15,20,19,30,22,86,50,10,4,3.999384,0.999846,0.159384,Normal
Vance,Raffel,Green Bay,LT,N.C. State,24,71,2/23/01,78,336,1,71,0,Power - OT,66,57,75,89,84,73,20,46,12,10,22,15,21,57,6,33,38,85,91,16,16,9,21,80,13,3,71,74,74,80,8,10,41,9,28,18,72,74,77,15,23,63,24,34,29,4,9,5,8,14,13,91,29,15,4,8.016822,2.004206,5.848297,Normal
Ladainian,Hopp,Jacksonville,RT,Oklahoma,23,71,2/2/02,77,315,1,77,2,Agile - OT,80,66,70,85,83,82,15,34,12,11,23,26,29,54,3,25,41,77,89,18,16,20,10,75,14,16,69,81,76,74,3,27,32,13,35,20,72,79,68,22,26,75,17,30,29,10,6,5,5,18,12,76,22,11,4,13.198521,3.29963,13.198521,Normal
Phillippi,Ruddy,Jacksonville,SS,Texas AM,23,71,10/29/01,75,195,1,26,2,Hybrid - S,91,82,78,89,53,69,64,55,10,69,52,53,62,79,34,49,85,51,88,69,18,20,61,26,73,42,69,37,33,35,17,66,35,72,82,49,34,33,36,43,62,88,62,49,72,9,10,13,15,21,11,85,51,69,4,4.141832,1.035458,0.301832,Normal
Louis,Nielsen,Houston,RT,Notre Dame,22,71,3/25/03,78,312,1,57,1,Power - OT,69,59,70,85,83,63,15,25,12,9,33,10,22,56,7,15,30,87,90,12,17,22,10,85,8,8,71,75,73,77,8,24,15,10,31,14,77,77,79,10,12,66,10,10,34,6,7,9,7,22,11,88,23,9,4,6.595428,1.648857,3.562252,Normal
Rankin,Costa,New England,LE,LSU,23,71,7/4/02,76,255,1,43,0,Smaller Speed Rusher - DE,91,78,85,72,80,66,29,71,23,28,42,15,30,70,3,75,77,85,86,40,23,24,31,29,39,8,70,47,47,47,25,63,72,35,73,11,43,46,41,14,12,83,39,38,74,11,16,13,15,8,19,85,28,49,4,4.640796,1.160199,0.440796,Normal
Zuriel,Valentine,Atlanta,LE,Washington,24,71,2/26/01,76,274,1,48,1,Smaller Speed Rusher - DE,81,77,78,77,72,68,29,77,12,20,31,21,26,72,7,74,77,79,89,27,19,25,11,20,43,6,69,48,42,44,5,72,73,25,81,25,49,48,42,15,34,80,20,30,78,10,6,9,4,26,14,87,31,49,4,5.92974,1.482435,1.132536,Normal
Renaldo,Toomer,Pittsburgh,CB,Kentucky,27,71,10/16/97,70,175,1,26,4,Zone - CB,93,85,99,90,50,73,65,43,31,45,63,52,67,90,38,37,45,38,87,73,13,20,65,18,65,43,69,35,35,37,20,70,30,76,67,32,38,31,35,45,58,91,63,29,55,16,14,16,23,36,11,83,32,70,2,6.0,3.0,1.83,Normal
Wilfred,Wallis,Atlanta,DT,Oregon,24,71,3/22/01,75,283,1,54,1,,80,72,76,87,85,67,29,78,12,10,25,17,36,51,1,70,81,87,87,27,21,23,8,13,22,5,69,43,45,45,7,62,75,22,80,17,43,47,43,15,21,77,24,29,77,7,6,5,6,20,16,89,36,29,4,4.842396,1.210599,0.822396,Normal
Mareno,Blackstock,Baltimore,DT,Texas Tech,28,71,12/4/96,74,314,1,96,5,,72,60,68,73,79,75,19,77,12,13,34,10,24,51,5,64,78,83,88,10,16,16,14,54,19,2,72,56,51,57,9,78,72,12,78,13,60,54,57,11,12,69,14,28,76,9,6,3,8,25,17,90,31,26,3,15.75,5.25,10.0,Normal
Brody,Oshodin,Carolina,C,Tennessee,26,71,4/26/99,78,325,1,64,3,Agile - C,71,61,64,80,83,76,13,26,10,8,20,12,22,57,3,14,24,85,85,9,12,9,9,78,10,3,71,74,74,73,4,24,23,12,24,13,76,81,74,16,16,66,9,19,23,5,6,4,5,22,12,89,21,10,1,3.406,3.406,0.0,Normal
Kedric,Heitmann,Las Vegas,RG,Texas Tech,23,71,10/3/01,77,312,1,76,0,Power - G,75,67,63,86,87,71,15,24,12,13,23,10,27,61,2,8,30,81,87,10,10,19,13,76,10,10,73,70,71,73,2,21,11,7,27,10,75,74,73,11,19,70,10,16,22,3,6,5,5,22,8,88,32,10,4,6.161184,1.540296,1.12086,Normal
Na'Il,Gulyanics,Cincinnati,LE,Tulane,25,71,9/20/99,75,272,1,96,4,Power Rusher - DE,83,72,84,79,76,70,23,74,12,14,38,24,34,64,1,67,80,83,86,33,32,28,4,17,38,8,72,43,46,45,8,75,75,37,80,13,47,44,46,12,23,77,26,26,86,7,6,7,6,26,10,82,24,47,4,8.0,2.0,4.0,Normal
Mondriel,Duvall,Houston,ROLB,Alabama,24,71,1/16/01,73,226,1,48,3,Pass Coverage - OLB,96,81,83,88,69,70,51,68,15,37,55,50,72,82,32,64,87,80,87,58,25,25,39,28,65,30,73,43,47,43,6,69,56,59,84,36,45,44,47,35,59,89,46,42,81,10,6,10,5,22,8,79,46,66,4,5.348249,1.337062,1.069636,Normal
Carel,Clarkin,Indianapolis,CB,Washburn,29,71,4/13/96,71,196,1,38,6,Manto Man - CB,89,84,90,88,60,75,60,54,14,52,51,55,67,86,26,44,66,43,88,72,17,15,82,15,72,34,69,9,33,31,3,71,36,71,73,32,19,37,36,41,62,87,73,40,57,6,6,6,8,23,12,81,46,68,0,0.0,0.0,0.0,Normal
Moses,Dancewicz,New England,FS,California,24,71,2/20/01,72,200,1,31,0,Zone - S,91,86,89,89,55,67,64,58,14,56,66,59,70,84,29,30,81,61,89,69,19,20,42,26,65,31,73,34,39,37,5,67,31,71,79,36,35,33,32,33,63,93,59,46,69,10,6,5,8,27,10,86,49,72,4,5.266444,1.316611,1.066444,Normal
Izel,Rucka,Denver,CB,Pittsburgh,26,71,4/12/99,71,195,1,27,3,Zone - CB,92,85,100,94,61,72,66,44,14,56,55,56,67,80,18,42,70,46,83,70,15,11,47,14,68,23,69,32,34,29,8,69,32,76,63,33,35,38,38,31,63,92,61,33,48,10,6,3,5,27,11,87,37,72,4,4.438964,1.109741,0.778964,Normal
Erwin,Sharpton,Buffalo,CB,Pittsburgh,28,71,11/29/96,71,180,1,23,5,Manto Man - CB,89,88,83,89,53,73,71,53,40,57,64,49,64,89,22,41,52,49,88,72,32,42,49,15,73,28,71,36,33,36,26,76,35,71,71,36,36,37,33,33,66,87,65,38,50,34,32,37,36,48,35,87,37,76,1,1.3375,1.3375,0.5675,Normal
Tag,Carlisle,Pittsburgh,DT,Wash. St.,31,71,1/13/94,75,305,1,96,7,,67,61,74,68,84,75,10,76,12,14,34,15,32,53,0,60,81,80,83,35,18,21,9,11,15,2,69,42,45,43,6,73,72,25,77,25,48,44,43,6,12,65,24,10,90,9,6,4,5,8,11,80,26,25,1,2.8,2.8,1.63,Normal
Zebbie,Zabel,Buffalo,HB,Appalach. St.,27,71,7/9/98,70,203,1,21,5,Elusive Back - HB,92,89,90,78,66,67,76,36,27,72,90,51,64,80,44,23,33,35,83,75,15,14,81,27,27,52,69,55,22,30,28,26,12,29,44,50,30,26,27,63,52,95,79,65,39,28,31,43,34,36,23,77,59,39,1,1.21,1.21,0.015,Normal
Mort,Louderback,Carolina,WR,East Central Univ.,30,71,1/15/95,72,219,1,83,8,Deep Threat - WR,88,84,87,78,75,77,77,34,22,77,74,82,83,78,73,8,29,54,87,78,26,32,68,32,18,73,71,58,31,29,14,27,9,35,38,71,58,21,28,76,86,89,64,72,39,17,25,31,23,34,20,84,57,25,1,1.4225,1.4225,0.5635,Normal
Kamaal,Kirkleski,Jacksonville,LE,Illinois,30,71,3/2/95,75,264,1,58,8,Smaller Speed Rusher - DE,78,82,75,82,82,80,30,74,12,18,25,20,31,61,2,73,82,86,90,42,16,18,2,10,26,4,70,43,49,47,4,81,63,25,80,13,48,45,41,7,18,81,19,40,77,3,6,6,5,21,13,88,34,35,1,1.5,1.5,1.5,Normal
Cedric,Dowdell,Pittsburgh,DT,Northwestern,31,71,6/9/94,78,296,1,94,9,,76,69,82,79,89,69,35,72,12,16,46,37,48,60,1,63,78,79,95,35,20,18,10,21,23,9,70,45,44,44,10,70,74,20,77,18,44,49,43,13,35,74,27,34,83,3,6,5,7,22,17,91,37,29,2,5.0,2.5,1.25,Normal
Guil,Lohmiller,Atlanta,CB,Tusculum College,27,71,11/5/97,71,175,1,20,4,Manto Man - CB,91,83,86,86,47,73,76,43,12,68,61,62,73,82,23,31,50,38,89,75,17,16,74,13,73,24,71,11,36,32,7,71,28,66,70,35,17,33,31,32,73,88,69,30,58,7,6,7,8,20,11,80,35,70,1,1.5,1.5,0.23,Normal
Jordon,Zupek,New Orleans,HB,Kansas,22,71,8/12/03,71,213,1,30,0,Elusive Back - HB,89,79,85,88,68,69,83,31,31,78,88,54,68,80,52,32,34,43,92,84,17,22,67,36,26,56,72,52,42,42,25,32,26,28,43,54,40,30,33,60,49,89,79,68,40,19,29,34,33,42,30,88,71,30,4,4.451312,1.112828,0.251312,Normal
Jacob,Girard,Carolina,LE,Oregon,26,71,10/21/98,76,260,1,52,2,Power Rusher - DE,95,72,77,85,80,66,66,75,24,49,69,69,66,68,40,57,87,83,88,62,22,19,36,56,45,49,70,54,55,50,17,68,71,49,83,57,55,57,50,49,69,89,53,56,78,20,22,26,23,37,14,88,58,52,4,8.0,2.0,4.0,Normal
Vagas,Sieracki,Indianapolis,HB,Kansas State,22,71,8/26/03,72,212,1,21,0,Power Back - HB,94,76,89,85,69,72,84,41,30,78,91,52,61,78,50,32,36,38,89,79,16,36,36,32,21,55,70,50,38,41,32,28,29,22,37,50,33,31,30,60,50,91,76,83,37,17,13,13,21,30,33,89,79,27,4,4.624744,1.156186,0.424744,Normal
Shad,Berry,Denver,MLB,Arkansas,23,71,12/31/01,77,233,1,41,2,Run Stopper - MLB,91,84,87,86,76,72,53,73,52,50,68,58,64,73,7,73,84,87,84,51,18,18,13,32,70,8,70,37,33,36,43,75,74,71,85,14,38,42,41,11,62,86,39,52,78,42,45,50,45,51,32,82,54,62,4,5.734728,1.433682,1.170712,Normal
Harvey,Mciver,Cleveland,K,Florida State,34,71,10/1/90,74,210,1,7,12,Power - KP,75,66,69,90,61,59,9,6,15,2,37,10,34,49,14,11,17,16,81,11,77,93,9,14,10,11,70,20,16,14,17,14,12,11,28,13,19,11,14,7,15,72,11,10,30,28,30,32,22,47,15,63,10,20,3,15.9,5.3,8.3625,Normal
Qadry,Battaglia,Cincinnati,LG,Georgia,22,71,5/8/03,77,325,1,63,0,Power - G,79,59,70,90,88,76,15,41,12,16,37,13,25,56,8,36,45,81,89,17,14,17,11,80,11,11,71,76,71,77,7,27,36,9,28,13,75,73,77,13,23,73,15,13,19,4,6,5,5,25,8,86,25,10,4,6.42118,1.605295,1.309948,Normal
Clifton,Hepburn,Tennessee,WR,Stanford,22,71,6/3/03,74,206,1,5,0,Deep Threat - WR,92,77,94,86,67,71,76,39,31,77,75,81,83,75,75,37,41,51,86,75,19,31,74,36,28,77,69,26,15,23,25,35,29,25,43,76,57,35,32,69,82,93,69,52,28,9,19,26,23,12,22,79,49,32,4,4.865816,1.216454,0.665816,Normal
Raul,Finnin,Arizona,CB,Boston College,25,71,1/8/00,74,184,1,28,1,Manto Man - CB,95,85,98,86,49,62,67,42,21,64,54,65,77,86,10,36,62,57,91,71,7,12,34,17,73,16,70,26,18,17,14,59,28,74,74,14,34,23,21,27,72,90,65,43,62,18,19,21,25,25,11,85,33,67,4,5.685518,1.42138,0.95492,Normal
Daren,Arms,New York N,DT,SMU,24,71,12/5/00,72,278,1,94,1,,78,55,69,74,90,64,31,75,19,28,50,34,45,63,5,63,81,88,88,28,15,21,19,18,28,6,71,25,19,24,16,65,72,25,76,19,44,43,47,5,39,80,26,15,82,9,13,14,9,20,16,83,28,36,4,8.0,2.0,4.0,Normal
Kraig,Laslavic,Arizona,HB,TCU,26,71,1/20/99,69,215,1,31,2,Elusive Back - HB,89,83,77,86,67,73,75,33,30,76,86,56,67,82,48,9,44,49,94,80,11,15,76,47,14,56,72,54,44,47,11,19,8,23,37,46,50,39,35,63,54,89,72,85,36,18,16,21,17,26,12,86,76,18,3,2.71,0.903333,0.07,Normal
Gerrell,Drews,Los Angeles N,CB,Mississippi St.,24,71,1/13/01,72,173,1,25,2,Manto Man - CB,93,91,90,88,43,67,81,39,15,76,66,72,76,84,39,31,52,35,89,79,13,12,74,15,74,43,69,34,37,35,7,65,20,56,61,28,34,33,34,49,77,94,71,34,39,8,12,13,6,26,10,79,32,70,4,8.0,2.0,4.0,Normal
Hans,Szot,San Francisco,K,FAU,31,71,8/4/94,72,206,1,3,7,Power - KP,74,68,52,89,41,54,24,15,25,23,39,10,33,53,13,9,14,8,81,30,76,94,14,10,12,14,73,13,8,12,9,9,11,10,19,11,24,11,7,9,9,72,35,9,30,27,33,37,9,29,11,66,24,12,4,8.0,2.0,4.0,Normal
Harmon,Shurtliffe,Cleveland,TE,Bowling Green St.,21,71,7/20/04,75,241,1,88,0,Possession - TE,88,85,84,86,74,59,78,37,55,69,76,79,85,75,59,31,26,68,94,71,29,33,33,60,23,65,73,61,59,61,49,18,30,10,28,65,62,64,57,67,81,83,64,72,32,63,63,64,53,78,53,92,72,24,4,6.742886,1.685722,1.543916,Normal
Cassidy,Wuerffel,Philadelphia,TE,FAU,27,71,4/23/98,77,230,1,85,5,Vertical Threat - TE,86,77,79,85,71,74,75,50,12,66,73,77,79,74,60,45,47,66,89,65,18,20,38,56,23,62,71,63,62,60,5,36,39,27,54,70,62,62,58,66,80,83,62,67,47,10,15,15,10,34,10,84,71,31,1,1.2,1.2,0.78,Normal
Forey,Markham,San Francisco,WR,Oregon State,26,71,10/21/98,75,201,0,18,5,Slot - WR,90,86,85,88,58,72,78,37,21,71,74,84,87,88,72,10,30,45,88,75,13,18,49,28,24,76,73,35,18,20,4,30,10,29,44,73,54,23,32,72,85,87,66,64,37,14,15,18,15,24,17,80,46,34,1,1.1,1.1,0.0,Normal
Jasper,Vedder,Dallas,FS,South Carolina,25,71,11/28/99,76,205,1,24,4,Hybrid - S,90,82,90,86,66,70,65,46,13,57,59,56,71,78,10,37,53,56,91,72,23,27,41,26,71,13,70,38,32,36,11,71,27,78,72,30,38,35,35,20,76,87,68,45,70,12,13,15,13,33,10,69,35,73,1,1.75,1.75,0.5,Normal
Lavvie,Sverchek,Los Angeles A,CB,Wake Forest,26,71,1/8/99,70,185,1,36,3,Manto Man - CB,93,89,85,88,50,71,71,42,17,62,58,55,65,83,17,38,51,41,91,74,19,20,72,11,71,26,72,32,32,34,6,73,33,61,70,22,36,36,38,33,57,94,66,35,48,7,6,5,4,30,11,72,36,66,4,3.792012,0.948003,0.132012,Normal
Chuckie,Mcdowell,Carolina,TE,Texas,22,71,3/27/03,76,243,1,0,1,Vertical Threat - TE,94,75,80,86,67,77,74,26,18,70,80,77,82,74,61,27,51,58,92,68,12,19,7,59,16,65,70,52,57,55,2,34,33,20,43,68,57,55,48,69,77,85,66,65,50,6,10,15,16,28,11,87,70,21,4,4.894236,1.223559,0.874236,Normal
Beryl,Heckard,New England,MLB,Minnesota,26,71,11/24/98,75,242,1,51,3,Field General - MLB,86,81,82,87,72,74,48,67,15,20,54,41,58,79,4,49,84,81,91,38,14,12,11,35,59,10,70,39,32,37,7,71,55,40,82,14,45,41,44,15,44,80,27,35,85,6,7,5,6,22,3,91,40,69,1,1.3,1.3,0.309,Normal
Oxie,Cornwell,San Francisco,WR,Arizona,24,71,2/4/01,68,168,1,19,1,,91,81,85,83,51,51,80,23,19,75,72,77,81,87,78,11,20,33,92,83,20,21,65,22,17,78,71,27,13,13,8,16,11,14,26,76,37,26,19,79,76,92,74,43,24,14,20,27,17,24,14,87,50,25,4,4.548708,1.137177,0.528708,Normal
Nello,Folz,Kansas City,WR,Utah State,22,71,2/18/03,72,205,1,11,0,Slot - WR,96,86,89,86,65,75,83,39,27,71,78,81,79,86,70,34,43,41,87,77,30,21,82,28,29,74,73,27,18,27,24,24,35,19,43,72,49,31,28,78,80,90,69,51,26,18,25,32,33,45,29,87,45,31,4,5.0672,1.2668,0.8672,Normal
Kevin,Maxie,Los Angeles A,WR,TCU,26,71,1/2/99,71,197,1,88,5,,92,92,96,87,64,60,83,28,28,75,67,78,80,89,74,10,25,42,89,82,17,16,80,23,13,72,72,30,16,10,9,17,10,12,31,68,44,27,30,73,83,92,78,63,27,8,15,19,20,30,19,86,58,23,1,1.3375,1.3375,0.36,Normal
Mat,Mccarty,New York N,WR,Tennessee,23,71,9/25/01,72,190,1,13,2,Deep Threat - WR,94,84,88,84,59,66,84,18,18,68,77,75,81,81,78,9,15,36,90,75,17,20,39,22,10,75,71,29,17,15,4,17,9,11,27,69,49,27,16,74,75,92,67,42,15,8,10,13,11,23,20,85,36,10,4,8.0,2.0,4.0,Normal
Quentin,Fairs,Philadelphia,RE,Houston Christian,24,71,3/13/01,75,252,1,58,1,Smaller Speed Rusher - DE,92,77,88,80,78,74,54,70,22,32,25,45,32,74,4,69,74,79,89,49,14,12,9,24,56,9,71,42,39,39,5,73,75,45,78,16,47,44,44,8,45,83,47,44,74,8,6,5,5,31,14,84,42,58,4,5.633034,1.408259,0.916752,Normal
Sebastian,Quayle,Pittsburgh,CB,FAU,28,71,9/16/96,74,185,1,42,5,Zone - CB,92,87,81,86,64,75,65,45,13,53,57,57,75,82,33,35,67,44,92,74,16,10,78,12,68,41,70,24,31,34,9,73,31,72,76,51,34,38,38,49,66,90,63,34,60,9,6,2,4,31,9,82,24,74,1,1.295,1.295,0.05,Normal
Chevis,Tupa,Kansas City,LT,W. Michigan,27,71,1/9/98,76,311,1,77,4,Agile - OT,66,56,77,80,83,73,31,32,12,23,44,38,39,51,10,36,42,82,90,21,9,15,12,75,12,17,71,78,83,75,7,38,37,11,38,26,71,72,71,29,38,64,17,18,43,4,6,8,5,15,8,71,36,13,2,30.0,15.0,21.24,Normal
Damione,Gilliam,Minnesota,CB,Ohio State,26,71,2/2/99,73,202,1,21,5,Manto Man - CB,89,85,88,90,66,68,62,51,33,55,66,52,61,82,26,39,60,53,84,71,11,11,51,14,71,37,70,27,33,33,21,71,34,76,71,40,26,37,35,33,67,92,61,43,65,7,11,19,21,20,15,74,31,74,1,2.35,2.35,2.35,Normal
Two-Bits,Wilsbach,Denver,P,Florida,24,71,5/22/01,76,205,1,16,0,Power - KP,81,65,63,84,61,56,20,15,23,25,45,21,37,55,8,10,23,18,85,23,78,88,9,16,12,17,69,18,14,18,22,23,10,8,33,12,22,13,12,20,17,77,16,23,33,24,28,31,25,30,21,78,21,10,4,4.37428,1.09357,0.17428,Normal
Chukky,Eeghen,Kansas City,DT,Notre Dame,28,71,10/8/96,78,295,1,99,6,,81,72,78,83,88,74,26,74,12,16,33,21,33,68,2,61,81,87,88,25,25,26,13,43,22,6,72,52,56,52,6,65,73,9,78,11,54,47,53,12,18,74,14,36,82,3,6,5,7,22,11,79,21,28,1,1.79,1.79,1.79,Normal
Rickey,Schulters,Dallas,QB,Tennessee,25,71,3/6/00,77,246,1,10,1,Strong Arm - QB,84,76,82,75,62,67,72,21,70,50,61,10,27,74,13,11,22,26,84,59,21,22,13,16,10,10,70,10,13,16,75,13,9,10,28,14,16,13,13,11,11,86,49,40,27,69,77,84,80,96,77,80,57,12,4,4.203316,1.050829,0.183316,Normal
Rhys,Mcenulty,Cleveland,QB,Delaware,40,71,1/16/85,78,245,1,15,17,Field General - QB,72,66,72,78,68,73,59,25,39,41,60,10,29,61,11,10,12,30,95,45,25,26,9,17,15,11,73,16,14,25,79,17,10,11,29,12,17,19,19,9,10,75,23,47,30,80,80,85,80,91,79,92,38,20,1,4.25,4.25,3.0,Normal
Orson,Cox,New York N,C,Minnesota,26,71,3/19/99,76,310,1,61,2,Power - C,71,57,69,85,87,74,33,28,19,30,33,29,35,56,1,23,40,80,96,20,15,19,18,85,10,4,69,70,73,75,16,16,28,7,31,13,79,82,78,9,34,60,15,32,32,18,24,25,19,25,14,90,29,10,4,8.0,2.0,4.0,Normal
Koester,Schwarzer,Miami,DT,Maryland,21,71,6/30/04,74,313,1,94,0,,83,61,77,74,90,68,23,76,14,21,40,18,24,57,10,68,77,86,86,24,17,23,24,26,9,15,71,46,44,43,18,63,71,11,75,18,47,44,46,16,20,74,14,28,85,13,17,28,9,14,10,90,28,11,4,4.658304,1.164576,0.458304,Normal
Chubby,Manning,Seattle,RT,Houston,28,71,6/22/97,79,310,1,74,5,Power - OT,70,56,75,88,85,70,10,24,12,5,41,15,39,50,5,11,21,87,87,10,25,29,10,82,12,5,72,77,80,79,10,15,12,13,31,16,79,76,73,12,16,66,12,30,37,6,6,6,5,27,12,86,22,15,1,4.0,4.0,3.0,Normal
Jammi,Leetzow,Cincinnati,CB,TCU,24,71,9/14/00,72,190,1,28,1,Manto Man - CB,87,82,85,85,58,66,73,43,23,66,60,67,79,93,54,40,62,53,92,78,19,17,64,25,74,56,72,30,25,23,17,60,31,71,71,59,35,38,35,56,68,87,72,48,51,15,24,29,29,30,11,78,36,67,4,4.357276,1.089319,0.337276,Normal
Lazarius,Mcdougle,New York A,C,Ohio State,27,71,7/16/98,77,310,1,71,4,Power - C,55,58,66,86,91,78,10,33,12,11,30,14,32,51,7,26,30,85,85,10,10,20,11,81,12,7,71,73,74,80,5,20,30,9,34,16,71,75,73,10,18,63,10,13,33,5,6,4,5,27,12,85,26,12,4,8.0,2.0,4.0,Normal
Raylee,Michael,New England,DT,Florida State,22,71,1/17/03,75,305,1,92,0,,74,67,72,78,88,68,48,76,15,40,55,36,40,59,28,58,79,84,89,36,22,27,25,24,20,33,71,45,45,45,31,68,73,16,75,38,45,45,45,39,39,69,30,43,81,25,15,27,11,20,12,86,40,16,4,4.865816,1.216454,0.665816,Normal
Chuck,Kutler,Los Angeles A,MLB,Michigan,22,71,12/6/02,74,247,1,25,1,Field General - MLB,89,78,82,82,77,64,54,74,22,42,56,52,56,77,4,43,84,81,88,61,17,19,33,50,65,7,71,41,38,35,17,62,53,67,82,14,47,47,46,17,57,84,56,46,81,13,21,26,16,24,16,95,50,69,4,6.027006,1.506752,1.203276,Normal
Isaac,Muehlheuser,Denver,ROLB,Wake Forest,29,71,8/21/96,75,235,1,40,5,Pass Coverage - OLB,83,80,72,87,70,76,44,65,13,19,56,51,62,77,9,55,81,71,88,41,16,19,28,16,62,15,70,47,43,45,16,72,48,53,81,17,44,43,44,25,56,88,33,38,83,12,10,14,15,29,14,77,31,67,1,2.7875,2.7875,2.7875,Normal
Leroy,Hohn,Indianapolis,CB,Minnesota,22,71,9/22/02,70,190,1,27,0,Manto Man - CB,90,83,79,92,58,67,78,42,15,55,65,64,73,78,18,38,55,40,92,72,24,32,48,27,72,20,70,36,32,27,6,68,20,71,67,20,32,38,25,22,66,91,69,30,60,9,6,6,4,25,6,96,38,76,4,6.444016,1.611004,1.326556,Normal
Nnamdi,Trudeau,Miami,ROLB,Auburn,26,71,6/4/99,72,235,1,3,4,Run Stopper - OLB,83,71,80,83,70,73,33,67,12,20,59,28,49,69,6,50,89,84,91,36,20,24,10,29,61,5,73,44,47,46,5,76,53,47,82,14,43,42,48,18,25,82,31,45,80,2,6,6,5,29,13,87,39,68,1,1.3375,1.3375,1.1975,Normal
Con,Dieter,Arizona,CB,Louisville,24,71,3/19/01,70,181,1,13,2,Manto Man - CB,93,88,84,90,52,72,82,40,15,75,60,57,75,86,35,32,57,40,87,78,9,17,76,13,71,36,71,21,19,22,7,69,23,57,70,27,23,19,23,44,63,93,69,27,46,4,6,4,8,27,11,75,24,66,4,4.048612,1.012153,0.208612,Normal
Hoss,Toorock,Philadelphia,LT,Appalach. St.,33,71,6/5/92,77,310,1,74,10,Agile - OT,57,68,66,82,83,75,19,38,12,10,36,25,43,48,11,8,36,78,90,13,9,16,7,84,12,22,73,79,81,74,3,27,12,11,32,21,75,71,71,29,16,70,9,20,42,4,6,10,5,16,12,83,37,13,1,1.505,1.505,0.75,Normal
Norris,Marion,Atlanta,DT,N.C. State,29,71,5/8/96,74,287,1,93,7,,80,72,75,81,89,68,39,74,12,27,47,37,45,56,30,73,80,83,89,44,15,19,10,34,25,27,73,42,44,47,6,63,61,18,73,36,46,47,48,34,41,76,32,45,75,3,6,6,8,23,12,88,45,30,1,1.3375,1.3375,0.1675,Normal
Larry,Deroo,Tennessee,SS,Penn State,21,71,12/2/03,74,213,1,23,0,Zone - S,95,83,86,81,68,70,74,59,14,54,66,52,63,81,14,38,80,54,91,62,19,20,80,25,62,14,70,33,34,36,6,67,33,72,80,22,38,34,32,24,59,90,64,51,71,7,6,4,8,25,11,90,49,71,4,6.404992,1.601248,1.298176,Normal
Daniel,Rehnquist,Atlanta,WR,P. View AM,30,71,1/3/95,74,208,1,4,7,Deep Threat - WR,87,84,87,84,59,77,75,27,41,75,73,79,84,78,77,9,49,46,89,83,15,19,68,19,13,75,71,34,15,9,37,20,8,17,36,68,51,9,20,74,85,88,76,48,29,37,41,46,49,59,31,84,38,25,4,8.0,2.0,4.0,Normal
Rollin,Haslett,New Orleans,DT,W. Illinois,29,71,8/9/96,72,324,1,50,6,,77,70,75,68,84,71,48,73,12,48,46,39,46,58,22,75,78,88,80,34,12,21,6,46,18,23,73,41,44,46,6,68,67,12,77,29,49,49,44,31,45,70,21,40,83,8,6,6,4,29,11,89,55,27,3,12.3,4.1,4.6,Normal
Anthone,Scheib,New England,DT,BYU,29,71,7/7/96,76,338,1,95,4,,72,57,71,81,88,70,40,77,12,21,40,28,31,53,15,61,72,85,87,37,28,27,8,45,18,15,73,48,47,54,6,70,71,16,76,26,47,46,51,22,30,66,35,40,75,6,6,5,7,19,12,86,49,24,1,2.1,2.1,1.0,Normal
Kenyon,Wahlroos,Green Bay,LE,South Carolina,25,71,1/18/00,76,258,1,55,3,Power Rusher - DE,83,64,85,75,87,72,27,81,15,24,32,22,28,64,1,68,82,85,91,35,22,17,13,20,28,8,69,45,44,44,6,70,72,26,80,19,46,44,41,15,23,76,30,39,82,3,6,6,8,19,10,90,39,43,4,3.902552,0.975638,0.242552,Normal
Jerheme,Damore,Chicago,HB,Rutgers,23,71,6/6/02,68,211,1,25,0,Power Back - HB,89,79,85,95,76,62,77,34,32,78,95,48,64,79,34,31,37,39,91,80,22,28,72,44,22,44,72,48,42,46,27,29,30,18,41,47,40,32,28,54,49,88,79,75,33,21,27,13,27,24,37,95,81,24,4,4.32814,1.082035,0.12814,Normal
Gery,Kochel,Las Vegas,WR,UCLA,26,71,6/17/99,71,189,1,15,3,Slot - WR,93,86,80,85,63,67,81,29,16,71,80,78,80,91,70,12,26,44,87,78,19,20,76,33,21,77,70,36,31,20,10,25,11,25,42,72,56,37,31,79,84,89,72,51,31,6,10,16,8,27,11,82,50,29,4,8.0,2.0,4.0,Normal
Damen,Carnelly,Jacksonville,HB,Syracuse,21,71,8/5/04,72,204,1,36,0,Elusive Back - HB,91,87,84,92,70,66,79,59,27,82,92,61,71,87,56,45,52,34,89,79,24,20,77,38,48,63,73,51,38,38,30,32,33,41,67,61,39,24,25,66,61,89,78,75,54,22,27,34,30,50,30,88,77,53,4,4.318756,1.079689,0.118756,Normal
Koren,Bungarda,Dallas,TE,Michigan,26,71,9/28/98,77,250,1,86,2,Possession - TE,88,88,83,85,73,70,70,40,13,53,69,80,78,75,53,23,46,64,84,56,14,15,12,60,34,59,69,59,58,63,5,40,19,34,58,61,64,60,63,66,81,86,53,60,52,6,10,12,11,39,13,86,61,39,4,6.266688,1.566672,3.342441,Normal
Tully,Berrang,Philadelphia,CB,UCF,23,71,11/29/01,70,191,1,22,0,Manto Man - CB,95,85,80,87,58,69,69,47,30,47,54,51,66,85,29,24,57,52,82,76,26,25,73,28,73,29,71,36,33,26,22,71,30,71,71,29,34,36,26,31,62,91,67,42,49,25,27,20,9,24,23,81,32,73,4,4.64412,1.16103,0.44412,Normal
Shyrone,Schaefering,Indianapolis,RG,Pittsburgh,24,71,1/26/01,78,317,1,71,1,Power - G,69,56,77,81,83,72,10,28,11,10,25,10,11,54,4,11,27,81,82,6,13,16,12,82,11,11,72,76,70,79,1,14,9,9,31,13,73,64,75,9,12,64,12,26,28,2,6,11,5,18,7,84,20,11,4,5.839038,1.45976,1.066572,Normal
Alonzo,Cottam,Carolina,K,UCF,29,71,3/22/96,71,174,1,37,5,Power - KP,83,59,48,79,45,56,11,20,15,4,29,15,22,58,14,8,17,17,84,15,77,97,11,17,11,12,71,19,19,15,13,18,12,8,22,12,16,18,18,17,14,74,12,9,26,13,20,33,13,22,17,61,12,17,1,1.17,1.17,0.0,Normal
Kolby,Beekman,Arizona,HB,North Carolina,26,71,5/7/99,68,201,1,22,4,Elusive Back - HB,88,84,83,88,66,66,77,25,31,80,86,53,66,88,43,12,23,36,91,87,18,21,76,31,10,57,70,52,34,33,25,21,11,19,30,46,34,28,17,63,51,88,79,82,27,26,31,32,31,40,20,85,79,16,2,2.375,1.1875,0.0,Normal
Mewelde,Brightful,Kansas City,DT,CSU-Pueblo,34,71,5/9/91,76,332,1,69,12,,68,53,72,73,83,71,16,75,12,9,38,15,30,49,1,48,75,88,87,13,14,16,12,35,15,9,70,44,47,45,8,72,70,15,74,15,46,47,47,14,16,67,14,29,83,4,6,8,6,19,10,75,27,20,1,1.4225,1.4225,0.396,Normal
Kwamie,Cassara,Chicago,WR,Notre Dame,28,71,10/12/96,76,220,1,80,6,Deep Threat - WR,88,85,90,81,65,73,83,29,19,72,73,83,81,82,72,11,18,55,85,79,7,16,45,27,15,72,69,37,19,22,11,19,9,10,37,75,57,29,39,70,84,89,70,57,31,15,23,30,26,39,22,75,44,21,1,1.17,1.17,0.0,Normal
Darcel,Rubick,Detroit,LG,Fresno State,26,71,3/27/99,75,315,1,52,5,Power - G,56,66,65,80,97,64,27,38,12,24,41,15,15,51,6,29,51,90,82,22,25,15,13,83,11,3,70,73,70,71,6,36,43,11,32,14,71,72,75,13,18,65,24,33,43,6,6,2,5,16,12,91,37,9,1,1.1,1.1,0.0,Normal
Desean,Jaqua,Indianapolis,DT,Oklahoma,28,71,1/17/97,74,302,1,92,5,Speed Rusher - DT,84,70,76,71,79,76,25,71,12,13,39,23,32,61,4,73,76,85,87,31,14,21,12,36,16,9,71,43,46,47,8,70,68,13,79,18,47,44,43,13,26,78,22,27,82,8,6,8,4,27,11,84,25,24,1,1.3375,1.3375,0.4,Normal
Clarence,Romes,San Francisco,ROLB,Oklahoma St.,22,71,10/13/02,72,221,1,45,0,Run Stopper - OLB,96,75,86,85,72,71,54,69,22,41,71,52,59,79,27,63,75,75,88,61,24,27,11,30,58,24,70,46,42,44,9,71,53,47,84,28,44,45,43,28,50,87,58,54,78,4,6,6,4,18,14,90,44,63,4,6.561668,1.640417,1.41212,Normal
Wane,Gill,Carolina,SS,Penn State,30,71,5/17/95,71,200,1,21,6,Zone - S,92,84,90,90,62,73,72,51,17,58,70,49,70,84,18,49,86,57,93,74,15,19,38,19,63,28,71,46,34,33,8,76,30,63,78,23,34,34,36,41,67,92,68,49,64,4,6,7,5,26,15,85,48,67,1,1.3375,1.3375,0.0,Normal
Junius,Bohling,Washington,CB,Auburn,25,71,11/27/99,71,197,1,6,5,Manto Man - CB,91,88,93,87,61,68,74,49,17,58,65,49,64,87,47,37,57,48,83,78,14,18,82,17,71,53,71,35,35,35,6,67,28,75,73,44,35,35,35,58,67,91,71,41,56,6,6,6,6,28,17,82,33,67,1,1.5,1.5,0.5,Normal
Jordan,Ciccone,Miami,HB,Oklahoma St.,21,71,1/15/04,73,226,1,31,0,Power Back - HB,88,82,87,86,76,73,82,37,33,83,88,48,72,81,51,31,35,37,90,82,21,29,66,38,27,56,69,57,35,38,29,27,27,22,45,57,37,29,33,62,47,87,70,84,38,32,32,36,40,51,36,86,85,20,4,4.472664,1.118166,0.272664,Normal
Elois,Shirk,Kansas City,DT,Tennessee,23,71,3/11/02,74,303,1,55,0,,81,72,81,73,86,72,25,82,16,28,40,19,23,61,9,73,85,82,83,19,16,22,19,26,10,12,69,44,47,47,4,65,79,7,79,16,49,44,45,16,22,69,21,30,75,7,10,14,11,23,14,82,31,13,4,7.200372,1.800093,4.317355,Normal
Hust,Juzwik,Chicago,LT,Boston College,23,71,10/17/01,80,316,1,75,0,Agile - OT,75,61,75,86,87,76,10,27,13,3,37,17,25,60,5,25,23,82,87,12,27,20,8,83,14,5,69,74,78,77,4,22,30,10,25,22,75,76,77,12,20,64,11,15,20,6,6,9,5,14,12,82,32,16,4,7.718124,1.929531,5.394004,Normal
Branden,Blailock,Dallas,WR,Ohio State,28,71,7/16/97,72,208,1,80,6,,92,89,92,83,53,64,86,41,22,69,73,78,80,90,72,8,24,48,80,85,9,12,73,36,16,71,72,43,28,30,5,20,9,15,45,68,47,29,27,69,79,93,75,59,34,4,10,15,9,27,20,79,46,24,4,8.0,2.0,4.0,Normal
Orrin,Piccone,Washington,SS,UL Lafayette,25,71,5/29/00,72,191,1,35,3,Hybrid - S,93,87,84,91,56,73,61,54,19,49,59,53,59,88,23,36,76,47,90,71,16,23,35,18,72,34,69,36,38,33,11,72,28,56,72,27,34,37,31,37,56,94,65,34,59,9,13,17,18,26,7,74,38,69,1,5.556,5.556,3.406,Normal
Shockmain,Parsley,Miami,TE,Oregon,31,71,5/5/94,77,246,1,85,8,Possession - TE,76,73,83,89,72,70,70,26,15,66,74,79,83,66,57,25,40,71,82,77,18,24,16,60,12,59,70,61,58,60,9,20,21,12,35,66,64,66,58,66,79,78,64,70,32,2,10,11,11,24,8,70,62,17,1,1.355,1.355,0.02,Normal
Reno,Tolzien,Las Vegas,WR,Miami,32,71,1/5/93,70,192,1,13,10,,90,88,89,84,59,64,81,24,24,75,74,78,85,85,73,12,13,48,82,84,14,21,82,26,18,72,70,31,16,18,9,24,11,6,38,63,53,29,36,76,78,90,74,38,20,7,10,16,11,33,18,74,29,25,4,8.0,2.0,4.0,Normal
Garland,Woody,Arizona,WR,Southern Miss,27,71,6/9/98,72,193,1,16,5,Deep Threat - WR,93,83,88,88,39,65,78,19,27,73,74,78,82,84,77,10,21,41,90,76,11,18,81,26,12,71,69,26,11,10,4,17,10,11,39,67,40,21,31,75,79,93,71,48,28,7,10,16,18,25,16,78,34,16,4,8.0,2.0,4.0,Normal
William,Lawson,Buffalo,LS,LSU,31,71,3/24/94,74,235,1,69,9,Accurate - LS,74,63,70,80,64,70,47,43,11,40,52,54,57,61,39,19,28,47,96,51,19,21,18,36,14,46,72,53,40,52,16,19,15,16,44,47,46,38,50,50,49,72,47,49,30,17,16,18,18,27,11,84,48,21,4,6.5,1.625,2.365,Normal
Trent,Zagers,Detroit,CB,Temple,29,71,5/23/96,71,192,1,23,6,Manto Man - CB,87,85,93,87,68,66,64,53,13,55,56,59,70,83,13,34,57,50,92,74,21,22,59,12,75,8,73,38,39,33,6,67,22,82,72,16,38,38,35,22,64,91,62,32,51,10,6,6,5,28,8,89,25,70,1,1.17,1.17,0.0,Normal
Trung,Perrotti,Indianapolis,FS,Yale,26,71,6/26/99,73,196,1,25,3,Zone - S,91,82,93,85,62,74,59,55,26,48,55,52,75,88,18,45,69,54,89,63,16,14,35,18,65,28,71,37,37,36,24,70,38,64,78,22,34,36,37,28,62,88,58,42,59,14,15,23,23,23,14,76,42,71,4,8.0,2.0,4.0,Normal
Trevis,Andrulewicz,Chicago,RG,Penn State,28,71,2/14/97,76,302,1,71,6,Agile - G,77,69,71,84,83,73,12,26,12,7,27,16,19,58,7,8,28,82,92,18,10,17,11,80,12,6,73,70,73,72,7,10,11,13,28,13,73,80,66,6,13,66,7,17,31,4,6,8,7,18,15,86,29,12,4,17.0,4.25,8.85,Normal
Eldonta,Worden,Carolina,DT,Tennessee,29,71,10/20/95,75,300,1,99,6,,76,72,68,79,81,70,18,73,12,9,29,29,43,58,2,69,77,83,88,26,10,14,8,25,22,5,71,47,43,44,4,71,59,18,78,13,44,47,46,16,32,73,31,55,83,4,6,5,8,17,11,83,36,26,3,19.5,6.5,13.0,Normal
Hoyle,Bieniemy,Las Vegas,HB,UTSA,24,71,9/10/00,69,205,1,28,3,Power Back - HB,86,82,82,82,76,73,82,33,27,77,93,56,71,80,49,12,32,39,87,82,24,26,16,40,12,55,71,50,28,31,17,20,9,14,39,50,37,27,35,60,54,85,68,81,35,17,24,32,28,35,23,88,79,12,1,0.795,0.795,0.0,Normal
Rashid,Cherry,Dallas,DT,Stanford,30,71,8/26/95,75,295,1,90,8,,83,77,84,79,87,65,18,72,12,10,40,25,32,59,14,74,81,87,91,32,11,16,10,14,29,18,71,45,45,45,6,66,61,34,76,20,45,45,45,25,25,82,23,27,82,6,6,6,6,18,17,88,30,43,2,6.0,3.0,3.0,Normal
Marv,Krol,Cincinnati,HB,Texas Tech,23,71,5/13/02,69,214,1,25,0,Elusive Back - HB,93,84,86,95,65,65,79,35,16,84,91,50,69,85,54,25,31,45,90,80,20,20,74,44,24,57,73,47,38,48,21,38,27,29,36,54,41,33,35,61,49,86,73,72,36,24,17,13,8,18,34,94,74,27,4,4.430856,1.107714,0.230856,Normal
Macey,Goeas,Minnesota,WR,Maryland,22,71,3/15/03,73,183,1,13,0,,95,83,91,90,57,62,85,29,18,71,69,77,82,86,77,25,24,35,84,83,25,19,73,22,33,73,70,28,16,24,28,38,23,23,29,70,38,19,23,74,81,93,79,58,47,20,15,22,23,21,33,89,51,46,4,6.161184,1.540296,1.12086,Normal
Ahmard,Nipp,Chicago,RE,Villanova,31,71,6/14/94,79,289,1,69,8,Power Rusher - DE,80,72,76,74,83,72,38,74,12,22,45,41,49,59,5,66,84,83,85,44,30,16,13,20,42,12,69,43,43,45,7,72,75,40,77,23,46,44,43,19,38,80,29,38,81,4,6,8,6,17,10,80,33,50,1,1.255,1.255,0.0,Normal
Dezmon,Foschi,Detroit,C,Georgia,24,71,4/26/01,79,308,1,69,0,Agile - C,79,68,79,81,86,76,31,38,13,26,41,30,39,62,9,29,36,80,86,26,57,56,13,83,20,19,69,70,71,72,6,38,36,18,35,28,77,77,72,22,33,71,22,30,42,6,6,5,7,10,11,78,40,27,4,7.658377,1.914594,5.251738,Normal
Lyron,Bertagnolli,Cincinnati,DT,Florida,29,71,3/11/96,76,291,1,70,7,,78,78,82,75,89,70,33,74,13,37,34,23,30,65,0,61,84,87,94,33,14,15,9,30,22,4,69,48,45,46,8,71,73,19,79,14,42,47,48,8,20,79,30,33,84,11,10,17,8,22,14,96,57,29,1,1.4225,1.4225,0.0,Normal
Reynaldo,Selmon,Minnesota,FS,Ferris State,29,71,3/11/96,70,205,1,37,7,Hybrid - S,91,79,80,90,54,74,58,51,16,53,58,37,64,81,6,42,48,45,92,72,13,19,75,11,74,15,70,36,33,34,5,75,37,71,75,16,37,38,32,26,64,92,65,29,62,3,6,2,4,23,15,83,35,75,1,2.0,2.0,1.0,Normal
Jarret,Golemgeske,Baltimore,ROLB,California,22,71,10/3/02,74,233,1,40,0,Run Stopper - OLB,91,84,89,87,77,70,47,64,36,35,67,52,62,76,24,60,81,76,91,51,20,25,9,23,61,26,70,39,38,40,22,66,54,46,81,26,38,41,42,30,55,86,41,40,84,25,26,28,34,29,23,87,38,67,4,5.102896,1.275724,0.902896,Normal
Kordell,Pilconis,Philadelphia,WR,LSU,25,71,6/9/00,74,200,1,46,4,,88,84,91,84,67,70,79,28,21,78,74,81,83,83,73,10,25,46,87,78,15,19,45,25,12,74,71,32,17,20,6,15,10,17,32,73,58,23,29,76,82,90,73,58,27,10,15,20,15,26,17,82,57,17,4,8.0,2.0,4.0,Normal
Kroy,Gamble,New Orleans,SS,Utah,26,71,11/12/98,71,202,1,24,5,Hybrid - S,88,89,82,89,60,74,64,55,11,46,64,55,66,85,28,51,72,57,89,75,22,22,64,17,71,35,71,34,37,36,5,67,39,72,75,34,34,34,34,42,58,91,68,38,68,8,6,8,7,34,13,89,35,67,1,1.17,1.17,0.0,Normal
Clayton,Dimitroff,Seattle,WR,Colorado St.,22,71,11/29/02,75,196,1,15,0,,91,87,88,83,65,61,81,30,19,71,70,78,82,88,74,26,33,46,82,76,19,24,82,31,50,78,69,28,18,20,29,29,28,23,34,76,53,24,25,72,82,92,77,60,39,12,19,23,14,31,24,82,49,37,4,4.56504,1.14126,0.36504,Normal
Gil,Owusu-Ansah,Atlanta,ROLB,Montana State,26,71,4/23/99,76,235,1,44,3,Run Stopper - OLB,96,84,86,84,68,75,73,71,63,70,79,58,68,82,21,47,86,81,85,63,24,27,13,59,54,30,70,50,55,52,56,72,39,54,79,35,53,55,58,34,57,90,55,58,79,40,46,53,54,50,38,84,60,58,4,6.10357,1.525893,2.601395,Normal
Regis,Sasa,Los Angeles N,DT,Ohio State,23,71,4/15/02,75,299,1,57,0,,79,60,81,83,91,68,21,74,11,27,38,15,26,56,11,66,81,86,93,23,18,19,27,23,11,11,71,46,47,46,13,67,69,13,75,14,43,46,44,15,17,76,23,26,76,5,8,12,13,15,16,90,30,17,4,4.638588,1.159647,0.438588,Normal
Ebenezer,Bidwell,Philadelphia,DT,Nebraska,24,71,5/3/01,78,288,1,95,0,,80,67,80,87,92,70,46,80,18,35,63,50,55,66,42,64,83,86,89,43,30,19,25,26,21,42,70,45,45,44,15,63,74,19,73,47,41,45,41,52,51,76,37,45,73,11,12,12,11,17,13,93,40,23,4,5.235668,1.308917,1.035668,Normal
Torry,Nading,Baltimore,WR,Oklahoma St.,26,71,5/13/99,71,198,1,16,4,,94,87,91,85,64,69,81,37,22,75,67,82,82,88,74,12,33,52,81,76,25,19,83,27,24,68,69,37,30,23,5,24,9,26,47,64,60,36,28,67,81,88,73,68,38,7,10,15,12,27,16,78,60,31,1,2.1,2.1,1.35,Normal
Jewerl,Seubert,Chicago,WR,Cincinnati,23,71,10/12/01,71,185,1,10,2,,92,85,92,82,54,72,78,35,15,75,74,81,79,85,77,20,38,42,87,77,14,21,70,19,31,73,71,26,17,12,7,35,16,33,45,64,39,22,16,72,82,90,70,43,41,5,10,14,11,27,12,84,42,40,4,4.503452,1.125863,0.663452,Normal
Alundis,Lookabaugh,Los Angeles N,DT,Clemson,24,71,11/1/00,74,300,1,90,1,,80,58,72,83,91,61,33,76,23,33,41,15,23,52,2,69,82,85,86,35,16,22,10,12,17,6,71,25,17,24,16,67,73,11,79,11,46,47,46,2,13,74,25,23,83,16,16,15,12,10,13,85,26,19,4,4.202552,1.050638,0.182552,Normal
Buford,Grooms,Philadelphia,HB,Clemson,23,71,8/29/02,71,210,1,28,1,Elusive Back - HB,93,89,88,89,66,69,82,24,25,73,83,52,62,91,54,11,24,33,82,85,16,20,75,31,11,61,71,46,36,28,17,19,12,9,36,60,28,33,23,65,51,90,75,71,30,16,22,26,25,34,24,82,74,18,4,4.736964,1.184241,0.716964,Normal
Jonathan,Urban,Tennessee,QB,Kentucky,26,71,6/27/99,76,229,1,8,2,Strong Arm - QB,83,81,88,81,71,61,84,19,67,74,63,13,48,80,10,12,18,24,85,65,15,25,8,21,10,14,71,12,12,9,80,13,12,11,21,12,19,15,14,18,18,82,72,52,27,82,80,81,81,92,75,94,66,15,4,9.542165,2.385541,8.730961,Normal
Hayworth,Stocker,Jacksonville,RG,West Virginia,22,71,12/27/02,79,313,1,64,0,Power - G,68,67,71,88,85,70,26,42,12,27,41,28,35,58,17,44,25,89,83,31,16,9,6,78,12,18,70,74,71,73,3,29,40,13,32,13,74,75,75,19,30,61,29,29,21,5,6,10,8,21,9,86,28,11,4,6.277304,1.569326,1.205312,Normal
Mac,O'Toole,Arizona,RE,Clemson,25,71,12/20/99,74,245,1,54,1,Smaller Speed Rusher - DE,86,75,78,75,81,70,41,69,17,34,41,41,59,69,10,73,73,79,85,51,14,17,11,32,38,19,73,39,39,34,8,70,71,39,77,20,44,37,41,21,46,83,44,31,79,2,8,10,9,26,14,86,37,42,4,4.370624,1.092656,0.350624,Normal
Peerless,Pierotti,New York A,WR,Stephen F. Austin,24,71,3/8/01,70,189,1,3,2,,96,87,84,84,56,66,80,37,21,72,72,78,77,90,75,11,33,48,83,75,14,15,86,33,21,75,69,26,20,22,8,28,11,26,33,65,46,25,18,69,82,91,74,45,39,5,10,13,11,36,14,83,54,27,4,8.0,2.0,4.0,Normal
Lardarius,Mcconnell,New York N,WR,Old Dominion,30,71,12/18/94,74,215,1,83,8,Slot - WR,90,83,86,87,71,74,67,28,22,73,75,81,84,80,71,10,28,57,93,76,18,23,78,30,19,74,71,49,30,34,18,15,10,15,40,73,56,21,27,76,83,89,72,68,31,20,24,30,27,46,19,88,65,18,4,8.0,2.0,4.0,Normal
Henry,Studaway,Denver,WR,Wake Forest,25,70,10/26/99,77,205,1,87,2,Deep Threat - WR,90,86,86,82,65,68,76,28,22,72,78,82,79,77,68,11,33,53,90,75,49,55,47,33,24,74,71,35,23,22,4,23,8,28,39,70,56,24,35,76,81,92,70,54,37,5,10,13,9,23,20,89,61,32,1,1.03,1.03,0.0,Normal
Chukie,Hagerty,Tampa Bay,DT,Georgia Tech,32,70,9/23/92,76,290,1,97,9,,75,60,78,78,84,70,25,74,12,20,42,14,37,54,4,65,80,85,91,22,16,15,8,15,18,5,70,42,46,46,7,71,74,12,76,16,42,46,45,14,15,72,15,29,81,8,6,4,7,25,19,79,41,26,1,1.255,1.255,0.0,Normal
Dimitri,Grimsley,New England,CB,Oregon State,24,70,5/22/01,73,191,1,28,2,Manto Man - CB,91,85,79,91,50,74,65,40,14,47,62,59,68,80,9,37,64,37,90,70,18,18,53,11,70,13,71,28,30,28,11,70,32,71,72,20,35,35,31,21,62,86,64,48,53,8,8,11,14,26,9,91,29,73,1,1.03,1.03,0.0,Normal
Harald,Corker,Baltimore,LG,USC,26,70,1/21/99,78,310,1,72,2,Power - G,72,49,70,78,99,73,17,36,6,16,33,24,32,49,12,27,38,83,82,11,8,9,9,76,8,15,70,71,69,77,4,22,39,7,19,13,74,74,69,24,23,66,12,33,31,3,5,6,3,14,8,87,23,9,4,3.942112,0.985528,0.102112,Normal
Franky,Carey,Carolina,QB,TCU,37,70,10/29/87,74,220,1,14,14,Field General - QB,68,73,72,80,55,72,62,15,55,44,64,52,53,67,13,8,14,12,91,55,21,11,13,7,12,19,71,12,16,11,81,8,8,13,27,22,11,18,10,29,50,75,53,29,15,80,81,84,80,91,81,91,23,12,2,8.0,4.0,5.9,Normal
Linden,Kadish,Denver,HB,Notre Dame,21,70,9/6/03,71,227,1,23,1,Elusive Back - HB,87,82,92,83,72,76,79,34,26,81,83,59,70,81,45,9,28,35,93,79,12,21,67,30,10,48,71,50,37,40,20,19,14,18,35,47,34,37,33,59,61,88,75,76,32,10,15,17,24,25,19,93,77,20,4,8.0,2.0,4.0,Normal
Pahl,Scarpitto,Green Bay,LE,Texas,22,70,12/22/02,75,256,1,99,0,Power Rusher - DE,86,81,83,89,81,70,37,72,17,26,48,43,45,71,26,66,81,81,89,33,21,22,32,24,36,34,70,46,44,46,17,70,69,31,77,35,46,46,44,39,47,81,31,34,73,6,10,13,16,11,11,93,30,46,4,5.141852,1.285463,0.941852,Normal
Doc,Trumpy,Los Angeles N,C,Arkansas,24,70,6/10/01,77,307,1,50,1,Agile - C,74,68,85,81,83,74,18,33,9,3,22,15,23,61,6,9,28,82,91,14,19,18,9,84,8,3,70,70,74,72,9,19,12,6,20,16,75,80,77,13,16,64,12,28,31,4,6,5,5,23,13,94,23,7,4,4.158388,1.039597,0.138388,Normal
Zack,Burleson,Pittsburgh,K,Pittsburgh,24,70,7/31/01,70,186,0,29,0,Power - KP,76,64,43,85,49,51,9,13,17,8,23,10,20,48,9,8,18,16,87,34,81,95,13,15,11,7,72,9,13,11,11,18,12,13,22,12,9,15,27,9,13,72,22,32,22,24,28,31,19,26,16,64,10,13,3,2.985,0.995,0.02,Normal
Alfredo,Tuck,Pittsburgh,WR,Notre Dame,28,70,6/27/97,75,224,1,15,4,Physical - WR,92,78,85,85,66,72,74,44,32,72,74,82,88,78,73,24,53,50,86,75,16,15,52,29,23,72,72,39,24,35,23,23,18,22,50,72,57,28,29,77,83,84,69,58,47,6,10,19,9,32,24,81,53,30,2,4.475,2.2375,1.08,Normal
Trev,Biekert,Washington,TE,Kansas State,23,70,6/14/02,76,250,1,82,1,Vertical Threat - TE,89,88,90,82,70,67,76,50,23,70,74,76,79,78,55,45,58,62,90,70,18,23,28,56,33,62,70,57,57,52,10,40,54,31,55,67,59,58,52,68,77,83,67,68,55,5,10,15,10,26,15,86,72,46,4,7.22795,1.806988,4.597851,Normal
Ric,Gardin,Atlanta,SS,Oklahoma,22,70,1/29/03,70,192,1,33,0,Zone - S,92,92,85,92,63,65,69,48,15,51,62,59,74,85,31,37,73,56,90,64,15,21,84,22,69,28,68,37,32,34,8,62,39,67,76,33,35,32,35,39,60,91,54,41,68,6,6,2,7,28,13,92,50,74,4,5.186152,1.296538,0.986152,Normal
Norbert,Steed,Carolina,DT,Wake Forest,27,70,12/16/97,75,274,1,54,4,,86,75,83,79,78,71,31,78,12,22,48,30,41,65,14,69,82,82,86,30,11,17,11,29,28,16,71,44,44,44,5,70,66,21,75,25,41,45,48,25,33,83,28,39,79,8,6,4,8,14,15,88,40,41,4,8.0,2.0,4.0,Normal
Senio,Miklich,Los Angeles N,LE,Wash. St.,24,70,10/14/00,76,264,1,44,1,Run Stopper - DE,90,69,82,77,81,71,46,74,17,29,43,37,52,66,9,69,77,81,80,49,18,19,11,29,39,14,72,34,34,35,8,74,70,36,79,21,38,39,41,23,40,83,46,31,77,4,8,9,8,23,13,84,42,45,4,4.349368,1.087342,0.329368,Normal
Ingle,Morris,New Orleans,WR,Pittsburgh,25,70,3/3/00,74,215,1,16,1,,93,82,91,83,66,74,76,33,25,75,68,80,83,78,72,10,34,47,92,81,13,21,30,33,20,70,68,36,32,23,7,20,10,13,34,68,45,41,35,71,82,91,72,57,37,13,15,18,15,39,16,82,52,29,4,4.274276,1.068569,0.254276,Normal
Liffort,Christenson,Philadelphia,DT,Alabama,24,70,11/10/00,75,297,1,94,2,,79,58,67,78,84,71,19,78,12,13,41,22,36,50,7,54,81,76,91,28,13,15,9,22,15,9,70,37,36,33,6,70,62,24,74,31,38,38,38,9,22,70,24,36,83,8,6,9,10,9,12,80,23,23,4,5.668712,1.417178,2.130369,Normal
Darrent,Spence,Carolina,DT,Florida,23,70,8/7/02,78,328,1,55,0,,70,56,64,78,86,70,19,77,17,24,35,18,16,53,10,54,79,84,94,20,22,20,25,32,10,14,68,42,42,46,13,71,67,10,71,20,44,43,47,12,21,66,16,37,80,10,12,15,11,24,11,93,32,12,4,4.673156,1.168289,0.473156,Normal
Enis,Abruzzese,Cleveland,CB,Northwestern,23,70,9/8/01,72,195,1,29,2,Manto Man - CB,93,87,84,92,61,68,70,40,10,54,54,51,62,89,18,40,56,41,88,73,19,20,70,11,73,21,70,10,22,34,15,66,30,72,62,22,12,33,34,22,57,90,67,42,40,10,10,15,15,28,16,82,31,66,4,4.177232,1.044308,0.337232,Normal
Harley,Wetz,Cleveland,RE,San Diego St.,25,70,1/7/00,76,267,1,99,3,Power Rusher - DE,81,84,78,78,74,64,42,77,15,29,37,38,40,73,25,64,79,89,95,35,15,15,7,26,25,31,69,44,49,44,10,67,72,18,82,33,48,48,43,34,40,77,38,39,82,3,6,6,4,26,11,83,38,35,4,8.0,2.0,4.0,Normal
Hicham,Bookout,Kansas City,HB,UCLA,22,70,11/24/02,73,225,0,42,1,Power Back - HB,89,82,88,88,77,77,80,40,33,79,85,61,71,80,49,16,44,52,92,77,16,17,56,50,24,61,71,50,34,39,31,26,14,25,47,65,46,37,33,68,57,84,75,79,41,29,37,39,35,42,28,91,83,34,3,2.83,0.943333,0.0,Normal
Mario,Rothwell,New York N,LS,Iowa,35,70,8/13/90,73,250,1,59,11,Accurate - LS,73,70,76,81,69,61,18,43,10,14,65,47,64,62,42,16,59,68,94,15,15,9,12,55,22,46,69,55,39,50,12,15,24,12,44,42,46,34,41,49,46,72,8,17,50,12,10,8,10,9,10,82,24,19,4,8.0,2.0,4.0,Normal
Uwe,Siano,Jacksonville,LOLB,Wyoming,26,70,8/18/99,75,239,1,48,3,Run Stopper - OLB,88,84,94,86,75,71,64,63,21,34,62,61,68,78,11,46,82,70,90,50,19,21,11,26,61,13,68,43,46,45,12,69,48,41,86,15,46,46,47,22,61,85,42,36,84,11,10,16,17,19,12,79,33,62,4,5.426108,1.356527,1.12626,Normal
Darnell,Umenyiora,Las Vegas,LT,William  Mary,23,70,3/22/02,77,309,1,60,0,Agile - OT,78,75,70,87,87,71,17,26,12,17,23,18,26,61,7,32,35,86,90,24,15,12,9,79,11,4,68,73,74,74,5,21,28,11,28,14,73,74,74,17,24,75,14,20,31,8,6,4,6,15,7,88,39,13,4,6.161184,1.540296,1.12086,Normal
Delvin,Maple,Cincinnati,WR,Purdue,26,70,10/29/98,72,188,1,15,2,Slot - WR,88,89,89,80,55,62,76,30,20,72,72,83,88,90,71,10,24,38,83,68,12,17,86,21,22,75,68,28,20,20,4,22,10,26,40,60,44,28,19,76,76,90,63,40,36,4,10,14,10,28,17,83,42,29,4,4.518776,1.129694,0.678776,Normal
Jo-Lonn,Supernaw,Carolina,CB,Wash. St.,22,70,9/17/02,71,176,1,26,1,Manto Man - CB,91,85,81,87,59,75,63,40,10,57,52,47,67,86,13,26,49,41,89,72,26,27,57,13,72,14,70,9,36,32,7,70,25,67,69,26,13,35,32,27,53,86,66,32,54,8,14,18,11,29,9,87,25,71,4,4.343984,1.085996,0.323984,Normal
Roderick,Dwight,Tennessee,WR,Florida,23,70,12/14/01,73,196,1,17,0,Deep Threat - WR,95,86,89,87,64,73,76,39,29,70,71,77,78,85,74,31,40,50,86,75,16,19,75,32,53,69,68,27,14,24,23,41,31,25,42,69,52,27,29,71,76,94,68,46,50,16,10,23,8,12,35,81,38,47,4,5.400952,1.350238,1.100952,Normal
Kenard,Womble,New York N,TE,Canisius,33,70,4/10/92,78,235,1,85,10,Blocking - TE,86,78,87,83,80,67,61,32,19,60,69,72,72,76,44,16,29,68,93,67,20,24,19,76,14,52,69,66,61,65,6,21,15,21,34,61,71,66,68,53,76,77,69,67,31,8,6,6,7,31,12,77,64,21,4,8.0,2.0,4.0,Normal
Metz,Osemele,Detroit,LG,Boston College,24,70,10/11/00,75,314,1,73,1,Power - G,75,58,77,82,86,63,21,30,9,21,20,21,28,64,6,25,39,84,91,20,13,22,11,83,8,11,68,73,75,73,4,24,35,10,24,12,74,72,76,17,18,66,12,25,27,8,6,5,3,23,9,92,32,9,4,4.158388,1.039597,0.138388,Normal
Tuufuli,Lungren,Los Angeles N,TE,Stanford,26,70,1/8/99,79,251,1,84,5,Possession - TE,80,77,88,78,70,73,72,48,12,52,80,77,85,71,60,21,44,63,87,54,15,22,43,51,16,68,68,64,64,56,3,46,18,22,46,67,67,65,58,69,82,83,51,59,48,6,10,14,12,22,15,82,65,22,3,22.5,7.5,10.25,Normal
Delles,Janik,Green Bay,RE,Oklahoma St.,22,70,9/23/02,74,240,1,45,0,Smaller Speed Rusher - DE,91,82,94,74,77,65,46,76,30,30,49,41,50,78,27,74,74,80,81,50,24,22,30,35,51,32,69,45,47,46,15,68,68,43,77,30,48,45,46,32,43,88,45,40,75,12,13,22,19,33,28,85,38,58,4,4.604084,1.151021,0.404084,Normal
Kelcie,Taibi,Arizona,FS,Texas Tech,24,70,1/20/01,71,195,1,42,1,Hybrid - S,91,84,91,84,55,67,81,52,22,73,73,66,71,88,40,33,75,51,91,80,9,13,56,21,66,43,70,21,16,12,7,70,29,66,73,42,24,17,13,51,63,93,70,50,67,15,20,24,23,32,9,86,52,68,4,4.866844,1.216711,0.846844,Normal
Florian,Mcginest,Seattle,HB,Miami,21,70,1/31/04,72,217,1,22,0,Power Back - HB,92,79,83,83,75,67,81,38,25,79,90,56,66,72,48,22,39,51,92,79,34,32,68,42,24,49,70,48,43,46,30,35,30,22,39,44,43,30,35,56,53,88,73,79,42,18,23,18,24,27,33,92,81,29,4,4.338944,1.084736,0.138944,Normal
Mao,Mcilhenny,Miami,RG,San Diego St.,31,70,1/27/94,77,300,1,64,8,Agile - G,63,58,72,85,80,79,48,22,12,30,48,50,54,50,23,12,36,80,92,49,22,22,9,80,12,28,70,78,77,75,8,16,9,9,28,34,76,75,74,41,47,73,21,46,34,4,6,4,7,25,4,89,37,15,1,1.17,1.17,0.0,Normal
Todd,Bunting,New York N,TE,San Diego St.,24,70,9/22/00,77,253,1,82,3,Possession - TE,88,80,85,90,77,77,68,50,15,54,73,74,85,69,56,32,38,63,93,65,14,17,32,62,23,61,70,59,60,56,5,37,32,22,56,64,61,57,63,66,73,84,58,60,42,7,10,14,8,27,12,87,65,31,4,8.0,2.0,4.0,Normal
Cris,Ames,New Orleans,ROLB,Oklahoma,22,70,3/10/03,75,233,1,47,0,Run Stopper - OLB,88,77,80,87,74,68,50,69,25,42,63,59,63,77,27,61,82,71,83,57,21,26,9,25,55,30,72,48,48,44,3,67,55,46,78,36,48,42,45,34,64,85,54,49,81,6,6,9,4,26,13,89,43,61,4,5.228364,1.307091,1.028364,Normal
Wally,Niehaus,New Orleans,WR,Washington,29,70,10/23/95,73,195,1,17,7,,93,93,91,83,47,58,85,22,20,72,78,78,84,83,73,11,18,37,80,86,15,21,88,26,15,75,68,28,24,25,27,17,11,22,33,74,47,26,40,73,84,87,76,67,27,28,34,34,29,45,24,82,30,24,1,1.3375,1.3375,0.0,Normal
Jodie,Strada,Arizona,DT,West Virginia,25,70,12/14/99,76,286,1,55,2,,82,71,71,82,83,76,22,77,21,23,42,39,45,57,14,69,77,72,90,32,9,10,7,21,23,16,72,31,38,33,9,68,75,20,76,14,44,40,39,19,42,74,26,31,79,11,15,16,14,22,10,82,31,28,4,3.973336,0.993334,0.133336,Normal
Ran,Ruether,Cleveland,LT,Ohio State,24,70,8/6/01,80,375,1,79,2,Power - OT,67,43,71,77,94,75,12,43,15,23,31,13,24,46,3,10,55,93,90,13,8,8,9,66,9,6,69,76,69,80,5,16,35,8,14,12,72,75,70,11,22,61,8,43,41,4,6,7,6,17,5,91,47,9,4,4.632332,1.158083,0.792332,Normal
Tobin,Dodge,Atlanta,RE,W. Kentucky,26,70,7/12/99,76,240,1,51,3,Smaller Speed Rusher - DE,89,80,86,73,72,69,30,64,15,19,35,29,39,75,9,69,82,71,89,43,30,33,6,22,20,8,68,44,42,46,7,61,62,24,77,10,42,47,45,12,30,88,34,32,79,6,6,4,5,21,12,76,32,30,4,5.229582,1.307396,0.983332,Normal
Adger,Klingel,Arizona,CB,Ohio State,22,70,10/10/02,71,186,1,29,0,Zone - CB,92,85,89,93,60,70,68,51,18,48,56,59,71,81,28,33,67,51,86,74,25,33,77,26,68,30,71,36,32,23,21,70,34,68,75,32,34,35,25,32,65,88,64,41,54,14,17,20,8,23,14,85,30,72,4,4.520216,1.130054,0.320216,Normal
Obie,Kalina,Los Angeles A,WR,TCU,24,70,9/11/00,68,165,1,12,2,,95,82,74,78,66,59,82,28,18,67,73,79,84,80,70,11,22,33,88,76,18,17,85,20,20,71,68,27,17,12,4,23,12,26,34,57,40,23,22,68,77,96,72,32,33,9,10,18,12,26,13,83,34,26,4,4.551932,1.137983,0.711932,Normal
Peaches,Koenen,Cleveland,QB,Clemson,29,70,9/14/95,75,223,1,4,8,Scrambler - QB,87,87,81,90,69,60,85,22,83,78,65,34,51,84,15,10,22,42,74,79,27,25,10,35,15,17,70,23,15,25,84,19,10,10,34,25,27,15,15,25,52,84,76,58,34,77,76,83,81,89,77,88,65,20,5,230.0,46.0,230.0,Normal
Swanson,Ontko,Dallas,HB,Kansas State,23,70,11/2/01,66,176,1,42,2,Elusive Back - HB,89,91,80,85,54,53,79,26,22,70,92,45,70,84,55,11,23,29,91,81,9,22,67,25,10,62,69,47,29,26,16,18,8,13,33,44,35,27,23,66,44,88,70,55,25,14,15,19,24,27,15,90,51,16,4,3.973336,0.993334,0.133336,Normal
Geoffrey,Gunn,Las Vegas,ROLB,LSU,27,70,2/17/98,72,237,1,45,6,Run Stopper - OLB,89,78,91,92,77,65,65,67,12,36,64,41,70,82,11,68,83,80,93,63,15,19,8,25,59,21,69,47,46,45,7,64,62,52,83,26,46,47,46,23,47,88,49,61,76,4,6,8,6,24,10,91,48,66,1,1.17,1.17,0.0,Normal
Beattie,Maeder,Baltimore,WR,North Carolina,24,70,6/19/01,74,193,1,81,1,Deep Threat - WR,90,87,94,85,63,56,77,34,22,77,69,81,80,83,75,11,26,48,92,78,13,17,42,30,12,73,68,38,20,22,6,18,11,6,31,72,53,38,28,71,84,96,78,53,30,5,10,13,9,20,17,83,49,20,4,4.817852,1.204463,0.797852,Normal
Merril,Kosel,Buffalo,DT,Duke,24,70,12/10/00,74,302,1,90,1,,80,56,79,83,83,71,38,76,23,41,41,15,21,54,6,71,77,82,92,46,15,25,10,12,17,3,70,25,17,26,13,69,72,11,77,14,47,47,46,2,17,74,25,25,77,15,16,14,12,14,17,86,24,19,4,5.618048,1.404512,0.905852,Normal
Geoff,Boddie,Indianapolis,CB,Kansas State,28,70,10/8/96,69,176,1,34,6,Manto Man - CB,92,83,83,89,55,73,71,50,10,59,59,53,66,83,9,34,63,52,82,70,14,15,46,18,75,10,70,34,34,34,8,67,30,64,69,28,33,34,34,23,64,89,59,31,59,5,6,7,8,34,16,80,20,73,1,1.17,1.17,0.0,Normal
Brock,Righetti,Chicago,TE,Notre Dame,30,70,8/9/95,78,246,1,81,7,Possession - TE,85,75,76,89,76,73,62,22,18,66,72,74,90,70,56,12,14,70,93,68,16,21,9,58,10,62,71,60,61,57,6,18,8,10,21,66,64,59,53,62,77,82,51,64,30,10,10,15,12,21,16,85,71,13,1,2.5,2.5,1.5,Normal
Dub,Lackman,Baltimore,RT,LSU,21,70,3/5/04,77,315,1,51,0,Power - OT,72,55,73,89,86,66,16,37,12,15,34,22,20,56,3,22,35,83,86,8,18,15,9,79,11,3,70,73,72,75,7,24,40,9,32,14,76,72,73,19,22,69,11,11,33,8,6,5,7,21,12,86,31,12,4,6.27352,1.56838,1.20256,Normal
Kamar,Sack,Cincinnati,TE,Iowa,24,70,9/13/00,77,252,1,83,1,Vertical Threat - TE,89,84,82,83,74,67,76,39,16,67,71,77,78,73,63,10,48,63,77,66,10,18,26,54,16,62,72,57,56,56,4,15,10,20,43,65,58,61,60,67,77,86,61,65,44,4,10,14,10,22,15,86,67,22,4,8.0,2.0,4.0,Normal
Jeremiah,Gilberry,Kansas City,QB,Wash. St.,29,70,5/16/96,73,225,1,17,6,Scrambler - QB,84,76,85,79,61,67,75,24,81,56,63,16,25,78,8,11,29,26,92,68,15,23,13,15,13,11,68,12,15,19,84,16,12,11,31,17,24,17,25,18,15,82,66,35,28,80,81,91,82,83,80,94,32,12,4,8.0,2.0,4.0,Normal
Kiwaukee,Frahm,Cleveland,LE,Missouri,24,70,7/27/01,76,271,1,57,2,Power Rusher - DE,88,78,85,80,80,64,35,76,12,23,34,21,35,67,3,61,86,84,91,41,16,15,10,18,29,6,72,42,48,44,7,61,75,40,83,12,45,48,43,16,35,78,30,54,78,6,6,9,7,20,12,82,33,42,4,4.551932,1.137983,0.711932,Normal
Peyton,Groomes,New Orleans,RE,Notre Dame,24,70,10/30/00,77,265,1,55,2,Power Rusher - DE,91,76,79,86,76,68,50,71,17,42,50,48,47,69,32,64,87,84,91,46,19,25,23,33,39,36,72,41,49,47,8,59,70,45,76,42,45,44,41,42,51,84,49,50,84,4,6,3,8,22,11,83,48,47,4,8.734721,2.18368,6.731557,Normal
Johnny,Jurich,Arizona,QB,N.C. State,32,70,12/11/92,76,235,1,7,9,Field General - QB,75,76,73,91,70,70,84,18,61,69,68,20,26,71,15,7,9,33,92,59,23,21,10,36,12,14,68,20,14,13,81,18,7,9,26,18,19,10,11,16,23,77,60,46,42,83,79,84,81,89,83,91,62,18,2,12.5,6.25,6.5,Normal
Kevan,Kraus,Carolina,DT,Mississippi St.,25,70,7/30/00,76,301,1,96,1,,81,62,76,81,84,63,26,74,12,11,41,26,33,63,4,71,81,84,88,21,13,15,9,19,29,4,69,44,45,43,6,66,69,17,74,17,42,44,47,14,29,75,14,32,82,10,6,5,5,22,9,84,35,45,4,4.196424,1.049106,0.176424,Normal
Levert,Seurer,Los Angeles A,DT,Oregon,25,70,8/30/00,74,332,1,99,0,,75,67,68,72,88,69,23,77,17,21,35,18,18,64,6,59,79,91,88,22,27,25,32,25,12,13,68,45,48,43,15,66,72,20,76,14,46,45,44,15,21,68,15,32,75,6,8,13,18,26,17,91,36,14,4,8.0,2.0,4.0,Normal
Sherman,Dewveall,New England,DT,LSU,24,70,10/22/00,75,305,1,94,2,,64,57,63,78,88,62,9,74,13,7,28,12,23,58,8,49,81,85,86,16,10,12,9,54,10,4,68,46,44,52,7,65,65,10,66,23,55,51,55,11,13,67,16,25,83,7,7,14,8,21,15,81,30,12,1,0.915,0.915,0.0,Normal
Timothy,Dyson,Kansas City,TE,TCU,24,70,11/2/00,78,249,1,12,1,Vertical Threat - TE,87,76,90,85,76,62,76,32,16,71,76,79,79,70,57,10,36,60,90,68,14,17,26,56,16,63,71,55,53,56,4,20,10,18,36,67,57,56,58,67,81,85,58,70,41,8,10,16,10,22,15,88,67,22,4,4.70862,1.177155,0.68862,Normal
Damion,Mansfield,Houston,CB,USC,21,70,11/5/03,71,187,1,30,0,Zone - CB,87,82,77,87,55,73,74,43,20,43,60,66,64,87,27,39,48,47,82,72,22,23,78,27,69,30,68,32,35,24,9,70,26,68,74,34,34,34,22,39,70,93,68,32,65,6,6,3,4,25,7,77,27,74,4,6.161184,1.540296,1.12086,Normal
Darrelle,Mcdonnell,Arizona,CB,Ole Miss,27,70,10/14/97,71,190,1,37,3,Slot - CB,91,93,81,83,66,66,57,51,10,43,57,53,57,90,16,25,66,53,78,69,13,16,33,24,67,22,68,31,38,37,7,64,37,63,74,14,35,36,34,29,51,90,65,36,64,4,6,4,5,25,16,76,36,69,4,3.95348,0.98837,0.11348,Normal
Claude,Janiak,Indianapolis,ROLB,Missouri,23,70,9/13/01,75,227,1,57,1,Pass Coverage - OLB,90,86,81,83,72,74,45,60,12,31,61,64,76,74,9,63,87,72,95,57,13,16,6,29,60,7,71,34,39,37,8,69,50,73,77,11,43,41,44,15,66,88,55,42,76,6,15,13,11,19,7,87,42,70,4,4.35624,1.08906,0.33624,Normal
Sugarfoot,Kuczynski,Cincinnati,WR,Alabama,24,70,6/28/01,72,196,1,81,1,Deep Threat - WR,95,87,94,85,60,54,75,31,23,78,73,83,89,89,73,8,31,43,85,72,11,16,44,20,12,77,71,28,11,12,9,16,8,12,32,65,39,25,22,70,79,90,70,51,35,3,10,14,17,23,15,86,42,16,4,5.820896,1.455224,1.05338,Normal
Whitey,Hennings,Baltimore,LT,TCU,30,70,6/19/95,77,300,1,68,7,Agile - OT,75,57,61,83,84,78,13,31,12,11,25,15,20,56,2,11,31,79,86,12,10,17,7,72,12,4,68,70,72,70,7,10,8,11,28,13,73,77,67,8,18,69,9,18,33,6,6,10,7,13,12,88,20,12,4,8.0,2.0,4.0,Normal
Hugo,Fulhage,Jacksonville,DT,LSU,23,70,9/24/01,75,305,1,98,1,,73,68,74,82,90,61,17,77,12,13,23,13,24,48,2,67,82,88,89,17,17,17,29,52,13,4,70,50,54,54,5,62,70,15,71,11,43,46,44,9,12,68,12,24,84,4,6,7,7,17,11,86,33,18,4,4.803076,1.200769,0.783076,Normal
Tim,Kersten,Cleveland,DT,Cincinnati,24,70,9/1/01,73,313,1,97,1,,77,67,63,79,85,60,43,79,12,33,43,18,48,54,17,66,83,88,91,36,18,27,15,18,19,20,69,51,48,47,6,63,69,16,77,30,44,44,43,15,15,73,32,46,82,10,6,8,7,21,11,87,55,27,1,0.795,0.795,0.0,Normal
Jordy,Pifferini,Los Angeles A,DT,Alabama,24,70,4/9/01,77,297,1,92,1,,68,67,72,78,83,67,11,74,19,17,54,34,40,49,7,63,82,87,77,25,15,23,21,16,41,4,68,28,16,24,16,70,72,18,76,19,47,48,45,10,38,68,26,18,81,12,13,17,9,22,16,83,40,45,4,4.859012,1.214753,0.839012,Normal
Russ,Minnis,Tennessee,HB,Michigan,22,70,10/4/02,74,226,1,28,0,Power Back - HB,87,80,74,78,79,69,76,62,30,79,90,48,64,76,35,42,60,51,90,80,32,28,75,42,55,46,69,47,45,48,26,23,45,54,72,42,46,37,34,54,49,86,75,83,63,29,32,37,27,43,23,92,80,62,4,4.438508,1.109627,0.238508,Normal
Javon,Israel,Green Bay,DT,Bowling Green St.,25,70,5/8/00,75,296,1,94,2,Power Rusher - DT,82,67,74,78,84,76,20,75,15,10,37,38,43,47,1,65,84,83,89,25,10,10,9,26,22,6,69,46,44,46,10,75,77,30,68,10,44,43,48,12,39,69,22,23,77,9,7,9,8,24,12,81,26,30,4,4.052028,1.013007,0.212028,Normal
Gerris,Tew,Los Angeles A,WR,Auburn,23,70,10/16/01,73,190,1,84,0,Slot - WR,96,93,83,86,60,63,76,33,33,71,78,78,77,91,73,29,34,30,87,72,27,22,72,27,57,71,71,22,21,32,20,43,30,32,38,70,45,26,30,73,76,95,72,45,48,27,19,13,18,21,36,86,44,66,4,4.608004,1.152001,0.408004,Normal
Wilson,Bullock,Miami,CB,Ohio State,29,70,5/30/96,70,212,1,14,6,Manto Man - CB,90,93,93,89,55,65,57,59,11,58,62,51,61,89,9,28,60,47,82,71,14,17,73,17,69,8,68,37,36,35,4,69,24,74,71,25,34,33,33,21,61,91,69,23,59,4,6,4,6,29,13,81,24,71,1,1.17,1.17,0.0,Normal
Pettis,Spilis,New Orleans,DT,Northern Iowa,25,70,2/23/00,74,320,1,97,1,,68,56,70,85,89,67,8,74,12,8,42,10,28,51,7,67,80,86,90,9,22,28,13,26,12,9,68,48,46,45,8,67,69,12,75,12,46,44,44,14,13,63,9,30,84,5,6,5,6,31,10,89,27,20,4,4.198828,1.049707,0.178828,Normal
Bon,Feldman,Tampa Bay,CB,Ga. Southern,27,70,12/11/97,70,189,1,22,5,Zone - CB,88,90,96,92,53,78,68,47,21,50,59,49,65,91,23,37,55,49,91,74,36,39,59,15,62,24,68,35,38,34,25,78,36,73,74,29,35,38,36,31,68,90,70,27,54,14,22,35,31,37,26,82,13,71,1,1.3375,1.3375,1.1975,Normal
Jojo,Strenger,Baltimore,WR,Colorado,23,70,3/29/02,70,163,1,83,0,,88,88,80,86,62,62,80,26,21,69,66,82,76,89,72,20,23,32,89,75,21,16,73,25,66,75,72,23,10,17,21,30,20,26,23,69,45,17,18,77,80,91,72,43,28,18,15,16,15,11,33,92,40,22,4,8.0,2.0,4.0,Normal
Blake,Dottley,Las Vegas,DT,Utah,27,70,8/23/98,77,334,1,95,5,,69,61,71,85,84,74,31,73,12,26,39,23,33,55,14,56,83,91,90,22,15,18,40,43,13,13,71,43,48,46,4,75,70,17,75,14,42,44,46,18,20,73,16,31,74,6,6,5,8,19,8,89,49,24,1,1.4395,1.4395,0.5675,Normal
Davey,Shedd,Philadelphia,SS,Georgia,25,70,10/5/99,74,202,1,38,3,Run Support - S,95,82,86,90,57,62,58,61,19,52,66,55,60,80,9,34,90,63,84,68,37,33,33,18,64,15,70,24,37,37,5,65,26,62,79,14,16,34,37,16,57,93,62,47,73,7,6,7,5,22,11,90,47,72,1,1.03,1.03,0.0,Normal
Delton,Hindman,Pittsburgh,DT,Iowa,25,70,6/12/00,77,286,1,91,1,,71,77,79,86,81,71,24,73,12,18,40,24,41,68,4,70,83,79,91,21,8,15,12,16,17,8,70,43,47,47,8,69,75,20,77,12,43,43,47,13,24,70,16,31,80,7,6,5,8,22,8,86,31,26,4,4.240072,1.060018,0.220072,Normal
Sidney,Kinderdine,Washington,WR,Rice,24,70,4/2/01,74,198,1,11,1,,91,90,86,85,59,50,82,31,50,74,74,84,82,90,69,9,32,42,89,78,13,17,55,29,13,71,69,31,19,22,46,13,11,14,34,65,40,29,23,75,77,92,67,45,36,44,45,50,44,62,50,81,58,19,4,5.596312,1.399078,0.890044,Normal
Lin,Roan,Green Bay,TE,Oregon State,24,70,9/2/00,78,253,1,88,2,Vertical Threat - TE,88,81,88,84,77,65,68,49,13,54,74,74,84,70,65,47,50,67,84,59,12,16,17,59,14,63,69,57,54,56,4,39,43,22,48,62,63,62,58,68,78,89,48,61,62,7,10,17,10,22,15,86,65,23,4,8.475731,2.118933,6.348429,Normal
Keaton,Stephens,Houston,FS,North Carolina,29,70,9/16/95,71,200,1,29,7,Hybrid - S,87,82,86,92,65,62,64,53,17,57,65,63,67,80,8,39,77,59,85,72,9,9,77,12,72,17,70,34,34,33,4,67,31,79,76,22,33,33,36,27,65,89,61,38,65,5,6,4,5,23,9,84,35,79,4,8.0,2.0,4.0,Normal
Dimitrius,Rehberg,New York A,WR,W. Kentucky,23,70,3/21/02,71,207,1,6,1,,93,85,88,88,66,65,89,35,35,78,73,76,85,85,68,9,35,53,92,86,19,20,55,39,26,71,71,40,34,25,24,23,13,25,38,73,55,35,34,76,78,89,74,64,43,24,28,38,30,43,27,85,63,31,4,8.0,2.0,4.0,Normal
Aveion,Norgard,Miami,WR,Virginia,24,70,10/20/00,69,191,1,6,1,,89,87,87,86,63,63,80,23,27,71,65,79,82,89,69,8,24,34,92,80,14,20,81,20,18,74,71,25,34,39,15,13,11,19,25,69,42,30,22,77,77,92,76,57,33,15,27,32,24,43,31,82,45,16,4,4.21956,1.05489,0.19956,Normal
Triandos,Ostroski,New Orleans,P,Vanderbilt,28,70,3/12/97,72,189,0,43,1,Power - KP,71,61,63,80,50,51,30,27,21,15,46,18,39,56,14,11,32,21,86,17,79,90,9,18,18,11,70,22,16,20,17,22,11,12,25,10,19,20,17,14,16,76,23,15,30,24,32,39,25,37,16,74,19,26,4,8.0,2.0,4.0,Normal
Stockar,Wells,Detroit,DT,LSU,22,70,4/17/03,73,295,1,94,1,,83,73,75,83,83,64,12,76,12,14,36,36,47,63,2,68,81,88,86,11,25,37,14,20,15,0,71,45,46,47,4,67,70,8,79,11,45,44,41,12,36,79,13,47,83,4,6,4,5,27,17,90,46,20,4,4.2068,1.0517,0.1868,Normal
Remi,Weigel,Denver,FB,Rutgers,33,70,2/1/92,72,247,1,20,10,Blocking - FB,76,75,82,79,84,80,70,29,12,28,75,48,65,73,25,28,64,73,93,62,15,16,37,83,10,33,70,68,42,46,4,17,24,16,44,55,71,57,61,43,51,81,65,71,43,6,10,13,6,29,18,77,77,15,1,1.4225,1.4225,0.125,Normal
James-Michael,Sullivan,Kansas City,FS,Kentucky,29,70,5/18/96,70,205,1,34,6,Zone - S,88,87,89,92,62,71,71,58,15,52,58,53,79,80,12,30,77,55,91,67,27,27,39,14,65,16,70,33,36,33,7,68,23,71,79,16,36,37,33,27,61,87,63,38,62,4,6,7,5,21,13,88,27,73,2,1.8535,0.92675,0.0085,Normal
Rupert,Bailey,Miami,LE,Colorado St.,25,70,6/9/00,73,248,1,50,1,Smaller Speed Rusher - DE,91,68,83,79,70,72,44,75,17,29,31,20,26,61,1,72,75,81,94,49,21,19,11,31,41,3,68,39,35,33,7,72,70,37,78,17,43,43,39,13,25,88,41,34,74,5,8,12,9,29,12,82,39,46,4,4.340872,1.085218,0.320872,Normal
Danario,Korver,Jacksonville,CB,Arkansas,26,70,8/24/99,72,190,1,30,3,Zone - CB,91,77,80,87,58,72,62,50,16,48,62,56,68,78,30,34,52,53,89,67,15,15,44,22,73,34,71,33,34,35,5,72,27,70,67,39,34,37,34,43,68,87,65,31,46,4,6,8,6,24,6,75,33,77,4,3.77598,0.943995,0.11598,Normal
Packie,Ness,Arizona,MLB,Fresno State,28,70,8/28/97,75,230,1,43,5,Field General - MLB,85,80,81,86,74,74,52,64,12,45,45,42,66,76,22,62,82,75,92,58,13,18,8,23,59,24,70,45,44,43,7,71,54,41,83,18,45,43,44,32,54,89,50,54,82,7,6,7,5,26,13,87,38,66,1,1.79,1.79,0.5,Normal
Alden,Elway,Cincinnati,RE,Clemson,23,70,1/3/02,77,275,0,99,2,Power Rusher - DE,88,75,77,83,84,64,44,74,31,23,43,28,38,76,6,59,85,88,95,41,16,16,11,35,28,6,72,39,39,40,16,60,72,32,80,16,46,43,43,14,33,88,30,46,77,29,32,41,21,52,11,88,44,37,4,12.587262,3.146816,12.587262,Normal
Jerrott,Rooney,Chicago,CB,Notre Dame,27,70,7/9/98,72,193,1,24,4,Zone - CB,90,87,81,81,60,72,57,52,15,42,50,53,69,83,14,32,56,48,91,68,16,17,48,25,65,19,70,33,36,36,8,71,25,73,72,23,34,34,34,25,65,88,60,32,64,8,6,5,5,30,14,80,35,71,1,1.32,1.32,0.05,Normal
Huey,Lockett,Baltimore,LS,Georgia,32,70,12/9/92,74,253,1,46,5,Accurate - LS,72,73,74,82,70,65,48,44,18,17,69,52,70,64,35,26,51,57,88,49,22,26,9,55,36,46,69,55,42,52,10,38,20,33,57,45,55,34,40,48,60,72,43,42,53,13,10,12,8,38,12,82,33,42,2,2.495,1.2475,0.5,Normal
Dosey,Lens,Cincinnati,ROLB,Vanderbilt,30,70,3/21/95,75,233,1,42,7,Pass Coverage - OLB,84,86,90,83,71,75,40,62,12,20,62,52,69,75,6,58,84,73,88,51,14,19,8,19,63,3,70,46,43,44,7,69,53,52,82,13,46,46,43,14,47,88,36,34,79,4,6,7,7,18,12,93,40,69,2,5.0,2.5,0.75,Normal
Devier,Scanlan,New York A,DT,Alabama,27,70,4/26/98,76,312,1,98,3,,65,54,63,78,85,68,26,75,15,20,25,15,20,53,10,62,74,86,88,20,15,16,11,28,15,11,72,46,44,47,4,69,69,14,73,10,45,42,44,18,17,62,20,37,83,9,6,4,5,25,9,82,34,20,4,8.0,2.0,4.0,Normal
Tyrone,Mcphee,New York N,DT,Southern Miss,32,70,7/3/93,74,307,1,93,10,,71,57,82,75,78,71,12,78,12,7,38,15,32,50,3,56,75,81,86,10,27,15,10,17,20,8,71,41,45,44,3,75,70,20,72,13,46,48,45,19,12,71,14,7,83,9,6,6,4,17,11,75,14,29,4,8.0,2.0,4.0,Normal
Atari,Bratton,Dallas,LG,Mid Tenn St.,26,70,1/28/99,76,325,1,65,4,Power - G,66,47,75,75,86,78,38,36,12,33,38,10,23,52,6,10,42,84,87,22,21,20,12,82,10,4,71,70,69,72,8,8,15,8,25,12,74,75,71,9,14,65,13,33,31,8,6,7,6,16,13,83,33,11,1,3.75,3.75,3.0,Normal
Ronnie,Wrightman,Pittsburgh,WR,Michigan,24,70,6/19/01,72,185,1,10,1,Deep Threat - WR,92,90,85,79,56,59,81,24,21,71,78,80,79,93,76,8,27,44,86,75,16,16,74,31,12,74,72,31,16,18,6,15,11,18,31,70,50,35,28,74,82,92,70,39,23,11,15,20,17,23,18,80,34,17,4,5.745168,1.436292,0.998304,Normal
Mercury,Brazell,Arizona,RG,Ole Miss,28,70,8/17/97,77,310,1,71,4,Pass Protector - G,75,54,73,91,79,80,22,26,12,10,27,10,21,47,8,8,25,87,92,14,13,12,9,78,12,3,68,72,77,75,6,11,9,7,25,14,70,69,65,10,13,69,15,25,24,5,6,5,7,16,9,73,26,12,1,1.3375,1.3375,0.045,Normal
Grey,Jagade,San Francisco,WR,LSU,29,70,1/22/96,72,185,1,84,7,,89,82,94,84,62,66,82,56,28,78,72,80,83,86,69,10,48,52,83,77,14,15,34,27,10,70,68,28,18,25,31,15,10,11,68,69,51,30,36,76,81,88,78,47,60,42,38,42,36,60,44,90,51,15,4,8.0,2.0,4.0,Normal
Mickey,Badar,Carolina,K,Florida State,25,70,8/13/00,71,194,1,35,0,Power - KP,71,58,51,83,53,54,13,12,14,13,32,10,29,50,10,10,18,13,86,11,75,94,10,11,12,10,70,12,13,11,18,13,10,10,26,12,15,11,20,10,14,72,13,15,24,26,28,29,18,23,16,65,12,14,3,2.98,0.993333,0.145,Normal
Jess,Hillenbrand,Denver,DT,LSU,22,70,7/3/03,77,283,1,95,0,,90,78,81,76,81,74,34,76,12,26,36,17,27,69,5,70,78,82,90,39,20,19,30,28,25,6,70,47,43,47,17,70,73,31,79,13,46,43,43,16,18,83,30,36,78,7,10,19,8,23,14,90,26,33,4,6.161184,1.540296,1.12086,Normal
Keyshawn,Ghent,Tennessee,LG,Notre Dame,29,70,8/13/96,74,306,1,60,6,Power - G,54,51,68,90,84,86,9,24,12,5,42,10,23,49,6,22,42,80,88,9,24,27,9,83,12,6,70,73,71,73,4,22,20,8,31,10,74,68,77,12,13,59,12,11,36,7,6,7,8,29,9,86,12,15,1,1.125,1.125,0.0,Normal
Herm,Griffiths,Green Bay,WR,TCU,23,70,11/22/01,76,222,1,83,0,,93,86,86,88,67,76,88,46,44,79,74,83,82,87,63,34,41,43,88,82,33,25,68,31,35,71,69,28,14,20,42,29,31,20,45,68,45,35,33,70,81,92,70,58,27,49,48,47,51,59,40,81,56,37,4,6.292454,1.573114,1.216328,Normal
Kheeston,Mastrogany,Pittsburgh,WR,Bowling Green St.,28,70,7/31/97,69,174,1,13,6,Deep Threat - WR,92,86,83,83,51,66,75,27,23,66,69,80,88,91,74,12,17,34,82,78,12,19,72,19,19,72,69,24,13,11,22,20,9,19,33,69,46,11,18,73,85,95,65,49,28,17,30,38,32,36,25,78,30,26,4,8.0,2.0,4.0,Normal
Bernard,Brooks,Chicago,CB,Ohio State,26,70,9/16/98,73,191,1,26,4,Zone - CB,94,84,88,84,61,70,62,54,15,52,59,55,65,79,18,48,61,59,82,70,10,17,39,20,68,28,68,33,37,35,4,68,42,72,68,38,33,33,37,33,64,90,64,46,65,4,6,8,6,23,13,74,37,70,1,1.1,1.1,0.0,Normal
Luis,Skeate,Indianapolis,C,Wisconsin,23,70,6/18/02,76,303,1,60,1,Agile - C,86,74,82,83,78,76,14,22,7,9,40,10,23,69,6,18,39,83,92,11,12,8,11,83,12,7,69,77,74,74,2,19,23,12,33,14,73,72,75,11,13,72,9,6,34,9,6,6,7,21,6,84,9,12,4,4.799872,1.199968,0.779872,Normal
Gary,Bryan,Baltimore,LE,Ole Miss,26,70,1/3/99,78,258,1,95,2,Power Rusher - DE,93,70,82,73,77,69,45,73,16,29,34,31,33,63,9,60,83,78,85,52,15,12,9,33,31,14,70,44,44,43,4,67,72,30,77,13,46,44,44,22,33,83,46,44,78,8,6,8,7,18,18,75,30,38,4,4.560564,1.140141,0.720564,Normal
Tristan,Conklin,Carolina,TE,Notre Dame,25,70,6/2/00,76,250,1,82,4,Possession - TE,89,80,83,85,75,67,68,37,16,55,74,78,77,73,61,10,26,71,89,67,14,18,27,62,15,64,70,58,54,57,6,23,10,21,36,63,62,62,58,69,77,86,63,64,34,6,10,15,10,26,10,82,66,22,2,10.5,5.25,6.0,Normal
Remy,Maul,New York N,CB,Old Dominion,25,70,8/1/00,75,195,1,37,2,Manto Man - CB,94,91,92,82,64,67,67,53,21,63,55,59,71,90,33,44,66,45,94,73,22,24,55,23,67,41,71,38,35,36,6,61,33,69,73,41,31,35,33,40,66,94,62,52,62,3,6,4,10,26,14,81,41,66,4,8.0,2.0,4.0,Normal
Bert,Feichtinger,Jacksonville,WR,Stanford,29,70,12/10/95,74,200,0,83,5,Slot - WR,89,83,81,80,64,72,78,27,21,75,72,82,88,75,72,13,19,42,91,77,19,21,77,26,14,75,70,34,18,16,5,18,12,14,33,65,50,34,28,75,78,90,74,44,30,13,15,19,13,27,20,83,45,21,1,1.17,1.17,0.0,Normal
Bobby,Stockton,Carolina,MLB,Kentucky,22,70,2/22/03,74,241,1,32,1,Field General - MLB,88,81,93,82,67,73,64,70,51,47,65,57,69,76,15,69,82,82,88,66,19,24,53,27,68,26,69,38,38,37,34,68,64,65,81,27,46,43,44,36,66,90,64,61,78,42,44,47,45,50,37,84,66,67,4,5.959836,1.489959,1.154424,Normal
Darby,Foster,Los Angeles A,LT,Sioux Falls,28,70,9/5/96,78,307,1,79,6,Agile - OT,75,62,80,86,81,84,12,38,12,7,40,34,48,51,14,32,34,81,86,11,9,22,8,79,12,18,70,76,73,77,7,23,38,12,33,39,77,78,75,24,31,70,12,9,42,7,6,8,7,15,15,86,23,12,4,8.0,2.0,4.0,Normal
France,Waldroup,Los Angeles A,ROLB,Oregon,28,70,9/18/96,75,231,1,43,5,Run Stopper - OLB,89,79,83,79,72,73,55,69,12,45,56,50,60,77,26,55,80,72,88,60,20,14,37,15,60,32,69,47,44,45,13,71,46,60,80,26,47,43,43,35,50,87,54,40,77,8,10,17,15,28,13,89,42,65,2,5.5,2.75,1.5,Normal
Mcneil,Turpin,New York N,LE,Duke,25,70,11/18/99,74,262,1,52,4,Power Rusher - DE,75,77,89,77,82,71,34,70,12,22,39,28,42,68,0,66,76,87,91,31,20,29,14,11,38,2,68,44,42,44,4,68,78,25,80,12,45,49,44,7,36,78,29,37,82,7,6,3,5,14,14,88,35,49,4,8.0,2.0,4.0,Normal
Arch,Rodgers,Kansas City,RT,Oklahoma,24,70,10/10/00,77,307,1,64,2,Agile - OT,67,60,74,81,85,76,15,32,14,11,21,17,23,54,3,12,30,75,89,13,10,12,7,86,12,7,71,75,69,78,6,11,8,14,37,13,80,81,72,19,15,68,12,22,30,6,7,7,6,19,5,89,31,12,4,5.368357,1.342089,0.90426,Normal
Winfield,Torrence,Houston,HB,USC,24,70,12/29/00,70,213,1,27,0,Elusive Back - HB,88,80,85,83,72,65,80,35,29,79,92,49,71,85,43,25,26,40,88,81,23,26,72,40,22,50,72,50,46,39,27,31,22,21,31,62,39,33,28,65,53,86,75,68,35,9,12,13,11,26,22,90,76,25,4,5.203768,1.300942,1.003768,Normal
Backnor,Stahlman,Atlanta,SS,Notre Dame,23,70,11/22/01,72,205,1,31,0,Zone - S,87,84,86,91,63,71,68,52,29,60,66,60,72,81,32,35,76,56,91,72,18,21,78,27,67,34,70,36,34,37,18,69,38,69,76,35,33,37,36,39,66,84,64,49,68,19,21,24,24,29,24,88,50,76,4,6.188556,1.547139,1.140768,Normal
Neely,Abraham,Detroit,MLB,Vanderbilt,30,70,12/12/94,75,237,1,52,8,Run Stopper - MLB,87,78,84,90,80,71,44,75,12,19,51,31,56,71,6,59,82,83,85,34,23,23,6,13,56,6,68,45,47,47,3,69,48,51,82,26,41,45,48,14,36,85,28,47,82,7,6,7,5,21,11,86,40,62,1,1.255,1.255,0.0,Normal
Keshawn,Dilweg,Atlanta,DT,Ohio State,24,70,8/14/01,78,272,1,96,2,,83,69,87,73,81,69,46,75,26,31,35,41,46,62,20,62,87,84,86,41,11,18,10,32,35,26,72,40,39,41,3,66,68,47,72,30,44,47,45,32,47,84,37,62,81,13,14,21,21,23,14,84,41,44,4,5.568448,1.392112,1.04978,Normal
Oliver,Mcgrorty,Chicago,CB,UTSA,24,70,10/5/00,75,186,1,20,0,Manto Man - CB,97,83,85,84,57,66,58,47,23,42,58,62,74,81,28,23,60,44,83,71,23,27,80,24,69,25,69,31,39,23,21,60,25,59,71,33,33,38,28,23,66,92,64,35,68,23,20,6,12,25,33,82,23,65,4,4.520216,1.130054,0.320216,Normal
Marcell,Womack,Cleveland,LG,Michigan,24,70,4/17/01,78,315,1,70,1,Power - G,65,54,65,82,88,74,21,39,12,22,40,21,22,49,5,28,50,84,79,16,11,15,10,81,8,7,70,72,70,74,6,31,41,10,35,15,74,75,73,15,15,63,14,30,44,6,7,9,9,21,10,96,30,9,4,5.73474,1.433685,0.99072,Normal
J'Vonne,Belk,Arizona,HB,N.C. State,24,70,4/11/01,70,209,1,35,3,Elusive Back - HB,86,86,76,77,69,70,77,19,24,77,82,56,66,86,40,14,33,31,86,79,18,16,78,27,10,49,71,50,37,30,12,20,9,13,36,43,35,36,31,59,59,89,75,65,38,14,25,30,9,24,9,83,77,12,1,1.03,1.03,0.0,Normal
Bucky,Hartenstine,New York N,LG,J. Madison,31,69,2/18/94,75,312,1,64,7,Pass Protector - G,63,60,69,83,81,84,12,22,12,4,22,10,36,50,3,12,14,76,82,11,11,15,11,80,12,3,69,74,81,69,5,12,9,11,24,11,70,68,76,9,10,68,12,8,30,8,6,7,7,23,12,88,14,12,4,8.0,2.0,4.0,Normal
Selvin,Nonnemaker,Philadelphia,WR,Texas AM,24,69,5/31/01,69,176,1,82,1,,90,88,84,85,58,50,84,33,16,76,76,80,80,89,74,12,25,37,84,83,11,21,79,26,24,71,69,23,22,13,13,25,8,22,37,70,44,30,22,76,81,86,75,50,33,8,10,14,17,28,20,81,49,30,4,4.354296,1.088574,0.334296,Normal
Rondy,Hagenbuckle,San Francisco,LT,Wash. St.,29,69,10/3/95,77,315,1,65,6,Agile - OT,79,73,70,87,85,78,6,31,12,6,35,25,25,53,5,16,34,76,86,10,24,26,13,74,13,3,68,68,67,70,7,21,27,7,29,38,77,75,73,18,13,72,13,22,37,10,6,9,5,30,9,88,20,15,1,1.17,1.17,0.0,Normal
Marsharne,Speyrer,New York A,FB,Texas,29,69,5/15/96,75,255,1,47,6,Utility - FB,85,76,83,81,79,59,67,45,15,66,68,65,74,76,51,20,36,66,85,65,17,24,68,67,31,59,67,70,50,55,7,41,35,24,50,60,64,67,62,65,65,86,56,64,45,5,10,17,10,31,15,88,69,37,4,8.0,2.0,4.0,Normal
Derek,Corbett,Dallas,CB,Clemson,24,69,9/28/00,72,194,1,25,3,Manto Man - CB,88,87,90,82,59,65,66,57,23,54,59,57,71,88,30,41,73,55,78,72,21,12,64,26,69,30,70,34,34,37,18,63,30,72,72,36,31,37,32,39,79,93,70,38,58,15,24,29,30,35,10,89,36,68,4,8.0,2.0,4.0,Normal
Godfrey,Rule,Indianapolis,WR,Oregon State,24,69,4/6/01,68,174,1,6,1,Deep Threat - WR,96,88,91,79,48,56,76,18,16,66,65,78,77,90,72,8,12,32,88,74,15,21,84,23,10,73,69,22,20,13,16,15,9,13,25,69,36,27,17,70,76,95,62,32,19,12,10,13,16,28,16,83,28,16,4,4.372664,1.093166,0.352664,Normal
Kamil,Thielemann,Miami,CB,Miami,30,69,5/1/95,72,187,1,23,9,Manto Man - CB,90,85,78,87,58,75,63,39,15,58,64,45,63,82,11,43,54,43,84,78,17,21,60,16,70,16,68,32,35,32,9,72,37,81,67,25,34,34,32,26,61,91,67,31,54,9,6,9,8,25,9,74,29,73,1,1.355,1.355,0.0,Normal
Tramaine,Ehrmann,New York A,P,Texas Tech,24,69,2/24/01,77,204,1,14,1,Power - KP,80,67,76,82,44,53,56,25,22,34,41,20,40,64,15,12,13,10,93,49,69,93,49,7,15,14,71,20,5,3,27,23,11,22,29,13,14,3,3,15,22,78,51,41,26,52,54,59,38,42,22,80,41,25,4,8.0,2.0,4.0,Normal
Dajohn,Overstreet,Chicago,LE,Kansas,22,69,12/14/02,77,253,1,94,1,Smaller Speed Rusher - DE,85,73,78,76,75,72,48,73,12,27,36,34,32,70,4,74,75,80,88,45,20,23,8,14,38,9,67,47,44,45,5,69,66,35,79,24,44,46,43,16,32,79,31,45,74,5,6,4,6,23,15,83,34,45,4,4.36914,1.092285,0.34914,Normal
Boris,Mackert,San Francisco,LG,St. John's,27,69,7/22/98,78,315,1,78,5,Agile - G,58,67,73,90,83,74,33,12,12,41,57,40,58,52,28,9,37,84,84,36,30,34,9,83,12,31,67,69,71,69,3,16,16,10,19,36,74,76,72,44,40,69,31,30,29,7,6,2,5,27,3,93,44,15,1,1.3375,1.3375,1.1725,Normal
Arnaz,Stevenson,Tampa Bay,LG,Michigan,27,69,2/20/98,77,315,1,68,5,Power - G,61,51,67,85,87,78,11,14,12,15,22,15,14,51,7,10,12,81,83,11,15,20,8,78,10,4,70,74,71,77,8,8,10,11,21,10,73,69,69,12,8,71,8,8,22,4,6,8,6,19,12,89,12,11,3,22.0,7.333333,12.5,Normal
Theron,Uhrinyak,Baltimore,CB,W. Michigan,23,69,3/3/02,73,190,1,31,0,Manto Man - CB,91,87,84,86,61,64,67,48,30,46,54,54,69,82,13,24,52,45,88,74,24,26,82,23,70,17,67,34,32,27,20,69,28,68,71,25,33,32,26,20,64,89,67,43,56,28,27,24,16,32,29,87,28,66,4,4.477144,1.119286,0.277144,Normal
Plunkett,Salas,Minnesota,LE,Air Force,25,69,8/13/00,73,248,1,54,1,Smaller Speed Rusher - DE,88,81,87,85,68,59,27,72,12,18,31,20,44,71,2,69,80,79,88,32,20,24,11,13,42,4,67,45,45,43,6,56,57,31,78,23,44,49,46,15,23,88,27,24,78,5,6,9,7,29,12,85,27,49,1,0.795,0.795,0.0,Normal
Buckets,Downing,Buffalo,P,Michigan,26,69,10/6/98,73,203,1,40,2,Power - KP,79,68,69,83,43,49,20,24,24,9,25,15,22,65,15,8,27,16,80,23,73,87,11,19,11,13,71,15,13,16,20,18,11,7,32,14,16,16,17,15,18,74,21,11,25,23,26,27,24,38,14,77,11,10,1,0.96,0.96,0.0,Normal
Rubin,Tuthill,Kansas City,HB,SMU,22,69,4/11/03,70,194,1,30,0,Elusive Back - HB,94,85,77,83,62,54,79,29,18,73,86,60,69,82,58,23,26,27,87,81,14,19,83,28,20,66,67,47,11,20,20,29,25,22,37,61,30,29,24,70,66,91,81,72,28,8,15,20,20,23,19,83,55,24,4,4.333476,1.083369,0.133476,Normal
Jeromey,Dibble,Miami,CB,South Carolina,24,69,12/21/00,72,180,1,24,2,Zone - CB,94,93,88,91,42,67,71,43,13,66,54,65,75,90,31,36,76,40,83,33,15,14,67,13,65,42,70,23,34,33,5,66,30,61,67,51,37,32,34,51,74,89,62,28,50,2,6,10,4,25,11,87,33,69,4,7.028423,1.757106,3.931054,Normal
Elmer,Vactor,Tennessee,DT,Clemson,31,69,12/5/93,75,305,1,96,8,,69,68,69,77,84,70,36,70,12,16,45,38,49,49,10,72,77,82,88,30,17,17,11,14,24,14,69,43,43,47,4,67,60,25,73,15,44,44,44,22,40,77,21,36,82,8,6,5,5,14,12,85,37,32,1,1.235,1.235,0.0,Normal
Horse,Colon,Houston,RE,Stanford,29,69,8/22/96,77,254,1,94,5,Smaller Speed Rusher - DE,88,81,90,74,74,56,24,78,12,16,44,33,52,68,3,71,79,79,89,28,11,18,7,12,33,9,67,45,45,43,2,55,68,20,80,17,44,46,45,12,31,86,22,28,81,4,6,8,5,19,10,87,31,49,1,1.3375,1.3375,0.0525,Normal
Bradley,Brunet,Tennessee,MLB,North Carolina,22,69,10/30/02,74,234,1,51,1,Pass Coverage - MLB,93,76,88,87,70,67,57,64,23,52,57,62,66,71,15,65,82,71,96,61,12,13,42,34,67,22,68,25,24,23,13,65,57,70,84,17,30,27,23,18,64,86,57,53,79,14,19,19,25,16,14,88,52,71,4,4.854492,1.213623,0.834492,Normal
Char-Ron,Stofa,Miami,ROLB,Georgia,25,69,3/28/00,74,232,1,41,3,Run Stopper - OLB,93,76,93,79,68,65,48,63,15,33,54,42,50,80,17,52,84,75,87,59,16,17,32,22,57,22,69,46,46,44,16,58,58,47,86,17,47,47,46,24,46,93,57,56,80,7,10,17,17,30,9,84,50,53,4,5.044908,1.261227,0.849024,Normal
Pooh,Koeninger,Las Vegas,LE,Virginia,27,69,3/27/98,79,240,1,49,4,Smaller Speed Rusher - DE,82,86,81,85,66,64,54,71,12,48,54,59,65,73,36,73,70,83,83,67,18,16,10,18,48,38,70,49,46,43,2,62,68,32,79,48,42,45,42,43,62,82,56,53,75,5,6,3,4,22,13,74,54,54,1,0.96,0.96,0.0,Normal
Daryll,Chipley,Detroit,DT,Notre Dame,25,69,12/15/99,73,316,1,90,2,,77,76,76,72,90,53,31,74,12,27,32,20,33,61,5,57,80,83,88,23,26,26,7,36,19,3,70,44,45,44,10,54,71,18,79,14,47,42,43,7,21,68,20,49,86,8,6,6,7,14,17,84,57,27,1,0.96,0.96,0.0,Normal
Toy,Judd,Arizona,MLB,Ohio State,23,69,4/1/02,74,232,1,50,0,Field General - MLB,95,80,81,87,70,70,53,66,22,38,59,56,65,76,23,57,77,72,87,55,22,26,13,25,57,26,71,49,46,44,3,69,58,49,81,30,45,42,41,34,59,85,53,50,82,7,6,7,8,20,11,86,43,63,4,5.20476,1.30119,1.00476,Normal
Itula,Fann,Cincinnati,RG,Oklahoma,28,69,12/28/96,75,345,1,61,6,Power - G,70,55,69,85,87,72,10,13,12,11,34,15,23,48,6,12,18,79,84,10,14,13,10,84,16,7,71,72,71,74,6,27,12,10,23,17,68,74,77,15,12,69,9,12,16,4,6,8,5,13,5,89,13,12,2,6.0,3.0,1.0,Normal
Armond,Puetz,Las Vegas,WR,Texas,27,69,9/23/97,78,220,1,17,5,Physical - WR,88,85,90,84,67,71,78,29,25,73,69,82,83,79,64,8,30,57,84,76,12,19,43,43,15,72,70,40,30,31,8,11,12,23,32,69,56,33,39,70,82,84,68,68,28,9,10,16,12,29,17,85,64,18,1,1.17,1.17,0.0,Normal
Dallas,Motl,Indianapolis,QB,Duke,28,69,5/27/97,77,230,1,17,6,Scrambler - QB,86,83,80,84,67,61,86,25,71,68,54,26,39,72,11,9,12,26,87,71,51,60,13,24,13,10,68,15,18,19,84,22,12,11,35,12,15,8,17,17,41,85,54,45,27,77,82,85,83,87,77,95,51,18,1,14.0,14.0,13.15,Normal
Gayle,Ruzich,Kansas City,CB,South Carolina,25,69,2/22/00,74,198,1,46,2,Manto Man - CB,96,86,85,88,52,61,67,50,41,67,64,67,71,80,46,46,69,49,87,69,12,21,73,23,70,49,67,29,28,24,41,61,41,80,69,57,31,39,39,56,71,91,67,49,53,42,41,43,50,54,33,79,44,69,1,1.03,1.03,0.0,Normal
Shawne,Harewood,Tampa Bay,LE,Central Arkansas,25,69,6/3/00,73,263,1,51,0,Power Rusher - DE,87,80,86,85,74,69,51,70,22,42,58,53,60,66,20,67,81,73,89,59,20,23,11,30,56,26,71,45,44,43,5,66,73,43,80,27,45,49,45,32,53,85,53,52,71,3,6,9,5,22,10,87,42,62,4,5.16326,1.290815,0.96326,Normal
Roydell,Volk,Indianapolis,CB,Michigan,27,69,2/6/98,71,196,1,34,6,Manto Man - CB,94,92,92,92,63,58,72,47,15,63,67,56,68,90,23,30,51,52,86,76,25,25,42,18,71,29,68,39,38,33,9,56,26,79,73,19,32,38,38,36,61,92,71,26,51,10,6,7,8,22,13,84,25,73,4,8.0,2.0,4.0,Normal
Greyson,Karas,Cleveland,WR,Purdue,24,69,12/14/00,73,212,1,18,3,Slot - WR,90,79,85,87,68,76,78,24,20,76,79,81,85,76,66,11,20,40,90,74,22,23,33,27,14,71,69,27,16,18,6,15,11,13,32,74,41,24,15,73,82,86,66,55,21,15,15,20,15,25,16,83,57,19,2,2.444,1.222,0.0,Normal
Pesky,Geddes,Las Vegas,CB,Mississippi St.,24,69,3/16/01,74,195,1,25,1,Slot - CB,88,81,85,84,49,59,66,50,10,62,52,47,55,86,26,31,63,49,90,73,12,10,59,16,66,31,67,35,25,24,12,57,28,74,72,31,35,25,22,37,46,92,66,35,78,11,22,23,17,25,13,89,34,70,4,4.821016,1.205254,0.801016,Normal
Cary,Gordy,Miami,WR,W. Michigan,28,69,3/23/97,69,190,1,82,4,,92,84,83,79,60,62,80,42,13,72,73,76,76,84,70,20,32,40,77,83,12,20,84,22,22,67,69,30,20,16,8,26,12,30,46,70,42,40,30,66,80,90,73,51,41,5,10,13,12,24,14,75,33,29,4,8.0,2.0,4.0,Normal
Curry,Greco,Atlanta,FS,Alabama,25,69,6/5/00,73,213,1,23,2,Run Support - S,94,74,77,89,72,70,76,62,42,65,69,65,73,75,45,51,82,66,93,74,13,24,68,37,65,47,69,37,37,36,22,66,44,73,77,53,33,36,33,53,73,86,63,50,77,27,31,33,39,36,22,87,50,66,4,3.9463,0.986575,0.1063,Normal
Javier,Vrabel,Washington,HB,UCLA,27,69,7/16/98,69,190,1,25,4,Elusive Back - HB,87,85,77,84,61,66,73,37,29,71,90,61,68,85,61,18,36,40,87,83,12,18,76,36,19,68,67,47,27,31,20,23,13,19,44,68,37,33,25,71,60,88,78,65,42,19,31,36,31,39,27,83,53,26,4,8.0,2.0,4.0,Normal
Tavian,Hale,Buffalo,DT,Kentucky,21,69,3/11/04,80,328,1,96,0,,71,68,66,86,81,72,34,78,20,25,43,18,31,60,11,73,81,77,87,29,17,20,22,22,17,15,67,46,46,45,13,72,76,16,72,16,44,43,46,17,17,61,24,28,80,11,11,11,18,23,17,86,27,22,4,5.24704,1.31176,1.04704,Normal
Damone,Heywood,Chicago,LE,Miami Univ.,27,69,7/2/98,77,253,1,90,3,Smaller Speed Rusher - DE,87,77,94,75,81,65,57,75,47,43,61,59,65,74,36,72,80,78,89,48,11,14,9,28,32,44,68,47,48,44,44,63,61,30,82,44,46,48,42,43,61,81,45,46,75,42,50,52,50,62,38,82,50,45,4,3.933156,0.983289,0.273156,Normal
Toniu,Dykes,Tampa Bay,DT,SMU,23,69,12/24/01,76,285,1,95,0,,81,77,80,75,82,65,31,76,23,23,44,18,25,57,8,73,75,86,87,27,28,24,30,28,29,8,68,42,42,47,21,66,76,24,72,14,48,47,49,19,17,82,30,40,76,21,12,12,11,22,16,91,25,37,4,4.609792,1.152448,0.409792,Normal
Danan,Colmer,Denver,DT,Iowa State,27,69,5/6/98,78,320,1,96,3,,64,66,80,65,84,75,24,73,10,16,32,23,29,55,11,61,72,87,88,15,19,27,19,32,13,15,70,45,48,43,5,73,69,8,73,27,48,41,47,22,18,64,11,34,78,7,6,2,5,20,6,93,46,14,4,4.425868,1.106467,0.765868,Normal
Shaunard,Maclin,Philadelphia,TE,SMU,26,69,12/4/98,76,240,1,81,3,Vertical Threat - TE,92,80,83,90,72,72,75,26,17,57,78,72,82,80,60,11,20,59,76,67,13,17,9,58,12,64,71,60,57,56,6,18,8,13,22,64,60,55,56,66,76,87,62,62,26,9,10,14,9,22,15,85,64,15,4,3.834144,0.958536,0.174144,Normal
Leger,Mccullough,New York N,TE,UCLA,25,69,3/26/00,76,245,1,89,3,Vertical Threat - TE,89,82,83,88,68,59,78,35,24,66,78,78,81,75,66,9,24,61,76,73,22,26,32,60,15,69,67,53,56,48,6,24,11,33,39,66,53,56,52,70,80,85,73,66,36,9,10,17,12,29,11,82,64,23,4,8.0,2.0,4.0,Normal
Lovell,Felker,New York A,K,Missouri,23,69,3/27/02,72,241,1,45,1,Power - KP,77,64,65,81,44,52,18,18,41,19,30,10,32,51,7,8,21,12,90,30,74,93,11,6,10,6,71,13,12,11,21,6,12,13,26,10,17,10,10,14,13,71,20,29,29,25,28,26,29,30,21,74,26,9,4,8.0,2.0,4.0,Normal
Hew,Brockel,Los Angeles A,HB,Michigan,25,69,11/26/99,74,228,1,28,3,Power Back - HB,92,81,83,84,79,69,78,32,27,77,92,50,65,81,45,18,37,44,87,76,16,16,67,44,18,50,68,58,30,37,22,28,17,22,41,44,46,28,33,60,50,89,70,76,40,13,20,24,25,34,24,84,81,26,4,4.35222,1.088055,0.69222,Normal
Tavares,Monachino,Las Vegas,TE,Indiana,29,69,6/6/96,76,260,1,80,7,Vertical Threat - TE,86,75,88,87,67,70,67,26,18,64,73,76,77,72,54,22,17,65,91,76,13,20,4,49,12,63,69,59,58,52,7,16,19,9,32,66,58,56,61,68,74,84,54,71,32,18,22,26,16,30,15,84,70,14,1,1.5245,1.5245,0.5675,Normal
Miller,Cope,Arizona,RG,Illinois,25,69,7/21/00,77,320,1,74,1,Power - G,70,59,59,82,83,68,37,40,14,32,28,37,32,59,17,31,51,80,94,29,12,15,5,82,11,14,67,74,71,75,22,34,34,8,38,15,73,76,74,19,16,64,26,25,44,22,24,32,14,30,12,91,41,11,4,5.974778,1.493695,1.165292,Normal
Keyonta,Mickey,New York A,HB,S. Dakota St.,23,69,2/21/02,72,218,1,32,1,Elusive Back - HB,92,79,79,85,77,65,77,39,29,75,96,46,67,76,39,25,44,33,85,81,24,24,73,29,18,52,68,47,25,33,24,14,17,22,45,51,31,18,24,64,46,88,74,77,37,19,23,34,30,53,26,82,73,26,4,8.0,2.0,4.0,Normal
Burle,Fuller,Green Bay,HB,Pittsburgh,22,69,10/5/02,71,215,1,23,2,Elusive Back - HB,91,82,90,82,66,64,76,38,23,77,85,49,63,87,39,19,30,38,86,79,11,20,78,37,37,48,67,51,31,36,17,42,18,39,49,53,47,31,23,53,47,92,77,60,45,12,15,21,16,23,14,82,62,45,4,4.179776,1.044944,0.339776,Normal
Aaron,Arnoux,Jacksonville,ROLB,Notre Dame,24,69,9/10/00,74,229,1,54,0,Run Stopper - OLB,89,76,82,85,68,69,46,68,35,43,65,44,53,74,17,59,80,71,86,45,20,20,8,24,57,16,67,46,43,45,21,69,57,44,84,22,46,43,44,22,47,83,39,41,82,21,25,30,33,24,22,88,46,64,4,5.256592,1.314148,1.056592,Normal
Terrelle,Partee,Seattle,WR,UCLA,27,69,8/4/98,76,207,1,19,2,Physical - WR,89,80,89,91,62,72,79,23,22,73,70,84,88,75,69,9,26,47,92,70,21,16,31,26,10,72,68,29,19,22,8,18,13,18,36,67,49,27,35,71,88,84,63,64,32,7,10,18,8,35,20,93,58,10,3,2.705,0.901667,0.01,Normal
Thad,Ashley,San Francisco,K,Michigan,25,69,11/23/99,73,210,1,4,2,Power - KP,63,58,63,87,50,49,18,19,17,12,38,12,37,51,4,11,32,14,89,25,72,98,10,13,12,8,70,19,10,8,16,6,11,7,31,13,18,13,10,9,14,67,22,12,25,23,32,33,18,35,18,61,11,15,4,5.45408,1.36352,0.857512,Normal
Asa,Vitiello,Cleveland,WR,Louisville,24,69,12/19/00,72,188,1,80,1,,91,85,85,82,58,62,77,31,23,70,74,76,80,85,72,10,22,38,85,80,18,22,37,23,18,70,71,29,19,20,15,15,10,14,33,70,42,27,23,76,80,90,72,41,30,14,18,18,19,30,17,85,41,23,4,4.345408,1.086352,0.325408,Normal
Labrandon,Rostosky,Dallas,LE,Jackson St.,26,69,11/16/98,73,248,1,53,3,Power Rusher - DE,93,71,92,76,71,68,39,69,22,29,34,29,31,71,7,71,83,81,93,42,11,17,9,18,27,5,70,46,46,47,14,63,77,27,85,14,45,42,41,14,26,86,42,41,74,13,17,25,13,22,16,83,31,34,4,8.0,2.0,4.0,Normal
Kendell,Babich,New Orleans,P,Alabama,24,69,2/20/01,78,235,1,46,0,Power - KP,69,61,62,83,54,51,10,14,16,10,23,10,27,50,10,11,27,20,87,10,75,91,10,14,10,10,69,14,11,13,16,19,11,10,27,12,13,15,16,10,12,71,10,10,28,27,26,28,21,33,17,78,10,10,3,2.975,0.991667,0.035,Normal
Hall,Cowne,New England,C,Georgia,22,69,6/5/03,75,310,1,58,0,Agile - C,79,74,75,78,89,71,12,25,10,4,30,16,28,65,5,12,17,78,88,13,11,16,7,83,11,5,71,77,74,74,7,20,12,10,20,16,74,76,73,8,22,77,10,14,31,6,6,10,8,19,10,84,21,14,4,6.207432,1.551858,1.154496,Normal
Mikhael,Harkey,Miami,CB,Florida,22,69,9/6/02,72,194,1,33,0,Manto Man - CB,95,87,86,87,58,69,71,45,32,50,56,55,71,85,26,36,55,41,85,75,18,23,81,23,71,28,68,33,33,25,25,72,24,62,71,34,37,37,23,29,63,89,66,45,50,21,10,17,12,21,18,86,34,64,4,4.625292,1.156323,0.425292,Normal
Coye,Pozderac,New England,WR,UCF,23,69,2/18/02,73,202,1,6,1,Deep Threat - WR,92,86,91,86,62,64,77,23,16,77,75,82,79,84,73,11,16,46,84,77,10,19,47,38,22,72,68,44,28,27,15,22,11,9,21,70,47,29,28,66,87,86,71,51,24,7,10,12,13,26,19,87,50,21,4,4.836596,1.209149,0.816956,Normal
Eber,Mcglynn,Buffalo,RE,Troy,24,69,1/17/01,73,246,1,56,1,Smaller Speed Rusher - DE,81,79,84,82,77,69,49,74,12,27,35,35,46,63,1,70,78,81,90,48,9,14,7,33,36,6,68,48,44,43,2,73,72,28,76,16,42,45,41,12,36,81,42,41,81,6,6,6,4,22,16,80,38,40,4,4.274276,1.068569,0.254276,Normal
Deacon,Truax,Minnesota,SS,LSU,25,69,7/13/00,73,188,1,24,2,Run Support - S,93,79,86,87,58,69,72,60,10,63,64,63,70,83,27,32,77,49,90,73,16,19,63,22,65,30,69,35,35,35,15,72,27,73,77,34,35,35,35,33,69,87,64,55,66,10,10,15,15,23,11,75,40,67,4,4.493544,1.123386,0.653544,Normal
Lonie,Fleischmann,Indianapolis,TE,Virginia,26,69,10/9/98,79,253,1,80,3,Vertical Threat - TE,85,86,90,83,79,57,72,34,66,68,70,77,76,74,63,20,37,62,91,73,16,13,14,61,12,64,70,62,59,59,59,14,15,36,39,64,64,62,59,63,80,85,66,73,36,63,61,68,66,77,53,85,73,20,4,5.372473,1.343118,1.087252,Normal
Ed,Sagapolutele,New York N,DT,Arkansas,31,69,5/29/94,75,299,1,96,8,,77,70,81,72,84,68,18,72,12,14,28,24,33,55,6,73,82,82,88,18,25,22,13,29,23,9,68,45,48,44,6,72,58,15,72,13,47,45,45,19,21,75,14,24,77,4,6,10,8,33,12,77,25,30,4,8.0,2.0,4.0,Normal
Roland,Decicco,New England,DT,Friends University,28,69,10/16/96,75,300,1,98,3,,77,76,66,73,86,74,23,72,15,17,33,15,29,68,2,69,78,79,91,21,10,13,8,24,12,2,71,41,43,43,3,69,60,11,73,10,42,46,45,10,25,73,28,22,75,6,7,8,8,16,7,83,29,14,4,8.0,2.0,4.0,Normal
Gardner,Dupree,Washington,HB,Boise State,29,69,12/26/95,69,205,1,26,9,Elusive Back - HB,90,81,83,82,76,79,76,24,18,78,88,55,64,79,46,12,21,44,90,81,18,12,79,41,13,57,68,55,20,31,19,12,8,17,33,47,40,25,26,64,49,90,76,70,22,25,28,36,28,31,10,80,72,12,1,1.3375,1.3375,0.4925,Normal
Graham,Chamberlin,Buffalo,MLB,Buffalo,25,69,2/7/00,73,240,1,44,1,Run Stopper - MLB,88,79,88,86,77,67,46,71,12,42,62,15,70,82,2,49,84,84,90,54,19,17,11,16,51,8,68,42,46,46,9,67,60,51,84,14,44,46,44,12,26,82,40,52,77,8,6,9,5,30,17,85,41,62,3,2.8325,0.944167,0.0025,Normal
Tupe,Meads,New England,K,Virginia Tech,28,69,8/24/97,71,175,1,37,2,Power - KP,70,63,48,81,40,52,12,25,15,4,21,15,17,53,13,9,14,17,84,11,75,93,9,14,11,16,69,15,18,18,16,18,8,8,28,16,14,17,14,17,16,76,12,9,28,14,15,30,16,28,14,82,8,17,1,0.96,0.96,0.0,Normal
Tyronne,Brocklin,San Francisco,LS,Baylor,39,69,2/17/86,70,242,1,46,15,Power - LS,75,68,54,70,72,66,33,70,15,17,64,47,62,58,31,56,68,56,90,24,20,32,10,41,26,37,67,55,39,52,11,52,60,21,65,23,47,36,40,44,43,68,19,23,69,11,12,10,10,40,15,86,32,34,1,1.4225,1.4225,0.2,Normal
Ruvell,Feacher,Las Vegas,DT,Oklahoma,25,69,6/30/00,77,292,1,96,1,,80,69,90,80,83,69,41,74,12,18,40,25,38,65,0,69,81,83,87,23,23,28,10,16,22,7,68,46,42,43,9,66,71,18,74,22,43,47,44,11,21,76,17,35,75,7,6,10,7,23,12,89,40,31,4,4.12452,1.03113,0.10452,Normal
Frostee,Faulkner,San Francisco,WR,Ole Miss,23,69,2/15/02,71,196,1,17,0,Deep Threat - WR,91,80,87,82,64,68,75,37,31,69,76,77,85,85,74,29,33,36,90,72,23,32,78,24,60,72,70,18,19,26,15,36,28,24,41,67,44,21,23,69,76,93,68,39,41,14,22,27,16,30,33,91,47,32,4,4.865816,1.216454,0.665816,Normal
Dutch,Tomlinson,San Francisco,DT,Missouri,27,69,11/23/97,76,303,1,92,5,,80,59,70,83,80,74,20,71,12,13,29,20,34,54,2,61,78,85,95,20,9,12,8,21,16,5,69,44,47,46,5,73,71,8,77,13,46,43,43,14,17,69,17,23,79,8,6,4,8,24,13,85,24,23,2,7.0,3.5,2.325,Normal
Dee,Pitta,Buffalo,SS,Ohio State,22,69,8/12/03,72,186,1,37,0,Hybrid - S,95,84,94,86,62,71,68,50,25,43,55,60,69,82,33,43,68,50,86,73,28,29,49,26,65,32,68,33,34,25,30,70,32,55,76,35,37,37,27,31,62,91,65,31,58,16,7,22,18,24,35,84,23,67,4,4.520216,1.130054,0.320216,Normal
Sol,Burger,Tampa Bay,CB,Kansas State,26,69,4/4/99,71,180,1,32,2,Manto Man - CB,93,82,77,87,57,69,65,47,10,59,54,57,68,79,11,36,79,44,86,69,17,20,51,22,71,10,71,33,33,35,8,75,31,65,73,39,33,36,37,23,65,91,63,37,52,8,6,7,6,28,16,86,39,69,4,4.044372,1.011093,0.204372,Normal
Jarrod,Martell,Dallas,CB,Michigan St.,28,69,11/25/96,71,182,1,31,2,Zone - CB,90,83,85,76,56,66,69,48,22,54,53,51,60,81,9,35,60,45,89,71,13,13,42,11,68,17,70,23,19,23,12,65,29,64,71,19,30,22,24,19,49,89,61,34,63,18,21,24,13,18,16,80,46,72,2,1.755,0.8775,0.0,Normal
Estes,Sabal,Tennessee,TE,Cincinnati,25,69,9/8/99,79,248,1,81,2,Vertical Threat - TE,88,86,85,83,74,72,74,44,13,57,69,75,86,68,49,12,36,67,81,71,14,15,15,52,10,58,68,59,60,56,3,14,11,17,42,60,61,63,58,65,78,82,63,64,37,6,10,12,11,27,13,80,69,15,4,4.165372,1.041343,0.325372,Normal
Solon,Wendell,New England,QB,Tennessee,30,69,1/26/95,75,220,1,11,8,Scrambler - QB,86,84,80,75,74,63,87,27,77,75,57,42,52,77,10,10,39,36,84,75,15,20,15,26,18,20,69,24,20,20,81,18,10,15,34,28,20,15,15,30,40,88,69,64,33,78,79,84,81,85,80,84,73,25,2,8.0,4.0,3.8,Normal
Clendon,Draft,Cleveland,LE,Notre Dame,27,69,12/27/97,77,250,1,53,5,Smaller Speed Rusher - DE,84,80,78,78,84,67,32,71,12,18,57,40,55,59,6,72,78,84,85,32,14,15,10,12,45,5,67,45,43,43,5,62,65,20,79,12,43,42,41,11,44,86,27,31,77,4,6,9,8,23,8,89,31,51,1,1.3375,1.3375,0.24,Normal
Shantee,Zofko,Buffalo,RG,Illinois,26,69,12/22/98,76,315,1,53,4,Agile - G,78,57,87,87,85,80,11,49,12,8,28,15,25,54,7,26,34,84,83,11,12,13,9,81,12,7,69,68,69,67,8,25,46,9,39,17,74,76,68,9,15,77,11,14,47,7,6,5,7,23,12,77,24,12,1,1.2,1.2,0.0,Normal
Johndale,Hare,Philadelphia,LG,Texas AM,24,69,3/15/01,76,323,1,76,3,Power - G,75,55,69,81,85,74,20,35,13,13,20,23,24,47,14,22,45,89,88,15,11,16,9,82,10,17,69,67,65,70,8,26,27,9,39,16,76,79,72,24,27,66,11,30,33,4,6,7,4,23,8,86,29,11,4,15.953405,3.988351,15.953405,Normal
Riki,Shipley,Los Angeles N,WR,Pittsburgh,22,69,10/24/02,71,186,1,15,0,Deep Threat - WR,88,94,81,92,62,62,76,29,30,65,74,79,83,88,76,24,33,31,90,73,29,22,77,28,50,70,67,20,12,21,13,38,25,25,40,75,43,17,19,71,80,87,74,41,42,15,19,16,7,21,18,89,40,41,4,4.308536,1.077134,0.108536,Normal
Willy,Mcauliffe,Los Angeles A,LE,South Carolina,23,69,12/12/01,76,254,1,54,0,Run Stopper - DE,86,72,80,82,76,69,42,76,12,22,41,35,47,68,19,72,78,76,91,35,25,21,24,24,45,22,67,42,47,46,10,67,60,34,82,13,46,44,46,16,38,79,26,28,76,9,10,19,13,24,13,85,27,54,4,5.130564,1.282641,0.930564,Normal
Etric,Murakowski,Philadelphia,TE,SMU,27,69,3/27/98,74,242,1,83,4,Vertical Threat - TE,87,80,85,83,71,69,74,38,20,67,72,77,80,73,60,10,29,63,90,73,19,22,32,53,11,61,67,62,54,59,5,18,10,14,42,67,61,60,53,63,77,85,66,72,39,3,10,14,10,25,10,83,71,19,1,1.75,1.75,1.0,Normal
Zollie,Barfield,Las Vegas,CB,Stanford,24,69,5/22/01,72,192,1,36,2,Zone - CB,92,84,84,85,55,71,64,43,12,43,56,64,71,81,14,42,57,40,92,70,18,21,51,9,65,16,67,27,21,22,7,65,28,77,68,22,33,34,32,23,67,88,67,46,49,4,10,16,10,32,10,83,30,72,2,1.945,0.9725,0.0,Normal
Ugo,Romboli,Arizona,DT,TCU,29,69,9/12/95,74,291,1,91,6,,74,65,73,70,84,76,28,74,12,19,40,24,42,55,5,64,81,87,83,18,11,18,11,19,17,8,69,47,43,47,8,69,71,22,76,14,47,43,46,14,21,79,12,29,78,4,6,5,4,25,12,86,30,26,1,3.0,3.0,1.5,Normal
Israel,Atkeson,Carolina,FS,Ohio State,23,69,7/16/02,72,203,1,22,0,Zone - S,89,85,85,91,65,68,64,55,14,55,62,58,71,79,27,36,79,53,82,63,15,20,44,24,62,29,71,37,33,35,4,64,37,60,79,33,36,36,36,37,60,86,59,45,69,7,6,7,6,25,12,81,49,70,4,5.157116,1.289279,0.957116,Normal
Tody,Skinner,Minnesota,DT,Texas AM-Commerce,25,69,8/4/00,76,290,1,50,1,,64,63,66,84,84,67,33,76,12,24,26,18,42,58,4,66,81,82,90,31,12,16,10,18,21,8,69,45,45,45,9,67,65,25,76,15,45,45,45,15,15,72,21,34,82,9,9,9,9,20,17,85,32,28,4,4.125988,1.031497,0.105988,Normal
Cannonball,Parsons,Jacksonville,DT,LSU,22,69,10/13/02,78,310,1,94,1,,74,66,78,82,85,66,36,75,12,13,45,10,41,60,4,69,83,82,82,37,21,31,11,15,24,2,69,47,46,44,5,63,71,20,81,22,43,43,44,12,16,70,44,50,83,5,6,7,4,29,16,85,56,47,4,8.0186,2.00465,5.703444,Normal
Tyrus,Moje,San Francisco,QB,Alabama,26,69,9/5/98,75,214,1,10,4,Field General - QB,79,80,77,83,58,72,74,19,54,38,67,15,30,73,13,10,13,19,92,50,28,39,12,34,10,16,68,13,12,14,84,14,10,8,19,15,33,22,18,13,14,84,42,33,17,81,78,86,79,86,80,91,51,14,2,8.41,4.205,4.75,Normal
Bill,Lovuolo,Indianapolis,K,Temple,22,69,4/12/03,72,172,1,48,0,Power - KP,74,62,50,87,41,50,11,8,11,13,22,10,24,54,9,8,10,10,84,24,74,96,2,3,13,13,68,8,8,11,11,12,8,6,33,15,10,10,10,11,16,73,16,9,17,27,30,32,20,33,14,55,13,15,3,2.9825,0.994167,0.0675,Normal
Courtney,Pruett,Cincinnati,CB,Florida,26,69,3/3/99,72,191,1,24,4,Manto Man - CB,94,90,94,89,63,71,50,48,15,48,54,52,67,88,25,52,48,48,87,69,11,23,60,12,68,27,68,35,34,33,6,70,44,66,65,38,32,35,36,34,65,92,64,28,51,10,6,2,4,38,17,86,33,68,1,1.52,1.52,0.15,Normal
Hebron,Lahr,Washington,QB,Oregon,31,69,10/30/93,76,222,1,18,10,Scrambler - QB,89,87,86,76,59,71,84,27,77,72,62,26,60,80,17,10,25,43,80,75,37,38,9,28,10,31,67,18,16,15,82,28,10,9,34,23,29,21,18,41,33,87,70,63,27,77,78,81,80,85,79,90,43,24,1,8.0,8.0,7.39,Normal
Dermontti,Tandy,Tennessee,CB,California,24,69,3/6/01,71,188,1,26,0,Manto Man - CB,92,79,87,92,59,63,73,47,26,44,60,61,74,86,29,26,57,50,90,67,23,23,81,21,70,30,69,35,35,25,21,62,27,68,72,31,33,35,25,31,67,93,60,33,67,7,12,16,19,13,27,90,25,66,4,4.453016,1.113254,0.253016,Normal
Vern,Francisco,San Francisco,FS,Kansas State,23,69,7/18/02,71,199,1,36,0,Zone - S,93,86,88,88,66,64,62,48,14,50,59,57,70,83,23,37,77,54,91,63,13,21,41,27,67,30,71,37,34,35,7,59,36,66,73,32,33,36,34,33,58,92,57,44,65,7,6,7,6,22,12,88,46,71,4,4.602376,1.150594,0.402376,Normal
Lyndell,Cobb,Cincinnati,DT,Texas AM,23,69,12/26/01,74,325,1,93,1,,75,55,60,74,84,69,44,73,23,38,40,15,19,48,3,63,75,85,88,37,20,23,8,11,17,3,67,23,18,23,16,76,65,10,75,13,42,47,48,0,15,66,23,25,77,16,16,17,9,10,21,84,24,19,4,5.596312,1.399078,0.890044,Normal
Shirley,Wilkin,Detroit,LG,LSU,23,69,9/12/01,78,317,1,71,0,Power - G,70,60,60,92,90,71,27,43,15,28,35,43,41,55,24,37,38,82,92,25,13,15,12,82,22,29,69,72,71,74,7,31,40,9,26,26,74,72,72,36,47,66,22,37,30,5,6,5,7,22,15,87,29,24,4,4.520216,1.130054,0.320216,Normal
Ellis,Hixon,Seattle,CB,Auburn,24,69,2/11/01,72,190,1,28,1,Zone - CB,88,87,85,83,50,63,68,45,21,68,51,50,59,88,24,31,53,43,89,74,16,21,86,13,66,33,67,33,20,20,12,66,25,75,68,44,36,26,23,32,59,95,69,42,50,6,8,9,4,22,8,77,20,73,4,4.399072,1.099768,0.379072,Normal
Juran,Cotney,Washington,MLB,Central Michigan,36,69,5/12/89,73,250,1,57,14,Field General - MLB,80,83,79,78,81,69,53,64,12,28,70,47,63,74,31,52,71,68,87,56,20,24,6,77,58,39,70,67,39,41,5,71,63,52,76,39,61,50,61,55,37,86,52,55,86,7,6,7,5,25,8,79,59,70,2,4.2,2.1,1.75,Normal
Donald,Jarvi,Los Angeles N,LE,Appalach. St.,25,69,4/5/00,74,250,1,6,2,Smaller Speed Rusher - DE,93,82,86,77,67,62,41,66,23,24,46,40,41,71,14,66,80,66,89,57,12,12,13,24,44,22,70,33,34,35,9,64,67,45,81,12,42,38,42,18,41,86,49,44,76,16,17,23,19,29,9,88,35,52,4,4.139104,1.034776,0.299104,Normal
Royal,Casteel,Seattle,C,Michigan,26,69,8/5/99,75,308,1,55,2,Power - C,71,60,74,87,88,75,7,24,14,9,24,22,30,53,1,19,40,85,89,14,20,19,7,74,12,11,68,71,69,76,5,27,30,11,25,13,75,67,77,10,27,62,11,10,28,3,6,6,4,30,11,91,15,10,4,8.0,2.0,4.0,Normal
Coy,Ostendarp,Denver,WR,Illinois,22,69,12/10/02,74,204,1,13,0,Physical - WR,88,86,90,88,72,70,75,38,25,76,73,81,77,83,67,30,25,56,89,81,21,16,73,37,32,76,67,23,13,23,30,29,27,18,45,79,56,30,34,71,78,86,70,48,37,15,19,20,19,10,37,92,54,38,4,6.58108,1.64527,1.42624,Normal
Latario,Olive,Cleveland,HB,S. Dakota St.,26,69,12/10/98,71,215,1,20,3,Elusive Back - HB,93,87,86,90,65,62,78,39,35,76,82,49,59,82,41,12,34,43,87,82,13,20,69,38,23,49,70,44,27,27,30,30,11,17,44,54,42,28,36,54,49,90,73,72,37,31,38,46,38,41,29,85,78,31,4,8.0,2.0,4.0,Normal
Chauncey,Andersen,Los Angeles A,HB,South Carolina,22,69,6/8/03,72,217,1,35,0,Elusive Back - HB,87,86,88,83,73,69,76,38,28,78,89,51,69,83,41,31,32,55,85,81,17,21,66,37,25,50,68,45,36,35,20,38,27,29,35,48,36,28,30,61,47,90,71,72,33,9,15,16,16,24,21,82,76,31,3,2.97,0.99,0.005,Normal
Ty,Bouie,Chicago,RG,Arkansas,24,69,11/10/00,76,313,1,67,2,Agile - G,77,67,82,91,83,70,14,51,12,2,23,15,20,62,6,37,50,77,87,11,10,17,10,82,12,2,68,68,65,70,2,36,48,12,49,11,75,79,71,10,16,65,10,9,49,6,6,5,7,23,12,89,22,13,1,0.96,0.96,0.0,Normal
Brendon,Byrne,Dallas,CB,Central Arkansas,27,69,4/26/98,74,195,1,30,4,Zone - CB,90,90,95,89,57,68,64,40,10,42,57,53,64,91,27,32,47,44,85,76,21,19,58,15,64,33,69,37,37,33,7,66,27,65,62,34,34,33,36,34,64,94,66,32,53,4,6,4,8,34,12,70,34,69,1,1.17,1.17,0.0,Normal
Akin,Gunnels,Baltimore,CB,Rutgers,24,69,1/18/01,71,175,1,37,0,Manto Man - CB,91,88,84,91,58,67,76,39,46,52,60,60,77,91,13,28,44,40,88,71,29,24,42,25,69,18,68,35,37,24,43,64,21,69,70,23,31,31,22,24,69,95,64,43,46,41,44,49,48,48,42,84,31,68,4,4.37428,1.09357,0.17428,Normal
Floyd,Berthusen,Detroit,WR,Michigan,25,69,1/28/00,72,192,1,10,2,,89,87,90,84,57,61,80,27,31,74,70,77,81,88,66,9,23,45,82,77,15,21,70,33,13,71,67,30,21,18,21,13,11,9,35,68,54,23,21,70,82,87,76,44,30,20,26,31,34,46,25,83,58,18,1,1.03,1.03,0.0,Normal
Neal,Toran,Indianapolis,HB,Washington,26,69,12/29/98,71,197,1,36,5,Elusive Back - HB,91,83,83,84,62,68,77,30,24,77,86,47,65,81,50,12,20,36,87,81,10,16,75,37,31,53,69,54,30,35,15,30,10,22,41,46,30,23,19,56,44,91,73,63,31,15,20,25,15,30,20,83,61,27,1,1.17,1.17,0.0,Normal
Jethro,Wehba,Denver,FS,Temple,29,69,2/2/96,75,210,1,42,5,Zone - S,89,82,84,85,64,75,67,60,14,48,55,64,66,81,30,59,80,63,91,71,18,19,44,18,65,40,69,34,35,31,4,70,48,61,74,41,33,32,31,42,61,84,60,51,64,4,6,5,7,26,17,81,37,70,4,8.0,2.0,4.0,Normal
Montell,Sacca,Los Angeles A,FB,Boise State,25,69,6/28/00,76,296,1,44,2,Blocking - FB,83,72,72,72,87,74,24,66,13,28,68,55,67,60,37,63,79,76,88,39,17,16,9,85,15,46,69,68,53,53,9,66,72,18,80,50,69,56,63,57,54,73,34,33,74,6,10,15,8,23,7,81,41,19,4,4.012296,1.003074,0.172296,Normal
Zeph,Schottel,Indianapolis,K,Notre Dame,26,69,5/19/99,74,201,1,3,1,Power - KP,66,58,57,79,44,49,17,10,14,12,30,12,33,49,8,9,18,20,86,12,80,93,9,10,11,9,69,14,12,12,22,12,11,12,22,14,13,10,14,9,16,66,12,16,26,22,28,32,19,27,19,65,13,12,2,2.51,1.255,0.75,Normal
Bunny,Mandarich,New Orleans,QB,South Carolina,24,69,9/28/00,73,211,1,2,1,Scrambler - QB,85,77,78,84,56,63,73,21,78,44,61,18,39,78,10,10,15,18,90,60,20,20,10,10,10,16,69,14,15,13,71,15,10,10,26,18,16,10,14,23,18,82,55,39,19,76,78,82,83,90,79,88,31,14,4,4.35648,1.08912,0.33648,Normal
Lane,Cureton,Cincinnati,DT,Florida,27,69,10/3/97,76,330,1,98,4,,77,58,72,74,87,67,16,74,12,14,24,13,22,54,3,61,77,88,90,16,15,15,30,53,13,5,69,52,53,55,6,68,73,14,75,12,58,54,61,10,13,69,13,26,81,6,6,6,6,15,10,88,35,18,4,8.0,2.0,4.0,Normal
Cosey,Kapitansky,Baltimore,CB,Iowa State,23,69,3/13/02,74,200,1,27,1,Manto Man - CB,89,87,90,84,62,66,72,53,24,64,61,67,74,89,49,44,71,58,91,68,16,19,70,23,71,49,69,17,8,14,23,70,34,77,68,52,23,19,21,52,73,86,67,44,56,21,32,35,20,42,10,84,46,68,4,4.718456,1.179614,0.698456,Normal
Rip,Ledyard,Atlanta,DT,Texas,26,69,12/1/98,76,294,1,95,4,,80,73,78,79,85,64,43,76,12,23,27,14,27,56,5,65,80,81,94,30,19,18,8,16,19,3,71,46,44,44,8,60,72,21,78,15,43,44,47,10,13,74,26,27,77,8,6,7,6,21,12,88,29,27,1,2.7875,2.7875,0.1675,Normal
Mose,D'Amato,Chicago,CB,Minnesota,26,69,7/27/99,73,207,1,32,2,Zone - CB,97,85,81,86,64,62,72,59,14,65,60,58,68,81,19,47,78,59,86,74,10,20,67,25,63,29,67,35,35,37,6,61,36,79,73,26,31,36,35,36,63,91,69,58,61,2,6,8,7,25,14,84,47,70,4,4.115884,1.028971,0.275884,Normal
Vick,Champion,Los Angeles N,TE,Oregon,22,69,3/7/03,77,247,1,18,0,Vertical Threat - TE,88,77,90,86,71,67,75,48,32,68,75,76,77,67,58,45,33,65,89,63,22,37,25,54,39,61,71,56,51,55,29,39,41,21,49,70,59,57,55,69,79,85,52,72,40,16,11,11,25,28,21,89,67,46,4,8.0,2.0,4.0,Normal
Junie,Bratkowski,Tampa Bay,WR,Oregon,23,69,5/18/02,70,160,1,83,0,,89,95,89,86,59,55,81,24,32,67,74,77,80,89,65,17,18,43,87,82,23,25,76,28,21,67,67,20,14,22,27,36,18,23,21,64,53,13,15,71,77,89,77,34,17,43,43,51,47,64,39,78,31,28,4,4.32394,1.080985,0.12394,Normal
Ramsey,Levoir,Las Vegas,MLB,Ohio State,24,69,1/11/01,74,233,1,44,1,Run Stopper - MLB,84,81,80,86,75,65,45,76,26,34,57,50,59,77,3,53,81,78,89,61,25,24,6,45,60,8,67,39,34,36,13,69,68,41,86,19,45,44,43,16,51,77,55,56,81,13,21,25,12,36,15,92,46,55,4,4.357712,1.089428,0.337712,Normal
Tarek,Hartwig,Chicago,HB,Miami,27,69,8/7/98,70,202,1,21,6,Elusive Back - HB,96,81,90,80,61,72,79,36,23,77,84,53,66,79,44,8,34,44,87,81,17,16,74,36,15,53,68,54,36,40,16,16,8,15,37,51,38,21,25,63,54,92,74,64,33,12,15,22,13,29,13,84,72,20,1,1.75,1.75,1.0,Normal
Hamza,Fuamatu-Ma'Afala,Chicago,CB,Oklahoma St.,30,69,6/2/95,75,200,1,37,7,Zone - CB,90,79,85,87,65,68,60,57,27,46,61,51,69,77,11,40,74,59,91,67,12,18,36,17,67,11,68,33,33,35,4,66,33,78,75,22,37,33,34,20,58,90,61,42,68,4,6,8,6,27,10,87,46,71,1,1.255,1.255,0.0,Normal
Yonel,Noyes,Denver,HB,Missouri,25,69,2/7/00,68,197,1,28,3,Elusive Back - HB,95,82,80,89,76,68,78,32,23,73,91,53,67,83,51,10,31,37,88,77,17,19,73,40,19,60,68,46,29,23,12,26,10,21,37,55,40,25,23,63,57,90,71,72,36,9,15,21,17,23,12,85,74,28,1,0.795,0.795,0.0,Normal
Aeneas,Shockley,Seattle,CB,Wyoming,26,69,10/31/98,70,190,1,33,5,Manto Man - CB,87,85,91,84,57,69,71,59,15,56,56,60,63,82,24,42,66,54,90,79,19,21,81,12,73,31,69,34,34,36,4,70,40,72,77,26,33,37,33,37,62,92,72,44,57,7,6,5,7,29,15,82,40,71,1,1.17,1.17,0.0,Normal
Blair,Lehman,New York A,LE,Miami,23,69,10/22/01,77,258,1,94,0,Power Rusher - DE,89,69,87,76,74,70,30,75,22,24,46,29,33,65,2,67,83,79,84,27,23,20,24,24,31,10,68,46,42,44,11,67,71,28,76,18,48,48,42,16,28,84,29,30,78,23,10,18,15,13,14,81,25,38,4,8.0,2.0,4.0,Normal
Earnest,Addams,Philadelphia,RG,Alabama,25,69,6/24/00,78,321,1,56,2,Agile - G,73,55,76,85,87,73,23,53,10,12,23,10,28,61,7,47,53,81,93,9,11,12,6,65,12,8,70,77,81,74,8,44,49,11,53,14,65,71,69,12,15,65,7,18,47,4,8,10,8,26,8,83,22,13,4,5.750443,1.437611,1.18214,Normal
Torrey,Enke,New York A,WR,Minnesota,27,69,8/25/98,73,206,1,16,5,,88,84,85,86,67,67,81,30,47,75,71,83,81,82,71,10,30,45,86,77,15,17,49,28,23,71,68,32,17,20,48,25,10,26,35,73,44,26,26,74,79,87,73,62,38,45,46,51,52,55,46,87,49,37,4,8.0,2.0,4.0,Normal
Vernice,Collett,New York A,QB,Virginia Tech,36,69,8/3/89,73,217,1,2,14,Scrambler - QB,87,87,84,76,58,67,85,25,76,68,68,54,62,79,19,8,10,32,82,70,18,23,18,25,18,27,67,22,23,19,77,23,12,18,39,34,20,16,12,39,57,85,68,60,40,82,77,86,81,85,77,79,43,25,4,8.0,2.0,4.0,Normal
Alvin,Henning,New Orleans,HB,Tennessee,28,69,5/11/97,72,200,1,13,3,Receiving Back - HB,97,81,80,80,65,68,79,20,24,73,72,78,76,78,73,11,21,46,93,77,12,14,85,28,11,66,69,31,17,20,8,15,11,12,25,71,45,32,27,72,75,92,68,65,20,11,15,18,15,27,22,83,40,16,4,8.0,2.0,4.0,Normal
Lon,Pettway,New Orleans,DT,Texas,24,69,7/15/01,77,311,1,91,0,Power Rusher - DT,78,61,70,78,85,67,42,77,17,36,58,46,51,59,37,73,81,88,88,43,25,28,26,24,9,38,70,48,46,44,13,65,76,12,69,45,46,44,45,45,47,71,33,43,79,4,7,15,13,13,11,88,47,15,4,6.637796,1.659449,1.467488,Normal
Lecharls,Sodaski,Houston,WR,Iowa State,25,69,6/1/00,75,205,1,19,2,,89,86,86,86,62,70,84,25,30,75,71,81,85,83,70,10,29,40,92,73,15,19,29,20,14,71,69,26,22,19,30,17,10,18,38,68,48,23,28,72,82,88,68,57,32,38,42,47,45,57,35,91,52,19,4,4.003704,1.000926,0.163704,Normal
Fuzzy,Broda,Tennessee,WR,Miami,23,69,4/12/02,70,202,1,87,0,Slot - WR,87,90,82,83,63,70,82,36,30,70,69,78,84,82,72,30,37,44,90,77,26,29,82,32,38,74,70,23,16,27,27,32,29,26,39,67,51,30,25,78,78,84,69,48,35,24,29,35,36,45,30,86,47,43,3,2.985,0.995,0.254,Normal
Torrin,Sandy,Jacksonville,RE,Louisville,25,69,4/12/00,73,234,1,56,2,Smaller Speed Rusher - DE,93,83,88,71,74,58,50,59,21,38,46,62,60,79,17,65,88,66,88,58,23,25,14,21,60,26,67,38,33,33,3,59,55,42,80,30,40,41,40,26,59,89,56,32,73,3,7,9,9,18,11,74,44,50,4,4.205216,1.051304,0.365216,Normal
Robin,Betters,Carolina,LT,Virginia Tech,29,69,1/2/96,79,314,1,77,6,Pass Protector - OT,73,71,76,81,87,80,9,40,12,5,44,10,24,54,5,33,38,83,87,6,28,14,10,80,20,6,70,73,76,74,7,34,41,9,42,13,67,71,62,7,9,74,9,12,43,10,6,5,4,39,7,83,22,26,2,8.0,4.0,3.96,Normal
Orian,Kompara,Los Angeles N,CB,Oklahoma St.,27,68,6/9/98,74,198,1,27,5,Zone - CB,88,82,84,86,57,70,52,41,10,37,52,57,65,83,9,29,53,47,92,69,18,20,39,13,67,17,68,12,36,31,4,70,27,73,73,28,14,36,35,28,58,88,61,34,59,8,6,7,7,28,10,77,28,72,4,8.0,2.0,4.0,Normal
Leander,Testerman,Baltimore,DT,Virginia Tech,23,68,9/3/01,73,282,1,93,0,Power Rusher - DT,78,64,82,79,78,67,28,75,12,23,39,20,26,54,7,76,78,79,89,22,18,21,24,25,16,12,66,46,45,46,4,65,78,22,77,16,45,41,45,19,22,75,17,32,78,5,6,2,8,19,12,89,26,21,4,4.37428,1.09357,0.17428,Normal
Roddrick,Ealy,Detroit,RE,Boise State,23,68,7/9/02,75,267,1,61,0,Power Rusher - DE,81,78,79,85,86,70,28,74,17,23,41,24,35,70,6,70,77,78,93,31,19,22,31,33,24,9,67,45,42,47,7,69,69,29,76,14,44,45,49,13,27,78,30,43,73,8,8,14,13,21,14,92,27,31,4,4.429892,1.107473,0.229892,Normal
Mckinley,Devaughn,Las Vegas,QB,Purdue,27,68,9/1/98,75,210,1,12,2,Field General - QB,79,73,76,75,58,72,59,18,59,35,61,10,20,78,13,11,14,21,86,35,10,18,13,17,10,10,69,17,21,12,77,13,9,7,23,10,14,15,9,7,9,74,33,29,20,81,78,89,78,85,78,83,24,13,4,4.34938,1.087345,0.50938,Normal
Dre',Trigilio,Tennessee,CB,Penn State,29,68,2/9/96,74,205,1,31,6,Zone - CB,89,83,88,90,65,73,65,51,15,54,62,62,76,87,8,40,51,45,89,74,14,21,58,14,66,15,67,32,33,34,3,70,37,82,76,28,34,34,36,27,67,89,70,37,53,5,6,2,5,27,11,87,44,72,1,1.17,1.17,0.0,Normal
Harrison,Widmer,Baltimore,WR,Memphis,30,68,10/9/94,71,199,1,6,7,,88,93,85,83,71,64,80,26,33,72,70,77,80,80,64,9,19,43,85,77,12,19,74,21,15,67,66,28,19,26,12,15,11,23,33,65,47,25,33,69,76,84,75,70,30,20,26,34,34,41,30,80,47,21,1,1.17,1.17,0.0,Normal
Stone,Delong,Philadelphia,RE,Virginia Tech,23,68,2/23/02,75,258,1,52,0,Smaller Speed Rusher - DE,81,86,88,79,74,59,30,71,15,25,49,28,39,70,6,76,75,66,85,33,21,27,31,28,34,12,66,44,45,46,10,58,71,29,78,13,46,43,45,15,27,83,36,32,74,4,10,16,11,27,9,89,25,44,4,4.37428,1.09357,0.17428,Normal
Pervis,Yamini,New York A,WR,Georgia,23,68,10/11/01,72,179,1,82,0,,91,87,88,82,62,73,74,29,32,69,67,71,75,88,74,22,25,42,86,72,18,15,58,24,68,67,69,27,19,25,24,49,24,33,28,65,48,30,18,70,71,93,65,35,29,14,10,6,9,12,29,84,40,51,4,8.0,2.0,4.0,Normal
Joey,Fishel,Cincinnati,MLB,Clemson,22,68,10/23/02,72,232,1,49,0,Field General - MLB,91,77,84,86,73,70,58,66,22,45,69,53,63,75,25,62,79,74,89,60,17,23,9,27,57,29,68,46,43,47,4,70,53,48,82,30,46,43,47,29,56,83,54,53,80,4,6,7,8,22,13,90,48,63,4,5.182116,1.295529,0.982116,Normal
Fernanza,Mosebar,Baltimore,LG,Georgia,27,68,8/25/98,78,370,1,66,4,Power - G,69,62,74,82,90,69,11,32,12,16,14,13,15,52,5,11,28,77,81,10,10,13,13,78,11,8,69,69,69,74,2,16,19,10,16,14,72,67,74,12,17,71,7,29,28,6,5,4,4,23,8,86,29,11,1,1.17,1.17,0.0,Normal
Jaret,Willy,Miami,DT,Ole Miss,27,68,11/27/97,73,329,1,95,5,,67,52,67,79,83,76,27,73,12,20,22,24,33,50,2,73,79,82,88,25,20,18,7,33,20,5,69,49,46,47,6,71,67,21,72,11,41,41,44,13,32,70,19,39,79,9,6,6,5,24,12,91,48,28,1,2.0,2.0,1.9,Normal
Gasper,Crouch,Los Angeles A,WR,USC,23,68,3/18/02,75,210,1,82,1,,91,80,90,82,58,58,80,24,25,70,68,79,81,81,72,15,28,39,91,73,19,21,77,27,21,78,70,25,16,23,20,25,12,20,35,72,52,28,23,80,81,90,68,54,16,15,20,25,27,38,26,85,47,16,4,4.134592,1.033648,0.114592,Normal
Germane,Caffey,Houston,TE,Miami,25,68,7/16/00,75,245,1,9,4,Vertical Threat - TE,88,82,86,80,74,59,80,45,32,72,76,77,81,74,57,27,41,65,86,76,10,16,41,53,15,58,70,57,55,58,20,28,21,22,48,70,57,57,57,63,76,86,69,64,41,27,31,38,30,40,26,78,68,19,1,2.1,2.1,0.85,Normal
Matthew,Stablein,New York N,WR,West Virginia,25,68,3/9/00,76,220,1,88,2,Physical - WR,91,83,90,81,69,65,79,36,22,74,73,80,81,85,69,11,15,48,86,78,20,21,27,19,16,72,69,38,14,11,18,23,11,14,41,72,49,31,36,73,81,92,62,63,39,20,19,19,23,35,22,83,52,24,4,8.0,2.0,4.0,Normal
London,Hons,New England,RT,Penn State,25,68,4/18/00,77,314,1,70,1,Agile - OT,76,60,73,86,87,79,29,34,7,19,24,21,32,50,19,43,46,83,87,13,14,14,13,79,11,23,70,70,72,69,6,20,51,12,31,23,75,70,73,22,22,68,15,31,43,11,12,10,7,22,8,91,31,11,4,6.043304,1.510826,1.215128,Normal
Honolulu,Brackens,Denver,LG,Oregon,29,68,8/16/96,77,309,1,76,5,Power - G,60,51,67,87,85,77,36,47,12,34,31,30,36,45,19,37,67,84,86,22,21,22,13,78,15,22,67,71,71,75,9,42,44,7,50,25,74,70,71,28,34,62,11,36,46,5,6,6,7,28,9,95,25,20,1,1.17,1.17,0.0,Normal
Hines,Kremer,Washington,DT,Iowa,33,68,3/2/92,77,320,1,77,10,,72,55,79,71,85,72,13,71,12,9,45,15,37,50,2,58,75,81,83,11,19,22,10,15,15,5,70,41,41,47,5,70,74,23,76,15,49,47,49,11,15,66,10,10,81,10,6,6,5,23,13,76,28,25,1,1.255,1.255,0.0,Normal
Kink,Stroth,Cincinnati,RE,Ole Miss,22,68,9/6/02,75,265,1,52,1,Smaller Speed Rusher - DE,87,70,88,76,80,68,27,76,12,19,39,24,41,64,1,70,75,81,87,17,9,17,8,17,40,6,70,43,43,45,7,69,68,20,78,13,47,47,43,13,22,85,12,28,75,8,6,8,6,25,10,82,31,46,4,4.158388,1.039597,0.138388,Normal
Marsh,Fencik,Los Angeles N,ROLB,Ole Miss,22,68,11/4/02,73,222,1,54,0,Run Stopper - OLB,89,80,85,88,66,67,49,68,22,38,63,44,54,73,17,65,80,69,85,47,17,19,8,24,58,20,68,46,44,47,8,67,55,45,80,22,44,47,47,23,47,84,49,42,78,7,6,7,8,25,9,89,41,65,4,4.520216,1.130054,0.320216,Normal
Keshon,Sampson,Washington,HB,Kentucky,24,68,9/26/00,71,224,1,36,2,Elusive Back - HB,91,79,85,82,71,75,79,35,33,80,87,51,60,79,37,12,49,50,92,76,12,14,60,45,30,44,68,57,54,55,10,40,11,32,46,40,45,45,45,51,52,89,70,69,39,14,20,24,10,27,17,90,83,37,4,8.0,2.0,4.0,Normal
Marquice,Brupbacher,New England,MLB,Idaho,26,68,1/2/99,75,231,1,53,4,Run Stopper - MLB,84,81,83,80,76,68,39,71,14,28,58,48,56,69,3,55,81,75,91,37,10,13,12,35,50,3,70,47,46,45,7,72,64,45,84,12,47,43,47,17,49,85,42,41,80,8,6,5,6,19,10,84,39,55,2,13.508,6.754,7.75,Normal
Az-Zahir,Magner,Jacksonville,LG,USC,28,68,5/25/97,75,308,1,55,6,Agile - G,68,64,64,85,82,75,21,25,12,7,26,21,27,56,6,10,35,77,81,12,31,41,5,80,12,6,70,70,72,67,7,16,10,12,25,15,71,76,71,16,14,70,8,31,38,5,6,8,6,25,3,79,29,15,2,7.0,3.5,3.2,Normal
Weslye,Starr,San Francisco,DT,Indiana,23,68,6/12/02,73,316,1,99,0,,79,62,78,83,82,63,20,81,19,24,38,18,17,55,10,62,76,83,86,18,14,25,30,22,13,17,70,46,47,45,14,61,76,14,74,17,44,46,43,15,20,74,21,36,76,7,10,14,17,27,14,88,30,16,4,5.211088,1.302772,1.011088,Normal
Shadwick,Bacchus,Baltimore,QB,Central Michigan,31,68,11/21/93,75,225,1,15,8,Field General - QB,71,70,76,73,66,73,50,21,54,36,60,26,25,69,12,11,16,24,96,45,12,17,20,15,12,13,67,14,19,15,82,20,8,13,33,20,14,21,17,11,22,75,24,26,25,79,79,82,81,84,78,89,33,18,2,6.2,3.1,4.0,Normal
Hinkey,Roehnelt,Detroit,HB,Kutztown,29,68,6/15/96,71,215,1,13,7,Elusive Back - HB,87,86,83,84,67,72,79,34,28,77,89,55,66,79,52,11,28,56,88,79,12,20,74,54,15,50,68,47,29,36,18,19,17,13,32,56,29,22,27,60,50,91,71,67,27,16,21,28,29,33,22,80,68,21,1,1.32,1.32,0.0,Normal
Sweeny,Veldheer,Seattle,FS,West Florida,28,68,10/17/96,73,211,1,23,3,Hybrid - S,89,85,86,85,66,66,71,54,15,66,63,55,60,83,42,41,84,64,91,75,15,17,57,24,67,46,70,32,34,33,6,64,47,70,73,50,32,32,35,51,50,90,72,57,69,3,6,9,7,24,18,86,48,69,4,8.0,2.0,4.0,Normal
Jaymar,Smeach,New England,CB,Auburn,24,68,3/5/01,72,175,1,30,1,Manto Man - CB,90,89,82,87,46,59,57,41,26,67,56,53,67,91,27,32,55,39,93,70,14,14,58,15,72,37,70,28,24,25,19,55,27,66,65,31,37,28,32,42,57,90,68,26,54,10,21,21,24,22,21,76,26,74,1,0.84,0.84,0.0,Normal
Carlyle,Aughtman,Chicago,RE,Montana State,26,68,12/15/98,75,240,1,92,3,Smaller Speed Rusher - DE,91,87,92,76,68,62,32,68,15,33,36,22,37,74,5,66,82,75,86,33,11,15,7,19,25,12,66,46,47,47,2,62,59,33,76,13,49,47,48,18,29,85,31,38,84,2,6,10,5,24,14,79,35,36,1,1.03,1.03,0.0,Normal
Edgerrin,Blumenstock,Indianapolis,SS,California,26,68,10/26/98,73,208,1,32,2,Hybrid - S,93,89,92,84,64,66,68,46,17,56,60,61,72,83,35,54,66,48,86,72,21,27,58,21,70,41,67,28,31,32,15,60,48,68,69,47,35,37,34,49,67,93,65,48,60,24,28,30,29,35,16,80,42,68,4,4.147836,1.036959,0.307836,Normal
Antowain,Aiello,San Francisco,CB,South Alabama,25,68,4/24/00,72,190,1,28,2,Manto Man - CB,90,88,92,89,52,67,68,52,14,65,60,63,67,80,38,33,65,44,89,75,17,16,57,18,65,43,68,28,29,29,5,63,29,75,68,52,34,33,34,51,67,88,68,43,63,7,6,7,6,9,12,80,37,70,4,8.0,2.0,4.0,Normal
Randall,Holman,Los Angeles N,RT,San Jose St.,35,68,8/24/90,77,310,1,68,8,Power - OT,70,64,72,94,84,83,11,37,12,7,63,57,63,53,20,15,20,79,93,12,23,24,11,81,13,30,66,70,67,72,7,21,25,9,30,45,75,78,74,38,55,68,12,18,42,7,6,5,6,29,10,80,19,15,1,1.33,1.33,0.1345,Normal
Jamize,Langhorne,Los Angeles A,CB,Ole Miss,25,68,11/20/99,72,195,1,33,3,Manto Man - CB,92,83,82,86,62,60,53,50,10,47,57,50,58,88,10,41,65,49,88,72,14,10,36,20,67,15,66,33,34,35,16,62,32,71,71,20,36,33,34,27,50,93,62,34,64,11,10,17,15,21,11,79,37,65,4,3.759664,0.939916,0.099664,Normal
Pres,Stratton,Arizona,HB,Miami,26,68,9/16/98,70,214,1,20,5,Power Back - HB,85,78,83,82,73,73,80,30,33,76,88,60,73,77,55,18,26,46,90,78,17,19,75,44,24,63,68,51,36,37,32,22,11,25,45,62,48,35,38,68,55,87,71,78,40,29,37,37,38,40,31,82,83,34,3,8.25,2.75,2.395,Normal
Lasalle,Crusan,New England,SS,Troy,24,68,6/2/01,71,200,1,24,1,Hybrid - S,93,85,81,86,60,69,65,60,22,53,64,61,71,80,27,46,71,56,92,69,14,16,49,26,68,29,66,31,34,33,6,67,35,63,76,39,35,38,32,36,64,90,63,47,68,14,12,18,15,28,6,86,46,66,3,2.839,0.946333,0.009,Normal
Marshay,Incognito,Cincinnati,QB,Cincinnati,26,68,8/31/99,75,207,1,4,3,Scrambler - QB,90,79,89,85,62,63,78,20,70,52,58,17,45,85,11,11,15,25,92,64,15,20,10,15,10,15,69,16,12,13,79,14,11,10,27,13,19,16,13,23,19,87,50,52,24,76,77,84,84,90,78,92,45,12,1,1.1,1.1,0.0,Normal
Edwin,Lininger,Pittsburgh,TE,Stetson,28,68,8/16/97,80,237,1,89,5,Vertical Threat - TE,85,78,92,85,74,70,63,32,17,64,74,76,84,71,59,19,34,60,86,71,19,22,17,44,14,61,70,62,50,56,2,20,18,14,39,67,58,53,56,67,83,84,66,62,41,4,10,16,8,32,8,89,63,21,1,1.17,1.17,0.0,Normal
Tuffy,Frye,Denver,RE,IUP,27,68,4/30/98,75,270,1,92,2,Power Rusher - DE,76,71,80,77,77,68,43,75,16,31,38,31,34,65,11,59,82,76,85,53,16,16,13,33,33,15,70,49,43,43,6,69,71,32,81,10,45,45,42,19,35,75,45,46,80,6,6,6,8,22,15,79,32,41,1,0.96,0.96,0.0,Normal
Prince,Kirksey,New York A,HB,Michigan,22,68,2/25/03,71,205,1,40,0,Elusive Back - HB,92,84,89,82,72,70,78,34,45,77,88,53,67,83,47,30,33,36,88,75,20,28,67,33,21,56,67,46,38,40,42,46,26,24,38,49,39,27,26,64,52,91,70,66,35,56,51,55,57,63,46,88,76,26,4,8.0,2.0,4.0,Normal
Maury,Drechsler,Las Vegas,WR,Tennessee,22,68,11/30/02,77,205,1,10,0,Deep Threat - WR,95,81,81,81,67,65,72,40,21,71,72,75,75,81,75,31,42,42,87,75,25,26,53,32,49,68,67,29,22,25,30,40,32,25,48,70,51,32,31,68,74,95,68,47,55,14,11,16,24,16,31,82,27,56,4,5.2509,1.312725,1.0509,Normal
Ahtyba,Bequette,Pittsburgh,CB,Central Michigan,23,68,9/28/01,70,187,1,34,0,Manto Man - CB,97,82,94,92,58,60,74,47,18,49,51,49,65,80,24,29,48,38,94,72,14,20,75,21,69,27,70,35,32,27,25,61,25,67,72,31,30,36,25,30,57,91,69,38,59,17,7,21,23,16,28,93,30,69,4,4.333452,1.083363,0.133452,Normal
Bryant,Heyward-Bey,Cincinnati,TE,Washington,29,68,4/16/96,77,255,1,89,6,Possession - TE,87,80,78,82,77,66,72,50,16,49,72,78,80,72,56,39,44,69,85,54,12,17,18,60,17,60,69,62,52,62,13,24,21,20,50,70,64,65,62,68,80,80,52,61,46,8,15,20,8,25,16,88,63,23,3,10.5,3.5,2.35,Normal
Eagle,Locklear,New England,WR,Eastern Wash.,23,68,10/26/01,71,193,1,86,0,,86,91,84,90,67,60,82,35,33,72,72,78,82,89,72,25,35,45,93,77,12,21,77,25,15,72,70,28,19,24,13,21,22,19,42,67,49,34,25,74,79,84,75,50,32,21,26,29,32,40,31,88,49,21,3,2.99,0.996667,0.259,Normal
Michael,Ayi,Atlanta,LG,Massachusetts,30,68,2/10/95,76,329,1,71,8,Agile - G,56,60,71,83,85,80,24,33,12,10,20,15,26,45,5,20,35,80,86,30,22,25,10,75,10,5,68,72,74,70,6,24,30,10,38,12,71,73,69,10,20,70,25,36,37,6,6,6,6,32,12,83,33,12,1,1.4225,1.4225,0.1675,Normal
Darryll,Newsom,Seattle,TE,Miami,22,68,4/5/03,77,254,0,18,0,Vertical Threat - TE,92,80,82,80,75,63,79,29,39,66,71,73,80,70,63,28,34,62,85,69,18,35,39,52,46,64,70,57,54,60,43,35,31,24,29,68,61,60,59,71,78,86,64,61,28,41,49,61,47,54,40,84,63,40,4,8.813367,2.203342,6.872,Normal
Selvish,Busch,Chicago,FS,California,25,68,10/16/99,71,200,1,22,3,Hybrid - S,89,78,86,90,60,72,68,48,21,50,62,51,71,76,11,43,80,55,93,73,25,23,37,22,66,11,68,36,36,36,7,70,33,65,72,23,33,34,37,13,64,89,63,34,70,5,6,4,7,28,12,84,40,68,4,3.737008,0.934252,0.077008,Normal
Cid,Crosby,New York N,HB,Oklahoma,25,68,11/4/99,70,210,1,20,2,Elusive Back - HB,90,85,86,86,69,67,82,24,24,76,85,47,72,86,48,10,23,33,92,79,10,16,72,28,10,56,68,55,37,32,17,13,10,14,34,49,31,24,18,63,49,86,73,70,25,15,19,24,21,24,19,90,70,16,4,8.0,2.0,4.0,Normal
Jarron,Weeden,New Orleans,LE,Syracuse,23,68,10/15/01,76,257,1,40,0,Smaller Speed Rusher - DE,86,75,78,79,82,67,25,73,17,26,47,22,36,73,6,68,77,67,90,36,19,20,28,29,43,14,69,45,45,44,15,59,67,38,74,11,45,48,42,12,32,85,34,27,72,7,15,21,11,32,17,84,28,51,4,4.301672,1.075418,0.101672,Normal
Egypt,Widseth,Detroit,WR,Arkansas,23,68,2/20/02,76,214,1,18,0,Slot - WR,89,89,90,79,69,63,74,43,32,71,73,78,82,92,66,36,41,38,89,72,35,22,79,25,23,73,67,21,16,19,36,26,33,21,40,71,47,30,27,74,78,89,68,45,28,50,48,45,45,72,38,87,54,30,4,6.664452,1.666113,1.486872,Normal
Art,Wanless,Las Vegas,SS,USC,26,68,6/30/99,76,211,1,20,3,Hybrid - S,91,88,76,81,57,71,63,44,13,45,62,57,70,80,10,35,64,47,87,69,23,25,35,24,65,17,68,35,35,35,11,70,28,75,71,25,35,35,35,21,64,89,63,52,63,12,13,19,11,27,11,66,35,68,2,7.45,3.725,3.5,Normal
Khreem,Stautzenberger,Tennessee,LG,Sacramento State,22,68,5/30/03,75,311,1,64,0,Power - G,70,62,81,88,91,69,14,38,11,7,27,25,27,54,6,32,24,82,89,12,13,19,11,81,12,7,68,71,67,73,3,22,33,8,32,16,71,69,70,15,26,71,8,13,36,3,5,6,6,22,11,86,24,14,4,4.560612,1.140153,0.360612,Normal
Kelly,Toone,Indianapolis,LOLB,LSU,26,68,4/1/99,75,228,1,54,5,Run Stopper - OLB,84,70,83,86,71,62,41,72,12,30,47,45,54,69,19,52,79,78,80,39,23,19,12,37,51,24,69,46,44,47,3,65,49,50,82,26,43,43,42,31,52,80,29,32,82,4,6,10,8,23,10,89,35,57,1,1.1,1.1,0.0,Normal
Jacquizz,Gorgal,Las Vegas,LS,N. Colorado,28,68,5/28/97,74,235,1,50,5,Accurate - LS,82,73,77,80,70,59,47,61,11,44,46,46,54,65,26,49,72,70,89,49,21,23,19,57,41,28,69,47,43,51,18,47,60,45,68,30,55,39,45,32,37,79,48,50,70,12,16,17,19,28,10,89,48,47,3,3.815,1.271667,1.0,Normal
Joseph,Pellegrini,Cincinnati,QB,Washington,29,68,4/11/96,74,209,1,6,5,Field General - QB,80,74,74,80,56,70,63,20,61,39,68,27,38,75,12,10,15,15,92,57,45,61,9,11,10,12,69,13,11,10,73,17,10,11,28,14,10,12,8,23,32,79,39,30,18,75,80,88,76,88,77,90,31,13,2,1.945,0.9725,0.0,Normal
Sheddrick,Ugoh,Dallas,WR,Fresno State,24,68,5/3/01,72,172,1,16,2,,92,80,77,86,60,48,84,27,22,69,66,74,78,86,74,8,31,40,92,77,12,17,72,28,23,77,69,24,20,23,6,24,12,24,38,69,41,10,17,76,79,94,75,53,39,7,10,16,11,26,17,90,48,31,4,8.0,2.0,4.0,Normal
Pat,Cochran,Indianapolis,RT,Iowa State,23,68,4/19/02,80,339,1,75,0,Power - OT,67,58,84,85,92,70,12,28,15,11,28,21,22,46,7,18,30,80,84,20,20,12,10,79,11,8,67,70,73,77,6,25,24,14,23,24,73,70,72,18,20,67,11,52,28,3,6,9,8,14,11,85,25,14,4,4.117273,1.029318,0.921268,Normal
Aric,Bosarge,Washington,LE,Ohio State,29,68,1/25/96,77,283,1,96,7,Power Rusher - DE,76,63,81,71,90,65,52,73,12,29,63,33,53,56,32,62,84,89,86,42,7,6,10,37,24,39,70,42,42,47,4,68,70,21,83,48,42,42,46,46,36,80,35,48,77,9,6,6,5,23,12,81,55,29,1,1.3375,1.3375,0.4925,Normal
Conrad,Comstock,Tennessee,DT,Baylor,26,68,1/20/99,76,295,1,97,5,,77,68,69,77,82,67,29,73,12,18,42,25,38,67,11,59,84,81,85,31,60,74,7,26,26,17,70,49,47,43,5,67,69,15,77,25,41,45,45,20,24,73,19,34,77,9,9,10,8,22,15,86,42,32,1,1.17,1.17,0.0,Normal
White,Ta'Ufo'Ou,Tennessee,WR,SMU,28,68,9/21/96,71,191,1,13,5,Slot - WR,89,79,85,84,63,68,77,23,26,74,75,80,86,77,71,8,18,48,86,75,11,18,78,32,11,70,68,34,17,21,25,16,11,11,31,67,50,34,29,72,80,89,71,56,28,43,41,44,41,62,41,83,44,17,4,8.0,2.0,4.0,Normal
Alcides,Morey,Arizona,FS,Florida State,24,68,1/24/01,71,190,1,26,2,Run Support - S,92,84,84,95,70,68,71,48,31,63,67,65,73,79,6,36,86,57,93,75,10,15,66,45,62,6,66,35,34,33,24,63,29,61,77,24,38,34,33,20,65,87,70,36,69,21,23,28,24,27,27,89,39,69,4,4.169532,1.042383,0.329532,Normal
Tunch,Childs,New York N,QB,Ole Miss,22,68,5/13/03,74,221,1,6,0,Scrambler - QB,85,85,74,90,60,60,82,12,70,71,65,25,47,80,17,20,22,28,95,65,27,31,28,28,8,19,69,26,32,33,83,24,18,10,16,23,31,32,31,23,21,82,62,49,21,75,82,88,83,88,76,95,46,9,4,8.0,2.0,4.0,Normal
Marty,Pucci,New York A,DT,USC,26,68,7/25/99,75,305,1,78,4,,74,62,74,72,90,65,24,72,12,19,27,18,25,52,0,65,82,88,89,23,15,18,27,34,16,6,67,44,46,43,7,64,62,20,78,14,43,43,43,11,22,69,22,26,83,6,6,6,4,21,15,92,29,21,4,8.0,2.0,4.0,Normal
Jody,Shay,Houston,SS,Penn State,22,68,1/29/03,72,211,1,34,0,Zone - S,95,86,84,92,67,66,65,43,14,49,54,53,64,83,20,34,79,52,94,56,14,20,73,24,65,22,70,35,37,37,6,62,38,69,71,23,32,33,38,30,60,91,49,36,65,6,6,5,8,27,11,88,39,70,4,4.4438,1.11095,0.2438,Normal
Kynan,Bangs,New York A,TE,Ohio State,25,68,8/11/00,77,250,1,89,3,Possession - TE,85,77,77,87,75,70,65,32,11,57,75,76,82,73,52,26,40,73,92,60,27,25,18,62,14,60,69,62,56,59,11,19,34,13,43,61,68,63,56,62,78,84,59,62,38,14,20,28,17,29,11,88,70,15,4,8.0,2.0,4.0,Normal
Quinn,Duckett,Tennessee,WR,Tulane,25,68,5/15/00,69,188,1,19,1,,93,84,79,78,56,63,79,21,20,68,75,75,78,86,67,9,11,37,82,76,12,17,80,24,12,71,68,30,20,22,4,16,8,14,37,67,41,33,24,70,77,90,71,43,27,4,10,16,8,24,13,86,34,19,4,4.223668,1.055917,0.203668,Normal
Menz,Scifres,Tennessee,LE,Illinois,31,68,3/11/94,77,287,1,53,9,Run Stopper - DE,69,65,70,84,78,77,20,74,12,11,31,17,24,49,2,64,84,84,91,25,20,24,12,25,40,3,70,42,44,47,3,77,71,20,75,15,45,46,42,13,18,66,19,26,84,4,6,4,7,18,13,90,33,46,1,1.405,1.405,0.05,Normal
Natu,Mcchesney,Philadelphia,WR,Florida State,24,68,4/3/01,79,231,1,89,1,,90,80,90,83,71,69,80,28,25,75,69,78,79,81,68,8,33,48,83,77,17,18,32,35,15,68,67,50,28,29,7,13,12,16,26,74,48,31,41,72,83,89,70,59,30,3,10,11,8,29,19,79,63,18,4,4.217008,1.054252,0.197008,Normal
Jerrell,Jacobson,Jacksonville,TE,Oregon,30,68,11/23/94,76,233,1,86,8,Vertical Threat - TE,88,77,74,78,74,76,68,29,18,63,74,76,80,75,53,14,32,61,84,61,17,22,13,46,14,57,67,60,50,57,6,24,24,10,37,62,68,59,52,66,79,86,53,71,36,6,6,2,5,25,9,82,70,24,2,5.5,2.75,2.25,Normal
Deral,Polley,New York N,DT,Oregon,27,68,5/19/98,77,325,1,99,2,,64,46,64,70,89,66,19,75,10,15,32,14,22,50,7,49,83,91,83,11,5,11,10,22,11,9,69,41,43,43,2,70,64,13,73,13,47,47,41,7,16,64,14,25,86,8,6,8,3,14,12,81,42,13,4,8.0,2.0,4.0,Normal
Asante,Epps,Chicago,RT,Yale,23,68,2/1/02,77,326,1,72,1,Power - OT,74,69,72,83,88,69,30,30,12,20,32,34,37,55,14,21,35,82,91,15,25,25,10,82,15,21,68,72,70,72,13,20,36,11,27,25,73,73,72,24,32,70,15,34,33,19,21,25,12,24,11,79,40,14,4,5.914322,1.478581,1.121324,Normal
Tiny,Eisenhauer,New York N,CB,Oklahoma St.,23,68,6/22/02,72,192,1,25,0,Manto Man - CB,92,82,93,94,55,61,59,46,28,42,53,53,71,82,28,25,63,38,89,69,22,22,48,26,70,23,67,37,38,24,24,64,30,63,72,28,36,34,24,23,59,93,64,30,56,8,18,25,25,19,33,91,25,72,4,8.0,2.0,4.0,Normal
Lenvil,Garland,Indianapolis,WR,Ole Miss,30,68,6/14/95,74,215,1,13,8,Physical - WR,85,82,84,81,69,72,82,39,22,74,72,80,82,78,71,11,15,43,90,78,20,22,23,23,16,70,69,41,16,11,21,20,11,17,39,71,47,28,36,75,82,85,67,78,36,20,19,20,23,39,22,83,56,24,1,1.255,1.255,0.0,Normal
Jyles,Gaechter,New York N,WR,Texas,27,68,4/19/98,76,225,1,81,6,Physical - WR,85,78,84,81,68,74,77,28,30,78,75,82,86,80,68,9,30,45,90,78,11,18,76,19,12,71,68,28,19,19,22,17,9,18,32,72,59,18,26,74,83,86,75,72,30,25,31,39,27,42,25,79,60,19,4,8.0,2.0,4.0,Normal
Sankar,Wagner,Jacksonville,C,Kentucky,27,68,5/15/98,78,307,1,79,3,Agile - C,71,59,73,90,89,77,14,23,11,8,24,10,26,51,7,18,27,78,93,12,15,16,12,84,10,3,68,75,77,74,4,19,20,11,25,15,70,70,63,10,17,67,8,19,29,4,6,8,4,16,12,86,23,10,1,1.5,1.5,0.3,Normal
Trai,Chirico,New York A,SS,Alabama,23,68,9/13/01,71,197,1,27,0,Zone - S,90,80,82,85,64,66,62,50,14,54,61,58,70,86,30,35,77,60,90,65,15,17,41,26,64,33,66,39,36,37,6,66,36,63,73,31,32,35,36,34,61,89,54,43,70,9,6,4,8,23,11,87,49,71,4,8.0,2.0,4.0,Normal
Smokey,Reckmack,Kansas City,DT,USC,26,68,6/1/99,74,307,1,92,4,,66,59,74,74,85,70,21,72,12,16,35,17,34,55,1,61,76,84,86,21,18,22,9,51,15,4,67,54,51,54,8,73,70,13,73,14,53,55,53,9,16,69,18,27,80,4,6,5,6,11,10,86,28,20,1,1.3375,1.3375,0.1675,Normal
Amari,Kopcha,Denver,DT,Wisconsin,26,68,5/1/99,75,291,1,91,3,,77,77,89,75,82,69,22,74,15,26,40,24,33,72,10,52,79,85,87,22,18,18,10,34,13,13,68,46,46,46,9,67,66,12,72,22,48,48,48,16,28,73,20,27,79,9,9,9,9,23,17,87,33,17,1,1.1,1.1,0.0,Normal
Eben,Grottkau,Denver,LT,Connecticut,28,68,6/11/97,79,318,1,79,5,Agile - OT,74,54,71,82,89,76,17,27,12,7,42,15,30,51,4,21,21,79,83,10,14,16,10,83,12,4,69,70,74,69,2,28,30,8,32,14,71,73,69,15,13,70,10,10,37,6,5,4,7,10,9,90,28,13,2,7.0,3.5,3.245,Normal
Haywood,Borum,New York A,RG,UL Lafayette,25,68,10/12/99,78,299,1,61,3,Agile - G,74,54,65,82,84,77,15,23,14,14,27,13,23,56,6,14,28,77,92,16,20,21,11,84,10,3,68,67,69,64,4,22,17,11,34,14,71,76,73,16,16,60,10,28,31,3,6,7,8,25,11,84,24,10,4,8.0,2.0,4.0,Normal
Nels,Baughan,Tampa Bay,LG,Ohio State,27,68,1/25/98,78,315,1,60,6,Agile - G,60,60,81,82,77,73,9,17,12,11,38,10,28,53,8,11,18,79,88,11,20,25,12,78,12,11,68,71,76,71,5,8,12,11,21,14,74,72,69,9,13,70,9,23,33,8,6,5,4,23,12,86,27,15,1,1.17,1.17,0.0,Normal
Merlin,Osweiler,Seattle,DT,Michigan,24,68,4/22/01,78,292,1,94,2,,85,70,68,66,79,65,44,81,7,28,49,41,52,57,11,60,79,84,90,40,15,14,6,28,25,19,66,40,40,38,5,61,67,34,71,17,49,46,46,22,44,76,33,44,72,3,5,9,8,20,7,89,45,32,4,4.172076,1.043019,0.332076,Normal
Deji,Liles,New York N,WR,Samford,26,68,3/14/99,70,170,1,80,3,,88,89,83,80,55,54,81,26,23,70,74,77,79,85,71,8,18,36,88,83,15,21,80,21,20,72,68,26,20,16,23,24,9,19,30,66,38,26,19,70,80,93,74,41,28,22,26,34,28,38,26,80,38,27,4,8.0,2.0,4.0,Normal
Mally,Kampman,New England,ROLB,Georgia,26,68,1/8/99,72,233,1,45,4,Run Stopper - OLB,93,76,78,85,68,63,52,65,12,30,55,32,51,69,6,43,85,80,84,33,15,18,10,27,55,11,67,45,48,47,10,67,46,52,80,23,45,41,45,19,35,88,35,39,85,6,6,9,8,22,12,91,37,65,1,1.055,1.055,0.0,Normal
Obert,Jammer,Philadelphia,DT,Texas,24,68,8/15/01,75,292,1,97,2,Power Rusher - DT,85,69,83,75,84,67,30,72,15,18,37,22,34,64,3,65,82,85,92,36,21,26,14,22,22,9,69,46,42,47,10,64,78,31,72,16,48,45,42,6,28,69,25,51,77,6,9,14,9,18,5,83,41,26,4,3.917784,0.979446,0.077784,Normal
Carmine,Mccain,Houston,CB,Washington,27,68,1/2/98,69,185,1,27,5,Slot - CB,84,91,77,91,55,73,69,54,12,46,60,58,74,94,19,36,71,55,91,73,10,19,45,15,64,27,70,35,38,33,9,74,27,70,75,33,35,37,33,35,58,90,62,33,64,6,6,20,7,42,14,85,28,60,1,1.3375,1.3375,0.5005,Normal
Diddie,Fiedler,Cleveland,LOLB,Mississippi St.,25,68,9/1/00,74,245,1,40,1,Run Stopper - OLB,85,71,77,83,66,70,64,68,12,47,56,53,63,70,5,57,85,79,91,56,15,17,27,39,58,9,68,33,34,33,3,63,70,57,79,16,44,39,39,16,56,82,52,46,86,5,11,16,8,16,12,88,58,64,1,0.795,0.795,0.0,Normal
Roell,Boyce,Arizona,RG,Rice,28,68,1/11/97,76,310,1,60,5,Pass Protector - G,57,54,71,82,82,74,14,18,12,13,24,15,27,48,2,14,34,83,93,20,14,18,7,77,10,1,66,72,72,79,9,8,13,10,23,21,68,67,73,11,15,68,21,17,34,5,6,5,8,22,8,77,27,10,2,2.225,1.1125,0.0,Normal
Traye,Barbolak,Los Angeles A,TE,Syracuse,22,68,6/25/03,77,241,1,86,0,Vertical Threat - TE,88,77,87,89,70,60,76,29,32,69,72,79,79,77,65,33,23,58,83,64,16,31,33,49,22,64,69,55,57,55,25,36,29,22,34,70,55,51,52,68,76,86,70,63,28,14,23,24,33,39,22,86,65,26,4,4.574036,1.143509,0.374036,Normal
Myron,Napier,Los Angeles A,DT,UCLA,25,68,8/25/00,76,320,1,93,3,,66,53,65,75,89,73,21,75,12,19,26,19,30,46,7,64,81,83,90,23,18,16,9,37,20,4,69,43,48,47,6,69,72,18,76,13,49,48,41,12,18,60,19,37,79,3,6,6,7,24,12,84,31,35,4,3.97888,0.99472,0.31888,Normal
Ivy,Lafary,Arizona,ROLB,Auburn,24,68,9/29/00,72,225,1,44,2,Run Stopper - OLB,91,78,86,82,79,65,56,62,22,47,54,54,60,73,10,60,86,65,88,71,11,15,29,22,66,8,66,33,34,35,12,62,55,55,85,15,38,42,38,17,61,89,65,52,77,10,17,21,15,26,14,82,41,61,4,4.084976,1.021244,0.244976,Normal
Kerry,Hood,Dallas,HB,Clemson,22,68,10/24/02,73,234,0,37,0,Power Back - HB,88,77,76,89,72,75,78,38,34,74,87,53,68,77,45,30,41,47,88,77,31,26,80,36,30,50,70,52,43,43,27,31,32,30,48,47,38,37,36,58,51,86,68,73,45,28,30,35,37,44,29,92,80,34,4,4.311532,1.077883,0.111532,Normal
Pierre,Lokanc,Tampa Bay,WR,Maryland,24,68,1/24/01,72,190,1,18,2,,93,82,83,81,65,65,85,23,19,75,75,74,79,80,66,8,26,45,94,69,12,17,68,31,15,68,70,35,19,17,10,18,11,11,34,69,56,21,19,72,77,89,70,62,27,3,10,15,11,17,22,88,50,24,3,2.72,0.906667,0.225,Normal
Martellus,Steinkemper,New York A,RE,Pittsburgh,27,68,11/10/97,76,259,1,99,4,Power Rusher - DE,85,76,80,78,74,72,40,75,25,25,48,37,43,72,13,64,76,79,89,42,14,16,6,15,33,18,69,46,44,46,5,69,74,27,75,28,45,46,45,27,42,74,32,36,77,7,6,3,4,28,9,82,29,43,4,8.0,2.0,4.0,Normal
Santo,Dar,Baltimore,HB,Marshall,24,68,2/16/01,71,206,1,26,1,Elusive Back - HB,92,90,82,90,75,70,75,28,23,70,82,53,64,85,45,11,29,33,83,79,14,19,69,28,15,58,67,46,31,34,13,24,12,17,36,51,28,23,27,64,55,94,68,69,37,15,15,17,16,25,10,79,73,20,4,4.309868,1.077467,0.289868,Normal
Ostell,Kreamcheck,Jacksonville,C,Notre Dame,27,68,8/12/98,76,306,1,73,4,Power - C,71,66,68,83,86,80,8,34,16,14,32,21,24,48,6,16,21,83,90,11,10,12,8,80,13,4,68,71,68,72,4,21,23,11,30,15,72,72,71,17,14,62,8,20,27,7,6,8,8,23,9,92,26,11,3,21.0,7.0,10.0,Normal
Lars,Mcbride,Kansas City,TE,Indiana St.,31,68,4/30/94,77,237,1,85,7,Vertical Threat - TE,90,77,84,82,72,64,64,32,35,57,75,78,85,73,54,12,20,63,82,66,14,18,12,49,15,58,68,55,52,54,23,38,8,24,35,70,59,56,56,63,80,85,57,60,37,24,33,39,22,44,27,73,66,15,4,8.0,2.0,4.0,Normal
Arthur,Burnham,Houston,SS,Kansas State,26,68,5/8/99,70,195,1,25,3,Zone - S,91,88,92,88,65,72,64,48,15,57,57,48,66,79,18,53,64,47,95,74,13,15,31,18,64,20,67,29,26,31,14,66,45,65,73,31,27,33,27,28,60,87,68,38,61,6,10,14,14,24,17,84,43,70,1,1.1,1.1,0.0,Normal
Rushen,Marcus,Dallas,WR,SE Missouri St.,25,68,10/27/99,73,200,1,19,1,,91,81,89,81,62,74,76,28,24,75,72,76,84,79,67,10,29,52,82,78,15,19,27,35,13,70,68,33,22,28,6,15,10,15,34,73,55,31,36,72,80,90,68,62,31,15,15,20,15,29,20,80,48,18,4,4.158388,1.039597,0.138388,Normal
Erk,Bickett,Seattle,DT,Notre Dame,24,68,8/20/01,77,296,1,98,0,,80,63,66,83,84,66,45,76,16,45,44,18,25,64,12,62,73,85,87,30,18,23,29,27,18,15,66,42,42,44,8,61,73,16,76,17,46,48,45,20,25,74,29,48,77,5,10,15,15,12,10,83,46,19,4,4.6675,1.166875,0.4675,Normal
Waldo,Mikula,San Francisco,RE,Maryland,27,68,5/1/98,73,269,1,91,3,Power Rusher - DE,87,67,87,71,82,61,13,73,12,23,28,20,36,62,5,66,77,79,90,20,30,38,8,21,29,7,66,37,32,30,7,58,75,21,79,12,42,37,36,11,30,80,16,20,78,3,6,6,7,19,8,82,36,35,1,1.03,1.03,0.0,Normal
Walt,Beach,Washington,DT,Notre Dame,31,68,7/1/94,73,294,1,98,9,Power Rusher - DT,74,67,75,78,80,71,22,71,12,12,36,26,36,60,4,64,79,86,89,19,18,16,7,33,29,4,68,42,47,46,7,68,76,15,77,14,44,47,47,15,30,71,19,37,80,7,6,4,5,25,9,87,31,45,1,1.3225,1.3225,0.0425,Normal
Golden,Goldberg,Detroit,HB,Utah,24,68,7/30/01,72,208,1,33,1,Elusive Back - HB,91,83,89,80,74,69,76,61,51,75,84,53,69,82,49,52,78,65,92,81,33,35,77,45,57,56,68,53,36,39,26,64,43,59,77,58,42,35,38,64,55,89,76,72,69,35,42,47,44,48,27,90,77,70,4,4.673544,1.168386,0.528708,Normal
Deuce,Mustard,Tampa Bay,ROLB,Pittsburgh,25,68,3/9/00,72,226,1,8,2,Pass Coverage - OLB,89,78,94,89,62,68,61,66,53,55,62,55,59,71,5,75,78,68,93,66,9,14,34,39,53,7,66,43,45,43,46,70,65,69,80,26,42,41,46,15,58,87,60,52,81,39,44,45,51,47,31,82,44,70,4,4.157324,1.039331,0.317324,Normal
Deveron,Kotal,Philadelphia,MLB,Georgia,22,68,2/13/03,74,224,1,42,0,Field General - MLB,92,86,86,85,71,66,49,68,32,34,58,47,49,77,25,55,79,69,85,44,17,18,7,24,56,26,67,49,45,46,19,65,49,53,83,25,45,42,45,31,45,87,44,39,80,21,22,26,32,26,18,93,40,65,4,4.59546,1.148865,0.39546,Normal
Winston,Bugenhagen,San Francisco,LG,UTSA,25,68,7/19/00,76,300,1,74,3,Agile - G,77,64,70,89,88,76,14,26,14,13,32,15,30,58,6,10,30,81,91,13,18,22,12,86,10,12,70,70,69,69,5,21,10,8,28,15,72,77,69,13,14,66,11,28,30,4,6,8,6,22,10,78,22,11,4,4.332056,1.083014,0.672056,Normal
Gardie,Keathley,Seattle,WR,Kansas,28,68,3/31/97,70,176,1,84,6,,93,86,78,83,51,70,77,26,22,74,68,76,80,81,70,8,25,44,85,78,18,19,83,25,13,68,68,41,15,9,12,20,9,17,32,69,47,12,21,71,81,91,71,38,22,14,23,29,25,35,18,86,37,25,4,8.0,2.0,4.0,Normal
Galen,Elmendorf,Miami,WR,USC,24,68,5/16/01,70,174,1,7,1,,86,87,85,82,52,49,82,26,22,73,77,78,84,87,73,9,19,36,88,83,9,10,78,25,10,75,68,26,18,19,4,16,8,12,24,66,37,24,21,71,79,87,77,39,22,7,10,16,11,23,18,88,41,17,4,4.104436,1.026109,0.084436,Normal
Hermit,Longua,Las Vegas,RT,Ohio State,25,68,9/18/99,78,320,1,77,3,Power - OT,70,53,55,83,83,71,21,22,10,8,22,10,27,46,2,11,28,83,88,7,8,12,9,82,8,7,69,72,65,73,5,15,12,13,18,10,72,76,78,10,18,57,10,17,27,7,8,13,4,27,9,87,24,8,4,8.0,2.0,4.0,Normal
Lamichael,Parson,Minnesota,FS,Tennessee,26,68,10/2/98,73,198,1,26,3,Zone - S,93,78,89,89,60,71,55,60,15,44,53,43,64,79,11,48,74,63,88,66,16,14,39,18,60,9,69,36,37,35,5,67,44,65,72,24,36,37,36,11,58,90,61,43,66,5,6,7,6,23,10,83,45,66,3,9.315,3.105,5.38,Normal
Moe,Izzo,Arizona,TE,Illinois,23,68,9/17/01,76,273,1,87,1,Possession - TE,88,81,84,82,76,67,72,34,12,69,74,78,81,79,49,15,43,66,85,60,15,20,20,61,14,54,67,63,60,64,5,17,15,17,38,59,65,63,64,60,76,82,57,60,35,5,10,18,8,28,14,88,65,21,4,5.789912,1.447478,1.030844,Normal
Ace,Vasicek,Las Vegas,DT,South Carolina,23,68,10/31/01,75,284,1,97,0,,87,74,78,85,79,67,48,76,13,46,60,55,53,65,29,68,73,77,97,25,21,28,19,19,27,39,70,48,42,47,12,62,76,30,76,45,44,44,42,45,49,73,22,32,74,8,10,18,16,18,20,90,58,37,4,4.865816,1.216454,0.665816,Normal
Saxon,Huzvar,Houston,CB,Central Arkansas,29,68,7/20/96,72,190,1,11,8,Zone - CB,91,85,81,84,58,67,70,45,26,60,80,71,82,82,34,28,49,31,86,75,16,21,85,27,62,40,70,35,21,24,20,66,24,75,67,52,34,24,22,51,76,92,69,47,54,16,25,29,31,47,23,81,46,68,2,6.5,3.25,4.5,Normal
Damon,Cappadona,Las Vegas,SS,Air Force,24,68,1/30/01,73,206,1,37,1,Zone - S,86,89,89,86,66,63,70,64,34,64,63,61,72,84,25,43,81,63,95,77,17,17,57,44,61,25,70,33,27,23,21,62,37,61,72,36,32,35,31,34,62,87,70,49,72,27,33,32,32,34,21,89,56,71,4,4.138728,1.034682,0.118728,Normal
Moose,Goff,Los Angeles N,MLB,Delaware,30,68,9/13/94,75,245,1,51,6,Run Stopper - MLB,85,81,88,84,77,72,38,69,12,13,44,33,56,72,4,51,78,79,84,35,17,15,12,24,55,12,67,41,46,46,9,68,62,47,82,21,42,45,45,19,33,89,20,37,76,3,6,4,5,22,14,82,34,56,1,1.17,1.17,0.0,Normal
Kai,Ilg,Detroit,C,Missouri,27,68,3/23/98,75,313,1,67,5,Pass Protector - C,59,57,63,81,80,78,6,20,12,9,30,10,30,47,4,11,21,80,94,13,17,22,9,82,11,4,70,80,76,73,8,29,13,13,25,11,74,75,73,10,9,70,7,7,33,10,6,5,5,22,14,88,24,13,4,8.0,2.0,4.0,Normal
Rohn,Pisarcik,New Orleans,QB,Louisville,25,68,9/28/99,77,225,1,6,0,Strong Arm - QB,84,77,73,82,56,66,71,24,64,58,67,27,36,75,19,21,15,23,81,54,16,30,27,20,25,20,68,21,18,17,83,32,20,21,29,27,11,14,15,24,25,84,52,38,16,75,81,80,80,92,73,82,40,47,4,10.804721,2.70118,10.804721,Normal
Dorsey,Greaves,Indianapolis,HB,Iowa,24,68,11/10/00,69,197,1,31,3,Elusive Back - HB,91,86,83,84,58,65,75,22,35,75,81,60,68,85,47,10,22,35,87,83,20,26,55,33,18,55,69,37,22,24,17,21,10,19,36,43,29,16,15,61,57,92,75,76,23,13,20,27,15,32,11,73,48,20,1,1.03,1.03,0.0,Normal
Breezy,Busing,Jacksonville,DT,Oklahoma St.,25,68,11/10/99,76,285,1,93,2,,81,66,71,71,85,62,21,76,11,26,38,33,35,57,10,63,83,84,88,38,9,7,12,33,24,14,70,40,40,38,3,63,68,32,74,17,49,48,44,23,33,68,39,45,82,4,6,6,7,21,15,88,38,30,4,4.527124,1.131781,0.687124,Normal
Haven,Brandes,Kansas City,WR,Baylor,25,68,8/7/00,74,182,1,2,3,Deep Threat - WR,92,85,88,88,51,68,73,21,25,69,79,76,77,81,72,11,20,41,85,69,12,19,74,24,12,76,69,23,27,23,23,20,9,18,31,65,45,32,21,69,79,90,64,39,18,25,31,39,35,45,25,77,35,18,1,1.1,1.1,0.0,Normal
Leonta,Zolak,Green Bay,WR,Colorado,23,68,2/11/02,75,203,1,82,0,,89,82,87,81,67,68,83,26,17,73,73,81,77,79,70,23,23,46,89,79,19,22,53,28,21,71,68,31,23,30,17,27,20,21,30,67,48,34,28,73,80,88,72,50,30,13,10,16,5,30,10,84,53,28,3,2.965,0.988333,0.0,Normal
Martez,Manzini,Chicago,DT,South Carolina,25,68,3/6/00,76,300,1,96,2,,82,71,76,68,80,68,50,72,17,44,56,41,46,61,24,61,82,80,91,45,15,13,8,36,19,33,66,34,37,35,4,70,71,34,80,34,41,38,39,35,44,76,36,58,76,5,6,7,6,22,9,89,46,26,4,5.763791,1.440948,1.191848,Normal
Artose,Cartwright,Seattle,TE,Michigan,23,67,5/3/02,78,251,1,88,1,Possession - TE,85,83,83,83,78,65,69,34,20,62,74,78,80,71,51,10,40,63,86,63,12,18,25,59,12,55,67,60,57,60,10,16,10,12,36,64,62,58,63,63,79,78,57,62,34,10,15,20,10,23,17,88,67,14,4,4.775108,1.193777,0.755108,Normal
Jaby,Olerich,San Francisco,WR,Massachusetts,28,67,11/18/96,69,188,1,7,6,,92,86,86,78,60,54,82,22,17,72,74,77,80,83,68,9,12,40,88,78,11,18,71,27,14,70,68,36,18,14,2,18,8,15,28,60,48,13,21,69,84,94,72,50,22,10,10,12,9,23,16,84,32,19,4,8.0,2.0,4.0,Normal
Donn,Kyle,Miami,RT,Utah,25,67,8/22/00,76,297,1,66,2,Agile - OT,82,67,76,85,81,75,8,26,12,9,38,10,35,61,7,25,34,68,91,8,31,39,12,83,12,4,66,72,80,68,5,20,23,9,25,12,67,74,62,8,10,73,8,9,38,7,6,4,6,16,14,80,12,11,2,1.875,0.9375,0.0,Normal
Tad,Meester,New York A,RE,Michigan,24,67,7/12/01,77,267,1,55,1,Power Rusher - DE,88,75,79,77,75,67,41,69,11,27,41,25,40,64,7,62,79,81,84,40,29,32,12,27,24,9,67,44,46,43,8,64,69,37,83,11,47,43,43,9,26,82,37,47,81,4,6,9,7,29,4,81,40,29,4,8.0,2.0,4.0,Normal
Jabaal,Silvestro,Atlanta,RT,N.C. AT,29,67,10/21/95,80,320,1,75,7,Agile - OT,64,53,69,85,83,78,14,32,12,9,19,15,24,38,7,13,30,82,87,13,10,16,9,82,13,3,69,69,69,66,8,15,18,9,29,12,76,79,74,11,17,60,9,16,30,7,6,4,6,23,15,93,32,15,1,1.17,1.17,0.0,Normal
Logan,Mcmanis,Dallas,CB,California,35,67,2/4/90,75,190,1,29,11,Manto Man - CB,97,81,85,85,62,61,66,45,14,52,70,65,68,83,29,39,45,48,89,70,24,20,55,20,67,35,66,30,28,24,6,61,30,73,63,61,32,28,33,50,75,95,69,52,48,7,10,12,12,34,12,68,44,64,1,1.4225,1.4225,0.1675,Normal
Garry,Kadela,Houston,TE,Ohio State,25,67,6/12/00,76,247,1,87,1,Possession - TE,89,69,81,84,73,70,75,57,16,70,71,75,76,69,53,52,62,68,91,67,12,16,16,68,44,57,67,56,54,57,9,43,54,35,59,63,65,60,59,65,74,83,58,69,60,8,15,19,12,24,12,88,69,50,4,4.758936,1.189734,0.738936,Normal
Dalva,Puente,Baltimore,RT,Alabama AM,23,67,11/13/01,79,314,1,71,0,Agile - OT,71,66,70,90,80,72,13,37,13,15,27,15,32,52,4,15,27,81,83,8,11,14,16,80,11,6,69,74,71,71,5,24,21,10,30,16,71,71,71,15,29,66,14,20,24,9,6,10,4,15,10,89,22,14,4,4.669596,1.167399,0.469596,Normal
Ogden,Chester,Jacksonville,WR,Elon University,24,67,8/20/01,72,205,1,15,0,,91,83,85,86,67,58,81,26,23,71,73,75,71,82,68,19,24,39,91,74,23,16,81,27,18,71,65,27,16,18,18,13,21,18,34,71,43,26,21,76,78,91,71,45,32,16,18,19,18,31,16,87,50,23,3,2.98,0.993333,0.115,Normal
Ron,Speer,Philadelphia,LS,UCF,35,67,5/16/90,76,248,1,47,11,Power - LS,69,74,75,67,75,62,26,43,10,15,64,52,58,63,27,10,58,73,95,32,12,15,12,54,25,31,68,64,68,60,4,38,10,17,45,20,66,67,63,37,46,71,23,46,55,4,6,5,6,36,10,76,36,24,1,1.4225,1.4225,0.4675,Normal
Brodrick,Crable,New Orleans,LE,Duke,26,67,10/19/98,74,244,1,98,4,Smaller Speed Rusher - DE,89,81,78,80,73,59,29,68,12,16,42,25,37,73,9,70,76,76,87,35,14,14,9,21,37,7,67,46,46,44,4,58,60,31,77,24,43,43,46,14,22,82,37,29,75,4,6,7,8,25,10,80,23,47,1,1.1,1.1,0.0,Normal
Stanley,Thornbladh,Arizona,RT,Texas,25,67,5/12/00,77,318,1,75,1,Agile - OT,72,54,71,84,84,65,10,40,9,15,42,34,32,56,17,30,35,83,92,10,10,13,10,79,12,20,67,74,72,73,11,24,40,10,35,24,74,78,70,23,32,71,10,25,33,11,15,21,11,16,9,85,29,10,4,4.330456,1.082614,0.310456,Normal
Dorne,Mcpherson,Las Vegas,FS,Georgia,25,67,5/1/00,71,195,1,29,2,Zone - S,90,78,79,88,59,71,69,50,13,59,60,53,72,78,15,45,77,46,86,72,24,31,54,20,66,20,65,31,28,30,5,71,31,61,66,24,33,36,33,27,67,86,63,36,66,4,6,5,6,20,14,79,28,70,4,4.084976,1.021244,0.244976,Normal
Navy,Pignatelli,New York A,RT,W. Michigan,28,67,8/8/97,78,320,1,79,7,Agile - OT,65,56,59,87,83,71,9,25,12,14,26,15,22,52,9,14,29,82,92,12,14,16,9,83,11,9,65,75,69,75,4,20,18,11,28,13,73,79,72,17,11,67,8,12,30,4,6,8,6,19,13,81,26,13,4,8.0,2.0,4.0,Normal
Erron,Phipps,Los Angeles N,HB,Missouri,25,67,9/8/99,69,214,1,32,1,Power Back - HB,86,77,78,79,74,68,80,26,31,75,92,52,67,75,49,19,31,42,91,78,19,20,60,44,18,58,69,52,39,40,27,21,15,23,32,59,47,30,40,70,56,83,72,76,32,27,30,35,35,33,25,85,78,27,3,2.842,0.947333,0.232,Normal
Colt,Estandia,Green Bay,DT,Auburn,24,67,12/21/00,76,273,1,96,2,Speed Rusher - DT,90,67,77,80,79,70,39,71,12,36,38,23,32,67,6,71,87,76,90,42,11,13,11,47,24,15,65,43,40,41,9,76,70,8,77,15,45,46,49,15,27,81,32,43,75,9,7,12,5,14,9,82,43,33,4,4.607928,1.151982,0.767928,Normal
Hasson,Alvarez,Green Bay,WR,Michigan,24,67,11/29/00,75,208,1,84,1,,88,85,91,89,66,61,76,34,20,74,68,80,77,79,70,9,29,39,90,77,8,19,43,26,17,75,69,27,12,16,16,18,11,17,36,70,43,32,28,73,80,93,66,52,36,6,10,12,16,20,20,90,50,21,1,0.84,0.84,0.0,Normal
Shine,Natkin,Pittsburgh,CB,Purdue,25,67,5/30/00,75,206,1,27,2,Slot - CB,88,93,85,88,68,55,66,56,22,60,64,62,71,88,32,36,82,59,82,66,13,11,53,16,60,36,65,36,34,34,9,61,41,76,77,49,34,38,32,37,73,92,68,66,67,7,11,12,8,29,14,87,52,68,4,8.0,2.0,4.0,Normal
Takeo,Nwokorie,New York N,DT,Arizona St.,27,67,9/19/97,75,327,1,98,3,,68,66,73,73,82,70,25,71,14,23,33,16,35,56,8,60,77,81,87,17,15,16,12,39,12,10,65,46,43,45,12,74,71,18,79,15,48,52,52,14,16,65,15,22,82,14,16,21,13,20,12,86,32,13,4,8.0,2.0,4.0,Normal
Bug,Medved,San Francisco,CB,Pittsburg St.,28,67,6/4/97,73,196,1,35,3,Zone - CB,91,83,94,88,51,62,81,39,12,75,57,58,69,80,25,38,57,33,89,75,14,9,89,17,67,31,65,21,20,19,7,59,30,63,68,32,35,35,35,38,67,93,63,52,46,3,6,6,5,27,13,69,32,73,1,1.1,1.1,0.0,Normal
Lewis,Sensanbaugher,Miami,SS,Maryland,22,67,2/13/03,71,200,1,25,0,Zone - S,91,77,85,90,63,68,64,52,26,57,58,58,72,82,26,33,77,50,88,63,14,23,67,25,63,28,69,34,33,34,20,65,36,66,72,35,38,34,34,36,60,85,57,40,65,14,18,21,20,38,21,86,41,72,4,4.614784,1.153696,0.414784,Normal
Ramzee,Hinton,Houston,HB,Wisconsin,31,67,5/4/94,71,205,1,33,8,Elusive Back - HB,82,82,85,81,68,72,75,23,20,78,84,56,67,84,51,12,19,41,92,82,57,56,81,42,15,57,69,52,26,28,17,17,8,18,31,54,32,23,26,68,52,89,72,54,37,17,24,33,29,28,9,82,46,20,1,1.8,1.8,0.75,Normal
Dyshod,Palelei,Jacksonville,CB,Ole Miss,24,67,10/12/00,72,183,1,24,1,Zone - CB,93,85,93,88,55,58,65,41,12,62,56,58,70,79,31,28,68,43,94,71,13,21,61,19,64,39,68,29,22,21,9,60,23,70,73,27,29,25,25,38,64,92,66,27,63,4,8,6,7,23,19,90,29,67,4,8.0,2.0,4.0,Normal
Marvell,Gabbert,San Francisco,ROLB,TCU,24,67,10/17/00,71,227,1,53,2,Pass Coverage - OLB,96,78,73,84,63,69,73,57,15,57,60,63,68,72,45,55,85,61,86,71,12,11,55,29,67,49,66,31,35,36,15,68,44,53,77,42,33,35,33,49,61,88,69,42,74,13,10,12,14,31,12,74,51,66,4,3.973336,0.993334,0.133336,Normal
Myrt,Biedermann,Detroit,WR,Georgia,22,67,11/8/02,70,185,1,19,0,Deep Threat - WR,94,83,77,80,60,64,75,28,31,68,73,76,82,82,69,26,21,30,83,68,21,19,61,28,67,64,65,24,14,20,25,43,22,33,28,72,41,23,22,69,76,90,71,47,33,13,10,12,13,11,23,81,59,50,4,4.306772,1.076693,0.106772,Normal
Hollis,Whelan,Washington,ROLB,Washington,25,67,7/25/00,75,220,1,45,1,Run Stopper - OLB,91,90,92,84,67,59,59,70,26,56,58,59,61,85,30,28,90,69,92,71,19,26,42,45,63,26,68,27,24,27,6,59,42,73,79,31,43,40,40,35,60,93,62,54,76,14,13,23,14,26,10,89,55,68,4,8.0,2.0,4.0,Normal
Garth,Cockrell,Houston,RE,TCU,25,67,8/21/00,76,275,1,92,2,Run Stopper - DE,82,71,83,79,71,69,48,69,11,25,44,25,41,65,5,65,81,75,91,45,30,27,14,29,24,11,66,45,48,46,7,73,71,35,78,13,49,44,41,13,30,82,33,52,81,6,6,11,4,25,6,83,44,29,4,4.641036,1.160259,0.801036,Normal
Babe,Riggle,Buffalo,ROLB,Washington,25,67,1/23/00,73,236,1,48,1,Run Stopper - OLB,88,85,92,83,70,59,51,66,11,35,49,55,57,75,7,67,74,65,82,59,34,39,35,27,66,13,68,45,39,39,9,54,70,59,85,17,46,41,37,26,58,86,56,42,82,16,14,21,10,24,11,87,51,62,4,4.334024,1.083506,0.314024,Normal
Stafon,Ta'Amu,Tampa Bay,RG,UTEP,25,67,4/8/00,76,319,1,79,1,Power - G,65,61,70,80,84,75,19,10,11,25,46,24,33,57,14,11,23,81,92,18,24,30,11,84,12,9,66,74,67,71,7,15,12,13,15,21,72,72,70,21,23,60,20,34,32,12,15,16,12,25,10,81,31,12,4,4.158388,1.039597,0.138388,Normal
Spain,Sylvester,Kansas City,CB,Southern Miss,26,67,8/7/99,73,204,1,45,2,Zone - CB,91,84,93,83,61,69,71,53,23,57,63,57,70,78,16,36,63,48,93,69,15,15,59,21,62,18,69,27,32,29,16,70,24,74,62,25,32,32,35,24,62,87,64,57,55,16,18,23,23,30,23,79,33,70,4,8.0,2.0,4.0,Normal
Hubert,Schuette,Seattle,TE,Drake,31,67,5/9/94,77,253,1,81,8,Possession - TE,85,73,87,79,77,69,72,31,13,66,73,75,80,61,53,19,39,66,91,66,20,25,11,49,12,59,69,59,61,61,7,22,20,11,37,63,64,62,58,65,79,82,70,72,32,4,10,17,10,22,10,83,69,15,1,1.4225,1.4225,0.5175,Normal
Lucas,Rozumek,Miami,CB,Stanford,25,67,10/23/99,73,186,1,27,2,Manto Man - CB,91,92,86,78,50,64,63,51,17,64,55,53,64,87,20,33,55,42,86,70,19,24,54,11,69,23,66,36,25,22,14,60,32,63,70,24,36,34,27,28,60,94,66,41,52,9,10,12,12,25,14,79,33,64,2,1.945,0.9725,0.0,Normal
Solomon,Nolting,San Francisco,DT,FAU,23,67,2/14/02,73,320,1,58,1,,71,44,77,72,86,66,37,71,12,21,33,28,27,46,4,60,77,90,87,30,11,16,14,33,26,10,66,49,45,43,5,68,75,17,77,14,47,41,48,15,33,64,31,35,78,8,6,5,5,18,8,82,48,32,1,0.96,0.96,0.0,Normal
Reb,Slough,Minnesota,LE,UCLA,24,67,10/13/00,74,247,1,59,1,Smaller Speed Rusher - DE,89,77,91,77,77,62,45,70,17,46,39,50,35,78,6,66,75,67,89,56,14,15,32,24,54,7,68,35,22,15,15,69,61,46,78,28,30,21,21,12,43,81,42,51,76,5,10,18,21,33,23,82,34,55,1,0.84,0.84,0.0,Normal
Fendi,Jasper,Detroit,LT,UBC,24,67,1/26/01,79,354,1,59,1,Power - OT,76,50,83,78,86,47,38,39,17,34,46,39,41,48,22,24,50,83,85,20,15,20,10,81,7,20,68,70,65,72,7,20,43,10,39,26,76,75,80,27,38,68,21,54,39,7,12,15,5,32,17,88,44,7,4,4.745656,1.186414,0.725656,Normal
Markell,Visger,Tennessee,TE,Texas,22,67,9/6/02,77,241,1,84,0,Possession - TE,82,80,79,89,75,71,69,42,32,63,69,74,79,75,60,36,33,61,90,67,18,23,24,55,24,62,67,58,60,58,17,19,42,8,47,69,59,60,60,69,77,79,61,66,39,13,7,15,28,20,28,88,67,24,4,5.172908,1.293227,0.972908,Normal
Sedrick,Daukas,New York N,WR,Iowa,26,67,8/29/99,73,185,1,87,4,,95,82,91,85,58,63,84,36,25,68,74,76,78,87,70,13,37,38,89,75,16,14,86,21,24,69,65,22,18,20,23,24,12,21,43,63,44,36,29,73,75,92,70,47,45,39,42,47,42,64,28,84,40,32,4,8.0,2.0,4.0,Normal
Obafemi,Willson,Houston,TE,Alabama,27,67,8/9/98,74,240,1,83,6,Possession - TE,81,72,78,85,69,59,75,35,20,58,78,79,78,76,54,10,40,69,82,67,14,19,40,59,12,58,69,60,59,54,8,18,10,10,38,69,58,58,59,66,80,86,69,71,36,9,15,21,10,25,17,87,71,14,4,8.0,2.0,4.0,Normal
Marquise,Julian,Cincinnati,WR,Illinois,24,67,1/29/01,73,206,1,18,1,,92,91,88,82,59,62,75,21,49,74,79,77,77,94,60,9,23,38,90,77,26,27,79,29,10,70,65,30,15,17,51,15,8,9,31,69,44,30,26,67,78,89,74,59,23,49,58,61,54,67,45,80,51,15,3,2.845,0.948333,0.24,Normal
Leif,Banaszek,Miami,LG,Clemson,25,67,1/22/00,77,322,1,76,4,Power - G,51,56,55,83,85,68,10,38,12,14,31,10,21,49,6,11,21,83,93,10,21,26,13,81,12,5,69,67,65,72,6,7,12,7,21,10,68,65,76,14,9,60,8,10,32,10,6,7,8,22,11,82,11,12,1,1.17,1.17,0.0,Normal
Irving,Kopay,Houston,FB,Tennessee,30,67,12/15/94,75,255,1,43,6,Blocking - FB,70,67,72,85,81,69,53,55,12,32,74,43,59,64,36,60,68,69,87,50,27,26,31,78,41,43,67,69,44,51,8,58,69,25,66,39,70,59,55,52,37,75,48,68,69,4,6,8,8,28,15,81,77,48,1,1.18,1.18,0.0,Normal
Kyries,Boston,Cincinnati,LT,Miami,22,67,9/12/02,78,319,1,74,0,Power - OT,63,55,68,81,81,69,13,19,12,12,43,18,24,46,6,25,28,89,83,18,24,16,27,80,11,5,68,71,69,74,5,30,33,10,21,19,68,74,73,18,18,62,15,17,24,9,6,7,8,24,11,82,32,13,4,4.62098,1.155245,0.42098,Normal
Shante,Sanzenbacher,Dallas,WR,South Carolina,25,67,5/7/00,74,205,1,83,2,Slot - WR,89,78,85,79,63,72,75,27,24,72,69,78,81,83,72,10,22,32,89,77,13,20,58,20,12,73,68,22,23,30,14,13,10,16,19,66,39,26,16,74,82,86,69,47,29,11,15,18,19,23,16,82,45,16,4,3.92236,0.98059,0.08236,Normal
Ahmad,Aguirre,Los Angeles A,RT,Georgia,25,67,7/13/00,76,325,1,68,3,Power - OT,71,56,58,82,91,77,17,37,12,11,30,15,23,53,6,26,32,83,90,10,14,11,11,78,10,4,69,69,74,72,2,18,29,8,34,10,72,68,71,16,19,64,10,21,35,5,6,6,4,15,12,83,24,10,4,3.835928,0.958982,0.175928,Normal
Veno,Supulski,Tennessee,ROLB,Miami,22,67,2/15/03,76,231,1,52,1,Pass Coverage - OLB,88,77,75,82,73,67,69,58,39,63,66,65,71,72,22,47,88,67,87,64,15,17,52,36,69,30,68,33,34,35,13,64,54,79,80,42,37,37,34,35,73,84,64,69,72,23,27,32,29,37,14,87,64,73,4,4.109492,1.027373,0.089492,Normal
Averell,Scarlett,Kansas City,LS,Oklahoma,36,67,8/6/89,75,209,1,41,10,Accurate - LS,84,74,88,73,63,57,37,35,15,23,62,47,62,78,32,18,43,58,97,40,24,24,11,47,15,34,69,49,41,52,10,25,16,25,56,45,47,37,38,38,49,82,39,41,40,10,10,11,9,37,12,76,31,25,1,1.65,1.65,1.65,Normal
Father,Scheuer,Seattle,RE,South Alabama,25,67,8/18/00,73,254,1,50,1,Power Rusher - DE,88,78,79,77,77,68,37,70,12,26,42,27,44,65,3,61,74,76,92,41,19,20,12,27,39,6,65,46,45,47,10,63,69,36,76,17,45,42,44,10,42,81,30,30,79,5,6,9,5,21,13,90,28,48,1,0.84,0.84,0.0,Normal
Flash,Barron,New York A,MLB,Kentucky,26,67,12/12/98,75,234,1,52,4,Run Stopper - MLB,90,83,90,90,74,65,46,64,12,21,49,44,67,75,7,70,81,81,87,39,19,23,10,17,49,12,66,26,41,44,8,59,59,44,83,13,30,48,47,15,51,87,31,34,83,4,6,5,7,27,14,74,27,55,4,8.0,2.0,4.0,Normal
Izzy,Jimoh,Chicago,RE,J. Madison,25,67,6/14/00,75,275,1,59,1,Run Stopper - DE,88,74,79,73,82,59,30,77,12,20,38,25,38,59,18,59,84,84,87,32,18,18,9,33,20,17,68,48,45,46,8,68,71,17,79,23,49,48,47,21,29,78,19,33,77,9,9,8,7,23,18,82,35,27,1,0.96,0.96,0.0,Normal
Elnardo,Arkin,Carolina,LG,USC,25,67,12/2/99,76,308,1,61,1,Power - G,74,66,76,86,90,63,27,28,9,9,25,15,28,62,8,27,29,81,93,15,8,15,6,79,10,9,66,70,68,69,6,29,23,7,30,9,70,64,71,12,20,73,16,29,24,8,7,8,8,20,12,80,22,12,4,4.158388,1.039597,0.138388,Normal
Blanche,Wendryhoski,Kansas City,WR,Southern Miss,26,67,1/30/99,74,198,1,89,2,Physical - WR,92,82,92,86,60,57,80,26,31,71,71,82,81,85,68,9,32,43,89,85,15,17,68,23,18,68,69,37,24,27,19,15,9,16,25,74,47,26,28,63,87,85,73,65,33,11,20,22,25,29,25,86,55,23,1,0.96,0.96,0.0,Normal
Dana,Macioszczyk,Jacksonville,RT,Missouri,25,67,3/31/00,77,313,1,62,1,Power - OT,71,61,82,88,83,74,10,37,8,5,41,17,23,49,2,37,38,80,96,14,14,17,7,83,20,1,69,70,73,74,7,32,43,12,39,13,80,73,73,7,18,64,10,10,44,10,9,11,6,15,9,88,17,26,4,4.817064,1.204266,0.797064,Normal
Kareem,Burgess,New Orleans,MLB,Texas,23,67,11/28/01,75,242,1,53,1,Run Stopper - MLB,82,83,79,82,74,69,55,75,15,41,65,63,71,74,12,60,85,80,93,59,23,26,34,37,54,23,69,36,31,30,7,64,64,54,78,15,46,39,42,25,66,82,54,48,77,8,9,12,6,22,9,88,50,57,4,4.274276,1.068569,0.254276,Normal
Demar,Pense,Los Angeles N,SS,Tennessee,24,67,10/12/00,72,202,1,2,1,Zone - S,91,80,81,86,62,72,68,55,16,51,65,60,75,71,28,44,71,62,92,75,14,18,47,23,64,35,69,31,26,31,11,74,40,70,77,44,35,37,32,38,68,87,63,53,65,11,10,18,16,25,10,90,41,71,3,2.845,0.948333,0.015,Normal
Filip,Tice,New York A,FS,Auburn,25,67,3/17/00,72,179,1,36,1,Hybrid - S,91,82,92,87,52,59,73,50,25,67,59,63,71,81,18,45,61,50,89,70,19,21,60,14,71,22,69,27,23,28,19,58,38,77,73,31,36,31,30,32,67,92,68,43,60,24,23,31,23,35,17,73,38,73,4,8.0,2.0,4.0,Normal
Dowe,Mcinnis,New England,FS,California,28,67,8/25/97,73,208,1,21,5,Zone - S,86,84,86,92,61,64,62,59,15,46,53,60,76,79,31,42,86,64,90,68,23,29,61,11,68,35,67,29,33,36,7,67,51,63,79,31,31,34,37,38,70,90,60,49,58,5,6,8,8,29,14,83,49,74,1,1.8,1.8,0.65,Normal
Dolph,Critchfield,Las Vegas,MLB,Notre Dame,30,67,6/14/95,74,240,1,54,9,Field General - MLB,87,80,88,81,74,67,48,66,12,24,44,28,57,73,4,69,84,81,87,46,17,21,9,23,61,7,68,43,42,44,5,66,62,50,80,22,47,46,43,17,34,84,33,40,81,8,6,8,6,26,10,85,33,67,1,1.255,1.255,0.0,Normal
Errol,Zuttah,Atlanta,MLB,Notre Dame,25,67,5/5/00,73,235,1,40,1,Field General - MLB,86,76,81,82,72,72,53,74,15,29,54,47,54,73,8,54,81,78,88,55,23,26,23,37,60,6,68,39,36,35,9,71,65,60,84,25,43,47,46,16,45,83,51,47,76,4,7,7,6,24,8,88,57,65,4,4.370024,1.092506,0.350024,Normal
Romeo,Degree,Kansas City,ROLB,Oregon,22,67,9/20/02,73,228,1,31,0,Run Stopper - OLB,88,80,92,89,71,67,47,64,22,39,57,49,53,76,25,52,77,73,86,55,17,22,9,25,61,26,67,47,46,46,5,65,49,43,83,24,46,46,43,31,49,83,49,42,79,8,6,5,7,26,13,87,43,66,4,4.613652,1.153413,0.413652,Normal
Orville,June,Philadelphia,LOLB,Clemson,22,67,12/24/02,72,230,1,54,1,Pass Coverage - OLB,83,80,82,84,67,71,51,65,24,42,60,63,66,74,21,68,87,66,89,48,17,19,41,39,65,29,66,34,29,31,11,72,61,54,81,31,34,27,29,33,62,78,44,39,75,8,13,14,14,24,10,90,40,68,4,8.0,2.0,4.0,Normal
Ki-Jana,Buksar,Carolina,WR,Colorado,22,67,9/12/02,68,174,1,15,0,,92,85,86,82,59,69,77,28,23,69,75,75,75,87,69,20,19,32,87,72,23,22,77,23,64,70,65,22,14,23,14,35,18,26,25,68,40,16,15,71,76,91,71,37,22,10,15,19,14,19,18,82,30,32,4,8.0,2.0,4.0,Normal
Adam,Chrebet,Los Angeles N,QB,E. Illinois,33,67,11/2/91,74,225,1,11,11,Field General - QB,72,74,74,91,59,68,66,16,70,47,57,15,33,73,14,9,13,27,82,57,7,20,10,25,17,16,66,11,13,12,86,20,12,7,34,18,23,11,11,17,27,72,57,41,19,78,78,85,82,86,77,92,40,19,1,3.005,3.005,3.005,Normal
Carleton,Mesak,Las Vegas,DT,Ole Miss,23,67,11/25/01,75,309,1,92,0,,71,63,70,86,84,63,51,81,36,43,63,56,52,60,24,69,79,84,92,49,32,29,38,30,19,31,66,44,42,46,37,62,65,16,73,31,48,42,48,38,50,66,41,52,76,28,34,41,39,43,40,92,62,20,4,4.46714,1.116785,0.26714,Normal
Kirk,Whitted,New Orleans,RE,Weber State,30,67,8/17/95,77,275,1,54,5,Power Rusher - DE,79,70,83,73,80,64,27,73,12,35,40,27,34,62,12,65,83,80,94,23,17,17,11,37,16,17,68,49,45,45,10,66,69,18,72,21,46,46,46,18,33,80,22,42,80,6,9,8,10,20,19,79,41,20,2,30.0,15.0,19.0,Normal
Edell,Isselhardt,Washington,MLB,Temple,24,67,3/24/01,74,228,1,58,1,Pass Coverage - MLB,88,83,82,87,64,66,64,66,47,55,67,47,55,85,1,63,76,68,92,63,13,14,11,24,60,3,69,39,28,37,33,63,55,45,77,21,42,37,44,12,56,89,62,48,82,38,46,50,43,54,31,89,61,64,4,4.391228,1.097807,0.371228,Normal
Scrapper,Joachim,Tampa Bay,RE,Eastern Michigan,26,67,5/9/99,74,242,1,33,2,Smaller Speed Rusher - DE,88,83,81,70,72,64,42,58,11,20,42,36,36,74,4,64,80,67,86,50,13,12,10,35,27,10,69,33,39,33,8,61,67,33,78,17,40,39,39,13,35,83,46,35,79,7,6,8,8,18,8,86,45,32,1,0.795,0.795,0.0,Normal
Peter,Jencks,Minnesota,LT,Vanderbilt,28,67,11/23/96,78,315,1,67,6,Agile - OT,67,61,65,84,84,70,14,30,12,8,26,26,27,54,10,18,39,79,89,14,26,20,10,82,12,13,69,70,71,67,9,21,23,10,37,46,75,79,68,21,24,64,7,6,33,8,6,5,7,17,11,86,26,12,1,2.0,2.0,0.75,Normal
Norb,Trost,Green Bay,CB,Tennessee,24,67,1/17/01,73,192,1,36,1,Zone - CB,95,82,81,82,64,64,66,46,22,62,60,61,74,80,14,39,65,44,84,69,21,22,57,14,63,19,66,29,25,25,9,63,31,74,66,24,34,24,29,27,68,87,65,44,50,7,10,13,21,37,10,82,49,74,1,0.84,0.84,0.0,Normal
Babatunde,Schwedes,New York A,HB,Iowa State,27,67,2/9/98,73,210,1,34,4,Elusive Back - HB,92,85,84,84,66,65,71,26,23,71,81,43,59,83,41,10,21,36,90,76,13,18,91,29,11,47,69,47,31,26,22,15,10,14,32,45,31,22,20,51,43,93,71,66,31,10,17,19,20,30,11,80,59,18,4,8.0,2.0,4.0,Normal
Fungy,Burney,Cleveland,QB,Pittsburgh,27,67,6/6/98,75,225,1,8,3,Scrambler - QB,89,82,78,88,67,65,85,28,75,72,51,22,44,80,13,7,17,23,86,73,37,49,9,14,9,15,69,17,15,17,79,21,4,13,27,17,20,18,18,27,38,80,68,48,29,75,79,84,84,83,79,89,63,10,4,14.067905,3.516976,14.067905,Normal
Gino,Atwater,Atlanta,RE,Notre Dame,27,67,4/28/98,76,268,1,92,5,Power Rusher - DE,85,75,80,81,84,67,25,75,12,12,37,19,37,59,4,58,78,82,86,28,15,18,12,11,19,8,68,44,46,47,6,59,69,15,77,13,48,45,45,11,15,80,18,23,76,6,6,6,4,18,9,79,28,28,1,1.17,1.17,0.0,Normal
Lynell,Keefer,Los Angeles A,HB,Troy,24,67,8/28/01,68,213,1,30,1,Elusive Back - HB,89,83,89,89,69,67,81,28,20,74,86,51,67,83,54,11,32,30,88,74,18,21,74,26,12,59,67,48,32,40,17,16,9,17,36,58,26,21,15,65,57,91,68,74,31,9,15,22,17,29,14,87,76,18,4,4.227436,1.056859,0.207436,Normal
Rodger,Holcombe,Green Bay,SS,Oregon State,24,67,10/20/00,74,216,1,27,1,Run Support - S,91,79,85,84,71,60,61,63,15,52,64,55,68,81,13,34,86,67,90,69,26,28,44,40,67,16,68,25,25,21,8,59,49,66,87,14,39,37,34,13,64,84,64,51,73,6,8,9,5,30,10,90,58,68,4,4.274276,1.068569,0.254276,Normal
Rocky,Woodruff,New York A,CB,Texas,28,67,9/12/96,71,195,1,17,6,Manto Man - CB,88,85,87,88,65,70,76,53,15,68,72,48,60,87,22,39,55,55,88,74,14,19,57,15,65,29,67,40,35,35,10,67,35,69,73,20,35,35,35,38,62,90,64,49,59,10,10,10,10,20,12,80,46,68,4,8.0,2.0,4.0,Normal
Herbie,Cogdill,Houston,DT,Notre Dame,26,67,4/27/99,74,300,1,93,3,,76,70,69,66,85,66,28,72,12,23,36,18,41,65,2,49,80,90,90,16,8,15,12,32,12,8,66,48,45,47,5,70,68,18,69,26,43,45,42,19,20,69,11,35,77,3,6,9,7,15,11,86,29,19,1,1.8,1.8,0.375,Normal
Dalton,Prestel,Carolina,DT,Alabama,27,67,12/5/97,76,290,1,93,2,,67,63,74,72,86,71,40,69,12,24,39,20,39,67,3,50,81,85,82,27,15,13,4,21,16,11,66,31,31,33,10,67,65,16,69,28,48,45,46,16,23,69,28,43,86,6,6,3,8,19,8,75,34,19,1,1.03,1.03,0.0,Normal
Bruce,Houser,Los Angeles N,DT,N.C. State,28,67,4/24/97,74,297,1,52,5,,70,56,74,72,89,71,52,74,12,32,57,14,38,56,7,69,80,83,85,42,16,15,11,49,18,3,67,46,43,46,8,73,63,15,75,14,46,47,48,11,18,72,35,47,77,7,6,5,7,24,9,87,54,20,1,1.17,1.17,0.16,Normal
Sherrill,Gainor,Miami,RG,Notre Dame,27,67,1/19/98,77,306,1,74,4,Agile - G,73,64,64,93,88,78,16,16,12,24,27,15,20,50,1,8,30,80,91,16,13,9,13,77,12,8,69,69,69,64,7,28,8,13,20,14,72,77,67,13,23,69,10,25,25,9,6,9,4,18,10,78,26,15,1,2.225,2.225,2.225,Normal
Ira,Asbury,Buffalo,DT,Auburn,24,67,9/27/00,74,286,1,72,1,,68,61,74,84,85,65,39,73,12,20,42,25,37,56,2,67,83,86,92,26,22,24,11,15,22,8,68,44,43,45,8,63,72,19,76,24,44,44,46,17,19,67,19,31,82,5,6,5,6,20,10,88,40,31,1,0.84,0.84,0.0,Normal
Jacky,Stanciel,Pittsburgh,QB,Oklahoma St.,30,67,7/17/95,77,235,1,2,7,Field General - QB,73,66,71,69,66,68,64,22,64,45,65,24,40,68,14,8,19,22,94,48,15,19,11,16,10,23,66,14,8,14,77,17,12,10,29,16,19,10,15,26,23,73,41,44,27,76,79,87,74,89,80,86,51,16,2,7.5,3.75,3.0,Normal
Tito,Mitrione,San Francisco,C,Temple,27,67,11/17/97,75,307,1,61,5,Agile - C,71,70,73,89,86,63,8,22,12,10,29,15,28,56,7,9,30,83,87,8,23,27,8,82,12,6,67,71,72,68,4,17,9,12,28,16,74,79,72,13,16,64,12,30,19,7,6,4,5,26,8,95,26,15,2,2.37,1.185,0.075,Normal
Polly,Mcquilken,Miami,DT,Tennessee,26,67,6/10/99,76,295,1,91,3,,81,56,84,72,79,71,31,74,12,29,35,30,37,52,22,59,77,81,90,31,18,15,9,28,14,27,66,42,42,44,4,68,67,13,75,26,47,46,44,27,32,72,25,35,79,4,6,4,6,24,12,80,33,17,1,0.0,0.0,0.0,Normal
Joselio,Ballou,Green Bay,CB,Tulane,23,67,2/5/02,71,183,1,26,0,Zone - CB,93,80,85,88,60,65,57,50,26,43,64,62,73,79,19,21,51,41,86,72,28,20,82,22,63,18,67,33,33,24,16,62,24,66,73,25,34,37,23,21,68,93,68,34,66,12,13,17,6,24,22,88,29,67,4,4.31384,1.07846,0.11384,Normal
Corl,Barnikow,Pittsburgh,SS,Southern Utah,32,67,5/10/93,74,222,1,28,9,Run Support - S,84,83,85,82,78,70,55,57,18,50,74,44,70,73,11,46,89,64,92,68,17,23,40,17,54,9,65,24,34,34,5,70,51,69,75,23,18,31,34,18,61,86,59,47,71,5,6,7,6,26,12,87,51,60,2,6.5,3.25,2.09,Normal
Andre,Sansen,Carolina,TE,Notre Dame,22,67,3/18/03,77,253,1,84,0,Vertical Threat - TE,82,76,81,83,76,67,72,38,35,63,69,80,78,69,59,34,41,68,81,64,28,20,25,53,29,57,66,54,53,55,30,33,31,16,37,63,61,56,54,66,74,83,63,66,35,17,25,30,33,41,30,78,70,34,4,4.590968,1.147742,0.390968,Normal
Romby,Dufft,Denver,LS,Arizona St.,28,67,10/28/96,74,223,1,48,4,Accurate - LS,75,63,69,73,75,56,54,38,15,28,56,39,41,65,34,11,50,63,87,46,17,16,10,50,17,37,65,58,47,47,11,29,9,11,50,25,54,42,47,47,40,78,47,54,54,8,15,27,9,38,12,81,49,18,3,4.175,1.391667,1.7,Normal
Carnell,Kolodziej,Cleveland,MLB,Utah,24,67,5/18/01,76,225,1,43,2,Run Stopper - MLB,88,78,81,84,67,70,41,71,12,35,48,45,51,78,8,68,87,66,89,53,14,13,11,26,46,7,67,36,34,36,7,72,64,40,83,21,46,44,46,14,43,85,49,36,78,7,6,8,5,28,10,83,47,53,3,2.72,0.906667,0.25,Normal
Eldridge,Berton,Cleveland,CB,South Dakota,23,67,12/13/01,71,195,1,26,1,Slot - CB,94,90,82,84,59,51,57,45,22,62,51,57,72,93,30,35,71,44,84,76,14,7,51,19,63,28,65,31,24,24,14,50,30,71,73,36,32,29,28,35,61,91,69,37,74,16,22,22,18,24,15,86,31,62,4,4.130332,1.032583,0.110332,Normal
Khary,Pietrosante,Atlanta,WR,San Jose St.,26,67,7/8/99,75,203,1,80,0,Slot - WR,88,79,81,86,66,72,77,29,41,72,65,79,79,81,64,24,36,36,90,71,24,26,74,29,22,73,67,25,17,28,33,31,22,25,34,67,45,28,27,70,77,89,67,42,30,46,51,55,50,63,52,88,45,30,3,2.985,0.995,0.15,Normal
Brooks,Germaine,Kansas City,WR,Fresno State,25,67,11/4/99,69,187,1,81,2,,90,81,86,80,66,62,82,26,19,78,74,75,81,83,72,11,22,39,85,80,23,22,81,22,13,69,69,26,15,18,21,15,12,14,36,68,47,20,27,73,76,86,77,42,28,7,10,14,9,28,17,84,44,18,1,0.915,0.915,0.0,Normal
Emanuel,Marko,Tennessee,LT,Elon University,28,67,2/14/97,78,320,1,72,6,Power - OT,70,67,70,90,85,74,9,37,12,11,24,15,19,54,7,22,29,80,88,11,13,11,9,79,13,3,65,66,64,68,4,35,32,12,37,15,70,71,76,16,14,70,8,11,32,7,6,4,6,20,13,81,8,20,1,2.0,2.0,2.0,Normal
Akwasi,Addai,Philadelphia,CB,Tulane,30,67,10/11/94,70,182,1,34,7,Manto Man - CB,91,83,82,89,53,60,70,51,17,54,69,75,75,83,9,36,56,47,78,80,13,13,48,15,72,11,65,37,36,35,5,61,28,72,80,13,36,33,34,19,75,89,59,28,46,4,6,8,6,26,16,75,27,68,1,1.17,1.17,0.0,Normal
Dunstan,Speelman,Dallas,DT,Oklahoma,25,67,8/5/00,76,290,1,99,3,,80,61,71,77,81,68,26,73,18,26,27,14,25,54,6,61,84,84,89,33,11,12,8,16,20,6,69,44,47,45,7,62,70,19,77,12,44,47,43,16,17,76,22,34,79,10,9,10,9,18,17,79,28,24,2,2.035,1.0175,0.0,Normal
Tebucky,Grady,Denver,LE,Alabama,24,67,5/12/01,76,243,1,51,0,Smaller Speed Rusher - DE,86,81,84,85,72,67,44,66,23,26,54,46,55,75,16,62,80,76,89,44,18,23,12,28,59,22,67,47,47,44,4,66,56,52,80,25,44,47,43,26,51,82,41,37,81,5,6,5,8,21,11,87,33,62,4,5.054256,1.263564,0.854256,Normal
Ching,Griffing,Seattle,DT,Kentucky,26,67,3/16/99,76,360,1,92,4,,66,55,71,75,91,67,16,71,30,9,27,15,25,48,4,61,77,86,89,14,24,17,8,36,13,5,67,44,43,44,25,71,65,14,73,17,46,47,43,11,16,57,8,21,77,20,26,32,29,42,30,84,33,16,1,1.1,1.1,0.0,Normal
Marrio,Coronado,New York A,CB,None,23,67,1/8/02,72,197,1,37,2,Zone - CB,90,83,86,83,61,61,63,54,23,57,57,61,77,84,15,36,69,57,89,72,18,11,52,32,67,22,68,34,27,23,16,59,24,63,69,26,31,31,32,20,61,90,68,46,63,12,18,23,19,31,23,82,33,69,4,8.0,2.0,4.0,Normal
Hassan,Cordill,Los Angeles A,SS,Clemson,24,67,7/10/01,72,199,1,27,0,Zone - S,87,82,96,88,60,66,64,53,14,55,60,56,70,79,22,34,78,49,87,57,18,22,39,26,64,29,68,35,36,34,7,60,35,70,78,29,36,37,37,30,64,90,52,42,66,7,6,5,7,23,13,88,42,70,4,4.37428,1.09357,0.17428,Normal
Vyto,Plump,Carolina,HB,Virginia Tech,26,67,6/5/99,69,190,1,3,3,Elusive Back - HB,89,89,81,81,58,59,75,20,29,80,76,69,69,87,59,12,25,40,90,82,15,15,84,39,15,65,68,41,35,33,19,25,11,14,40,58,33,24,28,62,67,88,75,69,25,16,20,29,23,22,14,80,58,20,1,1.1,1.1,0.0,Normal
Tam,Fultz,Seattle,WR,UNLV,23,67,2/6/02,73,181,1,86,0,Deep Threat - WR,89,75,86,88,64,71,76,31,30,69,71,80,78,80,69,28,37,48,92,72,21,25,77,30,55,72,65,21,12,19,26,41,24,28,39,71,51,21,24,68,80,87,71,54,43,25,21,14,10,24,23,89,50,53,4,4.3127,1.078175,0.1127,Normal
Eason,Sherman,Los Angeles N,HB,Fresno State,26,67,1/31/99,69,195,1,20,3,Elusive Back - HB,89,84,84,81,66,62,74,24,25,75,78,66,69,82,52,14,26,31,84,82,16,17,72,36,15,60,66,45,23,24,7,20,22,14,23,45,38,31,29,66,57,90,76,54,33,20,22,25,21,33,12,85,44,20,1,1.1,1.1,0.0,Normal
Theotis,Yagiello,Chicago,MLB,Maryland,23,67,9/16/01,72,236,1,47,0,Field General - MLB,91,84,80,87,68,70,53,64,23,41,60,54,61,76,24,58,79,72,87,54,19,23,10,26,58,27,67,45,45,45,6,68,57,47,80,29,45,45,45,32,58,88,51,47,79,6,6,6,6,24,11,87,43,64,4,5.079588,1.269897,0.879588,Normal
Darrien,Gachkar,Dallas,LG,LSU,26,67,7/26/99,76,322,1,77,4,Agile - G,58,68,70,81,84,79,8,33,12,11,26,16,19,53,5,27,32,77,90,17,14,12,14,84,12,7,68,64,66,67,5,39,20,10,36,10,70,71,72,13,11,72,13,22,36,9,6,3,5,16,15,87,26,12,1,1.17,1.17,0.0,Normal
Allama,Ashton,Chicago,WR,Nebraska,27,67,3/24/98,73,191,1,83,3,,88,92,82,84,54,64,75,28,22,61,67,73,77,86,73,10,28,40,90,80,15,16,46,18,18,68,68,25,22,25,8,21,10,15,36,63,49,31,30,66,80,90,76,62,31,7,10,17,10,22,13,81,43,16,1,1.03,1.03,0.0,Normal
Jay,Deriggi,Cleveland,QB,Colorado,23,67,2/7/02,74,212,1,12,0,Scrambler - QB,81,79,78,93,65,60,76,32,81,68,62,25,29,76,19,35,34,21,94,64,27,22,26,24,31,12,69,30,26,31,85,42,37,36,34,23,15,24,30,23,23,80,55,49,33,76,78,84,85,89,78,94,48,32,4,4.64738,1.161845,0.44738,Normal
Devale,Jetmore,Carolina,CB,Ga. Southern,25,67,6/6/00,72,200,1,27,1,Zone - CB,94,78,83,81,59,71,66,51,14,54,63,59,70,75,14,38,63,49,87,69,17,20,54,13,63,15,69,28,29,30,9,69,31,62,78,19,34,34,34,25,63,91,63,50,53,10,8,7,12,26,11,79,31,68,3,2.84,0.946667,0.105,Normal
Fate,Inman,Seattle,CB,Appalach. St.,27,67,6/20/98,70,184,1,34,4,Manto Man - CB,87,87,81,84,62,71,60,43,12,41,54,54,56,84,24,30,44,41,87,70,8,10,58,19,70,21,66,34,31,36,5,67,33,65,70,27,35,31,39,30,62,86,64,28,49,5,6,2,8,22,17,70,29,65,4,8.0,2.0,4.0,Normal
Dell,Atogwe,Arizona,WR,Stanford,27,67,11/5/97,75,220,1,80,4,Deep Threat - WR,92,87,86,80,69,68,79,46,24,71,73,79,82,84,68,11,41,46,90,71,15,19,38,28,27,65,69,39,19,24,26,28,11,24,46,68,47,25,28,67,76,92,71,49,44,7,10,13,8,25,20,84,44,38,1,1.75,1.75,1.25,Normal
Delawrence,Fiske,Dallas,RG,Oregon,26,67,3/31/99,76,325,1,66,2,Power - G,71,53,69,83,82,71,41,42,18,43,51,40,44,46,33,40,54,81,89,42,10,13,6,82,12,39,68,67,65,75,3,46,56,9,52,41,69,71,78,40,42,57,36,46,49,9,6,6,4,15,12,86,46,14,3,2.705,0.901667,0.15,Normal
Sha'Reff,Carl,Philadelphia,DT,Stanford,25,67,11/11/99,75,301,1,59,3,,83,74,73,75,86,62,41,71,12,36,41,35,41,65,24,51,79,84,93,33,10,16,12,36,15,24,65,44,46,45,8,65,63,18,72,25,43,46,46,31,34,74,27,42,80,7,6,5,6,17,10,83,31,14,4,8.0,2.0,4.0,Normal
Freddie,Echols,Indianapolis,DT,Alabama,23,67,8/9/02,76,306,1,93,0,,71,60,60,78,83,67,31,74,11,21,37,18,21,58,12,56,82,83,93,17,18,18,22,22,16,14,67,45,45,45,12,66,67,11,73,16,45,45,45,16,18,68,15,37,80,7,10,15,16,16,12,90,33,12,4,4.43436,1.10859,0.23436,Normal
Alfonzo,Cordovano,Houston,DT,Ohio State,25,67,9/19/99,74,296,1,72,4,,72,71,78,71,91,51,23,68,12,16,24,12,26,58,3,55,84,84,84,21,18,18,8,26,14,8,68,43,41,42,2,55,70,13,76,16,48,41,44,10,13,70,16,24,80,10,6,6,5,25,14,88,28,17,1,0.985,0.985,0.0,Normal
Adolph,Vinatieri,Cleveland,CB,Alabama,30,67,7/13/95,72,198,1,11,7,Manto Man - CB,93,89,76,88,59,63,53,49,17,43,63,28,58,84,10,45,53,48,91,74,13,19,43,15,68,13,67,34,33,37,4,69,35,67,66,34,34,33,37,27,62,89,62,32,45,4,6,7,5,36,19,82,29,70,4,8.0,2.0,4.0,Normal
Barret,Sucic,Los Angeles N,MLB,West Virginia,26,67,6/18/99,72,222,1,40,4,Field General - MLB,90,80,83,82,62,74,42,63,12,30,60,54,68,62,29,60,84,75,87,47,18,21,9,24,60,30,69,47,41,44,5,75,44,38,86,41,44,42,42,34,53,86,40,42,79,4,6,8,6,24,13,86,38,62,4,8.0,2.0,4.0,Normal
Dimp,Cecil,Pittsburgh,HB,Ohio State,26,67,1/30/99,72,215,1,27,4,Elusive Back - HB,93,82,92,83,77,59,78,34,34,76,88,48,66,83,44,13,33,51,75,76,12,19,41,48,12,52,68,52,35,41,23,15,10,21,32,50,52,36,34,62,49,83,71,81,33,29,30,34,31,37,20,80,77,17,1,1.17,1.17,0.0,Normal
Reshad,Vacanti,Los Angeles A,CB,Florida,24,67,9/20/00,75,196,1,31,0,Zone - CB,95,84,81,84,63,65,70,45,32,51,57,63,75,81,30,38,50,44,93,71,26,25,79,26,68,32,67,34,36,24,25,62,25,66,68,36,37,36,27,34,69,93,65,42,53,16,19,18,25,21,22,90,33,71,4,4.301672,1.075418,0.101672,Normal
Von,Angulo,Jacksonville,MLB,Florida,26,67,1/15/99,72,221,1,51,2,Field General - MLB,88,76,76,86,71,72,62,66,12,52,58,52,61,74,3,51,86,76,79,56,11,15,13,35,61,8,68,32,38,34,8,75,55,50,80,26,41,43,44,14,58,84,44,45,71,3,11,14,8,14,14,91,48,69,4,4.576936,1.144234,0.736936,Normal
Morris,Rentz,Cleveland,ROLB,Weber State,26,67,8/3/99,72,225,1,59,1,Run Stopper - OLB,87,71,82,85,78,64,57,69,13,44,63,60,60,71,8,52,75,75,92,65,14,21,17,13,47,10,67,47,43,46,12,66,59,47,82,14,46,43,46,21,59,84,55,47,80,4,10,14,8,26,11,86,51,56,1,0.96,0.96,0.0,Normal
Zebrie,Poole,Pittsburgh,DT,Iowa,23,67,4/21/02,78,336,1,78,0,,68,64,62,85,84,67,32,75,14,23,39,18,19,55,9,63,81,85,88,24,22,24,24,25,9,13,65,45,45,47,15,69,69,11,72,10,48,46,48,17,18,59,12,34,82,7,10,8,14,12,12,89,33,14,4,4.579836,1.144959,0.379836,Normal
Tucker,Hibler,Miami,QB,BYU,26,67,8/3/99,74,214,1,0,4,Strong Arm - QB,90,88,74,80,61,62,76,22,71,67,63,29,56,77,18,9,13,23,83,67,43,61,10,15,12,24,69,12,14,17,85,13,12,6,33,14,15,11,10,33,31,85,62,50,24,78,75,85,78,90,74,88,39,15,1,6.0,6.0,6.0,Normal
Toni,Hiemstra,Jacksonville,CB,Texas Tech,27,67,3/21/98,71,191,1,34,4,Manto Man - CB,94,86,92,87,59,67,71,44,10,49,58,51,61,89,38,39,51,45,90,72,18,24,71,17,66,37,68,36,34,35,5,62,35,64,66,37,34,33,33,43,66,88,68,33,61,5,6,8,6,21,10,85,37,67,1,1.03,1.03,0.0,Normal
Hunk,Toston,Buffalo,LG,UCLA,25,66,10/3/99,77,305,1,70,2,Power - G,54,47,63,82,82,66,28,37,12,23,47,35,39,46,9,32,41,82,91,10,20,23,9,78,12,19,68,68,66,71,3,26,33,6,50,37,80,75,70,25,29,58,11,16,46,8,6,3,7,22,11,81,34,15,1,1.03,1.03,0.0,Normal
Deshea,Leahy,Denver,C,Oregon,26,66,2/13/99,76,312,1,54,2,Power - C,66,56,54,85,84,69,25,30,12,28,25,37,35,51,17,9,39,83,89,22,20,25,12,74,12,23,66,73,72,78,7,21,12,16,32,32,73,73,71,29,34,64,25,39,33,8,6,7,4,27,12,86,33,13,4,3.917776,0.979444,0.077776,Normal
Ulysses,Bengen,Cleveland,LE,UAB,24,66,9/5/00,77,267,1,91,3,Power Rusher - DE,82,69,73,75,71,68,41,74,12,31,43,39,41,64,29,62,76,86,89,41,16,17,9,18,22,29,65,43,44,45,8,62,71,26,80,31,47,44,43,37,39,79,30,40,76,5,6,5,6,14,10,87,31,31,4,5.293574,1.323394,1.029872,Normal
Dinger,Stensrud,Tennessee,RE,LSU,26,66,11/29/98,78,263,1,99,2,Smaller Speed Rusher - DE,84,75,83,79,73,65,36,69,12,37,40,34,41,75,20,70,77,72,87,57,22,20,14,17,35,21,68,44,43,44,7,58,58,35,78,19,45,43,45,27,37,81,45,35,73,6,6,9,4,29,14,80,28,46,1,0.795,0.795,0.0,Normal
Dou,Schuhmacher,Tennessee,LOLB,Vanderbilt,24,66,10/6/00,74,230,1,59,2,Run Stopper - OLB,95,81,89,83,69,65,58,66,16,43,56,55,62,74,14,60,79,70,94,69,31,27,42,23,53,18,66,31,28,32,7,63,48,53,84,25,36,34,33,27,59,85,62,45,77,9,12,13,6,23,17,87,46,64,2,1.755,0.8775,0.0,Normal
Manuel,Quillan,Denver,HB,Memphis,25,66,10/14/99,69,195,1,25,1,Elusive Back - HB,89,82,93,89,71,66,76,34,25,76,82,53,71,83,50,9,30,38,90,77,19,27,71,32,18,59,66,49,36,31,17,27,12,20,44,53,45,31,25,67,59,89,70,71,35,18,20,23,9,39,19,85,78,25,2,1.755,0.8775,0.0,Normal
Woodrow,Loberg,New England,FS,Texas,28,66,5/30/97,73,205,1,41,3,Zone - S,90,90,89,83,60,61,73,63,21,60,64,64,70,84,44,43,71,49,88,70,28,21,52,32,60,51,65,33,29,34,5,53,38,59,76,46,35,37,35,49,70,91,65,44,65,17,16,17,21,30,9,88,47,65,3,9.0,3.0,3.6,Normal
Griff,Walik,Green Bay,LE,Florida,25,66,1/30/00,76,250,1,57,2,Power Rusher - DE,91,66,80,73,81,66,45,79,11,26,43,40,51,66,2,66,82,71,88,46,14,16,8,36,41,8,64,44,44,39,5,59,69,54,76,22,42,48,49,15,47,76,46,58,73,4,6,5,4,26,14,78,44,46,4,8.0,2.0,4.0,Normal
Jermelle,Stanfill,Minnesota,MLB,Oklahoma,25,66,3/29/00,72,226,1,6,3,Pass Coverage - MLB,91,86,81,79,75,69,40,63,12,31,52,35,55,72,5,54,84,82,89,44,9,16,10,19,64,10,65,45,45,43,9,67,50,42,80,27,44,46,48,10,29,86,35,31,77,9,6,6,5,20,11,86,40,61,4,8.0,2.0,4.0,Normal
Jake,Mcbath,Detroit,TE,Notre Dame,26,66,11/27/98,76,255,1,89,4,Possession - TE,85,71,80,83,80,73,61,32,13,42,74,75,76,70,49,8,27,70,80,56,23,21,13,57,11,57,65,58,53,60,6,15,12,14,37,62,59,54,60,60,73,88,46,51,43,6,10,16,12,25,8,84,56,14,3,12.0,4.0,4.6,Normal
Cyril,Squyres,Dallas,C,Virginia Tech,26,66,7/2/99,76,302,1,67,3,Power - C,69,60,70,79,81,71,13,32,13,2,35,10,18,54,3,24,33,82,90,10,13,13,7,79,9,1,64,72,72,76,9,28,34,9,34,13,69,78,70,9,12,54,11,8,32,5,6,10,7,24,6,79,15,9,1,1.1,1.1,0.0,Normal
Tomur,Civiletto,Seattle,RG,Kansas,23,66,9/4/01,77,308,1,77,0,Power - G,78,59,75,86,94,69,17,30,12,8,38,13,31,62,8,27,43,81,85,9,12,13,11,77,11,4,67,72,67,67,9,23,30,13,24,11,71,69,68,12,19,73,9,18,45,2,6,7,7,21,13,85,21,11,4,4.43226,1.108065,0.23226,Normal
Chansi,Borland,New York A,DT,Maryland,28,66,5/20/97,75,300,1,93,6,,66,60,75,68,81,65,36,79,12,26,23,18,37,55,3,75,81,84,82,31,13,16,7,20,21,6,67,44,45,43,9,64,71,24,74,14,46,42,46,18,13,67,19,31,76,8,9,6,10,22,16,79,32,28,4,8.0,2.0,4.0,Normal
Aqib,Belin,Miami,RE,California,27,66,4/15/98,75,245,1,53,3,Smaller Speed Rusher - DE,96,87,88,82,65,64,37,67,15,32,45,33,50,75,1,62,85,71,88,44,18,16,11,19,35,7,64,45,49,46,3,64,53,40,73,17,45,42,48,15,41,84,36,30,74,3,6,6,5,26,12,64,37,43,2,1.665,0.8325,0.0,Normal
Vann,Donahue,Philadelphia,LT,Texas,21,66,10/16/03,78,334,1,73,0,Power - OT,70,58,66,84,89,63,31,24,17,37,31,20,21,51,8,10,31,86,87,22,20,16,17,78,12,8,65,71,68,72,9,26,34,9,11,17,74,69,75,16,18,67,22,36,29,8,6,6,5,23,7,87,32,15,4,4.401572,1.100393,0.676572,Normal
Derwin,Purnell,New York A,LT,Pittsburgh,26,66,1/19/99,77,323,1,67,2,Pass Protector - OT,71,65,70,84,80,72,38,25,18,34,53,51,49,55,31,8,32,78,89,31,9,10,12,67,8,34,66,76,77,74,8,17,11,8,21,42,65,65,58,46,49,65,24,30,29,12,13,16,10,22,9,76,29,9,4,8.0,2.0,4.0,Normal
Garnell,Burris,Atlanta,WR,Illinois,24,66,3/6/01,72,200,1,82,1,,89,81,91,78,57,70,75,21,29,69,70,76,83,82,68,9,17,42,91,80,11,20,41,29,11,66,65,31,18,20,26,16,12,13,25,67,47,36,26,70,79,88,73,57,21,33,32,41,35,56,32,80,46,16,4,4.213596,1.053399,0.193596,Normal
Tre',Crumpler,Baltimore,TE,Iowa State,26,66,2/10/99,78,250,1,88,3,Vertical Threat - TE,85,85,85,84,65,64,75,33,16,55,71,76,80,76,57,17,31,57,87,64,15,12,17,56,12,62,68,56,56,51,10,19,16,6,38,67,54,56,53,70,86,85,67,63,34,6,10,17,11,29,9,90,62,15,4,4.364884,1.091221,0.704884,Normal
Larron,Kadziel,Green Bay,HB,BYU,25,66,1/11/00,73,223,1,30,2,Elusive Back - HB,87,83,85,87,72,62,76,30,28,80,91,47,66,79,42,10,25,41,92,81,24,18,41,34,12,52,64,56,36,40,14,15,14,20,33,48,40,30,25,54,47,89,73,73,29,9,15,19,10,31,18,88,77,18,1,0.915,0.915,0.0,Normal
Merritt,Stuckey,Las Vegas,HB,Wagner College,32,66,1/22/93,71,210,1,35,1,Elusive Back - HB,96,87,85,80,69,60,76,34,33,74,86,51,59,87,39,12,49,37,82,78,11,16,41,32,30,42,68,47,28,35,9,20,11,31,45,40,44,47,46,52,51,89,68,64,37,13,20,23,10,28,17,82,77,37,2,1.755,0.8775,0.0,Normal
Hersh,Ragunas,Pittsburgh,TE,Michigan St.,26,66,1/22/99,72,230,1,83,3,Possession - TE,85,70,78,82,69,69,81,48,42,66,80,78,77,66,48,19,59,66,91,65,35,44,63,69,15,55,66,59,58,56,24,30,23,9,49,58,56,55,57,63,76,80,58,73,42,23,20,30,34,35,27,90,71,15,4,3.815224,0.953806,0.155224,Normal
Mekeli,Hallen,Cincinnati,SS,Ole Miss,24,66,9/9/00,72,205,1,33,1,Zone - S,92,89,89,83,58,60,67,53,21,64,61,60,71,91,13,42,87,58,90,71,15,21,61,28,64,20,67,32,35,36,12,57,36,62,73,28,35,32,39,30,63,89,63,57,66,18,20,21,13,29,17,86,51,70,4,4.137784,1.034446,0.117784,Normal
Darrius,Hardwick,Seattle,CB,Houston,27,66,7/15/98,70,180,1,37,3,Zone - CB,94,87,83,88,60,61,71,43,19,54,62,55,63,87,32,34,54,45,86,78,16,14,61,17,65,34,65,27,29,31,4,64,28,63,80,31,33,29,31,39,58,90,68,30,58,8,12,15,15,33,12,84,35,67,1,1.03,1.03,0.0,Normal
Plato,Mallard,Detroit,FS,Georgia,24,66,11/30/00,72,194,1,28,0,Zone - S,94,79,83,87,62,60,65,55,14,51,61,54,63,79,22,34,78,57,86,61,15,16,42,21,64,22,68,35,31,34,7,58,33,63,81,28,37,34,32,32,58,92,59,46,62,2,6,6,8,24,13,85,47,68,4,4.331624,1.082906,0.131624,Normal
Jock,Ziff,Jacksonville,SS,Auburn,27,66,7/1/98,70,215,1,20,5,Run Support - S,88,82,85,85,68,66,56,62,17,50,61,48,63,84,9,31,84,60,94,71,22,20,54,10,61,18,67,10,36,37,6,65,25,63,77,19,19,37,35,25,63,88,58,50,69,7,6,4,7,18,9,91,47,64,2,4.0,2.0,2.0,Normal
Cornell,Samuda,Arizona,SS,San Diego St.,25,66,5/2/00,72,190,1,30,4,Zone - S,88,81,89,91,62,68,49,47,10,41,52,59,67,81,8,48,63,43,85,67,17,22,51,19,62,13,68,34,37,35,8,70,41,68,67,39,33,33,36,20,62,90,57,40,61,8,6,8,6,25,16,84,40,70,1,1.1,1.1,0.0,Normal
Roynell,Kapp,Los Angeles N,TE,Clemson,24,66,2/3/01,78,250,1,87,2,Vertical Threat - TE,86,79,92,86,68,70,73,52,20,55,67,80,78,70,53,48,59,64,87,56,18,18,26,54,37,58,68,51,56,50,17,52,47,31,64,57,60,60,53,58,79,84,48,57,66,9,15,21,27,45,22,88,66,45,4,4.084976,1.021244,0.244976,Normal
Chimdi,Cumbie,Tampa Bay,WR,W. Illinois,26,66,4/24/99,73,198,1,89,3,,91,79,93,85,63,62,79,30,26,69,76,79,78,82,67,12,30,48,88,74,12,13,71,26,17,72,66,40,11,13,11,28,8,16,39,66,52,24,27,69,76,90,76,67,33,17,20,23,25,37,13,88,54,21,1,0.84,0.84,0.0,Normal
Bibbles,Ulbrich,Cleveland,QB,Oregon,24,66,12/28/00,72,205,0,5,0,Field General - QB,88,77,73,90,56,69,76,31,66,63,63,21,40,76,17,33,31,29,90,57,35,48,22,29,24,14,66,25,28,26,85,30,31,23,40,26,17,27,28,22,16,81,56,44,34,81,80,84,76,84,81,91,32,48,4,6.226322,1.556581,1.168232,Normal
Sergio,Stepanovich,Seattle,QB,Missouri,28,66,11/10/96,76,228,1,2,6,Field General - QB,85,77,76,77,67,67,72,22,68,51,53,28,39,79,18,11,18,21,90,36,12,21,17,11,14,22,67,17,10,15,78,18,11,11,25,14,25,15,18,26,33,82,28,33,22,75,76,84,76,85,76,90,43,16,2,5.0,2.5,2.25,Normal
Zuck,Emerick,Minnesota,CB,Arkansas,23,66,2/6/02,74,185,1,29,1,Zone - CB,93,77,79,90,60,63,74,34,24,65,57,61,60,82,17,41,48,47,90,76,20,26,64,21,62,20,68,18,19,20,13,84,35,61,61,24,23,19,24,21,62,90,69,42,55,19,25,32,31,31,23,84,46,66,3,2.84,0.946667,0.03,Normal
Ricardo,Basrak,New York A,WR,Rutgers,24,66,5/30/01,71,181,1,35,0,,93,86,85,85,63,64,80,28,22,70,71,75,76,85,70,19,29,42,91,75,14,16,66,27,22,66,64,26,13,13,8,22,18,19,36,60,50,36,29,68,76,93,69,42,31,9,15,22,15,31,21,87,40,27,4,8.0,2.0,4.0,Normal
Pike,Onkotz,Dallas,DT,Northwestern,26,66,1/8/99,77,300,1,51,4,,73,79,74,69,81,63,30,72,12,19,34,20,38,64,0,59,79,83,87,30,20,12,11,18,27,4,66,47,44,46,8,66,66,22,74,16,47,43,43,9,24,74,25,41,70,7,6,4,4,10,14,81,29,40,4,8.0,2.0,4.0,Normal
Budge,Babin,Jacksonville,WR,Duke,25,66,7/7/00,73,205,1,10,0,Deep Threat - WR,87,87,85,81,71,66,76,25,22,69,76,77,82,81,68,9,23,45,83,72,16,21,73,19,18,70,66,23,21,23,8,19,12,20,33,70,52,29,32,67,78,93,68,48,25,8,10,13,9,24,18,84,50,23,3,2.981,0.993667,0.25,Normal
Everett,Dillahunt,Detroit,FS,Pittsburgh,25,66,4/24/00,71,190,1,36,2,Zone - S,91,87,89,88,53,64,60,47,10,57,59,58,69,87,34,39,73,43,93,75,15,22,62,16,60,32,67,29,30,32,8,69,33,60,63,30,38,35,36,40,67,91,67,40,71,6,6,6,7,26,17,78,31,68,4,8.0,2.0,4.0,Normal
Gill,Bartlewski,Pittsburgh,DT,Minnesota,26,66,3/9/99,77,282,1,72,3,,84,60,70,72,82,65,22,72,15,20,32,20,25,50,8,56,74,86,90,28,22,25,9,48,18,9,64,43,44,47,5,62,67,12,70,13,46,47,47,11,22,77,21,35,74,5,6,3,4,17,8,82,27,24,1,1.03,1.03,0.0,Normal
Amos,Cowan,Pittsburgh,HB,Northwestern,24,66,10/26/00,70,214,1,38,2,Elusive Back - HB,88,88,90,87,72,60,78,27,22,74,89,52,71,84,45,13,27,40,90,75,18,18,76,35,13,55,64,51,32,28,14,14,12,13,36,51,42,31,35,59,50,89,68,75,36,12,15,21,21,27,14,89,71,18,1,0.96,0.96,0.0,Normal
Tedy,Leisle,New York A,MLB,Miami,22,66,3/17/03,74,233,1,51,0,Field General - MLB,91,76,86,89,75,68,48,64,33,37,65,45,58,73,18,61,78,72,90,48,16,24,11,26,56,25,64,44,46,45,15,68,55,45,82,24,46,44,43,24,45,84,47,42,80,21,23,24,31,29,20,88,42,63,4,8.0,2.0,4.0,Normal
Anthony,Ehrhardt,Cleveland,WR,South Carolina,22,66,1/3/03,68,171,1,84,0,,92,80,93,85,61,64,81,23,29,70,72,75,79,85,65,12,28,35,89,75,18,21,79,21,13,66,67,29,17,22,16,26,17,12,29,63,45,35,25,69,77,92,77,48,25,15,17,16,25,27,29,83,35,17,3,2.975,0.991667,0.055,Normal
Dustin,Planutis,Detroit,QB,Tennessee,27,66,1/13/98,75,221,1,2,2,Scrambler - QB,94,85,80,81,64,33,88,22,83,76,56,16,41,83,19,12,20,27,77,76,14,16,6,20,9,17,67,14,13,19,80,20,9,6,24,22,24,13,16,28,18,85,79,66,20,78,75,83,80,86,79,82,54,14,4,5.719021,1.429755,1.159288,Normal
Mackenzy,Barnum,Kansas City,C,Penn State,25,66,11/26/99,75,315,1,60,1,Agile - C,73,66,65,83,83,75,10,34,12,5,41,10,22,55,5,35,35,80,93,10,20,22,10,81,9,5,66,72,69,69,6,35,38,10,41,12,71,73,72,10,12,67,10,10,35,6,6,8,6,22,14,90,15,9,4,4.321832,1.080458,0.319516,Normal
Shannon,Pena,Detroit,LE,Ole Miss,26,66,1/14/99,75,265,1,45,1,Power Rusher - DE,85,75,89,76,80,56,27,71,15,21,37,22,34,65,4,65,81,83,89,38,22,32,11,28,24,6,65,48,46,46,5,54,70,33,82,14,41,41,42,9,26,78,27,26,77,7,9,11,8,20,5,82,27,32,1,0.84,0.84,0.0,Normal
Antrel,Gallaher,Green Bay,CB,Oregon State,26,66,1/31/99,72,193,1,47,4,Manto Man - CB,89,86,87,89,61,65,48,45,10,43,56,42,54,82,28,32,46,45,86,72,13,9,61,21,64,32,65,33,34,35,8,65,28,68,73,35,34,34,34,30,51,92,63,32,45,4,6,4,6,24,12,71,26,62,1,1.03,1.03,0.0,Normal
Bap,Riddell,Cincinnati,RE,Oklahoma,26,66,12/3/98,77,266,1,51,3,Power Rusher - DE,88,69,78,67,81,66,46,70,12,34,43,33,37,63,27,63,80,78,89,39,14,18,9,21,20,29,64,45,45,43,3,61,70,22,84,28,49,41,45,35,34,81,33,48,72,5,6,4,8,23,11,79,34,30,2,1.945,0.9725,0.0,Normal
Herkie,Muir,Houston,HB,Arizona,27,66,1/4/98,66,185,1,26,5,Elusive Back - HB,85,83,87,82,64,63,74,33,21,71,82,49,71,83,47,9,26,28,81,80,20,16,73,29,21,53,67,47,21,25,17,24,12,17,43,45,24,11,17,59,51,86,76,65,34,12,15,23,13,21,11,77,81,30,1,1.1,1.1,0.0,Normal
Sabby,Fieldings,Carolina,LG,Southern,26,66,1/15/99,75,311,1,65,3,Power - G,78,56,80,79,85,75,44,36,12,42,45,37,41,46,23,31,37,82,89,43,8,18,12,79,10,30,65,68,70,74,6,40,39,11,39,30,68,60,65,32,43,74,28,39,36,4,6,2,4,13,9,74,43,10,1,1.03,1.03,0.0,Normal
Corey,Cassel,Carolina,WR,Miami,22,66,1/25/03,71,174,1,80,0,,91,92,90,86,59,63,74,28,23,72,72,76,75,90,74,22,26,41,88,71,25,25,70,23,20,74,64,27,21,25,9,44,21,20,28,67,51,32,21,72,76,89,65,40,26,6,10,20,8,24,16,82,46,27,3,2.9725,0.990833,0.2575,Normal
Demingo,Bowden,Houston,C,Troy,25,66,11/11/99,75,305,1,60,2,Power - C,69,57,66,85,85,70,32,43,11,33,33,32,42,56,7,39,52,75,90,21,10,21,10,76,14,4,65,64,65,72,11,49,47,14,55,14,74,68,76,7,30,66,15,27,45,12,14,25,10,25,16,89,38,18,4,4.648344,1.162086,0.808344,Normal
Terence,Kerbow,Baltimore,CB,Alabama,25,66,9/3/99,73,195,1,5,3,Manto Man - CB,94,82,88,88,60,54,58,41,12,39,47,47,69,83,11,36,47,42,81,68,11,18,45,19,67,18,65,24,20,23,5,57,25,64,72,24,34,35,32,18,62,95,63,33,60,8,10,15,9,30,9,76,28,66,4,4.420328,1.105082,0.760328,Normal
Keever,Moulds,Houston,ROLB,Oregon,24,66,4/4/01,72,226,1,56,1,Pass Coverage - OLB,91,76,81,83,63,64,56,64,12,50,57,56,65,76,6,57,78,66,91,66,13,16,37,36,60,8,66,33,37,34,10,63,49,57,80,19,47,39,42,17,61,93,58,46,79,19,23,26,15,26,11,82,46,69,4,4.209392,1.052348,0.189392,Normal
Haloti,Beason,Kansas City,RE,Florida State,27,66,5/4/98,77,260,1,98,4,Power Rusher - DE,89,73,83,73,81,65,37,73,12,28,43,35,54,65,18,61,84,83,85,43,23,20,10,22,33,16,67,45,42,44,9,66,68,33,76,23,45,46,47,22,42,79,36,37,74,6,6,9,7,24,16,80,35,45,1,1.1,1.1,0.0,Normal
De'Mond,Atessis,New York A,CB,LSU,25,66,4/29/00,73,197,1,29,2,Manto Man - CB,95,86,94,90,63,59,66,51,36,56,59,55,62,84,13,35,72,53,95,70,16,16,56,20,63,17,68,23,27,25,16,60,24,75,69,27,16,36,34,27,63,93,65,56,64,18,22,23,24,26,22,87,43,66,4,8.0,2.0,4.0,Normal
Reese,Zimmerman,Atlanta,HB,Florida State,25,66,8/20/00,72,221,1,30,3,Elusive Back - HB,91,83,82,83,62,63,78,33,19,74,85,58,68,84,51,10,37,33,84,79,18,17,67,32,19,57,66,46,34,26,15,24,10,21,42,51,31,29,22,64,56,87,73,65,39,13,16,22,15,28,11,80,67,26,1,0.96,0.96,0.0,Normal
Faye,Schouman,Washington,RE,Notre Dame,25,66,5/16/00,77,260,1,90,1,Run Stopper - DE,83,68,81,73,79,67,44,71,15,32,32,45,54,59,36,63,74,80,88,43,30,33,11,18,31,39,65,46,50,49,8,71,64,20,80,42,42,38,42,41,31,84,34,48,73,7,6,11,6,20,5,80,47,30,4,4.141188,1.035297,0.121188,Normal
Boomer,Tigges,Cincinnati,SS,Alabama,25,66,2/29/00,74,210,1,43,1,Hybrid - S,91,82,87,84,53,66,61,63,29,58,59,51,66,88,10,45,79,64,91,66,11,12,53,26,64,14,66,30,25,24,14,56,47,70,80,25,35,35,35,20,60,87,63,53,69,21,24,26,23,24,18,85,52,66,1,0.84,0.84,0.0,Normal
Dud,Blaise,Denver,SS,Boise State,24,66,4/16/01,76,220,1,34,2,Run Support - S,92,84,86,86,56,59,72,60,13,65,63,73,72,76,45,43,86,61,91,68,26,27,38,23,59,53,64,32,33,36,9,67,30,76,72,64,37,38,40,49,78,90,63,71,64,9,13,17,9,27,10,86,58,69,4,4.03622,1.009055,0.19622,Normal
Staley,Swilley,Indianapolis,ROLB,Michigan St.,27,66,2/26/98,73,235,1,48,5,Run Stopper - OLB,86,80,82,86,75,62,53,65,12,38,60,38,61,72,26,46,83,79,86,61,22,14,8,20,48,36,66,46,47,46,7,63,56,52,75,33,49,46,44,38,42,81,48,49,83,5,6,5,7,24,14,88,46,58,1,1.17,1.17,0.0,Normal
Winnie,Karlis,Washington,TE,Boise State,27,66,11/6/97,78,259,1,87,4,Possession - TE,78,83,76,88,73,66,65,44,13,50,76,75,78,72,54,10,44,70,94,64,18,21,16,56,21,58,64,62,65,60,7,33,10,26,48,62,66,59,62,66,76,78,64,68,46,8,10,13,10,27,10,83,62,26,3,21.0,7.0,11.52,Normal
Booth,Paschal,New Orleans,DT,Arkansas,26,66,5/7/99,77,321,1,95,3,,72,53,68,70,87,62,18,77,9,16,24,14,22,55,5,57,81,86,89,14,8,11,9,29,12,7,66,44,44,43,5,61,69,12,76,10,44,47,44,15,18,61,11,30,80,8,6,7,5,20,5,86,33,14,4,8.0,2.0,4.0,Normal
Rickie,Pennington,Arizona,C,UCLA,25,66,5/24/00,76,303,1,59,2,Agile - C,84,70,81,88,78,71,27,27,12,11,30,10,27,63,3,25,27,68,90,13,10,15,8,84,10,4,64,71,79,66,4,26,24,9,26,15,70,70,69,11,13,72,15,31,26,5,6,5,6,21,11,76,31,12,4,4.57224,1.14306,0.73224,Normal
Latin,Cosner,Minnesota,DT,Lindenwood,29,66,8/4/96,77,295,1,92,6,,69,65,74,71,80,70,25,78,12,11,21,17,25,51,4,68,79,81,86,22,10,14,9,13,32,5,66,44,47,44,4,64,65,24,71,13,46,47,46,16,11,72,17,38,77,7,6,8,4,20,9,81,36,45,1,1.17,1.17,0.0,Normal
Tawambi,Hergert,San Francisco,LE,Miami,26,66,7/28/99,76,257,1,96,5,Power Rusher - DE,84,78,75,78,75,69,37,70,12,20,38,21,45,70,7,62,76,77,92,30,13,14,12,14,42,4,64,47,47,45,7,67,69,30,74,14,46,46,44,17,22,78,26,38,77,5,6,5,6,22,10,89,36,48,1,1.1,1.1,0.0,Normal
Adimchinobe,Mostardi,Seattle,CB,Alabama,27,66,4/9/98,71,190,1,29,3,Zone - CB,91,81,83,87,62,66,63,50,13,50,56,53,56,77,10,35,62,54,86,69,16,20,42,24,63,12,66,30,33,29,8,67,28,70,68,23,33,36,34,23,59,89,66,30,57,7,6,7,17,30,9,83,32,68,1,2.0,2.0,0.3,Normal
Edd,Salscheider,Los Angeles N,CB,Michigan,25,66,7/5/00,71,189,1,30,1,Manto Man - CB,91,83,83,84,60,65,65,52,36,58,61,59,66,83,11,37,69,53,86,69,17,18,55,21,68,16,66,25,25,25,14,63,28,69,72,27,15,34,33,26,65,86,63,57,62,20,22,25,24,25,22,83,41,64,3,2.89,0.963333,0.06,Normal
Stu,Epperson,Dallas,SS,Georgia Tech,25,66,6/24/00,75,217,1,2,3,Zone - S,91,77,81,89,66,64,69,59,15,53,63,53,63,85,23,47,67,64,90,66,18,15,65,22,63,27,68,35,32,34,5,61,38,65,75,34,33,33,37,33,55,87,61,44,71,4,6,5,6,25,11,81,46,68,1,1.03,1.03,0.0,Normal
Kwame,O'Hara,Buffalo,WR,Maryland,22,66,9/6/02,76,204,1,81,0,Slot - WR,88,83,77,86,70,69,76,43,26,66,71,79,83,87,62,34,43,33,86,71,22,34,59,27,30,67,67,22,22,27,30,28,31,24,51,66,45,30,31,68,77,88,68,43,45,6,10,15,11,11,28,83,53,33,4,4.310368,1.077592,0.110368,Normal
O'Brien,Laughton,Tampa Bay,SS,Iowa,25,66,12/20/99,72,207,1,26,2,Run Support - S,94,77,87,80,64,67,52,52,12,40,51,50,65,81,17,40,88,63,92,62,15,12,34,32,63,20,67,37,34,35,12,62,45,66,73,33,36,37,33,30,52,85,62,46,69,9,11,12,19,26,10,88,46,63,1,1.03,1.03,0.0,Normal
Blaise,Magnusson,Washington,ROLB,UCLA,24,66,2/16/01,75,222,1,56,0,Run Stopper - OLB,91,84,90,89,72,66,45,63,31,38,63,43,48,82,17,52,77,70,90,45,16,19,8,20,55,23,68,39,38,40,13,62,49,46,81,22,41,41,42,23,48,90,42,43,75,19,21,26,29,21,18,88,43,61,4,4.408344,1.102086,0.208344,Normal
Hayden,Kingery,Baltimore,WR,Temple,30,66,12/26/94,75,210,1,18,7,Deep Threat - WR,85,81,83,78,61,70,75,48,22,70,71,78,83,76,73,33,42,50,83,74,13,13,64,25,42,71,66,35,20,25,4,41,35,38,48,66,54,27,33,73,80,86,70,44,54,4,10,17,11,21,14,81,43,47,1,1.17,1.17,0.0,Normal
Donovan,Trotter,Washington,CB,USC,31,66,11/30/93,72,188,1,29,8,Manto Man - CB,89,85,85,91,63,65,66,38,10,49,58,29,60,87,13,30,55,43,80,73,8,7,41,11,66,13,68,11,38,36,6,72,24,75,62,14,15,35,39,23,65,91,66,32,47,7,6,6,8,29,10,69,21,61,1,1.17,1.17,0.0,Normal
Omensky,Prude,Arizona,SS,Nevada,23,66,12/31/01,71,202,1,36,0,Hybrid - S,90,80,92,86,60,63,66,54,14,54,59,53,59,85,19,32,75,54,85,68,12,16,80,21,64,23,64,38,35,33,3,63,36,65,76,26,38,35,36,27,61,90,57,44,63,3,6,9,7,24,12,89,44,67,4,4.337892,1.084473,0.137892,Normal
Laurent,Blanton,Philadelphia,QB,Syracuse,22,66,9/19/02,75,220,1,19,0,Field General - QB,75,74,67,87,64,70,61,34,54,52,56,27,30,72,16,35,33,25,91,42,27,20,19,34,16,19,66,22,33,29,83,39,34,15,53,28,23,28,28,25,30,74,32,24,34,80,74,86,70,88,72,93,28,15,4,4.461232,1.115308,0.261232,Normal
Noe,Shavers,Houston,DT,Rutgers,22,66,11/7/02,75,305,1,58,0,,75,70,67,84,86,56,40,76,44,39,43,17,28,65,11,66,76,80,87,33,30,18,28,19,12,12,67,45,49,44,35,57,70,17,77,14,41,43,45,15,18,73,23,30,80,37,37,41,42,49,42,92,39,17,4,4.338328,1.084582,0.138328,Normal
Arian,Nealy,Miami,RT,Missouri,26,66,3/30/99,77,333,1,79,4,Power - OT,71,51,75,83,82,81,10,27,12,5,22,10,24,37,3,11,33,85,88,9,15,21,13,74,12,6,68,68,69,72,3,13,12,10,17,13,70,76,63,9,8,65,8,27,29,10,6,5,8,28,16,87,26,15,1,2.5,2.5,2.5,Normal
Jovon,Alcorn,Washington,RT,TCU,27,66,8/19/98,78,315,1,53,5,Agile - OT,56,60,70,88,85,70,23,24,12,11,22,26,26,47,3,12,21,85,84,14,28,22,10,82,15,12,65,67,71,68,9,12,11,8,21,19,72,78,67,22,24,64,15,14,28,3,6,5,5,27,9,92,25,20,1,1.1,1.1,0.0,Normal
Mustafah,Tausch,Chicago,LG,Michigan St.,23,66,3/3/02,76,308,1,65,0,Agile - G,73,62,58,84,86,69,16,36,11,13,25,10,21,62,7,26,36,79,87,9,16,14,12,76,13,3,64,71,69,68,8,27,39,9,34,11,73,72,72,11,12,70,11,13,32,4,6,8,6,14,10,87,30,15,4,4.43006,1.107515,0.23006,Normal
Emilio,Hargrove,San Francisco,ROLB,Nebraska,30,66,8/28/95,75,243,1,57,6,Run Stopper - OLB,87,79,82,87,74,64,55,66,22,50,65,33,67,72,9,65,81,80,82,69,17,15,13,23,55,13,66,44,44,47,26,61,58,41,80,20,47,44,46,17,34,84,58,44,78,27,33,37,32,45,24,85,32,60,1,1.8,1.8,0.6,Normal
Ruffin,Pupunu,Cleveland,C,Ohio State,24,66,5/3/01,75,303,1,56,2,Agile - C,79,62,73,83,84,72,26,24,10,27,32,23,27,57,16,18,32,71,94,21,14,18,11,82,10,18,65,67,71,65,7,14,20,14,34,25,66,75,62,27,32,68,23,24,28,5,6,4,6,22,10,83,31,10,4,4.019972,1.004993,0.179972,Normal
Rashied,Risien,Green Bay,WR,Ole Miss,25,66,3/3/00,74,215,1,18,2,,89,83,87,81,60,67,79,27,30,72,74,80,82,79,62,8,30,45,88,77,9,21,75,24,12,69,68,29,19,21,20,18,11,16,31,67,52,17,23,70,84,88,73,70,30,19,20,23,22,32,21,84,58,19,3,2.704,0.901333,0.009,Normal
Corvey,Fontenot,New England,CB,South Carolina,24,66,12/6/00,72,190,1,27,1,Manto Man - CB,90,76,95,84,61,68,66,62,13,63,57,55,70,83,14,32,75,63,94,70,24,22,61,27,66,18,64,12,7,12,10,66,27,68,67,25,21,18,16,29,69,90,66,32,67,8,9,18,6,24,13,84,42,64,4,8.0,2.0,4.0,Normal
Dameyune,Spear,New York N,RT,Purdue,22,66,4/2/03,76,302,1,71,0,Agile - OT,69,72,71,91,80,67,17,25,12,16,44,21,26,59,5,25,38,82,85,12,12,8,13,82,11,4,65,71,72,70,5,31,35,10,24,21,76,70,72,24,20,69,11,23,31,6,6,7,7,21,12,88,23,14,4,8.0,2.0,4.0,Normal
Mark,Twedell,New Orleans,WR,Yale,24,66,9/27/00,70,182,1,15,1,,91,85,88,87,58,59,82,35,27,75,74,76,81,86,71,11,29,47,94,74,12,21,57,28,17,67,67,35,25,28,26,20,8,17,38,65,49,35,30,68,81,96,65,58,31,21,27,33,29,32,23,85,46,21,3,2.84,0.946667,0.11,Normal
Bubby,Zaninelli,Pittsburgh,RG,N. Illinois,29,66,8/10/96,78,325,1,64,6,Power - G,65,56,72,84,86,78,7,38,12,9,41,15,32,55,1,20,31,74,92,11,24,27,9,80,12,3,67,64,64,64,7,26,33,9,35,16,68,69,73,12,11,63,13,27,44,8,6,5,5,30,14,87,26,15,1,1.3375,1.3375,0.1675,Normal
Seth,Noppenberg,Cincinnati,DT,Arkansas,27,66,9/25/97,75,300,1,72,5,Power Rusher - DT,71,70,77,76,86,64,37,72,12,17,41,25,37,60,4,68,81,82,86,26,22,23,12,36,22,6,66,44,43,43,5,63,72,17,78,23,46,47,44,21,19,74,18,31,81,5,6,4,7,21,8,87,40,31,1,1.03,1.03,0.0,Normal
Wymon,Fears,Washington,C,Wisconsin,28,66,9/3/96,78,315,1,60,6,Power - C,66,56,68,82,89,79,11,35,12,5,43,21,29,52,8,15,34,82,91,10,9,19,11,79,15,12,68,67,74,74,3,38,22,10,37,13,68,65,69,17,25,68,8,12,42,6,6,5,5,22,15,85,27,20,1,1.3375,1.3375,0.4925,Normal
Bracy,Randall,Washington,WR,University of Charleston,28,66,8/13/97,77,224,1,84,4,Slot - WR,91,87,82,77,73,74,78,29,18,68,70,79,78,74,65,9,24,42,94,74,14,11,41,21,11,67,64,31,19,27,11,17,12,25,30,69,42,21,29,71,77,86,63,53,28,13,15,21,10,26,16,82,50,18,4,8.0,2.0,4.0,Normal
Lonnie,Troupe,Tennessee,LS,Tennessee,39,66,4/26/86,76,233,1,46,16,Power - LS,66,61,69,74,74,71,22,63,12,23,67,44,57,59,33,54,58,59,92,17,21,27,11,37,15,38,67,56,39,48,12,32,58,15,66,26,54,37,39,50,42,69,14,25,63,10,10,9,8,21,15,83,35,20,1,1.4225,1.4225,0.1675,Normal
Gump,Stitser,Minnesota,WR,Indiana,23,66,12/16/01,69,178,1,31,0,,90,77,84,79,57,66,75,17,28,72,70,74,77,85,72,8,22,36,85,74,14,15,78,22,12,71,68,26,22,18,26,14,12,15,33,66,36,35,26,66,76,93,75,39,26,15,20,25,37,35,30,86,42,19,4,8.0,2.0,4.0,Normal
Sheepy,Martinovich,Chicago,CB,Oregon State,27,66,9/23/97,76,185,1,25,4,Zone - CB,84,80,85,86,56,72,69,51,12,61,63,67,75,74,37,39,57,48,87,68,17,19,31,14,63,42,66,34,37,36,5,68,32,74,70,49,39,34,37,49,72,87,64,48,60,4,10,13,11,29,12,85,39,69,1,1.1,1.1,0.0,Normal
Burnie,Vance,Dallas,LT,UL Lafayette,24,66,8/22/01,77,332,1,71,1,Power - OT,72,52,61,79,85,60,46,29,15,45,56,47,53,59,36,12,32,83,91,42,16,25,7,75,12,43,68,71,68,75,16,9,11,10,34,49,75,73,74,44,60,65,39,50,27,13,15,22,8,25,13,86,44,12,4,4.125972,1.031493,0.105972,Normal
Central,Swinton,Denver,RG,South Carolina,25,66,7/19/00,77,310,1,66,1,Power - G,72,72,82,83,84,71,24,28,7,21,41,31,46,58,15,23,30,78,88,34,22,19,12,78,11,16,67,67,72,71,10,31,31,12,32,24,65,73,70,21,31,62,13,28,33,7,5,7,4,27,11,76,31,12,2,2.093,1.0465,0.058,Normal
Verne,Mccloskey,Houston,MLB,Iowa,27,66,12/2/97,75,244,1,32,4,Field General - MLB,92,88,83,82,72,64,46,59,12,34,50,49,58,74,23,40,73,71,94,35,18,21,9,30,55,26,66,46,44,47,5,66,37,36,79,43,46,46,44,33,50,90,32,41,84,5,6,8,8,22,11,85,38,63,2,6.0,3.0,4.0,Normal
Topper,Ghiaciuc,Chicago,MLB,Oregon,23,66,4/26/02,74,253,1,44,2,Run Stopper - MLB,93,70,79,84,80,62,73,70,12,62,65,55,66,74,18,54,88,79,92,74,19,12,37,38,52,24,67,48,49,46,2,62,69,52,78,26,46,44,45,32,54,84,66,69,78,9,6,7,8,25,8,90,66,58,4,4.164948,1.041237,0.324928,Normal
Domenik,Tullis,Tennessee,ROLB,Ole Miss,27,66,7/2/98,75,214,1,41,2,Run Stopper - OLB,87,73,79,82,69,66,52,57,15,28,66,48,65,74,8,61,87,68,92,59,13,12,31,34,55,8,67,36,33,35,13,65,48,67,83,15,34,37,37,19,55,86,53,51,78,12,10,17,15,28,10,87,53,65,4,8.0,2.0,4.0,Normal
Dennit,Zehrer,Philadelphia,LE,Tulane,26,66,1/10/99,74,248,1,48,4,Power Rusher - DE,84,80,85,75,77,65,37,69,12,23,48,34,47,69,11,58,77,84,89,37,23,23,12,24,40,13,66,47,47,43,4,63,68,50,79,23,47,43,46,23,35,85,29,44,79,7,6,8,4,24,14,91,36,50,1,1.275,1.275,0.0,Normal
Haruki,Patton,Jacksonville,FS,Navy,22,66,7/21/03,71,201,1,25,0,Zone - S,86,77,89,92,61,71,65,47,14,53,65,52,65,77,16,37,79,51,92,66,17,17,81,23,60,22,66,34,34,34,7,74,29,69,73,24,33,34,37,27,55,85,54,45,63,8,6,7,7,23,10,94,43,65,4,4.422176,1.105544,0.222176,Normal
Creig,Merillat,New Orleans,CB,Pittsburg St.,25,66,11/28/99,71,182,1,36,1,Slot - CB,90,84,87,80,59,66,65,50,23,55,56,61,70,92,14,34,68,44,87,71,14,17,53,18,65,20,67,29,23,25,14,61,26,62,71,24,36,30,29,25,63,86,64,43,62,14,18,20,21,33,22,80,33,67,3,2.845,0.948333,0.045,Normal
Donnie,Zachary,Seattle,FB,Alabama,22,66,9/6/02,76,274,1,40,0,Utility - FB,73,72,83,84,78,64,67,37,27,56,69,68,75,69,51,28,38,65,84,60,22,25,23,63,18,58,68,59,56,55,13,29,36,15,43,59,62,68,57,62,69,77,50,56,43,24,8,30,32,26,24,86,69,25,4,4.520216,1.130054,0.320216,Normal
Selwyn,Swinney,Tampa Bay,WR,Furman,25,66,2/20/00,73,221,1,81,2,,87,90,80,81,65,59,84,26,19,75,69,79,77,83,65,10,29,37,85,80,19,20,44,26,12,68,65,29,30,29,7,17,10,13,35,67,42,30,30,67,78,88,72,53,31,9,10,16,16,22,11,81,45,10,1,0.795,0.795,0.0,Normal
Sam,Edds,Carolina,DT,NW Missouri State,27,66,4/14/98,77,295,1,74,3,,73,55,73,70,84,69,25,70,12,15,26,11,26,48,6,58,79,83,89,20,14,11,9,49,12,6,64,50,46,49,7,66,71,9,74,14,49,49,47,16,16,69,23,30,75,8,6,8,6,15,10,85,39,13,2,2.085,1.0425,0.0,Normal
Weldon,Wooten,Las Vegas,CB,Missouri W State,27,66,5/19/98,72,202,1,27,3,Manto Man - CB,93,82,98,79,58,62,71,42,10,51,59,62,71,87,51,36,56,40,89,72,23,18,65,16,68,53,68,36,33,36,4,56,28,72,60,40,36,32,34,60,67,88,65,36,52,7,6,6,8,35,10,69,33,70,1,0.985,0.985,0.0,Normal
Karl,Smolinski,Baltimore,SS,Purdue,23,66,10/6/01,71,207,1,21,1,Run Support - S,89,83,89,85,55,62,64,65,31,60,58,49,56,78,7,44,82,66,89,63,47,50,54,35,64,12,68,31,35,32,23,63,49,66,84,14,37,38,37,19,52,87,63,44,74,22,23,35,31,31,24,88,55,62,4,4.102932,1.025733,0.082932,Normal
Captain,Burnell,Seattle,LG,Utah,24,66,1/13/01,76,311,1,63,1,Power - G,67,67,62,85,85,67,10,44,9,5,44,15,39,54,4,27,47,82,89,9,22,28,11,82,12,8,65,68,61,72,13,25,54,10,35,18,66,69,73,15,14,68,10,28,44,12,15,21,8,23,8,92,28,11,4,4.236516,1.059129,0.216516,Normal
Shiloh,Nissley,Tampa Bay,HB,Syracuse,23,66,10/25/01,70,210,1,44,2,Power Back - HB,89,79,91,82,78,67,77,28,31,79,88,68,68,77,44,16,45,47,90,74,20,23,63,31,15,52,66,50,47,49,25,24,12,13,30,47,43,45,46,59,67,93,66,74,37,16,21,22,34,24,16,86,82,21,3,2.695,0.898333,0.0,Normal
Lenzie,Shell,Buffalo,C,Georgia,23,66,10/23/01,76,310,1,62,1,Agile - C,74,72,68,88,82,77,15,24,11,12,24,10,22,53,5,18,25,80,96,12,5,7,11,80,10,4,68,72,68,72,10,19,18,13,26,8,72,69,74,8,12,64,12,23,34,4,8,9,8,18,13,85,27,10,4,4.375252,1.093813,0.355252,Normal
Jairo,Prisby,Indianapolis,ROLB,San Diego St.,25,66,11/1/99,72,225,1,50,3,Run Stopper - OLB,91,78,86,83,63,60,48,64,22,41,53,49,63,82,8,64,83,65,90,66,29,31,33,26,57,8,68,48,41,46,10,59,50,44,82,17,46,45,42,12,44,88,67,42,79,12,14,13,16,25,15,78,44,66,1,1.03,1.03,0.0,Normal
Dean,Corsetti,Detroit,TE,Minnesota State,28,66,11/16/96,77,215,1,84,4,Vertical Threat - TE,84,79,83,82,65,65,80,31,22,71,76,80,79,78,59,20,35,52,88,70,21,24,10,36,15,62,66,34,29,32,6,24,22,18,44,68,58,56,51,64,80,82,65,61,34,6,6,6,6,25,10,81,62,15,1,1.1,1.1,0.0,Normal
Eli,Boeke,Dallas,ROLB,Florida,21,66,6/24/04,74,222,1,50,0,Run Stopper - OLB,81,84,79,86,72,65,53,64,23,40,64,51,60,80,18,59,80,70,83,55,20,19,11,25,55,24,65,45,44,46,9,70,55,46,86,23,49,46,48,30,55,84,48,48,75,3,6,8,7,28,13,88,46,62,4,4.623436,1.155859,0.423436,Normal
Jamey,Diettrich,San Francisco,CB,Jacksonville State,31,66,8/4/94,72,206,1,33,7,Slot - CB,88,82,90,88,59,64,66,59,15,33,64,56,65,81,26,48,80,63,95,67,17,16,26,17,64,34,68,33,36,35,4,63,41,74,71,30,33,33,33,41,65,90,59,37,70,8,6,7,6,22,14,92,47,70,2,4.0,2.0,2.255,Normal
Nip,Winkler,Tampa Bay,LG,Weber State,29,66,8/15/96,76,305,1,76,6,Power - G,81,55,79,79,93,72,24,47,12,13,25,20,27,50,6,33,49,79,86,30,23,22,11,80,12,6,66,68,65,68,4,34,46,14,44,23,68,66,68,16,23,73,25,31,46,8,6,4,5,26,11,84,34,20,4,8.0,2.0,4.0,Normal
Merle,Meuth,Cincinnati,TE,Southern Arkansas,30,66,11/12/94,77,239,1,87,7,Vertical Threat - TE,83,75,82,76,68,70,61,30,14,52,67,76,84,67,54,17,27,63,88,59,17,22,17,50,14,62,65,58,48,55,5,24,17,16,29,63,59,57,63,64,80,82,56,54,33,7,10,17,10,31,10,77,67,21,1,1.255,1.255,0.0,Normal
Deonte,Macphee,Los Angeles A,QB,Old Dominion,32,66,3/15/93,73,210,1,4,10,Scrambler - QB,84,84,81,75,58,61,80,29,79,58,59,15,41,79,10,4,12,12,91,65,21,22,2,10,7,10,65,20,22,23,81,26,6,2,31,14,14,20,18,10,17,81,66,45,25,80,77,86,80,83,81,84,32,7,1,2.5,2.5,2.0,Normal
Maugaula,Sortet,Arizona,WR,UAB,25,66,5/19/00,74,210,1,83,1,,92,80,84,83,66,64,79,23,25,78,66,77,80,80,70,11,25,44,90,76,17,19,37,30,18,69,64,20,22,17,6,15,8,15,27,68,43,39,36,69,79,92,67,56,30,16,15,24,14,26,18,87,58,16,1,0.84,0.84,0.0,Normal
Dane,Stroud,Carolina,RE,Central Michigan,26,66,2/19/99,74,265,1,48,2,Power Rusher - DE,93,80,74,75,76,61,55,68,12,43,56,55,52,74,33,61,77,83,92,48,35,37,14,30,25,39,66,47,46,47,4,62,64,26,74,46,44,46,47,43,52,86,42,43,76,5,7,10,5,25,9,75,51,31,1,1.03,1.03,0.0,Normal
Deion,Kearse,Philadelphia,LG,Michigan,25,66,8/30/00,78,305,1,77,1,Power - G,69,58,78,83,88,71,18,22,8,13,23,15,30,50,2,14,34,82,95,19,23,29,7,80,10,5,65,73,66,70,8,25,13,10,25,18,68,73,69,13,15,66,25,15,36,7,11,15,9,19,11,91,31,10,4,4.274276,1.068569,0.254276,Normal
Shayne,Jeffers,Washington,LS,Harvard,33,66,2/28/92,75,253,1,69,10,Accurate - LS,75,65,76,75,70,53,50,41,18,21,69,54,70,59,39,22,54,55,90,49,22,24,11,40,15,42,66,53,38,52,11,23,18,27,59,45,51,37,39,50,60,73,40,40,53,11,10,9,9,38,11,81,35,25,3,4.39,1.463333,1.61,Normal
Augie,Zoia,Minnesota,DT,Georgia,22,66,6/26/03,77,276,1,90,0,,86,71,86,71,79,66,54,76,11,40,65,48,48,70,30,69,78,72,86,57,24,23,23,23,12,34,65,42,41,46,11,68,74,11,69,38,42,41,44,44,48,79,46,56,71,13,12,18,8,30,12,87,56,13,4,4.677376,1.169344,0.477376,Normal
Johnson,Jamieson,Green Bay,DT,Georgia,23,66,2/4/02,77,315,1,91,0,Power Rusher - DT,74,68,73,73,84,65,36,78,11,21,37,18,16,56,12,71,78,81,86,18,26,14,35,25,10,15,64,42,44,44,5,66,78,11,76,12,41,41,44,14,16,71,19,33,79,8,6,5,8,27,9,88,34,14,4,4.426384,1.106596,0.226384,Normal
Rink,Willhite,Arizona,WR,Colorado,24,66,10/12/00,72,180,1,89,1,,90,87,84,87,59,60,79,22,29,79,74,75,75,86,63,9,29,33,90,79,16,23,73,16,13,66,65,26,11,12,27,17,11,15,29,67,41,26,19,67,78,90,72,61,27,27,32,37,35,51,26,86,49,17,3,2.86,0.953333,0.255,Normal
Demarco,Wolter,Green Bay,FS,BYU,28,66,1/3/97,74,206,1,39,4,Zone - S,88,88,83,88,63,61,53,42,18,31,60,50,62,83,12,50,65,46,81,60,28,23,46,18,64,16,64,37,37,37,12,60,42,58,80,27,36,35,34,27,51,91,59,35,64,11,10,19,12,27,13,73,37,70,1,1.17,1.17,0.0,Normal
Carmen,Douthard,Dallas,RT,Oregon,23,65,5/21/02,77,312,1,69,0,Power - OT,68,51,73,88,85,68,12,30,11,12,32,21,17,49,7,28,34,81,88,17,9,15,10,82,10,8,64,67,70,71,5,33,27,9,29,14,70,71,71,18,21,65,12,18,32,10,6,3,4,14,7,86,27,12,4,4.413976,1.103494,0.213976,Normal
Andy,Zamberlin,Las Vegas,RE,Army,25,65,3/28/00,78,256,1,99,2,Smaller Speed Rusher - DE,84,84,74,75,69,55,56,64,21,48,57,59,61,73,35,72,82,70,84,58,14,14,37,35,31,43,67,37,40,39,2,51,64,39,82,51,44,48,43,51,60,76,48,56,78,6,6,6,16,22,4,90,56,43,2,1.945,0.9725,0.0,Normal
Merwin,Borchardt,New York N,CB,Houston,25,65,4/29/00,73,198,1,35,2,Zone - CB,94,82,87,84,56,57,67,44,16,49,59,59,67,81,23,34,53,37,86,72,10,15,41,12,62,21,65,23,24,26,16,56,24,60,72,21,28,29,32,28,64,92,65,28,55,16,24,28,24,30,15,85,27,66,4,8.0,2.0,4.0,Normal
Terreal,Richard,Dallas,LT,North Carolina,24,65,10/2/00,76,307,1,76,2,Pass Protector - OT,75,57,74,87,88,65,46,44,12,39,56,50,53,49,33,33,50,82,91,41,11,13,12,69,11,39,65,72,73,76,4,48,44,9,50,45,66,66,65,43,53,66,34,47,46,5,6,5,8,20,12,77,42,12,4,4.084976,1.021244,0.244976,Normal
Harp,Graybill,Houston,LS,West Virginia,23,65,6/20/02,75,242,1,40,0,Accurate - LS,73,63,68,75,65,51,32,49,11,25,58,42,46,59,20,9,50,65,89,35,17,16,10,53,18,28,63,56,43,51,2,29,11,15,49,26,51,39,43,35,48,72,23,41,51,6,6,9,5,28,11,82,28,25,3,2.975,0.991667,0.11,Normal
Waymond,Mccrary,Indianapolis,LT,BYU,24,65,5/3/01,80,302,1,73,2,Agile - OT,79,71,88,82,85,66,51,48,52,50,55,53,51,57,43,44,58,75,92,45,24,19,16,70,14,46,67,68,68,64,41,8,55,9,53,57,68,74,67,49,56,73,41,53,45,40,46,47,43,52,35,85,50,15,4,4.65588,1.16397,0.81588,Normal
Clure,Traynham,Green Bay,CB,Rutgers,26,65,5/18/99,71,189,1,16,3,Zone - CB,93,93,84,79,66,57,76,42,29,75,64,78,77,91,73,29,55,51,87,79,21,23,76,33,61,68,66,31,22,23,18,57,23,63,59,68,54,36,27,69,77,96,74,67,52,11,15,22,24,31,23,79,60,66,1,1.03,1.03,0.0,Normal
Jap,Arbanas,Buffalo,CB,NC Central,24,65,11/17/00,68,176,1,29,1,Slot - CB,91,81,80,87,65,61,72,49,10,59,63,54,56,83,19,24,69,52,89,78,16,18,81,19,63,19,63,38,34,34,6,68,34,66,75,16,35,38,31,23,56,91,64,34,68,3,6,8,8,23,16,81,32,66,3,2.83,0.943333,0.0,Normal
Chalmers,Goodburn,Pittsburgh,WR,UCF,27,65,7/26/98,74,195,1,11,3,Physical - WR,84,77,85,84,59,69,79,29,22,68,66,77,81,75,69,12,27,45,90,75,17,15,64,25,16,70,63,37,24,23,12,25,10,24,36,74,48,36,35,68,79,87,67,58,34,5,10,17,17,28,9,88,54,24,1,1.1,1.1,0.0,Normal
Jeroy,Bertelsen,Los Angeles A,LG,Pittsburgh,23,65,2/13/02,78,275,1,71,0,Agile - G,65,57,52,86,85,69,14,41,11,10,21,18,18,58,3,36,35,79,89,9,17,19,6,78,12,5,66,71,75,68,5,24,43,9,28,11,73,71,70,15,21,61,11,17,28,3,6,2,8,11,11,85,27,15,4,4.425212,1.106303,0.225212,Normal
Lenoy,Oliker,Los Angeles N,WR,Utah,28,65,3/18/97,68,173,1,10,3,,93,91,77,81,42,64,83,19,56,71,73,73,78,91,58,9,16,32,85,77,15,16,89,14,14,62,63,22,14,17,44,16,11,14,28,54,37,23,26,67,70,88,62,36,22,45,49,53,58,51,30,87,24,15,1,1.1,1.1,0.185,Normal
Torrance,Mattioli,Detroit,DT,W. Kentucky,26,65,5/24/99,77,330,1,99,2,,70,49,67,71,85,64,38,75,9,35,52,45,49,48,30,48,84,92,91,27,15,17,8,44,15,31,66,45,44,44,11,59,66,9,72,45,46,42,49,41,48,59,19,48,83,3,8,12,5,18,9,84,48,21,4,5.304086,1.326022,0.857516,Normal
Tashard,Fenner,Tennessee,WR,Youngstown St.,25,65,5/19/00,73,214,1,80,1,,86,83,80,86,57,70,77,29,25,79,70,77,81,80,67,9,24,45,88,79,18,17,40,26,10,70,67,28,24,29,28,10,12,7,28,62,50,32,34,67,79,88,77,54,33,4,10,15,26,30,17,90,57,10,1,0.795,0.795,0.0,Normal
Syndric,Risley,Philadelphia,TE,Alabama,25,65,2/24/00,77,244,1,49,2,Vertical Threat - TE,82,73,80,83,75,72,78,48,16,65,71,73,75,73,52,29,47,64,86,67,9,14,11,55,21,61,63,55,51,56,4,38,27,23,53,60,61,58,57,66,75,80,57,62,51,4,10,14,10,26,15,88,68,27,1,0.84,0.84,0.0,Normal
Hook,Landrigan,Los Angeles N,CB,SMU,25,65,6/17/00,71,185,1,21,1,Manto Man - CB,86,87,79,82,56,70,69,45,26,66,65,66,67,82,25,27,54,65,85,69,15,12,54,28,68,29,63,27,23,22,9,68,33,71,73,33,37,27,34,29,64,84,60,48,53,13,14,20,20,21,14,78,52,63,1,0.96,0.96,0.0,Normal
Secdrick,Bartos,Atlanta,TE,Georgia,27,65,10/16/97,77,241,1,89,5,Possession - TE,83,76,83,84,77,72,63,56,21,54,71,74,73,68,51,42,63,73,91,55,13,17,57,64,50,56,65,61,59,59,13,58,36,50,58,62,62,60,57,64,74,82,51,59,58,11,16,22,18,34,17,90,66,57,3,12.0,4.0,4.16,Normal
Knox,Ryans,San Francisco,CB,Arizona St.,28,65,3/4/97,72,176,1,26,3,Zone - CB,95,87,91,84,51,59,73,42,19,63,65,55,58,85,27,32,50,40,89,75,13,13,46,14,63,29,67,31,37,32,9,56,23,64,62,24,33,35,34,36,61,91,71,44,47,9,13,16,13,26,10,78,39,68,1,1.03,1.03,0.0,Normal
Marquez,Muster,Buffalo,RT,Connecticut,23,65,6/16/02,80,303,1,77,0,Agile - OT,78,59,67,83,82,74,21,23,11,13,46,27,37,59,17,16,27,87,85,22,15,12,14,76,11,24,66,72,68,70,10,18,22,13,29,19,69,72,72,24,26,67,29,27,28,9,6,9,4,20,14,88,22,13,4,4.404924,1.101231,0.204924,Normal
Demetric,Boley,Cleveland,CB,Colorado St.,24,65,11/5/00,73,200,1,35,1,Zone - CB,92,86,91,84,61,61,71,54,24,52,60,54,62,76,16,43,69,54,89,74,10,15,45,25,61,20,66,33,32,37,6,62,36,75,73,23,33,32,35,28,56,92,69,60,65,9,6,9,5,26,11,86,54,66,1,0.795,0.795,0.0,Normal
Murray,Crouse,New York N,ROLB,North Dakota St.,30,65,7/23/95,74,239,1,49,7,Run Stopper - OLB,88,86,84,79,72,65,47,59,15,43,55,40,51,74,9,51,78,79,87,67,15,17,42,23,57,6,67,29,34,36,9,70,49,47,80,27,39,33,35,17,48,89,53,49,79,6,6,9,5,20,9,85,52,62,4,8.0,2.0,4.0,Normal
Noel,Peacock,Jacksonville,CB,Rutgers,25,65,9/27/99,70,181,1,21,2,Zone - CB,93,86,96,87,40,63,69,51,31,59,65,62,66,84,40,32,57,37,84,72,13,13,60,14,61,47,63,38,32,34,27,59,28,60,64,36,38,35,32,50,71,92,62,29,57,10,14,20,19,31,14,76,32,70,1,1.03,1.03,0.0,Normal
Jacoby,Readon,Indianapolis,RG,Marshall,25,65,3/18/00,78,307,1,68,1,Power - G,60,64,77,82,81,63,8,19,12,7,19,10,37,58,6,10,12,77,90,9,10,17,9,81,12,3,67,66,63,70,8,12,10,8,24,12,72,72,73,8,11,66,11,9,28,7,6,4,6,19,10,87,17,12,3,2.87,0.956667,0.24,Normal
D'Anthony,Erehart,Indianapolis,C,Ball State,29,65,6/19/96,76,306,1,63,5,Agile - C,75,59,76,82,84,76,33,37,12,31,38,40,48,57,26,20,32,82,91,25,21,25,10,85,13,27,67,64,64,59,2,30,32,10,28,41,74,73,73,34,38,75,15,29,38,3,6,10,5,29,13,84,34,15,1,1.6675,1.6675,0.75,Normal
Chavis,Jarostchuk,Seattle,WR,Lenoir-Rhyne University,26,65,6/4/99,74,224,1,83,3,,91,88,86,78,69,58,84,29,19,76,80,79,78,80,62,12,35,47,83,72,16,22,61,28,12,64,65,28,27,28,4,16,12,11,40,61,42,30,35,69,76,93,65,69,28,6,10,13,14,25,12,74,71,10,4,3.7611,0.940275,0.1011,Normal
Karim,Reinfeldt,Atlanta,WR,West Virginia,29,65,5/29/96,75,211,1,87,7,Deep Threat - WR,87,82,90,78,59,62,76,22,65,68,72,77,76,78,73,11,14,42,78,75,15,17,49,25,10,69,65,34,26,28,62,24,11,8,26,71,47,20,24,74,79,89,69,44,26,59,64,70,70,72,57,84,45,16,4,8.0,2.0,4.0,Normal
Sloan,Landrum,Houston,QB,Stanford,26,65,10/21/98,76,225,1,10,4,Field General - QB,76,77,78,78,53,65,55,19,52,38,58,15,21,76,10,11,16,16,86,50,42,58,10,10,10,13,64,17,18,15,82,15,8,9,21,16,17,13,17,9,11,76,34,30,20,78,77,84,74,87,77,89,34,14,1,5.0,5.0,6.316,Normal
Montae,Heenan,New York N,CB,Tennessee,25,65,12/6/99,70,190,1,33,1,Zone - CB,89,76,75,87,57,68,73,51,15,63,69,68,73,82,48,44,67,52,88,76,18,19,40,14,63,50,65,35,35,35,6,56,38,67,73,59,35,35,35,53,69,91,68,38,66,6,6,6,6,31,14,79,44,67,4,8.0,2.0,4.0,Normal
Ainsley,Bahan,Los Angeles A,LOLB,Illinois,28,65,10/9/96,74,230,1,53,6,Run Stopper - OLB,81,78,88,80,74,68,43,67,15,42,57,42,66,69,8,52,84,75,89,63,15,17,12,21,54,12,63,46,47,45,4,71,46,47,79,19,47,47,46,17,62,87,52,39,74,5,6,8,6,24,13,83,48,64,1,2.0,2.0,0.7,Normal
Ozzie,Jancik,Denver,FS,Oklahoma,25,65,12/16/99,71,200,1,32,3,Zone - S,89,89,85,86,55,68,64,48,18,44,60,53,73,75,27,38,60,56,85,73,13,15,37,14,60,34,67,36,29,31,9,68,35,61,69,22,29,30,37,31,61,88,59,43,65,10,10,13,13,25,7,75,35,68,4,3.993056,0.998264,0.333056,Normal
Wyatt,Buie,Carolina,SS,Texas AM,24,65,10/7/00,73,214,1,36,1,Zone - S,92,75,80,83,63,67,74,51,21,53,61,62,67,77,21,50,74,57,89,71,22,25,38,28,62,34,66,30,33,34,12,67,34,65,78,35,34,34,32,37,62,85,61,42,69,12,16,20,24,24,12,89,47,66,1,0.795,0.795,0.0,Normal
Clem,Paulescu,Pittsburgh,DT,Texas AM,25,65,7/1/00,76,290,1,98,3,Speed Rusher - DT,80,78,74,77,73,70,40,68,12,27,34,31,42,62,21,69,73,78,89,46,13,18,9,30,24,25,65,47,46,43,11,65,65,27,81,23,43,43,47,28,35,71,43,35,74,11,9,8,10,19,19,85,43,28,4,5.186896,1.296724,0.952288,Normal
Allie,Wiper,New England,RT,USF,26,65,11/22/98,78,315,1,75,2,Agile - OT,71,66,67,82,81,72,12,33,12,6,28,22,29,55,12,15,38,79,93,11,12,22,11,80,12,14,64,75,70,66,8,23,20,12,34,22,68,72,74,24,26,67,8,12,33,4,6,8,6,15,13,85,19,12,1,0.795,0.795,0.0,Normal
Donnel,Koy,Kansas City,SS,Miami,32,65,8/14/93,72,200,1,26,9,Run Support - S,92,85,85,91,69,68,61,48,15,45,60,32,65,79,10,29,84,61,90,59,18,23,44,13,59,8,63,28,36,35,16,74,33,63,70,24,13,32,29,22,60,86,62,43,65,11,10,14,17,26,14,82,53,65,1,1.255,1.255,0.396,Normal
Lance,Drayton,Denver,FS,W. Kentucky,27,65,10/28/97,72,208,1,26,4,Hybrid - S,88,78,90,87,66,62,59,62,24,44,57,49,56,87,14,37,87,61,92,68,12,14,30,25,62,18,67,34,39,33,15,62,44,74,76,22,32,37,32,29,50,84,63,44,69,10,10,11,18,30,15,84,44,64,1,0.96,0.96,0.0,Normal
Jamir,Kinscherf,Los Angeles A,WR,Louisville,27,65,12/17/97,74,208,1,87,4,Deep Threat - WR,88,83,89,81,58,66,76,29,18,72,70,79,76,84,71,12,18,44,94,75,37,44,50,20,15,69,64,25,23,26,10,14,8,15,30,70,41,27,21,67,80,91,77,53,31,10,15,20,12,26,18,89,45,19,1,1.03,1.03,0.0,Normal
Emmuel,Grygo,Cincinnati,CB,Miami,25,65,2/25/00,73,189,1,38,2,Manto Man - CB,92,82,90,88,55,59,63,43,15,48,60,56,63,86,9,38,62,42,89,70,15,20,57,19,67,13,67,28,29,30,7,54,27,74,65,14,33,33,33,16,64,90,63,48,54,5,6,5,6,21,13,78,33,68,4,8.0,2.0,4.0,Normal
Sage,Alzado,Seattle,ROLB,N.C. State,25,65,2/25/00,71,228,1,42,2,Run Stopper - OLB,84,82,84,85,66,64,50,59,7,26,53,49,54,80,2,52,79,67,89,50,26,22,14,32,52,17,67,35,35,37,7,72,44,41,84,18,44,49,46,26,53,83,51,46,81,10,11,13,5,30,6,91,46,63,3,2.71,0.903333,0.1,Normal
Braylon,Waterfield,Indianapolis,TE,Youngstown St.,27,65,7/28/98,77,260,1,85,3,Vertical Threat - TE,86,77,84,80,74,68,62,24,21,61,74,73,79,67,55,10,34,64,86,64,14,19,10,54,10,60,65,58,59,56,6,21,10,10,31,61,58,58,57,65,76,82,58,68,26,6,10,15,12,25,11,78,69,10,4,8.0,2.0,4.0,Normal
Tyjuan,Mchale,Philadelphia,C,Boston College,23,65,11/27/01,76,308,1,66,0,Power - C,70,62,76,87,78,75,8,12,11,4,25,20,23,68,5,9,26,80,95,7,14,13,6,81,11,10,66,73,69,70,6,22,27,12,29,14,72,71,69,19,23,70,6,7,19,6,6,6,8,13,11,91,18,10,4,4.555076,1.138769,0.355076,Normal
Truck,Mclain,Las Vegas,HB,New Hampshire,25,65,12/14/99,70,208,1,23,1,Elusive Back - HB,91,87,84,90,70,50,84,26,20,73,83,65,75,90,57,8,21,33,91,77,24,25,82,26,11,61,63,46,28,28,9,13,9,18,31,65,31,26,28,70,64,90,71,72,24,11,10,16,12,24,16,90,76,16,4,4.175192,1.043798,0.155192,Normal
Milo,Darche,New York N,ROLB,Toledo,24,65,9/28/00,74,230,1,54,2,Run Stopper - OLB,88,74,71,83,73,59,46,68,12,27,54,42,57,66,6,55,78,76,91,46,16,10,10,17,52,11,65,45,45,45,6,58,60,47,80,16,45,45,45,21,44,86,40,32,78,6,6,6,6,36,10,87,36,61,4,8.0,2.0,4.0,Normal
Fabian,Grefe,Philadelphia,CB,Alabama,23,65,9/26/01,74,188,1,23,2,Manto Man - CB,89,81,86,87,52,68,81,41,12,67,63,64,71,76,40,41,73,51,80,74,12,17,61,19,64,47,63,23,21,22,4,67,30,77,69,50,33,36,33,52,68,87,62,45,46,4,10,14,10,33,10,78,49,66,3,2.705,0.901667,0.04,Normal
Lam,Munford,Philadelphia,WR,San Jose St.,26,65,10/13/98,75,215,1,86,2,Physical - WR,90,79,85,84,63,54,75,27,26,76,73,82,83,82,60,28,46,47,90,75,11,13,57,23,33,66,65,38,27,22,14,18,29,37,36,68,52,28,35,68,80,86,69,66,40,20,21,23,13,26,15,85,61,39,1,0.96,0.96,0.0,Normal
Silvio,Ajirotutu,New York N,DT,Rice,26,65,3/11/99,77,302,1,90,3,,74,73,70,72,80,54,16,77,12,23,23,11,33,63,9,47,82,75,93,18,8,13,13,23,17,10,63,45,45,43,8,53,69,9,70,13,42,41,46,13,16,74,12,30,77,4,6,2,4,13,15,80,25,19,4,8.0,2.0,4.0,Normal
Ivan,Mackie,Arizona,TE,Stanford,24,65,10/27/00,75,235,1,84,2,Vertical Threat - TE,90,81,84,82,69,56,79,25,24,68,71,76,78,76,60,10,19,43,92,72,18,19,50,23,13,61,65,50,47,49,6,15,10,10,30,63,51,52,49,64,78,89,66,59,24,6,10,15,10,25,17,90,55,20,4,4.015884,1.003971,0.175884,Normal
Derrick,Cota,Green Bay,HB,Fort Valley State,26,65,5/8/99,71,226,1,31,2,Elusive Back - HB,90,77,89,83,71,61,75,30,32,74,83,62,65,80,49,12,39,49,93,74,15,14,68,46,10,54,66,52,37,41,10,22,8,14,33,51,51,43,46,66,63,89,73,78,39,21,26,30,19,37,9,87,75,15,1,1.03,1.03,0.0,Normal
Lamanzer,Runnels,Indianapolis,DT,Missouri State,27,65,7/16/98,76,320,1,98,3,,82,67,68,71,81,69,19,72,12,16,31,14,34,58,2,57,76,82,93,24,13,15,11,29,15,3,63,44,44,45,8,68,67,8,81,15,46,43,43,12,17,77,26,33,79,7,6,7,6,24,12,82,32,16,4,8.0,2.0,4.0,Normal
Lovett,Barnard,New York A,LE,Connecticut,24,65,10/1/00,78,274,1,58,1,Run Stopper - DE,89,63,86,88,80,63,47,76,20,42,40,32,34,60,12,68,78,71,89,44,28,27,41,36,28,14,63,33,34,30,11,62,69,34,71,19,35,35,34,20,36,83,37,33,74,15,19,26,15,31,21,90,36,21,4,8.0,2.0,4.0,Normal
Madison,Cumberland,Miami,WR,Texas Tech,25,65,1/25/00,74,206,1,84,3,Physical - WR,91,80,86,84,64,61,81,25,26,74,75,79,77,78,64,11,21,50,92,73,11,21,49,28,12,69,66,37,24,32,14,12,9,16,31,70,51,31,40,68,79,86,69,60,22,13,15,20,17,28,18,86,69,16,2,2.085,1.0425,0.0,Normal
Jumpy,Phenix,Green Bay,CB,Ouachita Baptist,26,65,6/21/99,72,190,1,38,3,Manto Man - CB,87,84,93,87,64,63,58,52,14,46,55,53,57,86,21,38,57,51,91,70,11,11,40,21,65,24,65,35,35,35,6,62,29,73,71,31,35,35,35,28,56,91,64,42,57,6,6,6,14,25,9,78,30,64,1,1.03,1.03,0.0,Normal
Jan,Widick,Arizona,LG,Texas,23,65,4/26/02,78,322,1,58,0,Power - G,75,63,52,88,86,65,33,39,12,35,38,32,21,57,26,38,41,80,89,18,22,19,20,77,10,27,65,69,67,70,6,29,42,10,28,28,71,69,71,31,33,65,20,35,35,6,6,6,6,23,6,88,35,11,4,4.37428,1.09357,0.17428,Normal
Syd,Green,Indianapolis,FS,Wisconsin,22,65,1/12/03,74,213,1,30,0,Zone - S,89,92,84,86,60,63,67,52,14,46,57,52,64,85,17,32,72,50,86,63,15,19,69,25,61,16,66,35,37,36,3,61,39,67,74,23,37,35,35,27,57,85,54,43,64,3,6,5,4,27,10,82,46,66,4,4.331068,1.082767,0.131068,Normal
Marquette,Sparkman,New England,CB,Jackson St.,25,65,12/16/99,74,205,1,29,2,Zone - CB,89,80,87,87,66,53,87,41,17,77,66,55,62,78,27,40,67,49,90,83,13,18,85,19,65,35,67,32,31,31,6,52,29,63,76,35,38,34,38,38,57,94,75,62,58,7,13,19,14,27,13,83,59,69,1,0.795,0.795,0.0,Normal
Guido,Crespino,Pittsburgh,DT,Wisconsin,27,65,10/10/97,79,293,1,92,4,,79,62,70,73,76,60,41,73,12,30,46,40,52,65,21,68,80,78,87,42,12,14,9,26,14,25,66,44,46,44,5,67,63,16,77,27,42,46,44,31,46,71,37,40,77,10,6,3,5,26,12,83,42,24,1,1.6275,1.6275,0.1675,Normal
Frankie,Beckley,Jacksonville,HB,Arkansas,23,65,9/12/01,74,236,1,38,0,Power Back - HB,89,77,80,81,75,69,83,31,60,78,88,52,61,73,39,25,30,46,88,81,21,32,70,42,18,50,66,53,29,34,57,26,18,25,38,48,43,31,25,57,50,81,69,77,33,61,57,60,60,78,55,85,83,23,3,2.968,0.989333,0.063,Normal
Beasley,Mcglockton,Green Bay,C,Duke,24,65,6/4/01,75,308,1,62,1,Agile - C,76,69,74,80,86,71,9,21,9,1,26,22,25,54,8,22,41,82,91,11,15,26,11,77,11,9,66,69,70,70,9,26,25,8,36,13,66,73,66,14,26,70,6,7,27,10,11,14,7,26,8,86,15,10,4,4.321616,1.080404,0.301616,Normal
Adewale,Bercich,New England,TE,Florida State,24,65,6/14/01,74,241,1,88,1,Vertical Threat - TE,94,77,88,80,70,55,81,32,28,70,71,75,78,76,57,9,28,57,85,70,11,21,22,58,10,65,64,51,53,52,16,15,8,15,38,68,53,54,53,62,73,83,66,68,30,14,10,15,20,22,15,87,69,15,4,4.126592,1.031648,0.106592,Normal
Barlow,London,New York N,RG,North Dakota St.,25,65,8/13/00,76,308,1,63,1,Agile - G,73,62,75,87,86,67,18,29,12,10,44,10,25,56,9,19,39,79,94,15,18,23,18,79,12,5,67,69,76,67,3,26,21,10,36,13,68,74,67,16,12,67,13,38,34,3,6,7,7,19,14,86,21,12,4,8.0,2.0,4.0,Normal
Demeco,Grove,Seattle,QB,Alabama,22,65,12/13/02,74,216,1,6,0,Scrambler - QB,93,90,88,81,68,50,88,39,74,73,56,21,42,86,20,37,38,28,89,78,22,25,30,30,20,22,63,23,33,33,82,26,40,20,31,27,30,32,34,16,14,95,69,64,42,77,73,76,75,95,73,87,53,18,4,6.264086,1.566022,1.1957,Normal
Saul,Boniol,San Francisco,LOLB,Purdue,24,65,1/11/01,75,220,1,41,2,Run Stopper - OLB,90,74,78,83,62,69,59,60,52,44,46,58,67,72,15,47,80,67,90,63,17,17,35,25,49,24,66,21,29,24,30,70,37,57,82,30,28,29,22,33,62,85,54,55,75,38,45,48,47,54,36,84,46,65,1,1.03,1.03,0.0,Normal
James,Locklin,Carolina,TE,Virginia Tech,26,65,8/11/99,75,255,1,85,3,Vertical Threat - TE,87,76,75,82,70,67,71,31,48,59,75,75,76,69,58,21,41,62,83,69,22,26,13,59,18,66,67,53,58,56,32,14,21,11,38,65,56,59,56,60,73,85,56,68,35,30,33,36,42,42,29,82,62,20,1,1.03,1.03,0.0,Normal
Gordie,Fink,Los Angeles A,HB,Buffalo,25,65,12/23/99,68,195,1,34,4,Elusive Back - HB,86,82,75,85,61,64,81,29,22,78,83,62,65,81,35,23,40,28,90,82,15,18,52,27,28,49,67,44,30,29,17,31,16,32,52,40,34,36,37,59,58,87,81,54,38,15,15,17,28,26,14,83,48,33,1,1.03,1.03,0.0,Normal
Elbie,Hawkins,Dallas,DT,UCLA,22,65,7/16/03,75,341,1,93,0,,74,56,60,82,83,73,31,72,12,27,42,18,17,54,10,59,73,82,90,21,20,25,26,46,11,15,63,42,46,46,13,70,66,10,75,15,46,42,45,17,19,64,15,33,72,4,10,18,8,23,14,89,31,16,4,4.353116,1.088279,0.153116,Normal
Carl,Pead,Seattle,SS,New Mexico,25,65,8/7/00,70,196,1,32,2,Hybrid - S,91,79,89,86,58,62,73,52,17,62,64,63,70,79,40,33,83,55,88,71,19,14,51,26,67,41,67,32,32,30,9,65,26,60,62,39,33,36,33,42,68,91,65,31,64,10,10,16,19,20,12,79,24,62,4,4.014804,1.003701,0.174804,Normal
Corrie,Billock,Chicago,RG,Clemson,25,65,11/16/99,74,303,1,74,2,Agile - G,78,63,70,86,80,73,15,13,12,10,36,15,24,53,7,13,22,75,91,13,12,11,9,80,10,5,67,69,76,68,3,18,12,11,23,12,66,66,59,14,15,73,8,14,37,6,5,6,5,9,14,85,22,11,4,4.15214,1.038035,0.31214,Normal
Ezell,Read,Denver,DT,Air Force,27,65,1/30/98,76,294,1,94,3,,73,77,73,73,79,67,27,71,16,21,32,17,22,64,4,59,76,79,87,20,20,24,12,27,23,7,64,47,44,45,4,70,68,21,79,17,44,44,46,13,15,74,22,25,77,7,6,4,6,23,14,86,33,29,1,0.96,0.96,0.0,Normal
Rudy,Uperesa,Chicago,CB,Duke,26,65,4/5/99,71,180,1,39,3,Manto Man - CB,93,90,89,86,55,58,65,39,21,56,57,48,57,82,26,31,53,35,88,70,13,11,64,17,65,29,65,34,36,36,14,54,28,70,71,37,36,36,37,36,50,93,67,30,49,15,20,24,21,22,15,83,28,62,2,5.0,2.5,2.45,Normal
Duke,Spradlin,Arizona,TE,Cincinnati,28,65,2/14/97,74,238,1,47,5,Possession - TE,84,73,81,82,78,63,67,41,26,55,71,78,77,76,57,8,30,65,86,60,14,18,29,59,12,59,63,55,50,54,23,30,13,17,42,63,61,63,58,61,81,86,57,65,44,24,25,30,24,41,27,89,63,14,1,1.17,1.17,0.0,Normal
Olin,Copper,New England,LS,Vanderbilt,23,65,7/8/02,73,231,1,47,0,Accurate - LS,79,76,72,77,69,59,53,38,14,52,63,49,47,70,37,34,21,57,84,41,21,28,14,35,17,36,67,45,40,42,14,33,30,18,50,32,52,49,55,48,46,75,41,49,49,13,11,13,16,31,17,85,41,20,4,4.301672,1.075418,0.101672,Normal
Cloyce,Bullman,Tennessee,HB,Sacred Heart,24,65,10/26/00,71,228,1,36,3,Power Back - HB,90,82,84,78,77,64,79,39,21,78,84,63,69,80,47,10,40,45,84,80,16,20,59,41,10,51,64,55,49,48,11,18,10,12,43,52,47,47,40,62,60,88,68,76,36,8,20,27,10,23,11,85,82,12,1,1.1,1.1,0.0,Normal
Ricot,Menasco,Green Bay,CB,Penn State,22,65,1/28/03,71,191,1,34,1,Manto Man - CB,88,87,88,85,45,68,63,55,23,58,56,65,70,90,20,39,60,46,91,69,8,11,55,18,62,25,63,31,27,24,15,61,38,72,67,34,32,32,28,28,67,88,69,36,59,8,10,18,14,25,7,75,37,65,1,0.84,0.84,0.0,Normal
Gregory,Delevan,San Francisco,DT,UCF,26,65,10/2/98,74,310,1,93,3,,80,54,69,68,84,62,20,73,10,15,27,25,32,48,5,57,76,86,80,25,10,10,10,32,20,9,65,45,45,45,6,66,67,15,73,20,45,45,45,15,19,70,24,25,75,6,6,6,6,20,10,78,25,28,4,3.792016,0.948004,0.132016,Normal
Daryle,Poto,Atlanta,CB,Washington,26,65,11/20/98,75,195,1,39,4,Zone - CB,91,87,80,91,60,64,63,42,15,46,58,49,59,81,4,38,54,40,90,69,14,20,42,21,61,14,65,36,33,33,4,64,30,78,72,12,34,37,37,16,56,87,63,37,57,5,6,4,4,29,19,86,35,67,1,1.1,1.1,0.4,Normal
De,Zeno,Cincinnati,HB,Georgia,23,65,2/10/02,73,230,1,36,1,Elusive Back - HB,94,84,89,78,75,68,78,26,19,79,86,50,62,75,45,11,23,32,88,82,12,17,84,25,13,55,63,46,28,24,17,9,12,14,35,55,23,22,16,60,49,87,68,66,31,10,15,21,16,25,11,84,76,17,2,1.755,0.8775,0.0,Normal
Kole,Tamburo,New York A,LE,Syracuse,27,65,4/28/98,76,260,1,57,3,Power Rusher - DE,92,83,82,73,81,55,25,66,12,26,42,25,34,71,9,63,79,75,89,24,29,31,10,25,17,3,67,45,41,46,6,54,70,20,81,14,47,45,45,7,33,81,24,30,74,6,6,4,5,17,12,82,32,21,4,8.0,2.0,4.0,Normal
Boss,Quin,Cleveland,RE,Clemson,26,65,1/27/99,76,255,1,52,2,Smaller Speed Rusher - DE,88,70,78,76,70,62,33,64,17,19,44,25,41,71,7,68,84,69,89,50,14,13,11,25,32,9,65,36,37,34,7,59,69,35,80,8,41,38,41,12,33,84,41,37,78,8,7,8,4,23,12,90,45,40,4,8.0,2.0,4.0,Normal
Rayna,Sinkovitz,Tampa Bay,TE,Minnesota,27,65,1/20/98,77,265,1,41,3,Blocking - TE,69,80,74,81,73,66,56,36,12,53,74,72,75,67,53,10,35,73,92,57,14,17,12,62,10,60,63,61,64,59,17,23,10,8,36,66,64,62,65,65,69,73,50,64,32,13,15,21,19,25,11,92,68,10,4,3.792016,0.948004,0.132016,Normal
Keydrick,Portilla,Carolina,WR,UCF,23,65,9/11/01,73,193,1,86,0,,88,81,86,91,64,67,76,35,27,70,78,76,76,77,70,32,27,40,88,75,20,24,78,26,25,73,63,30,18,23,19,37,31,23,40,71,44,27,24,67,82,88,68,39,33,14,20,24,25,40,28,85,42,34,3,2.985,0.995,0.254,Normal
Felix,Rouse,New England,CB,Memphis,23,65,7/8/02,71,188,1,19,0,Zone - CB,89,76,89,83,55,69,67,43,24,43,50,47,64,80,27,25,49,39,90,69,25,28,45,30,64,23,66,39,35,26,30,70,32,68,64,27,33,37,26,25,55,85,58,32,53,27,29,9,19,19,29,81,27,69,4,4.301672,1.075418,0.101672,Normal
Brian,Conover,Los Angeles N,RG,Kansas State,25,65,10/28/99,76,337,1,70,1,Power - G,66,53,71,83,84,70,12,33,10,18,27,14,27,54,7,9,34,82,89,16,8,14,11,78,12,9,65,73,66,69,5,12,8,12,23,11,68,70,71,13,13,61,17,32,34,3,5,8,4,11,7,89,26,11,4,4.100736,1.025184,0.080736,Normal
Blondy,Deters,Washington,TE,Georgia,28,65,8/20/97,77,220,1,89,5,Vertical Threat - TE,86,80,79,83,69,56,75,29,21,70,72,77,76,70,56,12,26,51,90,77,12,19,30,41,12,64,63,50,50,49,19,13,11,16,30,62,54,54,53,62,82,88,71,63,31,9,15,20,20,31,18,81,55,17,1,1.1,1.1,0.0,Normal
Wilbert,Skudin,New York A,DT,Miami,23,65,5/29/02,76,303,1,96,1,,77,61,74,68,87,63,42,70,26,47,31,21,25,56,5,77,75,78,89,28,20,29,33,29,25,9,67,29,46,27,20,71,71,30,71,14,29,38,29,12,24,70,29,30,78,8,10,13,11,8,18,81,25,32,4,8.0,2.0,4.0,Normal
Shevin,Cousineau,Detroit,WR,Ferris State,29,65,12/21/95,75,220,1,86,5,,84,87,86,85,59,60,76,46,17,73,68,76,80,85,68,31,39,47,82,79,14,19,83,23,15,67,65,32,17,17,15,35,19,15,47,64,52,25,30,69,81,88,72,57,44,15,22,30,18,30,12,78,49,22,1,1.1,1.1,0.0,Normal
Frederick,Gomes,Green Bay,QB,Liberty,26,65,5/25/99,73,219,1,2,3,Scrambler - QB,92,94,85,82,75,41,87,29,78,78,64,39,60,89,14,11,31,36,92,87,20,19,47,24,22,23,66,17,18,14,82,12,9,13,41,23,23,17,20,32,41,92,79,74,35,74,72,74,76,96,70,92,73,28,4,5.1601,1.290025,0.9328,Normal
Taiwan,Beson,Tampa Bay,RE,Charlotte,25,65,12/7/99,73,240,1,58,2,Smaller Speed Rusher - DE,78,80,81,79,74,61,49,71,12,34,51,43,55,77,4,70,80,64,89,49,13,15,13,27,44,10,64,46,43,47,2,59,65,15,79,10,45,45,46,10,49,80,40,28,72,9,6,2,8,31,19,80,42,52,3,2.695,0.898333,0.0,Normal
Clifford,Mumphord,Miami,DT,UCLA,29,65,11/9/95,77,292,1,98,7,,69,65,74,73,79,62,12,73,12,11,28,10,32,57,3,59,77,85,82,19,11,16,11,24,22,2,65,44,43,47,7,66,67,12,75,13,47,44,46,11,10,73,12,31,80,5,6,7,4,12,19,85,27,33,1,1.17,1.17,0.0,Normal
Durant,Miles,Philadelphia,SS,Toledo,24,65,8/19/01,73,201,1,37,0,Hybrid - S,91,86,85,90,64,61,64,48,14,52,60,56,66,80,24,34,75,52,87,68,15,19,79,25,66,29,65,35,35,35,6,58,34,66,74,31,35,35,35,34,58,88,59,43,64,6,6,6,6,24,12,87,46,68,3,2.995,0.998333,0.2,Normal
Damane,Irvin,Seattle,LT,Findlay,26,65,8/18/99,77,294,1,65,1,Agile - OT,79,52,76,80,79,54,16,33,12,13,25,20,25,55,9,20,32,76,90,13,13,18,13,85,9,14,66,70,78,64,3,17,13,9,37,17,72,78,67,9,17,72,12,13,34,6,5,5,5,16,11,86,24,12,4,4.18006,1.045015,0.16006,Normal
Dario,Hobson,Las Vegas,MLB,Michigan,25,65,12/21/99,72,232,1,43,1,Pass Coverage - MLB,88,74,73,85,64,74,58,60,12,41,53,51,59,72,20,67,88,67,92,62,11,10,38,37,61,25,67,36,35,37,12,70,54,54,79,31,39,42,46,35,57,83,57,54,77,9,18,21,20,25,15,89,44,69,1,0.84,0.84,0.0,Normal
Bear,Reichenbach,Buffalo,QB,W. Kentucky,30,65,3/25/95,77,218,1,14,8,Field General - QB,73,69,67,76,55,64,44,23,49,34,55,15,32,71,11,10,12,20,91,40,17,20,11,17,11,12,67,20,19,18,74,16,10,8,22,12,23,20,22,19,21,69,28,27,25,74,81,83,78,86,78,96,19,17,2,2.38,1.19,0.0,Normal
Delphfrine,Shoate,Tampa Bay,DT,J. Madison,26,65,5/3/99,75,293,1,91,3,,74,67,75,70,80,66,19,66,12,10,30,15,38,58,7,69,77,75,88,14,11,14,7,23,15,14,67,36,40,42,7,70,60,12,66,17,45,47,48,12,18,68,7,34,79,7,10,18,9,24,9,78,30,21,1,1.03,1.03,0.0,Normal
Da'Quan,Spriggs,Detroit,DT,Rice,27,65,3/9/98,74,290,1,66,5,,73,63,69,69,79,68,25,69,12,21,33,20,31,56,3,61,80,78,89,22,12,13,9,28,18,9,65,43,44,47,5,67,75,13,77,18,46,46,44,16,14,68,23,30,77,4,6,4,5,23,13,77,28,23,1,0.985,0.985,0.0,Normal
Darwin,Wilds,Philadelphia,RT,Michigan,23,65,1/9/02,79,325,1,78,0,Agile - OT,69,59,77,89,86,68,23,31,12,21,40,17,19,55,8,34,37,81,86,11,8,12,13,81,13,6,64,71,70,72,7,30,42,9,21,12,73,72,71,16,19,67,22,10,33,6,6,6,7,29,6,84,18,15,4,4.433264,1.108316,0.233264,Normal
Lorenzo,Nease,Jacksonville,LE,Texas Tech,25,65,4/29/00,78,280,1,59,1,Run Stopper - DE,89,66,84,74,79,64,22,78,13,31,41,35,29,57,26,66,73,80,93,41,17,18,10,23,32,26,64,48,45,47,11,67,65,17,78,30,42,45,44,29,39,84,35,37,77,4,10,13,8,22,10,83,40,34,4,4.124076,1.031019,0.104076,Normal
Gabe,Charles,Los Angeles A,DT,Michigan St.,27,65,2/5/98,75,313,1,96,4,,55,56,62,76,84,75,27,76,12,21,41,23,31,51,11,56,74,82,86,13,16,13,24,39,12,13,65,43,47,46,7,76,74,12,73,10,43,46,47,20,20,62,15,33,76,4,6,8,8,20,12,77,44,13,1,1.835,1.835,0.25,Normal
Kid,Cortes,New Orleans,ROLB,Utah,26,65,12/19/98,72,228,1,45,3,Pass Coverage - OLB,88,80,78,81,69,67,62,61,15,52,60,47,51,77,33,56,85,63,84,62,23,25,13,31,55,35,67,35,31,32,6,69,66,35,81,34,35,30,21,42,52,85,60,56,84,2,6,9,5,22,6,85,59,64,1,1.1,1.1,0.0,Normal
Marcellus,Balog,New Orleans,CB,Oregon State,24,65,9/4/00,74,193,1,25,2,Zone - CB,92,82,89,88,56,61,67,46,44,45,53,65,70,84,15,45,69,49,89,73,20,21,45,14,59,26,66,22,23,23,36,64,29,76,73,36,33,37,31,31,73,91,64,35,50,39,42,44,45,48,34,85,32,67,4,8.0,2.0,4.0,Normal
Tiquan,Cooney,Indianapolis,QB,Notre Dame,22,65,9/13/02,76,216,1,15,0,Scrambler - QB,86,84,80,92,71,57,83,37,78,74,73,18,35,84,19,35,36,31,87,73,37,22,27,22,17,17,66,26,23,28,83,15,37,32,25,30,42,31,29,17,19,87,68,57,40,76,72,81,78,90,70,89,60,44,4,4.435244,1.108811,0.235244,Normal
Ducky,Isaia,Atlanta,C,Appalach. St.,28,65,7/31/97,75,301,0,64,4,Agile - C,73,64,69,80,81,73,54,19,12,42,58,50,53,59,39,9,36,75,96,41,53,54,11,80,6,48,64,70,75,70,8,25,8,13,29,50,65,72,69,46,48,68,34,47,22,2,6,7,8,18,11,86,47,10,2,9.5,4.75,6.25,Normal
Derreck,Layman,Minnesota,QB,North Carolina,24,65,9/16/00,73,220,1,8,3,Scrambler - QB,87,82,73,92,68,50,81,24,72,73,63,37,61,76,14,9,24,26,94,70,40,33,18,15,12,17,67,16,10,20,82,12,9,11,29,16,26,17,23,14,51,84,68,51,28,75,76,81,80,92,76,91,49,14,4,4.0216,1.0054,0.3616,Normal
Tyji,Toeaina,Minnesota,DT,Oregon,25,65,10/6/99,74,325,1,94,1,,66,55,67,75,80,70,15,73,12,28,29,14,20,45,2,51,81,85,94,6,8,14,9,38,10,7,67,42,41,46,3,70,64,9,74,12,45,48,45,15,15,60,11,18,79,6,6,8,5,19,13,84,40,11,3,2.835,0.945,0.1,Normal
Rosie,Hayward,Philadelphia,CB,Penn State,26,65,1/14/99,73,197,1,46,3,Zone - CB,91,79,88,90,59,62,55,49,18,47,52,49,55,88,27,32,54,54,87,74,19,24,49,18,62,28,63,34,32,36,7,54,25,70,61,37,35,32,39,33,65,94,67,34,54,9,6,5,8,29,14,71,31,66,1,1.1,1.1,0.0,Normal
Airese,Stedman,San Francisco,MLB,Florida State,24,65,2/19/01,72,227,1,48,1,Pass Coverage - MLB,89,81,74,84,65,68,57,63,24,42,53,55,66,74,8,66,81,70,91,63,12,18,46,35,62,12,65,32,23,23,10,64,55,65,83,22,43,33,34,17,61,82,57,51,70,19,23,30,23,19,11,83,48,68,4,4.101808,1.025452,0.081808,Normal
Tori,Snowden,New York N,TE,Nebraska,22,65,9/20/02,77,243,1,86,0,Vertical Threat - TE,88,81,86,81,70,63,64,46,19,62,70,74,79,79,59,42,35,64,78,67,28,27,24,49,28,62,67,60,61,63,22,34,38,19,47,63,54,56,58,64,71,81,61,61,41,24,17,25,21,27,33,81,67,30,4,8.0,2.0,4.0,Normal
Iheanyi,Kuehn,Tennessee,DT,Kansas State,27,65,10/25/97,76,323,1,94,3,,64,65,86,74,83,62,11,74,12,18,30,15,26,52,5,54,73,85,89,15,17,13,12,33,11,8,66,44,44,45,4,66,66,12,70,15,47,44,46,16,17,64,11,27,78,8,6,5,6,21,15,87,25,12,4,8.0,2.0,4.0,Normal
Konrad,Mccorvey,Tennessee,RE,Wagner College,26,65,8/26/99,75,245,1,90,2,Smaller Speed Rusher - DE,91,74,82,86,69,57,44,60,12,35,42,45,56,70,5,70,78,65,88,58,52,56,11,25,25,13,63,44,41,46,7,53,69,35,81,15,43,45,41,18,48,82,45,53,70,5,6,8,9,20,14,76,45,35,1,0.96,0.96,0.0,Normal
Buddy,Sapolu,Dallas,DT,Maryland,22,65,2/25/03,76,306,1,92,0,Power Rusher - DT,73,63,71,75,83,68,26,72,11,22,39,18,19,53,13,64,77,84,91,16,23,24,25,24,13,17,65,46,47,43,15,68,76,15,74,14,43,47,44,15,16,68,20,36,75,7,10,13,8,29,10,86,30,17,4,4.303024,1.075756,0.103024,Normal
Cap,Sturdivant,Minnesota,DT,Kennesaw State University,26,65,10/27/98,72,310,1,95,2,,77,55,80,72,88,61,21,72,9,16,27,19,32,61,7,52,80,82,89,27,8,10,8,32,15,8,66,39,42,40,7,62,62,14,74,15,44,46,44,14,19,72,19,19,76,4,6,8,6,19,10,81,23,19,1,0.96,0.96,0.0,Normal
Ashlee,Alphin,New England,RE,Harvard,25,65,5/13/00,75,250,1,54,2,Power Rusher - DE,88,83,86,76,69,65,28,70,17,15,31,26,30,71,4,63,84,74,91,36,24,26,8,26,32,6,64,36,37,35,5,61,69,38,77,13,38,41,39,11,29,83,27,25,74,5,6,8,6,21,11,80,29,38,1,0.795,0.795,0.0,Normal
Danny,Brookshier,Green Bay,MLB,Missouri,24,65,4/6/01,74,228,1,59,1,Field General - MLB,84,77,86,84,63,72,41,66,22,21,59,52,59,71,6,64,80,66,95,55,14,12,45,32,52,7,67,43,38,38,19,78,74,51,87,11,42,45,43,15,56,82,54,37,70,21,26,33,16,38,15,81,44,64,4,5.678024,1.419506,0.949472,Normal
Cully,Renn,Cincinnati,FS,Toledo,26,65,6/13/99,74,209,1,26,3,Hybrid - S,91,94,85,85,56,61,61,53,17,46,57,56,59,78,33,39,63,51,84,69,13,17,48,17,65,30,66,30,35,32,6,53,33,69,69,43,34,34,37,35,58,94,64,44,60,6,8,14,13,27,11,73,40,63,4,3.966084,0.991521,0.306084,Normal
Clint,Higgins,Washington,SS,Texas Tech,24,65,5/12/01,74,213,1,40,1,Zone - S,95,81,94,81,61,64,66,52,16,56,65,59,64,78,13,38,57,51,88,70,16,21,38,12,63,17,65,33,33,33,5,60,28,66,73,17,36,36,36,21,61,91,59,39,60,8,6,4,5,20,8,85,34,68,3,2.83,0.943333,0.245,Normal
Daryn,Raab,Tampa Bay,CB,Appalach. St.,24,65,11/28/00,71,186,1,24,1,Manto Man - CB,91,82,82,89,57,62,69,45,12,61,63,61,58,83,14,29,50,51,88,74,17,22,33,18,65,21,66,34,34,35,7,65,22,65,62,13,34,33,33,20,61,92,64,38,49,5,6,8,6,28,17,81,30,63,3,2.85,0.95,0.1,Normal
Maurice,Alward,Seattle,LE,Ohio State,25,65,2/14/00,75,255,1,59,3,Run Stopper - DE,80,80,84,72,73,61,34,76,11,24,44,37,39,71,27,62,86,79,89,38,15,18,11,21,32,34,63,42,45,47,7,55,70,34,78,26,47,41,45,33,31,75,32,32,79,5,6,10,4,27,12,78,35,46,1,0.96,0.96,0.0,Normal
Sale,Jackson,Buffalo,WR,San Diego St.,26,65,8/18/99,76,211,1,80,2,,86,75,86,83,54,57,78,28,29,76,71,77,78,81,60,13,25,43,86,80,16,25,56,20,21,71,63,30,8,12,16,26,9,30,34,57,49,31,32,73,73,90,71,45,25,19,22,26,30,31,20,86,39,25,2,2.042,1.021,0.007,Normal
Dondre,Walls,New England,LG,Oklahoma,26,65,8/21/99,75,319,1,55,2,Power - G,60,50,60,83,86,53,8,19,12,3,18,10,23,48,7,12,13,84,90,12,14,18,11,80,12,4,65,76,70,77,7,11,12,9,25,13,69,69,75,12,11,69,8,9,27,7,6,4,5,22,9,84,16,12,1,0.795,0.795,0.0,Normal
Ratcliff,Iaquaniello,New England,LT,Illinois,26,65,4/17/99,78,320,1,59,3,Power - OT,79,58,64,78,81,77,28,32,10,12,23,20,51,51,2,23,38,86,94,24,10,16,10,73,8,13,66,75,68,68,9,29,22,12,31,12,69,74,70,32,19,67,23,31,29,6,6,6,5,19,8,80,32,9,4,3.857872,0.964468,0.197872,Normal
Pots,Youngfleish,Los Angeles N,RT,Georgia,24,65,4/11/01,76,317,1,71,2,Power - OT,78,51,67,83,89,70,13,32,12,13,25,21,24,53,10,32,37,85,86,7,8,8,9,70,10,18,64,71,62,76,4,20,43,13,41,19,68,73,62,22,20,68,6,13,40,5,5,5,4,9,5,87,12,10,4,8.0,2.0,4.0,Normal
Rich,Jamerson,Indianapolis,TE,Miami,26,65,6/2/99,76,239,1,86,2,Vertical Threat - TE,91,79,88,89,70,66,80,32,15,65,68,76,79,75,55,10,26,59,91,74,11,16,22,46,10,56,66,51,50,46,14,16,10,16,38,60,54,51,48,65,79,87,57,64,31,10,16,21,18,25,14,91,66,15,4,4.130592,1.032648,0.290592,Normal
Abdul,Stankavage,New Orleans,C,LSU,28,65,9/19/96,77,311,1,76,7,Agile - C,62,51,74,82,82,76,8,21,15,16,28,15,22,48,6,11,22,77,86,9,13,17,9,79,10,6,65,73,74,67,5,12,11,9,14,14,67,73,62,16,16,70,9,8,25,4,6,8,7,16,13,89,9,11,1,1.4225,1.4225,0.0,Normal
Shelley,Ninowski,Las Vegas,DT,Florida,26,65,4/7/99,76,290,1,93,3,,86,75,70,78,79,67,23,69,18,19,32,10,26,66,5,60,76,77,93,21,16,19,9,27,19,4,64,44,41,47,6,69,69,24,80,17,46,45,45,12,18,74,31,28,83,4,6,5,7,26,8,89,31,27,1,1.1,1.1,0.0,Normal
Too,Weatherwax,New York A,ROLB,W. Michigan,25,65,9/3/99,73,232,1,53,2,Pass Coverage - OLB,89,85,81,82,68,59,58,60,24,49,58,55,61,77,23,58,77,68,90,69,13,20,47,24,67,32,67,43,44,45,15,57,48,47,81,34,46,43,43,35,60,88,64,34,79,20,22,25,12,26,14,75,50,65,4,8.0,2.0,4.0,Normal
Ken,Dowtin,Miami,DT,Georgia Tech,21,65,10/4/03,78,321,1,93,0,,73,58,84,82,82,66,19,70,11,20,40,18,20,55,13,68,85,80,90,18,20,26,23,30,19,14,63,45,46,43,6,61,68,11,69,18,45,46,42,15,19,70,18,38,79,6,6,3,5,29,11,82,29,15,4,4.301672,1.075418,0.101672,Normal
Dorsett,Mickell,Minnesota,CB,Utah,23,65,4/2/02,75,186,1,34,0,Manto Man - CB,90,72,92,87,68,57,65,45,14,49,56,62,70,81,11,33,56,54,94,69,14,14,50,16,67,17,66,29,29,30,4,58,30,74,70,23,34,36,33,23,65,91,63,33,54,8,6,4,6,26,10,85,31,67,3,2.98,0.993333,0.249,Normal
Yo,Konopasek,Buffalo,DT,Georgia,24,65,7/13/01,77,295,1,93,1,,68,56,72,81,83,60,10,74,12,10,45,15,34,50,4,64,77,84,89,10,15,19,10,18,15,8,65,45,45,45,6,63,69,22,75,17,45,45,45,15,15,68,10,10,80,6,6,6,6,25,15,85,25,25,2,2.039,1.0195,0.004,Normal
Gilvanni,Kovac,Indianapolis,DT,Northwestern,24,64,3/4/01,74,282,1,95,2,,92,80,91,78,81,61,21,71,15,12,33,24,34,69,4,59,77,79,93,40,22,26,10,23,19,6,63,40,42,42,10,59,70,25,75,15,45,43,45,10,25,90,34,32,66,5,10,14,8,20,6,90,35,25,4,4.636908,1.159227,0.796908,Normal
Hise,Moselle,Cleveland,LE,Tulane,23,64,3/18/02,73,281,1,66,0,Smaller Speed Rusher - DE,85,68,85,88,83,59,23,68,12,15,37,20,32,69,6,72,73,78,86,22,13,16,8,28,25,5,64,47,44,43,4,54,64,16,75,13,44,46,47,16,23,81,18,26,72,7,6,5,7,18,8,86,36,32,3,2.985,0.995,0.18,Normal
Dexter,Dinapoli,Denver,RT,Illinois,26,64,8/3/99,78,314,1,63,2,Agile - OT,75,57,70,79,85,69,14,36,12,11,42,21,25,60,4,31,42,75,83,27,10,18,8,84,12,15,63,69,73,70,3,26,39,12,31,17,68,76,67,21,26,62,15,28,38,2,7,12,7,12,4,76,27,12,3,2.715,0.905,0.08,Normal
Dixon,Monty,Las Vegas,WR,Wake Forest,29,64,5/29/96,71,190,1,81,5,Deep Threat - WR,89,88,81,85,57,55,74,37,16,74,72,81,82,83,67,8,16,43,85,75,14,26,71,21,19,70,62,31,12,12,8,26,9,18,39,71,47,38,28,72,83,87,67,44,29,9,10,18,11,25,12,81,41,27,1,1.03,1.03,0.0,Normal
Cedrick,Coffey,Washington,CB,Vanderbilt,26,64,7/16/99,71,191,1,38,3,Zone - CB,90,85,97,84,60,58,62,39,12,52,49,49,57,80,21,28,59,37,87,74,13,11,51,15,61,28,66,36,34,34,6,56,21,64,72,25,37,37,35,26,56,90,65,27,62,6,6,5,7,28,9,77,30,67,1,0.96,0.96,0.0,Normal
Dameane,Alban,Tennessee,MLB,Florida,25,64,6/12/00,74,228,1,58,2,Pass Coverage - MLB,91,83,80,77,66,59,54,61,32,45,51,56,66,81,35,59,82,67,89,64,17,12,32,32,59,44,66,43,40,38,19,58,62,44,83,42,37,39,42,44,60,88,53,48,77,26,27,29,34,33,18,82,51,61,4,8.0,2.0,4.0,Normal
Speedy,Drungo,Tennessee,RG,Culver-Stockton,26,64,4/1/99,78,318,1,76,3,Power - G,68,52,77,78,83,70,11,23,7,10,24,11,23,53,7,21,32,80,90,11,8,14,12,79,10,8,66,68,73,69,8,19,31,7,20,12,68,65,68,8,13,62,8,16,24,6,6,9,5,23,5,89,18,10,1,1.03,1.03,0.0,Normal
Mosi,Blados,New York N,C,TCU,29,64,9/18/95,78,300,1,65,7,Agile - C,76,59,72,78,88,74,14,26,12,6,28,20,34,45,7,10,15,78,88,12,20,22,9,79,12,8,66,69,68,66,4,11,10,8,30,32,69,73,62,15,18,70,11,8,34,4,6,7,6,19,10,85,17,12,4,8.0,2.0,4.0,Normal
Kwante,Marts,Kansas City,QB,W. Kentucky,26,64,4/26/99,73,220,1,14,3,Field General - QB,84,74,73,86,58,63,68,17,56,44,69,13,21,73,12,9,16,25,89,56,30,39,8,16,10,14,64,18,15,19,75,18,9,8,25,18,17,12,16,13,12,78,49,34,25,75,76,86,78,84,77,88,28,13,1,1.1,1.1,0.0,Normal
Marlion,Kirk,Chicago,LG,William  Mary,28,64,7/3/97,76,307,1,60,2,Power - G,72,61,63,78,82,71,10,25,12,6,31,15,24,51,5,10,20,77,87,10,12,15,10,79,12,5,64,69,65,70,6,21,10,10,27,15,67,64,68,15,15,67,10,10,30,6,6,6,6,11,10,83,14,13,1,1.03,1.03,0.0,Normal
Makoa,Mcfarland,Tennessee,RG,Northwestern,29,64,1/11/96,77,310,1,73,5,Agile - G,58,64,71,82,84,73,24,41,12,18,44,31,43,53,23,26,33,79,90,30,18,22,11,82,13,26,66,57,60,57,5,40,28,10,34,28,75,74,67,32,29,69,13,24,44,6,6,10,8,27,12,84,30,15,1,1.32,1.32,0.525,Normal
Wray,Mcburrows,Cleveland,TE,Kentucky,25,64,10/17/99,76,255,1,82,1,Possession - TE,79,78,82,85,77,66,65,36,12,56,70,73,72,67,51,10,35,71,92,57,14,13,12,59,10,53,62,64,63,59,17,23,10,12,35,65,62,63,63,60,70,82,50,66,36,13,15,23,19,25,11,88,62,10,2,1.755,0.8775,0.0,Normal
Pid,Winston,Dallas,TE,Minnesota,25,64,12/27/99,79,260,1,89,1,Possession - TE,83,71,77,83,72,65,72,51,24,62,70,74,77,66,51,40,58,64,89,63,22,29,27,53,29,59,64,61,56,62,5,31,46,31,59,63,59,58,60,63,76,80,55,67,55,5,10,15,10,25,15,88,67,38,3,2.85,0.95,0.245,Normal
Ladell,Koons,Kansas City,RG,Holy Cross,24,64,3/3/01,77,300,1,61,1,Agile - G,73,53,81,82,82,67,48,17,17,28,33,32,32,61,15,8,36,76,94,48,20,21,10,84,12,20,65,70,71,67,11,13,9,10,28,17,66,68,62,19,35,71,24,44,29,9,13,19,13,27,5,78,33,13,4,4.104784,1.026196,0.084784,Normal
Billy,Rickards,Los Angeles A,LE,Ferris State,25,64,12/15/99,75,254,1,50,2,Smaller Speed Rusher - DE,83,76,79,82,70,54,50,57,17,49,49,35,44,69,23,75,80,68,91,64,11,19,15,20,39,26,66,32,35,33,19,56,67,32,79,38,45,48,48,33,43,77,56,40,74,13,10,18,16,29,15,85,47,44,1,1.03,1.03,0.0,Normal
Amon,Ellington,Pittsburgh,RT,Texas,29,64,3/25/96,77,300,1,67,6,Agile - OT,69,70,76,87,87,79,21,16,12,7,37,10,29,53,8,18,42,82,83,18,19,27,6,88,12,5,63,67,68,64,6,9,30,10,23,10,67,68,65,10,12,67,18,25,33,10,6,5,5,22,8,84,34,15,2,4.0,2.0,0.83,Normal
Jarred,Upchurch,Los Angeles N,CB,Wash. St.,24,64,7/31/01,70,176,1,33,1,Zone - CB,86,78,79,85,56,68,60,46,14,50,56,53,59,83,13,37,50,51,83,67,15,11,35,20,63,10,63,27,24,22,10,62,33,65,68,12,29,30,28,22,59,89,61,31,53,6,11,19,17,18,13,84,29,68,1,0.96,0.96,0.0,Normal
Tauren,Larsen,Kansas City,LOLB,Indiana,25,64,10/21/99,74,227,1,44,2,Pass Coverage - OLB,89,74,76,82,65,70,45,57,22,37,54,45,54,73,7,55,80,68,84,51,13,20,28,33,52,4,62,45,48,46,15,66,44,48,81,22,41,44,44,15,50,86,45,44,77,11,13,16,14,30,26,83,53,62,3,2.71,0.903333,0.15,Normal
Devard,Alstott,Pittsburgh,ROLB,Washington,24,64,6/5/01,73,227,1,44,0,Pass Coverage - OLB,89,79,82,88,66,63,48,60,28,42,62,42,50,74,20,46,74,68,89,51,16,22,9,23,59,22,66,44,43,45,11,61,44,45,78,22,43,44,43,23,48,86,48,42,74,17,18,20,26,26,15,88,45,65,4,4.33694,1.084235,0.13694,Normal
Vinson,Rackers,Buffalo,DT,Oregon,26,64,12/18/98,76,305,1,71,1,,79,69,74,80,79,60,20,72,19,18,35,28,30,65,5,56,77,80,92,18,15,20,24,19,13,11,66,25,11,9,17,62,67,15,70,19,33,17,21,7,13,76,10,16,75,12,13,15,10,19,12,90,37,18,1,0.96,0.96,0.0,Normal
Dirt,Palazzi,Carolina,RG,N.C. State,26,64,4/2/99,75,322,1,62,2,Agile - G,72,62,79,84,88,65,20,16,12,21,33,21,30,54,6,14,30,75,84,9,15,22,12,81,9,10,66,75,68,73,6,24,16,7,21,17,69,76,65,9,26,64,9,14,31,9,9,9,7,20,11,81,35,10,4,4.611736,1.152934,0.771736,Normal
Carwell,Bentzin,San Francisco,LOLB,North Carolina,28,64,2/16/97,74,233,1,46,4,Run Stopper - OLB,88,84,80,76,73,62,62,61,60,44,66,33,54,75,1,58,82,69,86,61,23,18,10,13,54,5,62,48,45,46,53,59,53,42,83,18,42,48,47,15,39,86,54,55,72,55,59,61,58,66,50,86,46,63,1,1.15,1.15,0.315,Normal
Young,Pegram,Chicago,DT,Wagner College,27,64,6/16/98,74,302,1,91,4,,73,58,68,71,84,60,19,70,12,19,36,15,28,47,3,54,81,81,88,10,17,21,10,37,13,7,64,45,45,45,6,62,72,10,75,15,45,45,45,15,15,67,10,17,78,6,6,6,6,14,12,78,38,15,1,3.263,3.263,0.0,Normal
Othello,Quirk,Washington,TE,Nevada,25,64,3/16/00,78,240,1,88,3,Vertical Threat - TE,85,82,77,83,68,59,74,29,18,60,70,76,76,70,51,17,29,58,90,69,22,22,20,52,14,55,63,52,57,55,5,21,14,13,32,66,61,55,53,64,81,79,63,60,29,6,10,12,11,33,11,67,65,16,1,1.03,1.03,0.0,Normal
Rashod,Mclenna,Tennessee,ROLB,Penn State,23,64,2/18/02,74,241,1,57,1,Pass Coverage - OLB,91,79,84,88,67,62,42,61,33,35,60,54,55,78,8,46,73,76,90,65,22,20,25,26,67,4,63,38,24,20,15,68,40,59,78,19,36,20,25,13,56,85,58,40,75,5,10,17,22,42,24,84,43,64,3,2.88,0.96,0.275,Normal
Jeep,Hix,New Orleans,MLB,Appalach. St.,27,64,7/20/98,73,233,1,52,3,Run Stopper - MLB,91,80,79,84,69,63,66,60,20,53,49,46,56,75,20,50,76,87,87,59,15,15,10,27,48,23,65,47,44,44,6,64,60,38,80,29,47,47,48,30,44,85,48,48,80,10,6,7,5,23,11,86,54,53,4,3.976916,0.994229,0.316916,Normal
Biren,Lagrand,Indianapolis,WR,Austin Peay,28,64,11/17/96,73,201,1,2,5,,89,93,85,86,52,58,81,24,24,71,72,74,74,82,66,10,39,44,87,78,15,17,67,38,25,59,66,29,21,18,9,22,12,28,36,70,55,31,28,64,71,92,70,60,38,7,10,16,8,22,18,79,57,21,4,8.0,2.0,4.0,Normal
Martell,Brumbaugh,Philadelphia,RT,Kentucky,25,64,12/29/99,77,322,1,72,3,Power - OT,70,52,66,79,87,57,13,28,15,16,22,15,25,48,3,14,38,85,89,12,13,15,9,73,8,4,64,65,61,73,5,8,18,11,20,10,70,72,72,9,11,60,10,27,34,8,6,7,8,22,9,88,30,8,2,2.045,1.0225,0.3,Normal
Quinten,Healey,New York N,MLB,UCLA,24,64,2/10/01,73,230,1,53,1,Field General - MLB,88,79,85,82,63,70,51,64,21,34,58,58,68,78,7,65,84,63,97,64,27,32,35,24,56,13,62,32,27,28,6,68,56,56,76,16,41,35,35,24,65,84,56,36,73,9,11,13,13,21,12,78,37,65,4,8.0,2.0,4.0,Normal
Jeremy,Felber,Jacksonville,LT,South Carolina,29,64,8/7/96,78,325,1,78,6,Power - OT,65,56,65,82,80,76,12,35,12,4,39,15,28,50,6,24,26,77,84,11,12,22,9,80,12,6,63,64,63,65,7,30,23,11,33,15,71,68,75,14,14,67,12,9,40,4,6,7,6,31,3,83,27,12,4,8.0,2.0,4.0,Normal
Phil,Halas,Green Bay,RG,USF,25,64,11/24/99,76,323,1,67,1,Power - G,75,63,71,74,88,67,41,33,33,37,27,23,22,59,5,28,24,79,77,34,24,26,11,71,22,7,64,67,73,66,13,19,24,17,34,15,66,67,73,12,25,71,44,37,36,7,5,9,19,22,20,86,41,27,1,0.84,0.84,0.0,Normal
Audray,Remsberg,Los Angeles N,C,N.C. State,24,64,1/22/01,76,305,1,63,1,Agile - C,74,74,81,87,78,70,8,28,12,7,34,15,23,64,4,8,32,77,90,12,24,17,11,82,9,7,64,72,69,67,7,36,12,8,47,11,71,74,68,17,16,68,8,12,37,14,19,23,14,23,10,79,23,9,1,0.96,0.96,0.0,Normal
Newton,Crisler,Los Angeles N,ROLB,Marshall,23,64,9/11/01,72,227,1,58,1,Run Stopper - OLB,86,77,82,82,69,62,57,66,23,43,63,60,66,77,4,42,81,77,88,62,14,19,16,13,47,10,64,47,44,43,38,66,45,49,79,10,46,44,44,23,55,83,57,47,78,19,22,28,19,29,20,87,52,56,1,0.96,0.96,0.0,Normal
Lavale,Carimi,Cincinnati,DT,Arkansas,24,64,9/13/00,75,319,1,94,0,,73,61,70,83,85,57,20,77,12,16,34,21,35,59,9,59,78,82,93,22,17,15,13,30,16,4,65,42,46,47,6,54,69,17,72,16,44,45,42,18,20,69,17,28,72,6,6,5,7,23,11,87,29,21,3,2.995,0.998333,0.03,Normal
Reinard,Chambers,Kansas City,DT,Florida State,25,64,12/5/99,75,316,1,96,1,,77,70,67,78,87,62,24,69,12,16,30,22,29,53,5,57,80,83,83,18,17,13,13,29,22,5,65,49,44,46,4,62,62,15,65,11,48,44,44,14,20,72,13,30,74,8,6,10,4,18,11,81,34,33,4,8.0,2.0,4.0,Normal
Pisa,Massey,Tennessee,CB,Tennessee,24,64,2/16/01,73,189,1,32,1,Zone - CB,90,78,84,84,52,67,67,44,15,48,56,58,67,81,12,36,60,44,90,70,13,8,34,14,63,20,64,26,26,24,5,63,32,67,67,25,29,29,32,22,62,89,65,34,57,7,6,7,4,23,9,82,27,67,1,0.96,0.96,0.0,Normal
Benjy,Lafleur,Baltimore,RG,LSU,23,64,2/18/02,77,320,1,74,0,Agile - G,78,66,81,88,89,66,8,22,12,12,26,11,26,58,3,9,23,80,84,10,16,18,11,75,10,7,63,66,71,68,7,23,11,10,28,13,69,71,70,11,29,68,11,16,16,6,6,5,4,19,12,80,24,11,4,4.307648,1.076912,0.107648,Normal
Shaun,Harbour,Cincinnati,HB,Arizona,27,64,2/28/98,73,218,1,32,4,Elusive Back - HB,85,80,85,81,72,66,80,32,25,74,86,48,61,81,34,15,34,41,92,79,16,18,77,40,17,47,63,45,39,41,16,17,13,21,41,43,37,24,21,54,41,85,74,70,36,17,23,27,25,34,20,85,78,27,1,1.1,1.1,0.0,Normal
Pago,Mccrumbly,Minnesota,TE,Pittsburgh,22,64,4/30/03,77,246,1,86,0,Vertical Threat - TE,85,84,85,86,68,66,72,42,28,66,73,75,78,79,54,35,32,65,91,66,27,26,26,54,27,57,66,56,54,59,27,28,39,15,44,62,61,54,55,65,74,82,63,69,35,18,24,25,29,41,26,89,65,33,4,4.415824,1.103956,0.215824,Normal
Priest,Hrivnak,Seattle,HB,Boise State,25,64,12/16/99,70,208,1,36,1,Elusive Back - HB,91,79,86,84,70,59,77,25,22,80,89,62,69,82,40,9,30,43,79,74,14,18,49,38,15,53,65,46,34,35,15,22,9,16,27,49,35,24,27,58,56,88,69,71,21,24,26,30,19,39,16,81,70,18,2,1.755,0.8775,0.0,Normal
Jerome,Bergold,Jacksonville,TE,Boston College,27,64,8/19/98,77,253,1,84,4,Possession - TE,84,70,80,84,71,60,72,48,14,62,72,79,80,67,53,38,56,64,86,62,17,25,26,52,14,62,66,56,54,52,7,40,47,19,53,61,60,56,54,64,78,81,48,66,52,7,10,17,10,28,10,87,70,21,2,5.0,2.5,3.0,Normal
Perry,Faust,New York A,WR,IUP,28,64,4/13/97,76,219,1,19,3,Physical - WR,91,86,79,83,62,56,80,29,26,71,71,81,82,81,67,10,44,47,88,71,15,15,47,22,23,63,63,37,23,26,13,19,10,25,30,70,57,27,33,66,85,85,72,65,39,19,21,28,17,27,14,83,57,29,4,8.0,2.0,4.0,Normal
Clive,Rice,Indianapolis,LE,Florida AM,25,64,2/5/00,76,236,1,55,2,Smaller Speed Rusher - DE,92,76,84,74,67,59,49,59,23,35,45,44,54,71,26,64,84,65,87,49,15,16,33,35,40,31,63,46,47,45,11,59,68,41,77,33,43,43,46,33,47,85,43,42,69,13,13,15,11,28,12,75,40,49,3,2.7,0.9,0.095,Normal
Albie,Aronson,Tampa Bay,FS,Marshall,23,64,9/22/01,71,192,1,36,0,Hybrid - S,90,86,97,88,62,58,65,51,14,57,62,57,60,82,12,31,73,61,88,65,14,18,77,27,63,19,62,36,35,37,6,55,31,57,71,23,37,35,33,28,61,90,60,47,69,6,6,5,8,23,10,87,52,67,3,2.995,0.998333,0.3,Normal
Grady,Kraehe,Los Angeles N,DT,Iowa,27,64,3/8/98,75,304,1,93,4,,69,65,72,70,83,67,24,77,12,13,34,14,25,59,3,52,76,82,89,17,14,17,9,29,18,6,64,46,46,46,6,65,64,13,67,15,48,48,48,13,21,61,17,25,74,6,6,6,6,15,12,81,29,24,1,0.96,0.96,0.0,Normal
Ladarius,Tovar,Carolina,MLB,Michigan St.,24,64,8/20/01,73,250,1,41,1,Pass Coverage - MLB,89,76,74,86,69,56,33,66,12,22,50,30,57,71,4,54,79,72,86,33,10,12,13,16,62,9,63,41,45,47,6,49,61,52,83,11,44,44,42,14,30,85,24,46,81,8,6,8,4,25,12,88,39,68,2,1.755,0.8775,0.0,Normal
R-Kal,Office,Jacksonville,MLB,Auburn,23,64,6/5/02,74,241,1,53,0,Run Stopper - MLB,86,73,78,75,77,67,33,69,21,25,40,23,34,68,8,68,81,75,93,37,24,29,31,23,54,12,62,45,46,46,16,62,68,39,80,14,46,45,42,17,22,83,34,33,77,13,10,18,18,22,19,92,25,60,4,4.430528,1.107632,0.230528,Normal
Firpo,Middlebrook,Cincinnati,ROLB,Duke,28,64,4/1/97,74,234,1,53,6,Run Stopper - OLB,77,79,76,83,72,62,39,71,12,37,44,45,49,67,20,60,84,79,86,42,15,18,9,17,48,28,65,45,45,43,5,61,60,30,78,31,42,45,47,24,44,81,36,32,83,6,6,6,4,28,9,86,46,57,1,1.1,1.1,0.0,Normal
Tanner,Nicolas,Arizona,SS,Virginia,26,64,11/16/98,73,201,1,32,3,Hybrid - S,93,85,92,84,64,62,77,49,27,73,59,54,63,78,18,40,77,49,84,74,12,14,41,17,58,22,62,31,27,29,13,64,35,64,67,25,35,32,31,27,59,92,71,63,62,9,10,14,21,25,13,88,62,64,2,3.75,1.875,0.4,Normal
Fulton,Sparenberg,Carolina,ROLB,Army,26,64,2/2/99,72,236,1,49,4,Run Stopper - OLB,87,75,82,80,72,56,46,62,12,47,61,37,62,72,23,54,73,76,86,40,16,23,10,58,50,30,66,51,51,51,10,61,53,40,85,36,52,52,53,31,44,81,36,50,85,4,6,2,4,25,15,89,47,60,2,2.9,1.45,1.5,Normal
Stephon,Lippett,Atlanta,SS,Texas,26,64,10/20/98,72,194,1,45,3,Zone - S,94,87,88,89,60,62,64,54,14,51,57,48,57,88,31,31,64,46,84,74,16,19,44,17,62,33,64,36,36,33,7,63,27,62,66,22,36,36,34,34,57,90,63,29,49,10,14,21,14,21,9,86,29,66,1,0.96,0.96,0.0,Normal
Angelo,Unutoa,New York N,LT,North Carolina,25,64,9/19/99,76,308,1,75,3,Agile - OT,71,58,73,86,82,72,16,21,11,11,33,12,25,59,6,9,30,76,86,12,25,26,12,85,9,6,64,69,71,69,5,25,9,11,18,12,70,69,66,9,17,67,8,17,20,4,6,7,8,17,9,78,19,10,4,8.0,2.0,4.0,Normal
Cal,Richins,New Orleans,RT,E. Kentucky,24,64,5/21/01,78,329,1,72,1,Power - OT,62,67,70,76,85,66,14,57,12,4,41,34,36,56,18,51,65,81,90,10,12,16,7,87,10,19,66,72,69,71,6,44,62,7,69,25,66,67,71,23,31,66,7,13,57,5,6,5,6,19,11,85,20,12,1,0.84,0.84,0.0,Normal
Richard,Currie,Tennessee,SS,East Carolina,24,64,5/2/01,73,193,1,24,1,Run Support - S,89,92,79,87,64,57,72,57,15,56,69,62,72,80,17,27,81,63,90,74,20,16,29,25,66,23,64,34,34,37,7,58,34,66,78,26,34,33,36,37,69,87,60,51,73,5,6,8,4,20,11,88,47,63,3,2.845,0.948333,0.19,Normal
Martrez,Milligan,San Francisco,WR,Montana,22,64,10/23/02,70,184,1,86,0,Slot - WR,90,80,90,82,57,67,77,39,34,70,77,74,86,87,63,27,30,38,86,73,21,21,85,28,39,63,66,26,8,18,33,28,29,22,28,64,51,26,21,67,73,90,67,37,38,34,35,41,39,47,37,83,46,37,4,4.301672,1.075418,0.101672,Normal
Jarius,Hooligan,Las Vegas,TE,Florida,25,64,4/17/00,76,223,1,88,2,Vertical Threat - TE,91,74,90,86,71,50,75,40,21,70,69,75,82,71,62,9,34,52,84,70,13,16,43,36,21,62,63,50,57,49,9,21,9,33,35,61,58,54,52,67,77,85,67,55,43,9,10,15,8,35,14,85,63,27,1,0.915,0.915,0.0,Normal
Quan,Mccormick,Los Angeles N,LG,USC,25,64,4/21/00,74,300,1,67,1,Power - G,63,53,70,79,86,61,11,30,12,14,39,10,27,60,8,11,13,86,91,10,23,23,14,85,14,8,62,73,65,71,9,21,11,10,31,10,67,69,64,11,15,59,10,11,34,10,6,6,4,15,14,85,27,14,1,0.795,0.795,0.0,Normal
Shaky,Garlich,Baltimore,RE,North Carolina,23,64,2/28/02,73,255,1,56,0,Power Rusher - DE,88,75,86,80,82,54,35,65,12,21,39,25,33,71,4,69,78,65,87,32,12,14,10,17,36,7,62,47,49,46,4,51,71,29,82,17,44,42,44,11,26,82,31,35,76,3,6,2,5,15,12,86,35,45,3,2.965,0.988333,0.0,Normal
Erik,Affholter,Denver,SS,Kentucky,25,64,11/1/99,74,210,1,43,2,Zone - S,82,80,89,84,61,63,62,61,18,42,59,63,72,82,8,40,73,61,96,65,14,20,41,20,59,16,65,35,38,37,7,64,33,75,72,19,36,38,35,17,66,84,56,46,72,7,10,15,9,24,11,81,36,68,1,0.96,0.96,0.0,Normal
Antoine,Majkowski,Los Angeles A,FS,Stanford,25,64,8/24/00,73,203,1,40,2,Hybrid - S,92,86,93,87,65,65,65,52,20,61,58,56,61,80,12,43,68,59,94,67,13,23,42,19,69,17,64,33,33,32,13,65,33,62,74,22,37,36,37,19,62,89,60,49,45,12,10,13,14,28,14,84,52,62,1,0.96,0.96,0.0,Normal
Alois,Chapman,Detroit,TE,Ole Miss,26,64,10/30/98,75,250,1,88,4,Vertical Threat - TE,81,83,85,83,71,61,74,44,24,57,76,76,79,75,57,8,32,66,84,71,54,70,40,52,15,60,66,61,62,54,6,35,11,32,44,63,60,54,53,65,79,83,63,64,44,9,10,13,11,29,11,85,67,44,1,1.3375,1.3375,0.4825,Normal
Olanda,Ruhman,Seattle,HB,Georgia,25,64,3/3/00,72,210,1,25,2,Elusive Back - HB,91,81,85,83,68,66,75,35,36,83,85,45,71,84,54,10,28,40,81,76,22,18,78,39,25,55,64,57,34,22,29,22,9,26,42,49,46,24,31,66,46,89,70,76,40,37,39,47,51,54,40,80,68,35,4,3.930852,0.982713,0.090852,Normal
Chartric,Tepper,Detroit,CB,N. Arizona,27,64,3/31/98,69,170,1,30,5,Manto Man - CB,92,90,88,88,51,58,74,53,10,52,60,59,65,85,36,37,69,51,82,77,13,14,64,20,64,33,63,32,34,33,9,56,31,67,76,24,35,38,32,31,65,90,65,29,56,5,6,9,7,35,13,84,15,61,2,3.3,1.65,0.3,Normal
Win,Fangupo,Minnesota,MLB,Penn State,22,64,1/28/03,73,243,1,41,0,Field General - MLB,93,75,82,88,74,64,45,63,22,39,58,42,48,72,15,49,78,79,89,47,16,20,12,23,55,22,64,46,46,44,8,63,53,47,81,22,43,47,44,21,50,84,44,43,78,5,6,4,7,25,13,90,41,61,4,4.419068,1.104767,0.219068,Normal
Alton,Boose,Atlanta,DT,W. Illinois,28,64,8/5/97,75,297,1,94,5,,77,66,79,73,83,60,22,71,12,15,28,16,25,51,3,57,78,80,87,20,15,22,16,20,16,5,64,45,45,45,6,62,69,12,73,13,45,45,45,10,16,72,18,29,76,6,6,6,6,24,14,81,26,22,1,0.96,0.96,0.0,Normal
Jeff,Bukaty,Houston,RG,Michigan,23,64,12/11/01,76,309,1,73,1,Power - G,60,48,70,86,84,58,17,30,12,13,24,20,25,57,8,17,35,81,92,7,11,16,7,78,12,12,65,66,59,70,5,15,11,9,34,11,70,71,71,16,15,62,9,11,32,6,5,2,7,13,11,86,7,12,4,4.103716,1.025929,0.083716,Normal
Elroy,Willging,Atlanta,LS,Ohio State,28,64,6/5/97,74,247,1,49,4,Accurate - LS,82,62,71,73,65,56,28,44,11,23,68,49,55,56,31,12,51,67,91,37,14,22,8,56,20,37,66,55,54,51,6,37,12,11,48,19,45,43,40,49,47,74,27,46,53,7,18,24,3,36,11,73,38,20,4,5.78,1.445,2.0,Normal
Norm,Bostic,Detroit,SS,Ball State,25,64,5/31/00,69,202,1,24,1,Zone - S,91,84,89,88,58,62,65,58,10,32,60,59,65,81,14,45,71,58,92,68,14,17,33,22,61,13,62,34,35,36,6,63,35,64,75,22,37,36,38,25,61,89,64,32,66,6,6,6,7,24,18,86,26,67,1,0.96,0.96,0.0,Normal
Tandon,Parker,Denver,TE,Pittsburgh,27,64,7/11/98,78,253,1,85,2,Vertical Threat - TE,87,77,83,78,70,67,76,21,29,56,70,70,79,72,50,14,39,58,91,65,10,14,23,55,13,61,63,60,51,54,25,23,12,15,30,64,58,54,50,65,74,84,55,71,37,30,39,48,21,63,22,77,64,14,1,1.03,1.03,0.0,Normal
Tamba,Venuto,Tampa Bay,RG,Indiana,25,64,1/3/00,78,305,1,72,2,Power - G,74,60,73,67,82,61,22,29,12,9,28,14,21,44,1,15,32,83,90,14,21,21,5,72,12,5,63,70,70,71,6,17,14,5,34,14,72,71,71,10,15,68,12,19,27,4,6,3,7,20,16,83,30,14,1,0.84,0.84,0.0,Normal
Ox,Lucier,Houston,TE,Iowa,24,64,6/29/01,78,250,1,42,0,Vertical Threat - TE,81,78,84,83,74,70,67,39,26,64,72,75,78,74,55,31,42,64,84,65,23,24,24,48,25,59,64,58,56,57,26,31,34,17,44,68,55,55,55,65,77,77,61,61,45,15,20,9,21,28,36,85,68,29,4,4.301672,1.075418,0.101672,Normal
Mal,Mariani,San Francisco,TE,Ohio State,27,64,10/14/97,77,250,1,89,4,Possession - TE,80,82,87,82,81,64,64,43,15,52,78,75,78,69,50,14,43,69,91,58,20,24,19,54,12,56,66,65,62,62,9,17,18,18,46,63,60,59,65,62,73,77,47,64,49,9,10,14,11,25,11,89,67,17,3,15.75,5.25,6.0,Normal
Ryan,Lundy,New England,LT,Missouri,23,64,6/22/02,79,317,1,52,0,Power - OT,73,66,71,90,88,67,11,26,23,8,34,25,24,57,4,9,29,83,87,13,16,11,11,75,27,5,65,72,68,73,2,33,9,7,17,17,72,65,73,16,27,66,6,10,22,4,6,9,5,22,16,89,26,14,4,4.348328,1.087082,0.148328,Normal
Tiki,Meisner,Denver,CB,Clemson,25,64,1/12/00,72,191,1,46,2,Zone - CB,92,81,76,90,52,63,63,51,15,52,59,62,65,81,28,35,63,53,89,70,14,15,45,15,62,30,64,35,35,35,6,62,25,71,71,32,35,35,35,33,57,88,63,38,56,6,6,6,14,27,9,84,31,66,1,1.03,1.03,0.0,Normal
Natrone,Boling,Pittsburgh,MLB,Ole Miss,26,64,8/14/99,71,235,1,93,3,Run Stopper - MLB,88,70,80,82,83,61,74,67,25,68,70,56,60,72,25,51,76,77,88,60,15,11,34,33,49,31,64,47,47,46,8,60,43,43,79,27,44,47,44,35,56,82,49,63,79,5,6,8,7,13,12,78,55,54,4,3.772356,0.943089,0.112356,Normal
Otto,Clemens,Baltimore,CB,Arkansas,23,64,7/16/02,72,192,1,28,0,Manto Man - CB,94,78,79,85,65,58,63,39,11,47,56,60,69,82,9,35,58,52,93,69,13,11,51,15,67,19,62,32,32,29,9,57,23,69,75,24,33,35,38,31,65,92,66,32,51,7,6,6,8,19,9,86,30,70,3,2.97,0.99,0.005,Normal
Les,Spiller,Dallas,RT,North Dakota,25,64,12/15/99,80,305,1,79,3,Agile - OT,77,78,67,82,88,67,14,34,9,6,30,14,21,60,12,32,31,75,82,7,11,19,10,81,10,15,63,65,70,66,5,23,23,9,22,16,67,67,68,13,15,72,13,14,31,10,6,2,5,17,7,78,17,11,4,8.0,2.0,4.0,Normal
Ramondo,Junkin,Tennessee,FS,Miami Univ.,26,64,4/7/99,73,222,1,44,3,Run Support - S,87,85,79,86,67,60,61,62,14,34,62,49,63,79,9,49,81,52,93,63,12,14,33,16,58,8,64,36,33,34,8,65,46,64,77,17,36,33,36,14,56,88,58,48,63,4,7,11,9,32,6,87,54,65,1,1.1,1.1,0.0,Normal
Mule,Spurlock,Kansas City,LG,W. Michigan,27,64,10/21/97,76,301,1,66,3,Power - G,74,61,71,79,85,62,16,27,12,23,35,15,38,54,14,12,28,80,91,12,13,10,14,69,12,17,66,65,73,73,5,7,12,13,25,19,68,68,73,29,16,62,11,20,28,3,6,3,5,13,13,81,27,12,1,1.03,1.03,0.0,Normal
Hewritt,Anelli,Cincinnati,WR,Penn State,25,64,9/15/99,73,205,1,82,2,,87,90,83,86,59,58,79,35,28,70,74,81,78,89,59,10,32,50,93,73,20,17,66,30,18,67,63,26,16,20,19,28,10,15,43,62,54,47,41,68,79,86,69,55,32,23,25,30,15,33,19,87,54,26,1,0.96,0.96,0.0,Normal
Wayland,Patrick,Buffalo,QB,North Carolina,31,64,8/20/94,74,220,1,11,8,Scrambler - QB,83,87,71,82,69,54,82,25,74,71,61,33,43,83,16,8,30,30,92,70,22,30,12,22,15,29,64,17,20,23,80,16,9,15,42,29,19,21,17,37,28,85,71,58,36,78,74,82,77,91,73,85,51,17,2,5.25,2.625,2.71,Normal
Hayward,Schwall,Los Angeles A,CB,Oregon,22,64,3/3/03,69,183,1,46,0,Manto Man - CB,92,84,76,89,62,55,66,41,11,50,57,62,68,82,9,33,58,49,85,69,11,16,52,12,67,21,62,28,33,31,10,56,22,71,71,26,31,39,33,31,65,92,59,35,50,5,6,8,7,26,11,83,27,69,3,2.98,0.993333,0.04,Normal
Juaquin,Haggins,Philadelphia,LOLB,Nebraska,26,64,8/1/99,76,247,1,45,2,Run Stopper - OLB,91,75,82,73,76,62,38,76,7,35,42,32,44,71,13,61,79,86,90,50,13,12,11,31,34,20,63,37,33,35,7,62,66,46,80,23,39,39,38,27,36,82,45,48,75,12,15,21,7,23,8,79,39,40,1,1.03,1.03,0.0,Normal
Loyd,Sacksteder,Miami,SS,California,23,64,10/18/01,72,210,1,32,1,Zone - S,86,85,74,81,66,63,75,62,18,59,71,64,74,80,43,35,85,61,92,74,18,17,41,32,63,42,66,34,32,31,9,61,44,71,77,33,36,36,33,56,67,85,64,59,60,19,27,35,21,44,27,78,65,67,4,4.199764,1.049941,0.179764,Normal
Monte,Orlich,New York A,WR,Florida State,26,64,8/12/99,72,181,1,81,2,,91,80,81,84,51,68,76,24,22,70,68,77,76,84,68,8,19,33,81,78,21,17,48,14,13,67,63,23,26,19,3,13,12,17,28,59,35,18,22,73,76,86,71,54,31,2,10,12,12,24,21,79,44,17,4,8.0,2.0,4.0,Normal
Stevenson,Donchez,Pittsburgh,FS,Memphis,25,64,11/5/99,72,206,1,35,2,Hybrid - S,93,79,78,84,62,63,62,50,41,52,58,64,74,80,12,34,84,63,91,68,18,17,47,19,66,21,62,27,24,25,31,60,42,73,70,21,28,28,31,28,70,88,61,32,63,33,38,45,42,46,26,87,48,63,1,0.96,0.96,0.0,Normal
Auston,Best,Miami,RE,P. View AM,29,64,5/9/96,76,253,1,56,7,Smaller Speed Rusher - DE,90,78,89,78,79,59,46,64,12,28,57,51,65,70,35,65,79,79,86,62,18,15,11,13,52,43,65,44,46,44,4,58,59,34,78,51,48,46,47,50,54,91,57,22,75,3,6,6,5,21,8,84,45,60,1,1.505,1.505,0.375,Normal
Jared,Salata,Tampa Bay,SS,UTSA,24,64,6/6/01,69,203,1,38,1,Run Support - S,93,86,86,84,56,61,80,58,29,68,65,60,70,87,8,39,77,56,84,75,12,11,59,23,52,16,63,19,22,20,28,65,33,66,71,27,21,19,22,30,62,87,67,54,68,12,12,24,24,24,24,85,68,63,1,0.84,0.84,0.0,Normal
Toby,Svitek,Cincinnati,C,Ohio State,24,64,8/27/01,76,304,1,68,0,Power - C,72,58,66,83,89,65,17,24,15,6,25,13,23,60,7,12,25,85,84,10,14,14,12,77,11,2,62,70,64,72,6,14,18,7,24,10,71,69,74,17,14,62,10,16,23,5,6,7,5,12,15,82,27,12,3,2.98,0.993333,0.015,Normal
Tubby,Flick,New England,LG,Eastern Michigan,27,64,6/8/98,77,326,1,62,2,Power - G,70,62,76,86,84,70,53,46,12,32,50,48,51,51,32,48,59,84,96,50,20,20,12,71,15,40,63,69,66,66,4,48,54,21,56,44,78,69,68,42,44,74,48,53,51,5,6,6,7,26,7,83,50,23,4,4.604112,1.151028,0.764112,Normal
Lake,Bruder,Pittsburgh,QB,Kansas State,28,64,6/4/97,74,219,1,17,3,Strong Arm - QB,83,86,76,74,64,61,78,24,65,55,56,16,34,80,8,8,18,15,86,62,16,23,9,18,10,14,63,14,15,11,75,10,9,7,26,12,20,19,23,15,19,78,40,41,23,78,77,84,75,85,78,80,40,15,1,1.1,1.1,0.0,Normal
Hank,Lathrop,Pittsburgh,LG,Maryland,25,64,6/7/00,77,305,1,74,2,Power - G,71,61,78,82,86,74,25,20,12,22,25,20,22,47,5,11,35,84,89,14,16,18,9,67,12,5,63,69,66,71,7,28,26,14,18,13,65,69,62,9,21,65,10,21,36,3,7,11,10,22,16,84,26,12,4,3.917776,0.979444,0.077776,Normal
Shawn,Hazelton,Cincinnati,TE,Arizona,26,64,3/15/99,77,244,1,84,1,Vertical Threat - TE,86,71,83,81,74,63,69,39,20,62,76,76,75,65,52,12,38,62,87,67,18,18,33,51,15,61,62,55,53,50,16,21,11,23,41,66,54,52,57,60,77,86,58,68,39,10,15,21,26,29,16,89,65,18,4,4.203056,1.050764,0.183056,Normal
Ramey,Kafentzis,Minnesota,WR,Southern Miss,27,64,5/15/98,73,200,1,14,4,Deep Threat - WR,85,81,94,86,65,63,75,34,18,63,75,78,78,83,66,10,40,47,89,74,12,19,71,22,22,68,63,29,19,20,5,24,10,25,42,73,50,26,24,71,71,89,71,59,37,8,10,13,10,24,17,80,61,26,1,1.87,1.87,0.5,Normal
Kelechi,Kusko,New York N,RE,North Carolina,27,64,3/16/98,75,260,1,45,3,Smaller Speed Rusher - DE,82,76,78,74,78,54,32,68,12,25,36,25,33,69,4,71,70,74,86,42,12,17,20,20,38,8,65,48,42,44,2,57,64,40,84,28,46,45,43,14,30,82,36,34,73,5,6,3,5,30,13,77,37,46,4,8.0,2.0,4.0,Normal
Wuert,Hufford,Green Bay,RT,Georgia State,25,64,8/17/00,78,317,1,79,1,Power - OT,70,49,71,82,84,71,8,39,9,10,21,10,26,52,6,36,39,79,93,9,10,10,12,80,9,9,64,71,67,68,8,22,41,8,39,13,71,71,66,8,13,61,9,26,45,5,8,9,9,21,7,89,20,8,4,4.19138,1.047845,0.17138,Normal
Lavelle,Raskowski,Detroit,LOLB,Saginaw Valley,26,64,11/7/98,75,235,1,53,2,Run Stopper - OLB,88,87,84,81,73,57,37,66,11,33,46,46,63,82,4,51,87,65,89,47,22,24,11,27,50,10,64,37,37,34,13,59,63,43,81,14,36,36,34,16,55,87,43,54,73,10,16,21,15,26,12,76,49,55,3,2.695,0.898333,0.0,Normal
Vinnie,Holub,Green Bay,LG,Minnesota,24,64,4/20/01,77,302,1,60,0,Power - G,66,57,73,82,83,60,9,23,14,10,19,15,23,55,4,10,29,83,83,11,12,13,8,82,11,7,62,70,65,70,8,14,15,11,24,15,69,70,71,16,13,67,9,15,23,8,6,4,6,14,14,82,27,12,3,2.98,0.993333,0.115,Normal
Lex,Blahak,Pittsburgh,QB,Ohio State,23,64,9/24/01,76,236,1,18,0,Field General - QB,82,81,69,88,68,64,67,38,60,52,63,20,43,76,16,38,39,29,88,46,26,17,28,29,21,19,66,30,33,35,77,37,43,16,43,24,22,31,32,17,22,80,45,32,42,84,75,80,79,89,78,91,38,21,4,4.4481,1.112025,0.2481,Normal
Erin,Baham,New York A,MLB,S.C. State,23,63,8/12/02,74,230,1,48,0,Field General - MLB,84,72,83,81,79,63,48,68,22,27,60,43,58,73,14,55,81,76,89,51,21,21,7,18,56,22,62,46,45,47,5,59,53,47,79,15,45,45,45,20,48,84,35,38,82,6,6,6,7,18,16,83,36,62,4,8.0,2.0,4.0,Normal
Bodie,Burrough,Seattle,SS,Ole Miss,23,63,9/14/01,72,188,1,30,2,Hybrid - S,87,87,86,86,52,60,67,51,15,60,63,66,73,87,28,39,69,50,91,76,15,16,50,31,64,32,64,39,32,37,8,55,36,66,71,28,33,36,34,35,70,85,63,59,66,5,6,9,6,31,4,78,48,68,4,8.0,2.0,4.0,Normal
Daryl,Melontree,Washington,LE,UL Lafayette,26,63,10/25/98,77,258,1,50,2,Power Rusher - DE,92,77,77,71,68,62,46,70,22,43,42,43,51,72,34,57,81,69,93,49,24,22,24,44,36,37,65,37,36,35,8,59,66,43,84,32,42,42,42,40,48,80,45,51,76,8,12,16,11,21,14,87,47,53,4,8.0,2.0,4.0,Normal
Trevor,Pouncey,Cincinnati,RT,Michigan,26,63,7/1/99,78,312,1,73,3,Power - OT,62,55,66,86,84,73,17,39,10,19,19,12,21,50,5,37,39,82,88,10,11,18,10,72,10,5,61,67,65,70,7,34,44,7,38,10,74,67,74,13,16,58,14,25,39,5,6,9,4,18,7,86,24,11,1,0.795,0.795,0.0,Normal
Cletis,Sheldon,Green Bay,RE,Fresno State,26,63,4/13/99,76,245,1,53,3,Smaller Speed Rusher - DE,84,66,72,75,77,59,52,71,17,43,51,46,56,61,7,68,78,77,89,64,12,15,32,26,49,13,63,33,34,36,16,57,59,60,80,15,46,43,46,22,52,84,57,44,76,9,10,16,13,32,15,81,41,57,1,1.03,1.03,0.0,Normal
Ink,Doubiago,Jacksonville,WR,Rice,27,63,7/4/98,70,185,1,81,4,Deep Threat - WR,92,87,89,86,66,53,76,17,22,72,71,81,80,83,60,12,21,43,85,75,34,43,67,24,10,63,62,25,20,17,3,15,9,14,22,65,52,35,24,69,76,86,69,54,35,6,10,15,8,27,14,85,51,10,1,1.03,1.03,0.0,Normal
Isham,Cowart,Buffalo,LOLB,Clemson,26,63,10/20/98,72,233,1,54,3,Pass Coverage - OLB,91,87,86,87,67,62,62,60,46,51,59,50,55,77,11,45,76,70,91,60,19,15,37,21,55,10,64,42,48,46,33,63,42,38,84,19,46,43,41,32,49,88,50,46,73,27,33,35,43,43,31,86,44,63,4,8.0,2.0,4.0,Normal
Hippo,Opalewski,Baltimore,FS,Maryland,23,63,1/29/02,72,203,1,25,1,Hybrid - S,89,86,81,80,64,60,70,49,32,72,63,60,69,84,26,48,57,52,88,68,17,25,40,30,62,30,65,25,23,24,21,59,59,63,68,26,20,19,25,29,61,82,63,69,66,43,37,45,34,36,22,88,55,65,3,2.855,0.951667,0.045,Normal
Brice,Krahl,New England,C,Ole Miss,27,63,5/19/98,77,312,1,77,4,Agile - C,61,60,66,77,83,75,12,16,12,13,36,15,27,47,4,10,20,83,90,11,14,22,11,75,10,4,61,68,69,67,5,17,10,8,25,15,69,72,68,14,13,61,9,11,16,5,6,4,6,20,9,82,18,10,1,1.03,1.03,0.0,Normal
Parnell,Port,Washington,RT,Florida State,31,63,8/21/94,77,310,1,51,10,Power - OT,53,54,68,78,82,75,11,39,12,4,45,15,37,37,5,11,19,77,90,9,24,26,12,72,12,3,64,70,68,68,4,10,11,13,40,13,67,74,66,18,11,50,9,10,42,4,6,7,4,35,9,79,25,12,1,1.255,1.255,0.0,Normal
Odell,Suess,San Francisco,TE,Oklahoma,25,63,11/11/99,76,240,1,9,2,Possession - TE,87,78,84,84,75,45,77,41,62,67,69,77,79,76,50,26,38,73,92,61,32,48,18,61,12,51,63,59,56,63,54,29,38,17,39,60,65,63,68,56,77,85,56,62,44,49,56,59,60,60,41,81,67,20,1,1.03,1.03,0.0,Normal
Benji,Giannoni,Cincinnati,LS,Pittsburgh,27,63,7/9/98,74,238,1,48,3,Accurate - LS,80,67,77,70,67,48,50,46,10,31,68,61,62,67,46,14,51,57,92,43,12,12,10,50,15,55,62,52,43,44,12,9,23,10,48,48,51,40,36,53,56,74,43,44,50,9,14,26,12,24,11,72,36,13,1,1.1,1.1,0.0,Normal
Rahim,Rainey,Jacksonville,WR,Boise State,24,63,8/21/01,75,198,1,17,0,Deep Threat - WR,88,77,80,79,68,69,72,34,23,76,71,77,75,82,62,20,38,50,86,72,12,21,66,34,22,63,61,40,26,25,15,23,24,30,37,69,52,28,35,70,77,87,67,49,41,14,10,14,16,31,21,83,50,24,3,2.97,0.99,0.045,Normal
Reid,Enich,New England,ROLB,Florida State,23,63,3/29/02,76,228,1,42,0,Run Stopper - OLB,89,75,74,91,67,59,52,63,23,39,59,45,54,71,22,56,79,70,85,51,18,14,13,24,54,25,61,46,46,44,5,58,56,39,79,25,42,46,47,27,48,85,43,44,76,3,6,9,8,20,11,88,49,61,3,2.975,0.991667,0.06,Normal
Derick,Corto,Indianapolis,MLB,Michigan,25,63,6/22/00,73,236,1,59,4,Run Stopper - MLB,89,84,83,81,69,59,35,62,12,28,62,51,53,67,4,55,76,69,79,31,15,12,13,28,53,4,61,43,45,43,6,63,44,43,76,27,45,41,41,14,45,85,29,28,81,8,6,2,5,17,13,77,32,58,1,1.1,1.1,0.0,Normal
Micah,Gross,Atlanta,HB,SE Louisiana,26,63,12/26/98,71,210,1,26,2,Elusive Back - HB,93,85,83,83,75,56,81,33,23,77,89,51,68,79,42,15,44,43,89,73,7,11,53,39,15,53,62,53,37,45,25,27,13,14,35,48,46,40,43,61,51,86,72,72,37,16,21,23,23,27,15,87,81,21,4,8.0,2.0,4.0,Normal
Desmond,Vollers,Chicago,QB,Houston,37,63,2/17/88,73,206,1,11,13,Strong Arm - QB,72,72,78,70,58,61,65,22,75,54,59,10,33,71,10,12,10,27,84,55,27,22,10,12,10,7,65,24,23,29,78,22,9,6,24,13,17,10,11,13,10,78,57,19,13,75,76,81,75,89,77,77,32,12,1,2.25,2.25,2.155,Normal
Simon,Winters,Tampa Bay,LT,North Carolina,28,63,11/20/96,80,311,1,77,5,Agile - OT,68,53,71,87,85,76,26,36,12,28,31,20,34,53,20,21,38,77,89,35,10,8,8,83,12,20,63,67,68,65,8,15,31,9,36,20,71,74,65,23,24,65,26,24,34,4,6,7,5,10,16,91,32,16,1,1.57,1.57,0.4,Normal
Brenard,Lawton,Los Angeles A,DT,Michigan,24,63,9/14/00,76,310,1,98,3,,76,58,76,72,81,50,22,74,14,21,41,23,24,50,12,51,79,88,87,23,8,10,10,34,10,11,62,44,45,46,9,47,67,10,77,13,45,45,44,14,24,64,20,28,83,7,6,3,7,17,5,84,30,10,1,1.03,1.03,0.0,Normal
Vontaze,Tomlin,Carolina,MLB,Alcorn St.,26,63,2/9/99,74,230,1,53,2,Run Stopper - MLB,85,70,87,82,70,66,55,62,29,42,57,45,50,71,6,41,79,69,93,64,15,20,15,15,45,12,63,45,45,45,37,68,46,47,83,12,45,45,45,22,46,87,56,45,77,27,32,37,21,41,22,84,50,54,3,2.7,0.9,0.02,Normal
Rabih,Castillo,Denver,LG,Jacksonville State,25,63,3/28/00,76,312,1,64,0,Power - G,79,50,75,83,89,59,16,24,15,11,25,12,23,52,6,11,23,81,88,12,11,13,12,79,11,7,63,71,64,66,8,14,17,11,24,17,69,66,71,15,13,68,8,12,20,8,6,4,8,14,13,80,23,12,3,2.98,0.993333,0.225,Normal
Lindy,Podmajersky,Detroit,RT,William  Mary,25,63,3/1/00,78,304,1,75,2,Agile - OT,67,62,69,84,77,70,11,25,12,1,41,15,34,57,2,11,36,70,87,9,7,14,11,82,11,10,64,61,70,61,10,15,11,10,35,14,71,74,67,15,16,68,7,8,32,2,6,5,4,7,9,79,12,12,4,4.160084,1.040021,0.320084,Normal
Je'Rod,Rubley,San Francisco,LG,Iowa,22,63,1/16/03,78,309,1,75,0,Power - G,71,68,73,86,84,67,12,18,11,9,30,11,34,60,5,9,32,77,88,24,20,14,9,76,10,7,63,67,68,68,4,29,11,8,26,14,66,70,66,14,11,68,8,14,30,7,6,8,4,18,11,86,28,10,4,4.301672,1.075418,0.101672,Normal
Kenyatta,Gelatka,Tennessee,C,Tenn-Chat,31,63,8/12/94,76,307,1,62,7,Power - C,65,64,66,84,86,73,24,27,12,10,23,23,24,54,6,10,36,81,88,24,25,20,13,80,15,10,62,74,68,73,5,27,10,9,37,14,66,61,68,19,17,64,14,29,31,4,6,4,6,14,10,83,36,20,1,1.255,1.255,0.0,Normal
Stein,Burt,Carolina,CB,Louisville,24,63,1/30/01,73,193,1,31,0,Zone - CB,93,81,79,91,58,57,63,41,13,53,55,60,67,81,8,32,58,42,90,69,18,14,46,17,69,13,61,30,32,29,2,54,30,62,68,23,31,38,35,24,67,87,65,35,57,4,6,7,7,30,9,84,31,71,3,2.975,0.991667,0.15,Normal
Noland,Holiday,Houston,CB,New Mexico,28,63,10/29/96,69,190,1,37,4,Zone - CB,95,80,91,83,57,61,64,43,14,57,53,58,68,77,18,42,63,40,91,72,17,19,65,14,62,26,65,24,24,25,3,63,35,54,67,32,26,26,26,35,59,92,68,33,56,7,7,10,6,18,9,75,34,64,1,0.985,0.985,0.0,Normal
Vonta,Arbuckle,Pittsburgh,CB,Texas,26,63,6/4/99,69,186,1,17,2,Manto Man - CB,89,90,79,82,53,61,78,36,11,74,60,61,66,86,10,35,53,39,86,84,10,8,82,13,67,16,62,28,24,25,9,55,25,57,65,15,33,34,37,28,64,89,74,32,47,11,14,19,13,32,13,75,30,63,4,8.0,2.0,4.0,Normal
Owen,Bolinger,Los Angeles N,DT,Toledo,25,63,9/3/99,74,285,1,94,2,,78,63,74,76,80,64,33,72,8,14,47,45,50,65,8,62,78,83,91,41,6,9,12,25,22,10,63,38,42,39,9,62,67,26,77,13,43,44,47,19,39,74,36,36,73,8,7,5,5,9,7,87,36,29,4,3.917776,0.979444,0.077776,Normal
Glenell,Chavous,Pittsburgh,ROLB,Oklahoma St.,27,63,5/13/98,72,234,1,40,3,Run Stopper - OLB,94,86,95,74,69,56,64,65,24,63,56,40,56,85,12,60,87,70,93,68,12,15,11,19,36,12,65,46,45,46,3,56,52,39,82,26,48,45,45,27,48,91,53,52,76,5,6,3,8,15,10,73,54,43,1,1.03,1.03,0.0,Normal
Bethel,Jean-Batiste,Miami,FS,Northern Iowa,30,63,8/24/95,71,195,1,22,7,Hybrid - S,85,82,94,85,63,62,65,50,15,54,58,45,72,82,12,41,54,46,85,76,19,16,54,14,65,14,65,35,33,33,5,59,35,64,70,27,32,36,35,27,61,90,66,27,59,8,6,4,6,29,10,76,26,66,1,1.9,1.9,0.5,Normal
Gibran,Mularkey,Carolina,HB,TCU,23,63,11/28/01,68,206,1,39,1,Elusive Back - HB,91,85,82,92,63,67,76,34,21,65,82,51,62,82,34,11,37,46,87,79,14,14,56,23,15,45,65,36,29,29,22,25,11,22,39,47,28,22,28,47,55,87,73,66,33,25,26,33,24,40,23,86,64,20,1,0.84,0.84,0.0,Normal
Chike,Brockington,Jacksonville,RE,Oklahoma,22,63,10/13/02,76,269,1,96,0,Power Rusher - DE,86,67,86,78,81,50,33,67,12,22,30,22,37,67,5,68,77,62,87,34,17,16,6,16,32,10,62,42,42,47,7,56,70,31,78,13,44,42,45,12,23,85,29,37,79,9,6,3,5,22,8,84,27,42,3,2.975,0.991667,0.1,Normal
Aki,Ellerbe,Miami,MLB,Auburn,25,63,1/22/00,73,219,1,51,0,Field General - MLB,93,78,88,84,68,61,47,66,22,40,63,47,52,82,18,61,78,74,87,57,17,23,9,22,55,19,65,47,44,45,5,60,56,48,80,23,43,43,46,25,48,90,55,43,78,4,6,4,6,20,12,87,41,61,3,2.975,0.991667,0.14,Normal
Dorian,Hermann,Denver,LT,Wyoming,25,63,5/14/00,80,315,1,73,1,Power - OT,78,71,81,90,81,55,15,21,12,8,28,10,19,59,8,9,35,82,88,12,14,12,12,79,10,5,61,65,70,66,6,22,18,11,23,16,68,74,77,10,13,76,11,15,32,3,6,4,8,20,16,91,28,17,3,2.855,0.951667,0.275,Normal
Kemp,Ricardo,Los Angeles A,RE,Vanderbilt,24,63,10/5/00,78,265,1,97,0,Smaller Speed Rusher - DE,87,77,78,77,77,49,34,69,12,26,32,19,33,67,9,69,73,84,83,35,10,14,13,17,33,4,61,46,41,47,5,52,62,33,79,17,46,42,49,13,21,82,33,27,79,9,6,9,7,22,11,85,28,44,3,2.985,0.995,0.02,Normal
Leeland,Fazande,Detroit,MLB,Houston,26,63,10/15/98,71,230,1,15,4,Run Stopper - MLB,88,69,74,85,76,67,26,60,12,10,46,29,47,67,5,46,85,68,91,21,26,26,10,20,58,5,63,45,45,45,6,59,42,32,83,20,45,45,45,15,25,84,21,25,78,6,6,6,6,26,17,90,35,55,1,1.7,1.7,1.7,Normal
Larue,Foggie,Miami,RE,UCLA,24,63,10/13/00,74,260,1,42,1,Smaller Speed Rusher - DE,92,84,89,82,73,51,35,67,23,43,51,35,46,65,5,67,76,76,92,44,19,16,37,28,34,8,65,36,21,22,17,65,57,42,76,25,33,19,15,12,34,83,38,43,70,3,10,12,20,41,29,81,33,41,3,2.84,0.946667,0.07,Normal
Lavon,Sandeman,Dallas,RT,Kansas,27,63,12/8/97,76,315,1,75,5,Power - OT,73,46,79,85,85,76,9,34,12,11,37,10,29,48,4,21,41,82,86,7,12,14,6,75,16,4,61,65,61,68,9,33,32,10,34,10,69,66,68,12,15,64,7,14,35,6,6,6,4,18,15,89,14,11,1,1.17,1.17,0.0,Normal
Vince,Obee,New Orleans,TE,Nebraska,27,63,1/28/98,76,247,1,88,4,Vertical Threat - TE,87,81,79,82,67,64,70,37,17,47,72,69,82,76,50,11,27,63,89,64,19,23,47,58,15,60,63,58,53,57,4,22,12,9,41,63,62,63,57,65,79,84,61,60,35,4,10,16,12,32,11,83,63,19,1,1.3625,1.3625,0.0675,Normal
Fakhir,Hanousek,Atlanta,LT,Wisconsin,23,63,1/15/02,79,318,1,69,0,Agile - OT,73,65,67,87,82,67,19,37,17,8,35,24,29,51,7,31,32,79,89,10,19,15,11,79,11,3,63,69,73,67,5,26,32,12,29,15,71,72,66,15,20,66,11,17,26,8,6,7,7,18,9,86,25,12,4,4.352616,1.088154,0.152616,Normal
Warren,Townsell,Las Vegas,LE,Minnesota,24,63,7/30/01,76,262,1,59,0,Smaller Speed Rusher - DE,83,73,70,78,76,50,29,70,12,24,29,21,30,67,5,67,74,68,89,30,10,16,7,19,34,4,62,42,45,43,6,54,64,26,76,17,47,44,46,12,20,84,25,35,71,5,6,7,7,21,9,83,30,44,3,2.98,0.993333,0.15,Normal
Herbert,Dyal,Baltimore,WR,Nebraska,23,63,10/2/01,75,218,1,86,0,Physical - WR,87,79,86,85,62,64,75,26,29,65,73,79,82,80,63,17,26,39,85,73,18,20,68,26,19,65,63,32,13,19,35,22,16,22,32,69,47,31,30,65,81,85,67,49,26,47,49,52,52,59,50,87,47,24,3,2.972,0.990667,0.007,Normal
Lawrence,Peace,Kansas City,TE,Clemson,22,63,12/9/02,78,241,1,88,0,Vertical Threat - TE,84,77,79,79,71,60,65,36,15,63,76,75,80,72,58,12,35,58,89,63,12,18,18,57,14,64,65,53,52,61,2,29,12,17,36,71,59,55,51,66,74,80,57,62,37,6,10,18,8,27,12,80,67,19,3,2.995,0.998333,0.264,Normal
Myrl,Longwell,Houston,MLB,Illinois,27,63,6/19/98,73,235,1,35,3,Run Stopper - MLB,86,76,74,85,74,63,49,64,12,45,64,60,61,69,3,46,80,72,80,47,7,10,14,27,40,14,65,45,47,46,3,71,53,52,72,16,47,45,43,23,54,79,32,50,83,4,6,3,4,21,9,93,42,55,1,1.7,1.7,0.8,Normal
Zip,Newashe,Arizona,LG,California,27,63,2/9/98,78,316,1,64,4,Agile - G,60,52,65,83,81,70,15,36,11,7,40,15,31,52,1,28,36,80,91,13,15,22,8,82,10,8,64,66,63,69,6,24,30,7,35,16,70,75,71,18,14,55,9,26,35,9,6,7,8,27,11,79,29,10,1,1.195,1.195,0.0,Normal
Val,Piggott,New Orleans,QB,Fresno State,26,63,3/16/99,73,200,1,3,2,Scrambler - QB,87,82,81,82,65,67,73,22,66,50,62,10,35,84,14,12,18,19,82,64,52,59,13,13,10,10,62,16,13,11,83,12,8,10,27,16,17,10,9,10,7,81,64,29,22,70,74,83,74,86,72,87,32,12,4,4.544816,1.136204,0.704816,Normal
Rishard,Mauti,Detroit,LT,Ohio State,29,63,6/4/96,76,293,1,72,7,Agile - OT,55,48,64,83,79,68,10,25,12,12,27,16,18,47,7,10,27,76,84,14,13,14,9,78,12,10,65,71,75,67,4,8,10,9,29,12,67,73,68,12,13,58,11,19,32,5,6,8,6,19,14,94,31,12,1,1.1,1.1,0.0,Normal
Paige,Fouts,New York N,LT,Cincinnati,26,63,5/13/99,77,313,1,55,4,Power - OT,66,51,67,82,85,75,8,45,12,16,38,24,31,51,9,41,57,86,91,7,13,20,14,83,12,1,62,65,67,69,9,52,47,9,51,16,75,73,66,18,22,59,14,8,45,3,6,8,7,24,10,91,15,15,4,8.0,2.0,4.0,Normal
Cassy,Evans,Green Bay,LOLB,Kentucky,23,63,11/28/01,73,238,1,48,0,Run Stopper - OLB,89,74,90,86,67,56,46,68,22,34,54,46,59,77,21,54,77,73,82,51,17,24,7,24,55,21,65,44,42,46,8,60,46,48,80,23,43,48,44,24,54,88,43,41,78,6,6,3,8,26,11,89,43,60,4,8.0,2.0,4.0,Normal
Jayron,Hutchinson,Cleveland,LG,Miami,23,63,8/8/02,76,322,1,67,1,Power - G,68,51,67,88,80,57,20,40,33,30,20,25,27,49,11,25,28,81,87,48,33,28,31,85,31,13,64,72,72,73,34,18,41,31,28,26,70,70,66,18,22,62,25,50,40,32,22,29,21,13,45,82,50,42,1,0.96,0.96,0.0,Normal
Keion,Harrison,Tennessee,LE,Michigan,23,63,5/1/02,76,247,1,92,1,Smaller Speed Rusher - DE,89,65,87,78,74,65,27,65,12,17,34,20,46,69,3,65,70,77,89,31,23,27,8,9,39,4,61,43,43,45,4,65,62,32,77,25,46,47,44,16,22,83,26,29,70,8,6,7,6,26,13,80,28,43,4,4.100736,1.025184,0.080736,Normal
Errict,Gueno,Las Vegas,CB,USC,23,63,7/4/02,74,193,1,39,0,Manto Man - CB,95,70,95,87,60,57,65,44,12,52,50,52,61,87,14,36,61,41,87,72,19,14,46,19,66,19,64,33,30,28,8,52,25,70,69,24,35,35,32,23,63,86,63,33,57,7,6,4,7,26,12,83,29,67,3,2.977,0.992333,0.097,Normal
Saleem,Blakely,Green Bay,TE,Georgia,25,63,3/9/00,79,250,1,86,3,Blocking - TE,79,70,84,79,79,68,61,48,18,49,76,70,73,65,47,38,43,69,86,58,31,36,8,66,12,59,61,61,63,59,5,42,36,15,42,62,67,60,58,63,68,82,56,62,44,7,10,13,9,22,4,90,62,15,1,1.5,1.5,0.125,Normal
Morten,Polowski,Dallas,TE,UL Lafayette,25,63,9/23/99,78,221,1,49,3,Vertical Threat - TE,89,81,87,80,73,56,71,35,17,49,72,74,75,75,57,12,27,66,86,59,18,28,50,53,15,63,61,61,58,58,6,17,9,10,37,61,57,61,57,65,77,85,57,58,35,6,10,17,11,23,12,81,61,19,4,8.0,2.0,4.0,Normal
Earsell,Risher,Green Bay,LG,Cincinnati,23,63,1/17/02,76,322,1,73,0,Power - G,69,53,61,85,89,67,9,29,12,6,19,16,20,55,3,12,28,79,90,12,14,19,12,78,10,6,63,71,64,66,7,27,28,11,19,16,69,69,66,10,16,68,16,14,27,5,6,5,5,22,14,89,28,10,4,4.301672,1.075418,0.101672,Normal
Tiger,Dyko,Jacksonville,C,USC,23,63,6/7/02,76,303,1,60,0,Agile - C,84,64,78,88,80,69,7,28,12,6,34,17,28,59,9,12,16,77,90,12,18,14,13,81,10,6,62,74,71,68,5,27,9,6,29,20,74,70,67,12,18,73,13,11,10,2,6,6,8,19,8,90,23,10,4,4.344308,1.086077,0.144308,Normal
Struggy,Flattery,Chicago,DT,Miami,26,63,9/28/98,77,338,1,64,3,,68,54,73,70,85,64,22,70,15,24,35,15,31,46,3,51,79,87,91,17,15,14,11,34,12,10,63,46,43,43,5,60,66,8,74,14,44,43,44,14,24,55,17,32,78,5,6,5,8,17,12,77,37,14,1,1.03,1.03,0.0,Normal
Early,Casey,Atlanta,ROLB,Maryland,29,63,7/1/96,73,230,1,42,7,Pass Coverage - OLB,83,79,73,82,68,71,39,60,12,21,61,51,60,66,5,48,77,70,83,47,9,17,7,28,56,6,65,45,45,44,9,72,48,62,78,23,41,45,46,16,50,82,33,33,75,5,6,4,5,15,13,81,29,62,1,1.17,1.17,0.0,Normal
Chon,Lamb,Miami,TE,Campbell Univ.,25,63,7/9/00,76,251,1,89,2,Possession - TE,84,73,83,82,74,53,76,34,52,62,73,76,70,69,49,11,28,69,91,68,17,19,35,63,15,59,62,57,56,52,41,23,12,21,39,66,58,59,53,65,71,82,67,65,36,45,52,55,52,57,36,89,71,22,3,2.7075,0.9025,0.0425,Normal
Demetress,Kostka,Tampa Bay,WR,Barton,23,63,3/17/02,70,184,1,19,1,,92,82,87,76,64,62,71,25,23,71,72,70,76,82,62,9,17,35,89,79,12,21,88,21,20,64,65,20,22,16,22,25,12,21,33,62,48,26,27,68,73,89,70,47,30,16,26,33,26,40,40,78,40,27,3,2.84,0.946667,0.01,Normal
Thurman,Doell,Detroit,RG,Buffalo,26,63,10/27/98,77,315,1,74,4,Power - G,64,48,74,78,86,64,14,28,10,10,24,12,26,50,5,10,42,82,89,10,27,33,10,62,10,6,63,65,62,67,6,21,10,10,29,10,72,70,74,13,15,65,10,18,35,5,6,7,6,15,5,84,22,10,1,1.4,1.4,0.3,Normal
Ove,Deibel,Tennessee,FS,Michigan St.,25,63,3/3/00,72,206,1,33,2,Hybrid - S,94,77,85,80,62,56,66,56,15,63,53,52,56,80,16,42,75,51,79,71,13,15,49,28,62,18,62,35,33,34,5,58,33,67,75,25,35,35,38,25,52,89,67,59,62,3,6,9,7,28,7,85,50,67,1,0.795,0.795,0.0,Normal
Kahlil,Virkus,Cincinnati,WR,Wisconsin,27,63,1/6/98,71,189,1,19,3,,94,83,90,82,53,51,77,17,32,68,69,73,76,81,64,12,28,38,90,82,16,17,61,25,22,64,64,25,13,14,20,25,13,15,38,50,52,38,32,59,83,95,71,41,31,24,26,31,33,26,23,82,40,29,1,1.03,1.03,0.0,Normal
Eric,Wrighster,New Orleans,WR,Notre Dame,25,63,3/30/00,74,200,1,81,3,Deep Threat - WR,95,90,95,82,63,50,74,36,23,64,72,76,74,88,64,12,41,50,82,69,22,23,50,26,38,69,62,44,23,23,5,42,9,45,40,74,46,21,25,66,76,92,62,52,42,3,10,14,9,32,19,87,34,35,4,8.0,2.0,4.0,Normal
Buff,Lindsey,Green Bay,MLB,Iowa,27,63,5/24/98,75,242,1,54,5,Run Stopper - MLB,84,78,78,85,79,61,70,68,18,47,65,48,54,68,15,48,81,80,94,71,20,16,9,16,53,28,62,45,46,44,20,62,55,43,76,12,45,48,45,33,47,86,58,54,77,14,21,29,14,18,19,88,46,61,1,1.17,1.17,0.0,Normal
Cortez,Faurot,Denver,ROLB,Fresno State,24,63,12/4/00,74,225,1,56,1,Run Stopper - OLB,77,80,78,82,68,67,44,66,12,25,65,57,64,75,6,52,75,68,95,48,16,6,11,17,58,7,64,46,48,44,6,64,66,50,82,18,41,45,43,18,59,79,43,28,77,4,6,5,5,37,9,81,37,64,1,0.795,0.795,0.0,Normal
Domata,Serini,Carolina,RG,Cincinnati,24,63,8/8/01,77,320,1,67,0,Power - G,69,42,79,79,94,55,11,27,13,12,26,14,24,53,7,8,27,78,87,10,7,16,11,71,11,8,65,72,66,70,4,10,17,11,25,13,73,68,66,14,8,65,10,15,26,6,6,3,5,12,14,85,31,12,3,2.975,0.991667,0.06,Normal
Santonio,Jue,Chicago,SS,LSU,23,63,5/22/02,74,207,1,35,0,Hybrid - S,93,77,88,91,63,60,69,50,25,51,59,53,66,75,15,34,77,56,87,65,16,18,41,26,63,21,62,33,33,33,14,59,33,59,72,25,37,36,34,29,59,89,57,43,66,15,17,22,21,30,18,86,51,65,3,2.975,0.991667,0.01,Normal
Lorne,Moe,Kansas City,RE,Georgia,26,63,11/9/98,75,275,1,94,4,Power Rusher - DE,79,69,74,72,78,59,42,71,12,34,42,27,34,54,17,65,83,86,85,41,10,14,10,24,15,21,63,45,45,45,6,56,72,19,71,26,45,45,45,24,34,75,34,42,78,6,6,6,6,12,10,78,33,21,1,1.7,1.7,0.8,Normal
Steven,Corzine,Baltimore,LE,Lafayette,25,63,8/26/00,75,250,1,59,2,Power Rusher - DE,77,74,68,83,80,62,49,70,22,34,46,41,41,71,19,60,79,75,86,47,9,14,14,31,39,28,65,42,39,38,17,62,69,41,80,22,48,45,42,38,49,76,45,44,73,15,21,27,21,26,10,84,51,44,3,2.697,0.899,0.02,Normal
Willard,Poillon,New York A,RG,Oklahoma,26,63,2/14/99,77,318,1,77,3,Power - G,68,55,64,82,90,60,20,32,10,18,20,11,17,49,7,20,37,83,91,21,14,15,6,65,10,10,62,68,58,68,6,20,21,11,28,9,73,70,74,10,12,64,16,27,29,6,6,8,4,20,11,84,33,10,4,8.0,2.0,4.0,Normal
Antonio,Naposki,Seattle,RT,Iowa,23,63,5/7/02,77,307,1,78,0,Power - OT,72,67,74,88,84,66,11,41,13,13,33,18,23,47,26,31,31,79,87,24,9,8,31,73,11,28,61,69,69,69,6,34,38,13,26,31,69,69,73,27,16,62,27,19,31,5,6,5,4,26,10,88,31,12,4,4.325924,1.081481,0.125924,Normal
Dwaine,Margucci,Las Vegas,ROLB,Baylor,24,63,9/9/00,74,236,1,42,0,Run Stopper - OLB,89,86,82,87,70,56,39,63,23,45,54,48,55,72,15,57,80,69,85,45,20,21,11,23,53,19,64,45,44,44,6,53,50,47,80,20,46,44,45,25,52,82,48,45,75,3,6,3,7,25,13,86,44,61,3,2.975,0.991667,0.01,Normal
Ned,Wehrli,Denver,WR,San Diego,27,63,12/5/97,70,190,1,83,4,,86,85,80,88,48,54,82,21,24,74,72,76,76,83,67,9,17,39,87,74,19,19,62,19,18,63,63,31,18,19,22,23,12,12,36,56,46,33,33,70,74,84,69,41,23,15,19,28,24,34,11,78,35,25,1,0.96,0.96,0.0,Normal
Theophile,Farrier,Detroit,RG,Temple,27,63,1/13/98,75,295,1,62,2,Agile - G,82,69,73,81,79,62,13,33,12,14,37,21,28,62,7,18,38,75,92,30,10,11,9,79,12,11,61,67,65,62,4,25,29,13,32,14,65,70,67,23,25,72,9,24,30,7,7,9,8,16,4,87,26,12,1,0.795,0.795,0.0,Normal
Daroll,Roy,New Orleans,TE,UCLA,22,63,3/17/03,78,260,1,80,0,Possession - TE,82,77,77,84,77,66,67,39,28,67,67,72,79,68,56,28,37,63,88,59,31,23,28,56,30,55,61,52,55,54,22,25,32,9,41,64,65,62,64,61,70,79,61,56,42,12,20,15,19,19,24,88,65,23,4,4.301672,1.075418,0.101672,Normal
Lashaun,Almodobar,Los Angeles A,CB,Iowa State,22,63,11/26/02,69,203,1,49,0,Manto Man - CB,92,73,81,85,61,55,66,43,14,48,56,58,64,76,15,37,56,46,86,67,14,10,54,12,69,21,61,33,30,32,9,56,31,66,72,23,39,32,32,24,62,90,63,30,51,5,6,3,4,24,11,77,30,68,3,2.975,0.991667,0.01,Normal
Dobie,Hasselbeck,Los Angeles N,FS,N. Illinois,23,63,5/23/02,72,194,1,43,0,Hybrid - S,89,88,82,86,58,57,62,49,14,56,61,57,64,90,13,32,77,61,83,63,11,17,42,27,62,18,62,32,38,37,3,56,34,59,70,25,31,39,37,26,56,90,60,45,68,6,6,7,5,27,11,88,53,64,3,2.98,0.993333,0.015,Normal
Avion,Lyles,Atlanta,CB,Southern Miss,25,63,12/11/99,70,175,1,35,2,Zone - CB,91,84,76,82,50,67,65,45,16,51,60,62,68,81,20,36,59,45,94,69,14,14,53,9,61,26,61,21,25,26,19,62,24,64,74,19,27,29,30,24,72,89,65,30,55,17,24,33,21,32,15,81,27,65,1,0.795,0.795,0.0,Normal
Rock,Bulger,New Orleans,RG,Old Dominion,25,63,8/14/00,78,316,1,64,2,Power - G,76,59,75,85,85,68,23,30,12,25,23,22,23,62,17,23,38,83,90,23,10,15,8,71,11,15,61,72,70,71,5,20,34,9,26,14,63,67,67,17,14,65,17,26,29,3,6,9,6,27,10,82,32,11,4,4.682284,1.170571,0.842284,Normal
Cookie,Gravelle,San Francisco,RG,Fordham,26,63,6/22/99,78,316,1,63,3,Agile - G,86,61,73,87,84,68,31,40,12,26,36,25,35,54,25,30,41,79,91,22,13,21,9,76,10,25,64,64,71,65,6,36,35,11,41,32,66,69,62,27,36,70,25,38,36,8,6,9,8,16,12,82,33,10,4,3.850356,0.962589,0.190356,Normal
Maa,Rowell,Pittsburgh,LG,Ole Miss,24,63,10/7/00,76,305,1,61,2,Power - G,74,59,69,81,84,70,22,32,14,27,41,30,38,53,17,25,27,72,96,24,16,16,10,78,11,21,62,66,65,72,6,36,39,10,38,17,68,72,66,24,34,64,23,21,24,5,8,9,8,27,11,82,30,12,1,1.03,1.03,0.0,Normal
Darnerien,Rhymes,Detroit,LE,Eastern Michigan,31,63,11/1/93,76,300,1,95,8,Smaller Speed Rusher - DE,82,72,77,75,80,60,27,75,12,12,22,26,30,64,4,72,76,88,90,22,24,15,8,10,21,9,63,43,44,44,5,56,59,18,70,14,44,44,47,19,19,74,13,37,76,4,6,8,7,27,11,83,35,29,1,1.355,1.355,0.3,Normal
Calvin,Sexton,Tampa Bay,TE,Purdue,25,63,6/15/00,78,253,1,87,2,Possession - TE,86,80,86,87,70,60,71,39,11,65,74,79,78,68,51,12,44,69,88,66,18,21,20,57,14,57,61,59,55,53,17,15,11,17,37,63,58,55,61,58,71,75,65,59,40,11,20,25,24,20,9,88,61,21,4,4.084976,1.021244,0.244976,Normal
Dickie,Defilippo,Miami,QB,Texas,22,63,3/15/03,74,214,1,14,0,Field General - QB,76,77,69,91,68,67,60,29,57,54,54,27,38,74,26,28,22,28,90,46,31,35,15,28,38,14,62,30,19,23,86,46,29,30,46,27,16,17,20,22,33,76,40,25,22,75,76,78,76,85,79,83,29,19,4,4.331576,1.082894,0.131576,Normal
Marshawn,Conlin,Jacksonville,TE,Bowling Green St.,26,63,1/21/99,74,252,1,45,4,Vertical Threat - TE,86,76,79,83,69,60,80,32,31,65,76,77,80,66,56,34,32,57,88,69,12,19,42,45,22,57,64,55,53,46,11,32,36,24,45,68,59,58,48,56,84,81,68,65,41,10,15,25,18,29,10,77,61,28,1,1.15,1.15,0.365,Normal
Hokie,Talib,San Francisco,LE,Georgia,26,63,8/18/99,76,250,1,51,2,Power Rusher - DE,93,74,76,71,67,66,48,68,15,39,43,35,45,70,20,57,79,81,87,47,15,13,8,44,34,32,64,46,44,45,5,63,67,47,78,38,47,47,46,32,43,90,43,48,72,7,6,5,6,22,11,75,41,50,4,8.0,2.0,4.0,Normal
Chandler,Knapp,San Francisco,TE,San Diego,30,63,1/26/95,77,235,1,82,7,Possession - TE,79,71,69,80,73,68,60,29,14,46,72,78,82,67,52,15,28,63,92,60,16,14,21,58,14,61,61,57,51,53,9,18,18,13,27,64,57,57,58,61,80,81,54,58,36,5,10,14,8,32,8,83,64,21,4,8.0,2.0,4.0,Normal
Orland,Reis,Buffalo,RT,Connecticut,27,63,3/22/98,78,307,1,74,2,Agile - OT,77,68,73,82,81,68,11,41,12,3,35,22,37,60,12,28,34,71,94,8,12,20,9,83,12,14,63,65,70,66,5,19,41,9,34,24,69,72,65,21,26,64,8,12,39,4,6,5,5,14,14,84,23,12,1,1.03,1.03,0.0,Normal
Cordell,Kanicki,Miami,LT,Michigan,25,63,2/28/00,78,307,1,77,2,Power - OT,79,73,75,85,77,69,44,35,21,44,51,47,44,59,31,40,48,74,90,37,47,56,14,78,10,40,62,65,66,67,29,41,45,9,50,50,70,71,76,40,41,65,39,43,43,34,42,49,25,44,24,83,38,11,1,0.96,0.96,0.0,Normal
Burton,Codie,Indianapolis,TE,Michigan,27,63,12/28/97,77,238,1,49,5,Vertical Threat - TE,85,72,85,81,70,59,62,39,14,50,67,76,81,75,56,36,43,63,86,62,17,19,20,57,14,58,65,58,56,58,4,39,41,18,42,64,57,56,57,63,76,83,56,63,53,5,10,13,10,29,10,81,61,21,1,1.17,1.17,0.0,Normal
Jarvis,Sisley,Los Angeles N,CB,Appalach. St.,26,63,10/17/98,69,180,1,24,3,Slot - CB,94,90,87,85,44,56,63,48,19,53,58,58,72,90,19,37,56,41,87,67,15,14,46,16,62,15,64,26,15,18,4,61,30,75,67,18,32,24,22,26,63,90,56,27,56,4,6,5,8,33,13,74,26,66,1,1.03,1.03,0.0,Normal
Slick,Swiadon,Tampa Bay,FS,Colorado,25,63,2/9/00,72,196,1,28,0,Zone - S,91,79,83,89,58,69,64,46,14,54,62,58,68,83,14,34,75,54,84,61,11,18,40,25,59,20,62,34,35,33,4,65,31,61,75,26,39,32,35,29,56,84,58,45,62,2,6,8,7,22,11,83,46,65,3,2.966572,0.988857,0.001572,Normal
Tommy,Treggs,Minnesota,WR,Texas,23,63,11/9/01,68,162,1,83,0,,88,77,81,81,57,66,75,20,21,72,71,76,82,77,65,8,20,31,86,75,17,15,80,23,19,64,61,20,16,21,18,27,9,23,27,58,38,23,21,71,78,86,77,45,20,9,15,22,16,27,20,83,34,24,3,2.98,0.993333,0.205,Normal
Marq,Simington,New York A,TE,Old Dominion,26,63,10/8/98,76,226,1,84,3,Vertical Threat - TE,88,79,89,76,62,61,74,34,77,66,75,71,76,77,61,16,27,50,89,76,13,19,60,29,14,57,62,43,42,41,63,39,18,20,41,57,43,50,43,63,76,87,68,65,38,63,65,69,75,75,51,77,70,15,4,8.0,2.0,4.0,Normal
Champ,Dallafior,Miami,CB,Louisville,24,63,12/15/00,72,195,1,36,1,Zone - CB,94,81,90,84,65,60,62,46,14,57,64,62,70,84,22,43,60,47,89,70,17,18,70,16,60,25,63,24,23,27,6,61,37,64,70,28,24,23,27,32,62,90,64,34,50,8,7,10,8,19,8,81,36,64,3,2.85,0.95,0.17,Normal
Percell,Hogeboom,Atlanta,TE,Oregon State,25,63,3/15/00,78,258,1,85,3,Possession - TE,77,75,75,80,78,55,63,44,18,58,71,79,75,69,51,34,44,70,88,62,18,27,15,53,10,62,65,53,55,58,7,37,37,10,44,59,64,59,65,69,75,72,53,66,44,4,10,16,8,27,8,80,67,12,1,1.1,1.1,0.0,Normal
Andrae,Barni,Buffalo,LT,None,24,63,2/17/01,79,301,1,67,1,Agile - OT,82,76,65,78,79,49,25,35,21,18,41,35,36,61,27,25,44,73,88,33,47,55,9,85,9,27,64,70,78,63,9,25,30,10,41,26,67,73,71,30,36,77,31,48,35,17,22,26,12,30,6,83,42,9,4,4.141584,1.035396,0.121584,Normal
Yeremiah,D'Onofrio,Las Vegas,DT,Baylor,24,63,2/26/01,75,277,1,68,0,,88,68,81,90,81,54,24,71,12,15,35,22,35,62,3,59,77,83,85,21,10,20,12,29,16,5,63,44,46,46,5,52,65,19,68,17,46,43,46,13,22,79,20,27,76,4,6,5,8,18,12,88,32,20,4,8.0,2.0,4.0,Normal
Rey,Bertelli,Los Angeles A,QB,North Dakota St.,25,63,5/9/00,76,224,1,5,4,Scrambler - QB,89,93,85,84,73,34,86,35,75,77,68,31,51,88,18,21,51,38,83,76,15,29,43,25,32,17,61,15,18,14,86,33,22,29,56,19,26,13,15,30,35,89,75,57,55,77,75,80,78,90,74,87,70,40,1,2.0,2.0,1.5,Normal
Thurlow,Gossage,Green Bay,C,Georgia,25,63,1/23/00,76,310,1,64,4,Power - C,59,47,61,85,81,71,6,25,12,6,26,10,22,48,8,8,14,84,83,11,18,23,10,76,12,3,61,65,63,66,5,11,12,12,30,13,71,72,73,12,13,57,13,6,38,4,6,3,4,23,9,83,23,12,1,1.1,1.1,0.0,Normal
Senderrick,Eichenlaub,New York N,MLB,TCU,29,63,12/31/95,73,241,0,47,6,Run Stopper - MLB,90,81,86,80,73,53,65,66,49,47,53,30,47,77,3,64,81,80,84,64,11,22,9,20,50,4,61,46,45,44,54,57,55,32,85,20,45,45,42,16,34,87,53,54,78,56,52,53,58,70,42,88,58,55,4,8.0,2.0,4.0,Normal
Tod,Platukis,Buffalo,LT,UCF,25,63,10/4/99,77,309,1,68,1,Agile - OT,78,73,87,78,81,67,52,49,49,34,54,49,51,65,37,45,53,81,91,46,12,13,14,77,12,36,65,68,67,70,32,43,58,6,50,52,73,70,70,44,51,75,41,59,49,45,48,53,41,53,37,78,59,13,4,4.189912,1.047478,0.169912,Normal
Leland,Worrell,Minnesota,RE,BYU,26,63,5/2/99,78,271,1,96,0,Power Rusher - DE,81,78,83,77,79,50,33,69,12,21,35,20,38,68,5,65,79,64,84,30,17,15,13,18,35,7,62,47,44,47,5,50,68,28,77,16,49,43,42,13,23,79,27,32,73,9,6,8,5,20,9,81,32,44,3,2.99,0.996667,0.259,Normal
Maurkice,Psaltis,Chicago,FS,Oregon,22,63,9/30/02,70,195,1,33,0,Zone - S,95,78,84,92,53,58,63,48,14,49,58,58,70,85,21,33,72,59,88,60,12,19,77,22,62,25,61,36,32,37,9,60,38,65,72,23,35,36,38,29,56,91,60,40,61,8,6,3,5,24,10,85,47,66,3,2.98,0.993333,0.105,Normal
Rulon,Karcis,Minnesota,RT,Oklahoma,24,63,3/9/01,78,322,1,73,1,Power - OT,68,53,80,81,83,62,15,21,12,10,29,15,40,53,9,13,36,82,86,24,18,24,8,77,8,4,65,70,73,69,6,14,14,10,22,18,69,71,67,9,14,66,19,16,37,6,7,12,6,22,9,88,39,8,4,4.246592,1.061648,0.226592,Normal
Monroe,Cornelison,Los Angeles N,WR,Florida AM,27,63,9/21/97,69,174,0,19,2,,94,79,83,80,58,55,79,25,29,76,74,75,77,78,66,9,32,32,83,75,20,22,71,22,13,68,63,22,12,9,29,18,12,12,31,67,39,29,19,66,76,89,69,58,29,29,32,39,35,48,30,81,51,17,2,1.755,0.8775,0.0,Normal
Russell,Ricketts,Houston,LG,San Diego St.,27,63,5/26/98,77,300,1,78,3,Agile - G,83,73,60,84,83,63,20,35,12,18,25,21,24,58,9,20,35,84,88,12,14,15,11,76,10,16,64,66,65,64,5,24,30,9,31,20,70,72,68,21,13,74,12,18,35,7,6,4,6,17,13,86,12,10,1,1.4,1.4,0.1,Normal
Derrell,Godwin,Arizona,LS,San Diego St.,35,62,7/5/90,77,232,1,46,13,Accurate - LS,72,70,68,76,65,61,38,60,15,18,48,45,55,63,38,37,52,66,88,36,17,10,8,54,28,39,64,54,39,48,5,35,53,28,61,20,48,34,39,51,38,75,43,58,60,5,6,6,7,13,11,70,48,32,1,1.4225,1.4225,0.1675,Normal
Ronald,Bowe,Los Angeles N,LS,UCF,26,62,4/21/99,76,236,1,47,2,Accurate - LS,79,70,76,76,65,52,46,42,16,23,51,48,50,72,38,25,49,62,88,50,10,13,26,45,16,41,63,44,44,44,5,24,20,19,45,25,50,51,43,46,48,69,46,41,48,11,15,22,6,29,10,78,47,24,3,2.7,0.9,0.005,Normal
Ollie,Derr,Miami,C,UTEP,25,62,1/14/00,75,295,1,60,1,Power - C,76,49,73,79,86,60,17,32,10,11,18,11,22,57,2,8,29,81,92,13,13,9,10,81,10,7,61,73,70,75,7,11,11,10,37,11,70,67,71,13,12,68,10,29,22,10,6,5,5,16,8,87,26,10,3,2.845,0.948333,0.09,Normal
Jerrel,Rebsamen,Tampa Bay,MLB,Arkansas,25,62,1/18/00,71,230,1,48,1,Run Stopper - MLB,90,71,86,80,74,60,32,65,12,22,44,21,48,74,8,53,79,76,86,36,12,16,10,12,48,13,62,45,45,45,6,61,64,39,79,24,45,45,45,19,23,85,32,28,78,6,6,6,6,17,10,83,36,57,4,8.0,2.0,4.0,Normal
Kelton,Cardarelli,Las Vegas,RG,UCLA,24,62,10/20/00,75,329,1,56,2,Power - G,50,52,62,79,80,58,18,58,15,16,40,10,32,53,2,43,71,74,93,9,25,23,7,73,10,2,61,66,57,67,5,57,68,10,57,18,72,72,74,13,6,56,11,34,64,7,6,6,9,22,9,85,17,14,1,1.03,1.03,0.0,Normal
Wild,Gambrell,Houston,RT,LSU,26,62,3/12/99,77,321,1,76,3,Power - OT,79,48,70,80,82,68,18,27,12,5,25,15,18,50,9,10,35,81,95,18,14,17,12,71,8,14,63,65,60,66,8,19,10,8,22,13,68,65,71,18,19,70,13,29,25,5,6,4,6,20,8,90,28,9,2,2.07,1.035,0.0,Normal
Sealver,Cavosie,Minnesota,MLB,Ole Miss,23,62,4/3/02,74,247,1,56,0,Field General - MLB,82,70,84,87,71,61,43,62,24,42,57,45,55,72,14,55,78,69,84,52,17,25,13,22,56,21,60,49,49,46,7,62,57,47,76,22,42,43,42,23,47,86,46,41,77,9,6,6,5,22,14,83,48,62,3,2.98,0.993333,0.249,Normal
Johnnie,Thuerk,Philadelphia,HB,Boise State,27,62,7/15/98,69,195,1,18,4,Elusive Back - HB,88,87,79,85,62,52,75,51,14,69,76,57,60,87,37,34,57,40,88,78,15,17,80,23,63,39,62,43,36,36,4,60,28,61,65,38,28,31,29,46,63,89,75,54,54,5,6,5,7,28,9,88,50,58,1,1.225,1.225,0.4,Normal
Cas,Bellore,Green Bay,TE,Baylor,25,62,5/16/00,77,250,0,89,2,Vertical Threat - TE,86,71,84,80,71,58,73,26,19,56,78,75,78,72,52,8,35,55,94,66,14,19,8,59,12,64,62,55,50,53,6,24,12,8,33,56,54,56,54,67,80,83,61,61,30,5,10,13,13,28,13,77,58,14,3,2.705,0.901667,0.11,Normal
Vitamin,Bienemann,Cleveland,TE,Wake Forest,25,62,3/22/00,76,247,1,86,2,Vertical Threat - TE,92,83,81,77,71,59,78,32,14,57,68,72,77,81,50,14,43,64,88,74,10,20,43,65,10,56,61,61,56,51,15,26,21,18,46,66,61,55,52,64,77,80,65,65,38,18,24,31,17,32,17,86,61,12,1,1.03,1.03,0.0,Normal
Bree,Gillom,Indianapolis,WR,Abilene Chr.,23,62,3/30/02,76,212,1,4,0,,84,78,95,88,62,70,77,28,25,67,74,74,76,78,68,21,34,40,83,69,16,23,72,31,21,64,63,31,21,21,18,25,18,22,39,67,45,28,35,62,79,89,63,39,27,19,22,24,22,29,17,82,41,25,3,2.9775,0.9925,0.0625,Normal
Luther,Royal,New York A,QB,Missouri,23,62,10/12/01,74,214,1,4,0,Scrambler - QB,89,82,86,93,67,50,71,24,71,63,58,19,35,83,20,28,32,26,87,62,23,22,18,24,16,19,64,22,23,20,80,28,32,17,35,27,16,17,19,18,21,83,56,40,29,73,75,75,78,87,73,89,47,17,4,8.0,2.0,4.0,Normal
Fenuki,Fries,New York A,WR,Iowa,26,62,12/10/98,73,218,1,87,4,Physical - WR,88,65,90,87,71,51,75,35,22,79,71,74,73,71,55,8,39,57,92,72,9,19,49,42,16,60,62,43,29,28,16,23,8,18,43,78,53,28,34,60,83,86,66,58,33,17,22,28,27,31,20,82,60,24,4,8.0,2.0,4.0,Normal
Cotton,Hoaglin,Carolina,LT,FAU,27,62,3/18/98,77,300,1,73,4,Power - OT,56,54,66,75,84,73,23,29,12,11,27,10,26,50,7,25,27,80,87,14,16,16,13,77,10,4,60,71,65,71,7,27,24,8,25,15,67,69,67,11,10,61,14,31,23,7,6,7,6,19,11,79,28,12,1,1.03,1.03,0.0,Normal
Ave,Ivery,Seattle,DT,USC,26,62,4/2/99,75,316,1,95,2,,68,61,75,72,82,70,14,74,12,19,24,13,25,51,8,56,75,85,83,14,8,14,14,30,12,11,64,43,43,42,5,70,64,14,69,10,45,42,45,13,13,59,18,25,68,8,6,7,4,18,6,87,32,14,1,0.915,0.915,0.0,Normal
Barrett,Mellekas,Jacksonville,MLB,Wake Forest,25,62,7/14/00,75,228,1,50,0,Field General - MLB,94,84,83,88,71,57,45,64,21,41,50,49,62,77,14,55,76,71,86,50,20,22,7,22,55,22,61,42,49,43,3,61,52,42,84,21,48,45,41,20,56,85,49,48,77,6,6,6,5,22,11,87,47,61,3,2.98,0.993333,0.115,Normal
Darrin,Braidwood,Tampa Bay,DT,Coastal Carolina,27,62,11/22/97,74,290,1,52,3,,80,54,70,70,81,58,45,72,14,30,44,42,47,53,13,58,82,84,93,20,8,8,7,28,23,27,62,38,37,34,8,64,66,12,77,26,44,38,39,29,45,71,16,33,71,5,7,7,9,28,9,76,32,24,1,0.96,0.96,0.0,Normal
Jim,Comella,Seattle,LS,Penn State,27,62,8/3/98,74,255,1,41,2,Accurate - LS,78,62,72,73,66,48,37,39,10,17,58,44,47,51,36,9,62,69,92,33,14,10,9,53,15,41,61,53,54,48,9,28,11,15,41,30,56,55,53,44,45,76,31,44,47,6,9,13,8,30,11,81,42,14,3,2.7015,0.9005,0.0065,Normal
Ev,Uzdavinis,Pittsburgh,LS,Duquesne,31,62,4/13/94,73,228,1,46,5,Power - LS,86,80,79,78,75,50,51,60,12,39,43,46,63,73,21,53,80,65,91,51,18,18,14,23,39,26,64,43,47,45,5,52,58,43,77,16,44,47,44,27,41,79,47,45,74,4,6,14,6,27,10,85,44,49,3,3.765,1.255,0.325,Normal
Joshua,Skoglund,New England,TE,Alabama,23,62,4/29/02,77,256,1,82,0,Possession - TE,81,74,80,80,74,60,62,31,25,59,71,71,74,63,48,16,31,65,88,62,17,15,19,55,13,56,60,56,59,62,13,26,12,17,38,69,63,64,62,59,69,81,55,60,38,17,20,22,19,33,18,83,62,14,4,8.0,2.0,4.0,Normal
Tyreo,Kinard,Arizona,QB,Houston,26,62,3/23/99,75,220,1,15,2,Scrambler - QB,92,86,87,85,60,56,82,20,63,61,62,15,28,81,10,10,18,25,89,60,14,22,50,18,12,10,62,15,12,16,80,16,10,11,27,13,19,15,12,13,15,84,59,44,23,73,76,82,76,85,77,91,44,15,4,4.190624,1.047656,0.350624,Normal
Coty,Smelley,Las Vegas,MLB,Minnesota,23,62,1/15/02,74,236,1,55,0,Field General - MLB,78,76,86,88,73,65,41,67,30,33,54,48,59,80,18,49,79,74,86,47,17,24,10,27,54,21,64,45,48,47,17,61,46,46,80,23,43,48,45,26,51,84,35,37,73,21,20,23,29,29,16,85,40,62,4,4.341168,1.085292,0.141168,Normal
Aldo,Guidry,Philadelphia,MLB,Toledo,25,62,5/16/00,75,228,1,57,1,Pass Coverage - MLB,89,75,87,86,71,61,44,62,12,19,53,49,52,79,7,48,78,73,87,41,24,19,14,22,62,2,60,35,33,34,12,69,49,47,81,23,35,36,32,13,44,85,25,47,77,9,6,5,14,24,8,86,40,65,1,0.84,0.84,0.0,Normal
Troy,Rutkowski,Kansas City,RT,Oklahoma St.,24,62,3/15/01,79,315,1,73,0,Agile - OT,72,55,70,81,86,60,13,29,13,9,26,15,23,59,5,13,25,78,88,10,11,14,10,82,11,5,62,69,69,66,6,15,19,10,31,14,71,70,67,15,15,73,10,16,24,6,6,6,6,15,11,82,25,11,3,2.99,0.996667,0.259,Normal
Dwight,Durkee,Jacksonville,LE,Minnesota,23,62,7/24/02,76,253,1,92,0,Power Rusher - DE,80,81,80,76,75,56,33,67,12,24,34,19,35,74,5,67,77,65,87,31,13,15,10,20,34,7,62,45,45,45,6,55,68,33,78,15,45,45,45,15,23,78,29,33,75,6,6,6,6,22,10,84,30,47,3,2.985,0.995,0.254,Normal
Igor,Barlow,Cleveland,LG,Cincinnati,24,62,3/21/01,75,340,1,65,0,Power - G,67,59,68,80,88,57,14,27,15,11,24,15,23,39,5,20,35,79,86,10,13,13,10,77,12,5,62,67,65,69,6,14,25,10,34,12,68,66,69,10,14,56,10,20,34,6,6,6,6,13,14,81,25,10,3,2.97,0.99,0.02,Normal
Moon,Bucchianeri,Tennessee,TE,Temple,25,62,12/26/99,75,247,1,88,1,Vertical Threat - TE,87,80,80,77,70,53,75,39,11,65,69,74,78,82,48,8,28,67,87,67,21,20,15,60,14,53,63,60,57,57,20,17,12,21,37,62,65,63,55,61,78,87,57,65,39,14,20,28,28,20,11,86,68,21,3,2.8375,0.945833,0.0175,Normal
Khaleed,Mckay,New York N,MLB,Arizona,28,62,9/4/96,74,223,1,44,6,Pass Coverage - MLB,84,74,85,80,66,67,53,63,15,47,56,57,66,74,21,57,78,70,93,68,25,27,39,8,58,28,62,32,33,36,8,65,45,62,77,23,29,37,34,39,65,84,59,53,73,5,6,4,5,29,11,80,50,65,4,8.0,2.0,4.0,Normal
June,Bostick,Tampa Bay,DT,Florida,22,62,1/5/03,78,415,1,56,0,,43,50,63,73,98,54,17,71,12,10,28,14,31,42,7,51,83,91,91,14,16,17,9,27,14,3,60,44,44,45,8,58,65,19,63,15,47,46,44,9,18,41,11,23,80,8,6,4,6,18,10,79,27,22,3,2.985,0.995,0.07,Normal
Earthwind,Thomasson,Tampa Bay,TE,Washington,25,62,2/2/00,76,237,1,82,1,Vertical Threat - TE,92,73,86,82,69,67,70,29,14,64,70,73,77,77,43,15,26,59,90,71,12,21,17,51,14,48,64,54,52,50,9,20,15,16,31,63,52,57,51,58,71,88,65,66,33,6,10,18,8,29,11,85,68,21,4,4.106184,1.026546,0.086184,Normal
Donte,Coleman,Cleveland,FS,Pittsburgh,23,62,6/18/02,74,203,1,31,0,Zone - S,88,86,82,89,67,60,63,49,14,49,60,56,68,86,14,33,73,59,87,60,14,18,80,24,61,13,62,37,36,37,5,57,34,59,75,20,34,34,34,23,58,88,55,42,63,8,6,8,5,25,14,86,47,64,3,2.975,0.991667,0.21,Normal
Jorvorskie,Gartner,Minnesota,ROLB,Auburn,23,62,3/5/02,73,234,1,52,0,Run Stopper - OLB,80,77,81,81,68,63,46,63,23,37,56,44,55,73,15,53,79,71,86,56,22,26,8,22,54,23,63,42,43,44,7,61,46,41,80,20,45,46,41,26,50,81,40,40,79,3,6,4,7,24,10,86,51,60,4,8.0,2.0,4.0,Normal
Treg,Matteo,Pittsburgh,LT,Montana,27,62,1/11/98,78,305,1,60,3,Agile - OT,62,65,76,78,77,67,20,54,9,15,22,15,20,49,5,36,54,74,89,16,8,13,9,84,10,15,61,69,76,65,6,36,40,9,45,9,62,68,66,15,19,67,11,36,44,3,6,6,7,16,5,85,29,12,1,0.96,0.96,0.0,Normal
Mcdonald,Lavender,Atlanta,QB,North Dakota St.,28,62,9/15/96,73,224,1,12,6,Scrambler - QB,88,91,75,82,62,66,76,24,74,67,63,22,31,87,14,11,22,23,91,66,28,30,13,14,11,12,61,11,12,15,78,17,9,11,33,17,19,12,16,22,18,87,64,46,21,73,74,77,78,83,73,92,58,17,1,1.3375,1.3375,0.5675,Normal
Flipper,Ahrens,Pittsburgh,RE,Auburn,26,62,5/11/99,75,252,1,53,2,Run Stopper - DE,82,71,75,81,79,53,52,68,11,32,58,54,63,72,21,53,80,76,84,50,25,32,12,40,45,35,63,41,39,41,3,56,67,36,72,46,45,43,41,39,61,77,46,56,78,5,6,11,5,22,8,85,53,51,1,1.03,1.03,0.0,Normal
Montavious,Corrington,Kansas City,RT,Marshall,25,62,6/29/00,80,313,1,75,1,Power - OT,57,67,66,81,89,54,27,36,20,36,27,25,27,51,7,9,27,77,82,35,27,31,34,78,11,8,62,68,62,67,16,24,9,11,30,16,70,69,73,17,22,62,29,34,36,11,15,21,16,17,17,85,27,10,3,2.87,0.956667,0.265,Normal
Lestar,Planansky,Jacksonville,LT,Florida,28,62,6/5/97,79,326,1,74,6,Power - OT,60,56,64,80,88,70,20,25,12,1,23,17,22,40,4,12,38,80,86,18,10,15,11,80,9,11,60,64,61,63,10,15,12,11,20,14,73,75,66,15,11,61,7,22,27,6,6,6,5,15,9,81,25,14,1,1.3375,1.3375,1.1425,Normal
Jerraud,Neighbors,Minnesota,FB,W. Michigan,28,62,10/16/96,75,240,1,49,5,Utility - FB,82,75,80,79,67,60,76,31,40,50,75,67,70,70,46,17,27,55,92,73,24,21,37,65,14,51,63,58,54,51,32,20,15,17,35,44,57,47,49,58,71,78,68,48,32,30,33,38,35,39,32,79,70,20,1,1.1,1.1,0.0,Normal
Kaseem,Seawright,Kansas City,FS,Maryland,23,62,4/30/02,74,206,1,25,0,Hybrid - S,93,79,92,85,65,57,64,47,14,50,64,58,70,82,16,33,75,59,86,60,13,19,40,24,61,18,62,37,36,36,7,55,31,61,71,20,37,36,34,27,60,90,61,44,62,4,6,8,8,23,10,85,50,65,3,2.985,0.995,0.22,Normal
Mil,Goetz,New Orleans,FS,Mississippi St.,29,62,1/18/96,72,202,1,48,7,Zone - S,91,78,83,84,65,59,62,54,27,47,56,51,62,78,15,47,78,54,91,66,11,16,57,14,56,16,60,36,39,37,7,51,38,60,79,24,35,34,34,29,59,89,62,58,72,3,6,9,4,35,8,82,55,63,3,10.1,3.366667,3.5,Normal
Bernardo,Direnzo,New England,RG,Boston College,24,62,6/15/01,79,333,1,74,0,Power - G,69,54,68,82,81,59,11,19,12,10,28,15,21,38,6,10,27,80,88,8,11,13,8,77,10,6,63,68,65,68,8,16,15,12,24,13,68,67,71,10,16,62,12,13,26,5,6,7,6,17,14,82,19,11,3,2.975,0.991667,0.11,Normal
Cleveland,Jarrett,Baltimore,MLB,Iowa State,26,62,1/4/99,73,235,1,35,3,Run Stopper - MLB,86,83,79,78,66,66,46,61,17,43,57,55,63,74,15,41,80,69,94,57,17,22,11,32,53,23,62,43,44,47,7,63,43,47,78,19,46,46,43,33,59,86,45,41,77,7,6,8,4,21,17,89,32,59,4,8.0,2.0,4.0,Normal
Stevie,Mackey,Cincinnati,CB,Utah State,29,62,2/2/96,70,190,1,35,7,Manto Man - CB,89,80,88,90,50,63,73,53,10,52,66,51,69,80,15,43,53,48,86,79,25,21,74,15,63,17,61,32,31,36,3,65,27,69,76,16,38,38,34,30,61,90,71,28,60,6,6,10,7,30,13,79,23,62,1,1.17,1.17,0.0,Normal
Denver,Strzelczyk,Miami,TE,Texas Tech,24,62,7/26/01,76,260,1,47,0,Vertical Threat - TE,85,85,85,81,74,56,58,35,15,63,73,73,75,74,56,15,31,59,88,62,15,17,18,55,15,61,62,58,55,55,6,27,16,15,35,71,59,52,51,65,74,81,58,63,37,6,10,15,10,23,10,80,62,19,3,2.98,0.993333,0.115,Normal
Bronzell,Rovinski,Denver,QB,Auburn,29,62,8/8/96,75,215,1,8,6,Field General - QB,75,71,77,77,64,67,66,22,63,35,61,48,51,75,29,12,22,26,84,52,27,30,9,16,11,30,62,18,18,13,74,17,11,11,28,36,20,14,13,36,47,77,36,33,21,72,75,82,80,85,75,91,36,19,2,12.0,6.0,6.99,Normal
Antico,Guesman,Minnesota,RG,Wisconsin,23,62,5/2/02,77,310,1,60,0,Power - G,69,59,72,77,85,55,11,23,12,7,25,15,21,56,3,10,28,79,82,11,11,10,11,79,11,7,64,67,69,70,8,15,17,12,23,12,69,68,69,15,13,66,12,18,28,4,6,5,6,15,12,81,31,12,3,2.975,0.991667,0.21,Normal
Untz,Driscoll,Atlanta,C,South Carolina,26,62,3/18/99,74,301,1,52,2,Agile - C,76,55,71,86,87,73,11,32,11,6,32,12,25,53,7,35,41,73,91,10,22,21,11,80,12,10,62,72,75,66,5,36,33,9,28,12,60,67,60,10,13,70,10,23,41,3,6,8,7,20,12,78,19,11,1,1.03,1.03,0.0,Normal
Si,Stackpool,Minnesota,CB,W. Kentucky,24,62,11/9/00,73,195,1,25,2,Zone - CB,90,92,79,85,53,56,66,47,21,51,53,61,70,88,14,43,66,47,91,73,11,11,55,26,62,21,62,30,30,30,15,55,35,73,72,27,35,35,35,28,63,88,67,52,55,10,10,15,15,25,11,87,44,67,1,1.03,1.03,0.0,Normal
Waverly,Gattis,Los Angeles A,ROLB,USC,25,62,1/8/00,74,245,1,56,3,Run Stopper - OLB,84,76,79,83,77,63,47,72,8,44,53,44,56,68,15,50,80,76,88,50,22,27,14,26,54,21,64,33,34,35,8,60,58,44,78,25,47,46,44,26,47,83,43,51,74,7,7,10,6,26,7,86,48,57,4,8.0,2.0,4.0,Normal
Crezdon,Faneca,Los Angeles A,RG,Michigan,24,62,3/2/01,77,316,1,61,1,Agile - G,73,55,75,77,81,63,19,18,12,7,28,10,17,55,4,10,62,77,89,12,13,12,16,78,10,3,60,64,71,69,4,23,20,12,26,15,70,71,70,11,14,65,11,13,57,5,6,5,6,23,15,88,28,17,1,0.84,0.84,0.0,Normal
Evan,Vernon,Los Angeles N,RE,Florida State,27,62,1/25/98,74,275,1,96,3,Power Rusher - DE,83,68,73,71,73,51,37,67,12,33,43,31,46,66,4,51,84,81,89,31,14,15,8,31,16,7,62,38,38,41,6,52,71,29,80,15,46,47,47,17,33,78,23,41,72,5,6,8,10,24,8,85,47,24,1,1.03,1.03,0.0,Normal
Travian,Zuidmulder,San Francisco,QB,Indiana,24,62,10/25/00,76,220,1,4,0,Strong Arm - QB,77,76,68,88,69,67,67,31,61,55,61,17,51,74,19,30,30,30,83,54,29,26,21,29,20,20,64,22,35,35,77,47,28,15,23,27,22,34,31,17,17,76,53,37,33,75,73,78,74,92,71,81,44,44,4,4.334236,1.083559,0.134236,Normal
Jiggs,Barna,New Orleans,LG,Boston College,25,62,10/7/99,75,302,1,60,1,Power - G,72,57,76,88,88,67,16,28,12,10,27,14,29,59,5,12,32,83,92,8,12,13,7,73,12,2,61,66,67,72,9,26,11,6,28,14,63,69,65,16,17,58,13,14,34,1,6,6,5,22,8,84,22,11,2,1.755,0.8775,0.0,Normal
Marlin,Grange,New Orleans,RT,Kentucky,28,62,8/21/97,79,321,1,67,4,Agile - OT,75,58,77,82,88,66,16,37,12,10,23,26,26,44,9,16,36,78,86,14,21,21,11,74,12,14,62,64,63,67,7,20,23,8,32,22,70,72,67,24,25,64,9,11,34,4,6,13,8,36,12,88,22,12,1,2.3275,2.3275,0.5095,Normal
Cop,Simonini,Cincinnati,MLB,Wisconsin,24,62,3/9/01,72,230,1,45,1,Run Stopper - MLB,84,73,83,78,66,64,27,65,12,23,46,44,53,65,5,44,83,77,90,37,14,18,10,19,52,6,62,45,45,45,6,67,48,49,78,20,45,45,45,10,41,80,30,31,79,6,6,6,6,23,12,85,30,63,3,2.845,0.948333,0.015,Normal
Preston,Fujita,Cincinnati,C,Miami,24,62,6/6/01,75,310,1,65,1,Agile - C,70,53,75,82,81,69,14,38,15,4,37,25,39,59,4,16,28,75,93,10,14,19,10,79,13,8,60,73,71,69,4,24,23,12,36,14,71,74,67,14,15,72,12,16,32,4,11,15,8,30,4,79,17,12,4,4.121752,1.030438,0.101752,Normal
Buster,Maddox,Chicago,WR,FIU,28,62,1/10/97,71,180,1,13,4,,89,85,80,82,45,52,83,28,59,69,68,70,71,82,61,14,27,35,86,81,15,25,82,20,25,61,64,23,13,10,46,34,15,19,31,52,34,16,17,63,71,90,76,39,23,48,51,56,62,59,34,72,33,33,1,1.03,1.03,0.0,Normal
Domonique,Lennan,Carolina,CB,Kansas,23,62,2/19/02,73,183,1,28,0,Manto Man - CB,91,86,83,90,55,57,61,42,12,51,59,59,68,83,24,34,61,41,80,68,9,9,52,12,66,19,64,30,32,29,10,50,32,67,72,25,34,39,32,27,63,89,65,40,58,5,6,3,8,22,9,83,26,68,1,0.84,0.84,0.0,Normal
Merl,Duncum,Carolina,CB,South Dakota,23,62,5/24/02,73,203,1,35,0,Manto Man - CB,92,79,86,85,58,60,67,41,12,49,61,58,69,77,22,36,57,41,88,72,12,12,53,17,65,25,62,33,33,37,7,57,27,71,73,26,37,37,37,35,65,86,64,31,58,4,6,8,7,28,9,83,26,67,4,8.0,2.0,4.0,Normal
Clay,Dutton,Los Angeles A,RG,Texas State,23,62,3/29/02,77,320,1,62,0,Power - G,68,56,77,85,86,59,18,26,12,5,29,15,26,54,9,11,25,79,89,7,8,8,12,77,12,9,60,65,70,66,5,10,14,10,23,17,66,64,69,16,14,64,10,18,24,3,6,3,5,17,8,84,38,13,3,2.98,0.993333,0.015,Normal
Elijah,Arnett,Cincinnati,CB,North Texas,28,62,9/5/96,72,192,1,41,6,Manto Man - CB,90,93,95,84,56,60,61,48,10,48,59,58,70,92,8,43,53,52,83,67,15,20,47,14,65,11,64,36,36,35,7,56,37,69,71,35,37,36,37,21,66,84,66,32,51,4,6,7,6,31,16,76,34,63,1,0.96,0.96,0.0,Normal
Hop,Dunsmore,Philadelphia,TE,South Carolina,26,62,11/25/98,77,252,1,87,3,Possession - TE,86,83,74,82,81,64,62,34,22,58,72,73,74,73,49,21,40,70,89,60,21,19,16,60,20,53,64,60,56,58,15,30,24,16,37,59,61,60,61,57,70,82,55,56,36,13,20,26,21,32,10,84,66,26,1,1.15,1.15,0.025,Normal
Lu,Lissemore,Baltimore,C,Michigan St.,24,62,8/21/01,76,307,1,61,1,Power - C,73,66,65,80,83,72,33,36,11,29,37,22,25,56,7,30,42,76,88,22,12,23,8,79,14,6,62,68,66,66,11,47,43,9,34,13,69,73,67,11,29,63,14,27,40,17,14,20,13,23,13,90,33,18,4,4.129844,1.032461,0.109844,Normal
Pio,Lobenstein,Cincinnati,LE,Ga. Southern,26,62,10/21/98,75,270,1,56,4,Power Rusher - DE,83,69,81,72,77,62,36,70,12,26,37,32,33,62,9,58,77,81,88,38,17,14,9,21,20,13,61,46,46,45,8,61,69,25,74,17,47,46,46,20,33,79,33,43,77,7,6,4,6,23,10,81,30,23,1,0.96,0.96,0.0,Normal
Riddick,Correal,Baltimore,LT,Miami Univ.,23,62,1/3/02,78,310,1,56,0,Power - OT,73,63,71,81,95,58,10,24,12,12,28,15,27,62,2,11,26,78,88,13,13,17,11,74,11,7,61,67,66,67,6,16,14,14,18,14,67,69,72,18,18,70,6,15,23,8,6,4,4,14,13,85,28,12,3,2.9825,0.994167,0.0275,Normal
Kamerion,Haycraft,Cincinnati,ROLB,Duke,25,62,4/19/00,75,238,1,50,2,Run Stopper - OLB,90,74,76,78,73,55,44,67,12,32,48,50,50,70,6,41,76,79,85,34,10,11,16,15,54,12,61,45,42,43,6,55,57,46,76,10,46,44,42,18,48,89,24,24,77,4,6,11,9,19,11,82,42,60,1,0.795,0.795,0.0,Normal
Rice,Grimm,Los Angeles N,MLB,Buffalo,23,62,9/14/01,73,225,1,56,0,Field General - MLB,93,86,85,87,73,58,43,61,22,37,59,46,46,82,20,53,76,72,86,41,17,23,10,25,55,25,62,45,45,45,6,57,49,45,77,25,45,45,45,32,48,85,44,45,77,6,6,6,6,24,12,86,45,61,3,2.99,0.996667,0.025,Normal
Garcia,Elko,Los Angeles N,QB,Georgia,27,62,10/28/97,71,190,1,13,2,Scrambler - QB,89,87,80,82,55,62,77,7,66,48,54,10,26,84,10,7,18,23,85,62,20,31,11,22,9,10,63,11,10,14,79,14,11,7,22,14,28,22,17,6,13,83,47,40,20,79,72,80,79,83,78,86,36,13,4,8.0,2.0,4.0,Normal
Keiland,Malbrough,New York N,RT,Florida,27,62,12/29/97,80,307,1,70,4,Agile - OT,67,66,70,81,85,74,20,25,12,5,19,17,27,45,4,8,33,76,89,17,17,14,9,71,9,10,63,70,69,72,9,12,8,6,24,13,66,66,62,22,16,68,10,23,27,9,6,5,5,10,12,72,28,11,4,8.0,2.0,4.0,Normal
Albert,Sevy,Atlanta,RT,Toledo,31,62,5/16/94,79,317,1,77,8,Agile - OT,72,68,72,84,81,77,13,37,12,6,24,22,25,52,16,14,21,79,89,9,20,20,12,84,13,14,62,62,62,62,5,19,23,9,31,22,74,73,67,16,17,67,9,28,31,7,6,8,7,32,9,85,31,15,2,3.0,1.5,0.5,Normal
Braden,Dion,San Francisco,LE,Coastal Carolina,27,62,6/22/98,74,254,1,56,4,Run Stopper - DE,77,70,76,75,77,62,34,68,12,25,34,30,41,68,9,64,77,81,93,40,14,19,14,22,24,21,61,49,44,44,8,61,63,19,80,17,45,43,44,23,36,82,42,34,73,8,6,5,8,25,17,80,34,38,1,1.1,1.1,0.0,Normal
Alvis,Hollomon,Los Angeles A,DT,Illinois,24,62,6/3/01,75,321,1,94,0,,71,63,68,85,87,59,23,73,12,11,37,23,40,56,3,63,77,82,90,22,12,21,11,26,17,7,63,45,42,47,6,56,68,18,68,14,48,44,46,16,17,67,20,29,79,4,6,2,7,21,8,86,36,23,3,2.975,0.991667,0.01,Normal
Bhawoh,Runyan,Tennessee,TE,Eastern Michigan,28,62,5/5/97,78,253,1,89,2,Vertical Threat - TE,79,77,75,78,75,72,66,36,23,50,69,75,74,73,50,12,31,60,87,62,26,26,23,48,12,57,60,56,57,48,17,19,11,12,39,65,58,57,49,64,72,81,55,58,39,12,15,21,20,31,20,80,62,15,1,0.96,0.96,0.0,Normal
Lavar,Duyne,Las Vegas,WR,Oregon,23,62,10/16/01,72,205,1,19,0,,94,86,89,90,66,58,75,34,72,71,70,68,73,85,60,33,32,33,86,74,36,40,32,21,24,61,64,19,29,23,58,26,32,22,35,56,43,29,29,62,69,91,69,58,35,68,71,79,74,82,60,85,55,48,4,4.37428,1.09357,0.17428,Normal
Bryan,Whaley,Indianapolis,FS,Ole Miss,22,62,12/9/02,70,205,1,41,0,Hybrid - S,91,73,82,91,69,59,60,49,16,52,58,57,65,74,9,32,74,58,86,73,13,18,73,9,63,14,63,35,36,37,6,60,37,61,71,16,35,34,31,24,55,87,66,34,61,9,6,6,5,25,15,85,32,66,3,2.972,0.990667,0.007,Normal
Nedu,Munoz,Philadelphia,FS,Sam Houston,26,62,5/3/99,75,195,1,36,3,Hybrid - S,91,91,87,84,59,52,71,45,32,61,59,57,66,91,20,36,60,52,90,77,13,14,46,16,65,22,62,30,31,27,16,51,27,63,71,23,34,31,34,26,65,89,67,46,62,10,10,13,23,28,15,75,40,67,2,2.085,1.0425,0.0,Normal
Stan,Carthon,Cleveland,FB,Central Michigan,26,62,12/8/98,71,245,1,36,3,Utility - FB,78,87,83,72,83,53,65,56,20,62,63,57,59,81,41,72,78,68,87,67,14,20,35,67,23,41,61,54,53,47,10,45,54,20,76,55,66,56,50,48,51,79,64,71,69,9,6,3,8,25,9,89,65,32,4,8.0,2.0,4.0,Normal
Ifeanyi,Kulbacki,New York A,TE,Old Dominion,26,62,6/6/99,79,251,1,88,2,Vertical Threat - TE,88,86,91,77,71,54,67,49,13,62,68,74,80,79,49,50,52,63,86,57,22,20,27,54,13,55,62,54,54,48,7,39,59,21,46,59,61,61,54,58,76,87,54,55,51,8,10,17,9,23,17,83,64,22,4,8.0,2.0,4.0,Normal
Lamar,Ambrose,Los Angeles N,LT,Michigan St.,28,61,8/13/97,79,320,1,61,3,Agile - OT,60,61,84,82,85,67,12,22,12,13,32,15,24,53,8,8,34,83,92,10,12,13,7,84,10,12,62,67,64,62,4,14,11,12,26,15,70,75,68,18,12,58,7,7,27,3,6,6,4,10,13,86,18,11,1,0.96,0.96,0.0,Normal
Erich,Babartsky,Miami,LG,W. Michigan,24,61,12/5/00,75,305,1,65,0,Power - G,69,61,81,77,78,57,14,22,12,6,27,10,21,55,2,8,23,77,88,14,15,12,11,75,11,4,63,64,62,68,9,15,14,13,24,16,73,70,72,10,11,70,10,14,24,3,6,10,5,15,15,85,25,12,3,2.98,0.993333,0.065,Normal
Junior,Ware,New England,C,Boston College,27,61,7/7/98,75,296,0,61,3,Agile - C,78,64,74,81,80,65,17,22,10,11,31,12,23,53,6,10,22,74,90,12,16,15,8,77,9,7,63,70,77,68,5,24,10,9,26,12,62,68,60,11,13,66,9,18,33,8,6,5,6,14,6,79,21,10,1,0.96,0.96,0.0,Normal
Herman,Poimbeouf,Las Vegas,ROLB,North Carolina,25,61,6/22/00,75,236,1,53,1,Run Stopper - OLB,84,78,79,80,65,64,29,68,16,47,51,50,51,78,7,62,81,80,89,48,16,16,18,24,56,7,60,32,16,15,17,55,60,47,80,28,43,22,22,16,50,85,50,42,72,3,10,14,16,38,18,81,42,62,3,2.85,0.95,0.12,Normal
Mathias,Stonebreaker,Arizona,WR,Washington,28,61,1/1/97,70,175,1,82,4,,96,84,90,78,53,55,77,18,22,60,63,70,71,89,62,10,15,29,85,75,12,16,74,17,18,58,62,31,17,20,13,25,10,12,25,54,31,25,24,62,68,94,69,32,22,13,19,30,23,38,11,67,31,20,1,1.03,1.03,0.0,Normal
Merrill,Seliger,Denver,RE,Lane,25,61,4/19/00,76,250,1,53,2,Power Rusher - DE,82,68,89,74,79,53,43,72,8,32,33,32,38,65,14,56,85,74,91,43,12,15,7,35,33,17,59,34,35,36,11,56,66,47,74,21,42,40,40,26,42,81,37,54,76,12,17,15,11,34,6,86,46,39,4,8.0,2.0,4.0,Normal
Odis,Hargain,Cleveland,CB,Baldwin Wallace,25,61,12/17/99,70,177,1,44,2,Manto Man - CB,85,84,92,82,58,54,70,41,15,66,45,49,61,81,26,34,49,33,88,75,7,11,53,13,68,34,61,22,19,19,4,53,22,57,75,23,26,24,26,41,54,89,72,31,43,10,13,17,13,23,10,74,32,64,1,0.96,0.96,0.0,Normal
Moran,Kurek,Minnesota,TE,Georgia,23,61,3/17/02,76,245,1,48,0,Vertical Threat - TE,89,77,76,78,70,55,67,32,15,61,69,72,77,73,55,12,35,61,84,60,12,16,14,55,14,59,63,58,58,58,7,21,12,14,34,66,57,53,53,63,76,84,51,61,38,8,10,13,10,24,10,80,65,16,4,8.0,2.0,4.0,Normal
Jose,Tasker,Arizona,LE,Holy Cross,26,61,2/12/99,75,260,1,49,3,Smaller Speed Rusher - DE,85,79,80,78,75,51,47,68,13,32,42,42,50,72,20,67,74,68,89,57,13,16,7,22,34,26,59,39,32,37,6,51,62,35,75,27,36,40,38,29,48,78,48,39,71,3,6,7,9,20,8,84,32,41,2,1.895,0.9475,0.0,Normal
Moxie,Lucci,Seattle,TE,Colorado,27,61,8/31/98,75,247,1,38,2,Vertical Threat - TE,84,76,82,84,70,62,74,46,21,61,76,76,77,71,56,29,39,63,87,65,10,12,32,57,13,60,63,56,50,51,16,41,41,17,44,64,56,58,54,56,76,80,65,61,39,9,10,21,16,25,12,87,64,16,1,1.03,1.03,0.0,Normal
Jamall,Vetter,Cincinnati,TE,Illinois St.,24,61,11/19/00,77,253,1,85,1,Possession - TE,82,74,75,76,76,53,78,30,21,70,72,77,79,69,48,16,32,63,87,65,24,26,34,58,18,51,63,61,57,60,6,31,14,27,34,65,59,60,56,61,75,76,58,71,40,5,10,14,10,22,6,85,67,25,1,0.98,0.98,0.0,Normal
Koy,Jonasen,Minnesota,ROLB,Georgia,22,61,10/25/02,73,242,1,57,0,Run Stopper - OLB,85,82,79,90,78,57,41,61,22,36,57,47,52,77,18,51,80,77,85,45,16,23,14,27,54,25,59,44,42,43,9,60,54,40,73,26,45,48,45,25,44,79,45,42,78,3,6,6,4,26,14,88,40,60,3,2.985,0.995,0.22,Normal
Micheal,Ittersagen,Kansas City,CB,USC,23,61,11/23/01,72,202,1,30,1,Manto Man - CB,89,82,88,87,68,61,63,46,38,52,59,63,65,74,57,44,51,47,85,74,15,18,55,18,66,60,62,33,33,31,32,58,38,64,64,60,34,31,33,59,61,87,63,26,51,30,34,40,33,37,27,88,29,62,4,8.0,2.0,4.0,Normal
Conway,Tamburello,Chicago,C,Virginia,25,61,10/1/99,76,306,1,63,3,Agile - C,71,68,69,76,83,65,23,35,8,33,29,21,28,59,9,22,37,77,91,21,9,12,13,80,10,13,62,67,66,65,10,27,31,14,27,16,67,65,65,17,20,66,17,27,36,9,8,6,8,19,8,81,32,10,1,1.03,1.03,0.0,Normal
Van,Hardin,Washington,LG,Tulsa,26,61,11/19/98,76,324,1,75,3,Power - G,83,63,71,78,81,57,23,24,10,15,27,10,27,57,4,16,25,83,91,11,25,24,13,77,8,6,60,59,61,68,9,33,18,12,30,10,69,69,68,12,12,78,12,26,28,7,6,4,7,22,11,70,24,9,4,3.764444,0.941111,0.104444,Normal
Ariel,Diamond,Seattle,WR,Michigan St.,26,61,11/28/98,75,215,1,82,5,Physical - WR,88,79,88,85,69,68,74,27,23,67,71,80,76,67,68,19,38,46,88,69,13,24,62,34,22,71,63,40,22,29,17,21,21,32,36,68,50,35,34,71,77,82,70,55,37,11,10,12,16,31,18,80,48,24,1,1.03,1.03,0.0,Normal
Alvie,Bregel,Kansas City,MLB,Army,28,61,7/30/97,73,230,1,48,5,Run Stopper - MLB,82,67,78,78,75,59,54,69,12,40,64,40,60,58,11,48,75,78,90,47,14,17,43,24,47,17,62,46,42,44,4,61,55,42,80,10,45,47,44,27,39,83,39,37,79,5,6,6,7,25,18,86,44,53,1,1.1,1.1,0.378333,Normal
Lindon,Dufault,Washington,TE,UCLA,25,61,3/1/00,76,225,1,41,1,Vertical Threat - TE,87,84,81,79,70,68,63,41,53,58,74,72,70,79,53,23,36,60,91,64,18,13,7,54,12,53,62,54,56,52,53,13,17,21,31,61,53,55,56,59,70,87,54,61,38,39,45,53,52,57,50,79,65,21,3,2.84,0.946667,0.05,Normal
Toran,Gore,Detroit,RT,Arkansas,30,61,9/20/94,81,330,1,70,8,Power - OT,62,56,66,79,82,75,32,34,12,14,37,29,46,48,18,19,33,81,90,21,20,17,6,71,11,27,60,67,63,66,9,14,26,13,33,20,65,69,70,31,38,71,20,35,33,5,6,7,8,25,9,95,42,15,1,1.4225,1.4225,0.075,Normal
Louie,Kalu,Carolina,TE,Indiana St.,28,61,6/3/97,75,235,1,46,5,Vertical Threat - TE,90,84,81,81,69,54,72,29,12,60,73,74,72,78,52,15,36,59,87,69,16,14,37,52,12,55,60,55,54,56,8,24,15,12,37,59,62,58,55,60,71,83,61,70,41,4,6,7,6,35,14,85,66,15,1,1.03,1.03,0.0,Normal
Connor,Stolfa,Philadelphia,QB,UCLA,25,61,11/14/99,73,191,1,14,2,Scrambler - QB,87,78,82,82,63,42,85,20,73,63,54,58,73,75,43,12,20,26,85,69,24,25,23,18,9,49,61,13,14,14,80,13,12,7,29,48,19,22,16,53,61,88,70,37,26,67,73,82,72,88,74,81,42,10,4,4.182272,1.045568,0.342272,Normal
Primo,Yoho,Kansas City,LT,Wash. St.,24,61,7/4/01,79,319,1,79,0,Power - OT,65,52,72,82,83,57,17,25,12,6,24,24,27,57,5,10,25,78,87,11,13,12,10,74,11,5,61,70,68,71,6,13,14,10,25,16,70,71,69,16,19,63,12,15,25,6,6,6,6,17,11,84,27,12,3,2.985,0.995,0.254,Normal
Trey,Hahn,Seattle,C,FAU,23,61,10/5/01,74,230,1,62,0,Power - C,79,57,76,83,89,59,26,34,12,10,33,10,37,57,8,24,41,80,81,22,24,22,14,82,13,2,59,71,67,67,7,19,34,9,32,10,71,69,70,11,12,67,18,28,35,9,6,5,8,25,14,82,33,15,3,2.981,0.993667,0.25,Normal
Max,Yaccino,Buffalo,HB,Southern Miss,23,61,3/13/02,68,198,1,20,1,Elusive Back - HB,83,82,72,91,66,72,73,26,35,69,84,54,62,84,40,11,28,41,93,79,30,30,45,21,13,46,59,38,33,24,26,20,12,24,36,48,29,20,17,52,53,82,65,69,30,29,39,39,47,46,34,91,72,12,4,8.0,2.0,4.0,Normal
Charlie,Higgs,Houston,QB,Florida,24,61,12/6/00,75,212,1,18,0,Field General - QB,75,81,65,84,59,50,52,18,58,52,51,23,26,73,19,23,18,28,84,47,18,35,21,26,17,19,60,31,28,28,82,36,16,17,18,27,23,33,30,21,20,79,40,29,20,71,79,85,72,86,82,84,35,21,4,4.428484,1.107121,0.228484,Normal
Torey,Gutknecht,Philadelphia,LT,Rutgers,24,61,4/19/01,80,341,1,63,0,Power - OT,62,52,62,82,88,60,9,29,14,10,24,13,23,45,5,8,24,78,89,10,12,13,13,78,12,4,59,69,67,69,5,15,13,9,20,14,69,69,71,13,13,61,10,13,29,5,6,3,8,16,15,81,31,13,3,2.995,0.998333,0.18,Normal
Naz,Temple,Buffalo,TE,Georgia Tech,24,61,12/6/00,77,253,1,85,0,Possession - TE,84,71,84,84,73,62,66,35,21,58,69,70,75,73,51,34,43,69,93,63,28,23,25,56,17,56,61,60,58,61,18,23,30,11,29,59,63,63,65,63,71,76,66,69,35,17,9,26,19,23,27,93,65,20,4,4.520216,1.130054,0.320216,Normal
Antwaun,Corral,Tennessee,RT,Maryland,25,61,7/8/00,78,306,1,71,2,Agile - OT,76,53,79,77,86,69,12,34,10,4,33,15,23,54,7,24,39,73,92,11,17,19,12,85,12,10,62,66,67,61,8,20,23,11,29,15,62,66,60,13,16,69,12,13,32,5,7,11,7,22,7,79,26,11,4,4.0298,1.00745,0.1898,Normal
Jarett,Bland,Seattle,C,North Dakota St.,25,61,10/18/99,77,301,1,61,1,Agile - C,62,63,72,81,83,63,26,33,12,14,33,24,26,47,2,13,38,81,89,11,9,14,11,81,12,14,60,68,70,64,4,9,13,11,31,20,68,73,66,14,20,68,10,18,30,9,6,5,7,23,12,87,28,12,1,0.795,0.795,0.0,Normal
Rasheed,Lubischer,Las Vegas,C,Iowa State,24,61,4/9/01,75,322,1,64,0,Power - C,66,53,72,84,92,55,12,22,12,9,27,13,24,54,1,9,26,81,84,13,13,13,9,73,12,2,62,68,71,67,7,18,15,11,28,13,70,71,69,15,14,70,11,19,27,5,6,10,7,13,12,82,29,14,3,2.975,0.991667,0.11,Normal
Emmitt,Mccallister,Baltimore,MLB,Iowa,23,61,2/14/02,72,224,1,49,0,Field General - MLB,80,80,80,84,71,60,45,63,22,31,52,41,55,73,24,52,78,71,87,49,20,23,11,27,53,25,60,45,42,43,2,57,51,38,78,27,45,46,46,28,48,76,43,45,80,3,6,3,5,21,11,86,41,61,3,2.985,0.995,0.03,Normal
Arrike,Lasse,Tennessee,LT,Boise State,26,61,1/9/99,77,309,1,61,2,Agile - OT,75,64,73,79,88,62,23,56,9,15,24,14,22,59,6,49,59,84,94,10,9,13,12,81,10,7,61,65,67,66,8,44,59,12,60,9,66,69,69,8,19,63,13,41,57,8,6,7,8,17,4,84,29,12,2,1.665,0.8325,0.0,Normal
Hec,Hall,Los Angeles A,CB,Bowling Green St.,23,61,7/29/02,71,188,1,37,0,Zone - CB,84,82,74,85,57,58,64,41,11,49,58,59,64,83,12,32,59,45,84,71,16,15,57,13,66,15,62,29,29,30,8,54,28,68,74,22,37,34,33,27,67,85,65,36,51,4,6,4,6,24,10,83,30,71,3,2.975,0.991667,0.01,Normal
Merv,Spindler,Tennessee,HB,Fresno State,26,61,6/16/99,70,206,1,24,2,Elusive Back - HB,89,75,76,85,63,60,84,22,28,73,85,47,59,77,43,11,32,48,85,82,15,16,74,44,13,48,62,49,36,33,18,15,12,22,40,43,41,29,28,54,49,83,77,64,34,23,28,36,27,27,23,89,68,12,2,2.035,1.0175,0.0,Normal
Obed,Leribeus,Miami,LG,Michigan,24,61,7/30/01,77,306,1,68,0,Power - G,73,60,73,81,85,61,11,25,14,8,22,14,27,58,1,8,30,80,87,7,11,18,12,76,10,1,60,63,64,68,4,13,16,7,29,8,69,66,68,10,19,66,6,15,25,7,6,8,8,14,9,87,27,12,3,2.98,0.993333,0.135,Normal
Hoge,Steiner,Atlanta,LG,Oregon State,25,61,3/13/00,77,299,1,67,0,Agile - G,81,65,76,81,76,61,12,25,12,9,24,15,23,59,5,10,23,77,88,10,13,13,10,78,12,5,61,67,68,68,6,15,15,10,23,14,69,69,68,14,14,71,10,15,25,6,6,6,6,13,15,82,25,13,3,2.985,0.995,0.254,Normal
Horst,Muckensturm,Cleveland,RT,Illinois,25,61,10/6/99,78,312,1,60,1,Power - OT,61,71,70,81,86,67,42,33,11,40,30,26,35,47,25,10,30,75,81,38,20,21,5,80,9,28,61,72,64,68,21,23,10,11,32,14,69,69,65,28,21,70,20,38,37,10,15,22,22,28,21,83,41,12,4,8.0,2.0,4.0,Normal
Dion,Zandofsky,Green Bay,LT,UAB,26,61,11/10/98,79,322,1,76,2,Power - OT,57,48,59,79,87,62,15,30,15,10,23,10,23,44,5,8,40,86,91,8,9,9,11,72,8,6,62,70,67,73,5,13,17,12,13,14,66,60,67,13,18,56,7,14,31,3,7,9,7,20,3,83,32,9,1,0.96,0.96,0.0,Normal
Socko,Lind,Green Bay,DT,Illinois,24,61,9/1/01,76,296,1,60,1,,72,60,71,74,79,64,29,71,31,40,30,29,30,54,5,58,75,81,87,28,13,12,21,24,24,10,61,14,12,12,13,63,64,31,66,17,24,12,13,15,26,67,19,18,76,5,10,15,22,20,21,80,40,29,4,8.0,2.0,4.0,Normal
Boone,Pollock,Pittsburgh,CB,North Carolina,25,61,3/22/00,72,202,1,37,2,Manto Man - CB,88,84,94,88,60,52,64,44,15,43,60,53,53,83,28,43,75,49,88,69,13,20,26,12,62,35,62,36,38,37,3,54,35,79,73,28,35,31,35,42,52,91,58,39,64,5,6,6,4,21,12,85,47,65,1,0.84,0.84,0.0,Normal
Chaun,Enright,Atlanta,CB,Nebraska,27,61,4/13/98,74,208,1,38,5,Manto Man - CB,91,83,88,89,61,60,71,44,40,54,65,58,64,77,11,40,64,54,92,75,17,20,39,20,66,14,62,35,35,34,19,59,32,68,69,32,33,34,37,29,59,86,64,61,44,33,40,45,40,50,30,74,37,61,1,1.03,1.03,0.0,Normal
Roddy,Bosher,Indianapolis,MLB,Holy Cross,25,61,4/30/00,75,226,1,47,2,Pass Coverage - MLB,86,81,80,82,69,57,62,65,15,48,64,53,63,74,9,47,77,72,89,59,12,12,12,26,57,16,61,43,46,46,5,54,59,60,76,19,43,44,47,16,58,88,48,44,74,8,6,5,7,23,8,85,46,66,4,8.0,2.0,4.0,Normal
Rick,Simonetti,Indianapolis,RT,Virginia Tech,26,61,9/1/99,80,314,1,67,3,Agile - OT,63,62,78,80,78,69,15,60,12,14,37,15,37,53,5,42,45,77,88,10,13,20,6,86,10,2,62,68,75,64,7,46,55,10,48,17,64,63,64,24,16,61,13,22,48,6,6,8,7,23,10,76,27,12,1,0.96,0.96,0.0,Normal
Fee,Langham,Baltimore,WR,Louisville,26,61,10/6/98,72,188,1,12,2,,87,94,85,78,63,55,84,18,75,76,67,70,80,82,56,11,24,28,90,76,7,16,44,21,10,59,62,21,13,9,82,14,12,13,27,55,23,6,9,61,72,89,75,51,32,66,73,75,79,85,77,91,48,12,1,0.96,0.96,0.0,Normal
Brenden,Maccollum,Green Bay,LS,Azusa Pacific,30,61,4/12/95,75,245,1,42,6,Accurate - LS,75,77,86,75,71,58,41,39,10,17,63,44,55,70,24,11,63,73,86,39,15,9,9,52,15,31,61,49,41,48,12,35,9,23,43,42,41,34,41,33,43,79,26,44,42,8,10,9,9,25,9,86,31,25,4,8.0,2.0,4.0,Normal
Joe,Barrington,Green Bay,TE,Arizona St.,25,61,4/20/00,79,259,1,48,1,Possession - TE,73,67,75,76,73,64,65,43,21,54,72,77,74,61,53,12,45,61,88,67,24,23,36,53,28,57,61,63,58,62,6,44,17,33,42,66,58,56,55,60,78,75,62,70,40,7,10,14,12,25,4,80,62,35,1,0.96,0.96,0.0,Normal
Windrell,Kuffel,Minnesota,C,Wake Forest,25,61,1/1/00,77,307,1,65,1,Agile - C,72,66,76,81,81,69,18,18,8,10,19,15,25,53,5,10,29,71,92,12,20,22,9,77,12,13,59,68,66,67,3,16,10,12,24,15,71,73,67,15,16,58,12,22,31,4,6,8,8,24,8,85,27,15,4,4.12874,1.032185,0.10874,Normal
Khalid,Hapes,Denver,TE,South Carolina,26,61,7/9/99,75,252,1,45,2,Possession - TE,81,74,78,83,72,54,62,35,22,53,75,76,77,69,50,23,42,71,91,58,17,22,16,62,20,54,61,60,61,60,11,27,26,18,41,61,61,58,59,59,77,76,54,58,39,12,20,26,20,29,9,87,60,26,3,2.705,0.901667,0.075,Normal
Gar,Keenan,Jacksonville,QB,Southern Miss,30,61,3/21/95,72,210,1,14,8,Field General - QB,80,73,74,79,59,62,60,28,52,47,59,25,36,69,11,25,29,36,84,55,15,19,9,26,15,15,61,17,14,23,81,16,11,12,17,22,26,21,21,23,30,76,56,49,27,74,76,84,76,83,77,96,41,20,2,4.5,2.25,3.0,Normal
Rod,Doerger,San Francisco,HB,Memphis,27,61,4/29/98,74,217,1,32,5,Elusive Back - HB,89,77,82,76,64,66,71,31,22,78,86,54,66,76,43,23,45,45,90,75,12,19,60,37,14,50,63,40,41,39,22,31,26,11,39,46,38,41,41,61,51,85,66,71,40,19,21,21,23,27,15,76,73,15,1,1.17,1.17,0.3,Normal
Yale,Teerlinck,Chicago,MLB,North Carolina,22,61,1/20/03,71,234,1,57,0,Field General - MLB,90,69,81,84,61,60,44,65,24,33,61,43,56,69,15,54,77,71,86,46,19,24,9,22,57,22,61,43,43,44,7,59,52,47,80,22,44,43,44,25,48,84,41,38,81,4,6,7,7,23,14,88,37,62,3,2.985,0.995,0.13,Normal
Lucien,Theofiledes,Dallas,TE,Tennessee,26,61,3/11/99,74,235,1,85,2,Vertical Threat - TE,85,80,81,77,74,53,69,27,15,62,69,74,76,74,51,9,16,63,90,65,13,11,30,50,15,56,59,58,57,54,17,22,9,15,31,60,59,53,51,60,76,85,57,67,35,13,17,21,15,31,16,81,67,20,2,1.755,0.8775,0.0,Normal
Lenny,Herock,New York A,WR,Kansas,23,61,12/24/01,76,203,1,39,0,,86,86,81,84,67,61,72,36,23,65,66,74,78,76,63,24,33,47,86,71,26,30,64,30,28,66,63,24,20,25,11,27,32,27,35,61,53,32,27,64,79,91,65,34,38,7,10,15,7,27,22,81,34,31,4,8.0,2.0,4.0,Normal
Antuan,Drake,New York N,SS,Indiana,26,61,7/2/99,71,192,1,43,3,Zone - S,94,76,81,84,58,59,71,56,15,67,59,49,55,77,20,41,76,53,88,69,16,20,37,26,60,20,59,36,37,35,5,57,35,65,78,15,34,34,36,27,54,86,67,41,62,8,6,4,6,27,14,85,45,67,4,8.0,2.0,4.0,Normal
Kealoha,Gainer,Tampa Bay,LG,UCLA,25,61,1/12/00,76,305,1,75,2,Agile - G,69,61,67,81,84,66,9,31,10,13,29,23,30,57,7,25,28,77,89,9,23,22,14,73,15,2,60,67,73,64,12,27,27,9,38,13,66,64,63,9,25,69,11,10,35,12,21,22,9,19,13,85,24,21,1,0.96,0.96,0.0,Normal
Aubrey,Duggan,Philadelphia,QB,Stanford,25,61,4/27/00,78,231,1,16,2,Field General - QB,87,76,75,73,61,63,66,18,45,39,58,12,22,74,12,7,14,14,88,36,14,11,1,7,5,9,63,17,19,15,72,19,4,8,16,14,12,10,7,11,10,76,28,28,16,72,73,77,79,90,74,89,39,11,4,4.02652,1.00663,0.18652,Normal
Derland,Wallerstedt,Las Vegas,FS,Notre Dame,24,61,11/5/00,70,189,1,34,1,Hybrid - S,94,80,91,89,60,59,69,42,22,52,59,64,57,81,15,42,50,47,77,67,15,20,45,21,65,18,61,35,35,35,16,58,36,66,63,20,35,35,35,22,61,89,60,42,52,10,15,20,27,25,22,84,42,63,3,2.84,0.946667,0.03,Normal
Harper,Eckl,New York N,QB,Illinois,27,61,8/7/98,74,210,1,15,2,Scrambler - QB,86,80,78,73,60,63,77,15,69,59,63,13,30,81,10,10,20,23,89,67,19,21,9,18,10,12,60,8,11,10,74,21,10,7,25,10,13,11,13,16,14,84,65,78,23,69,74,78,76,81,73,84,47,10,4,8.0,2.0,4.0,Normal
Adalius,Lacy,Carolina,CB,Georgia Tech,26,61,3/26/99,73,196,1,39,3,Zone - CB,88,89,87,86,59,60,63,54,14,50,57,52,55,88,10,48,65,48,87,70,13,12,48,13,61,17,63,8,9,10,11,58,34,70,77,19,28,18,16,23,55,86,64,46,54,9,12,14,15,27,11,87,37,67,1,0.84,0.84,0.0,Normal
Cordy,Suggs,New Orleans,MLB,Rutgers,23,61,12/28/01,77,239,1,57,0,Field General - MLB,90,65,76,87,70,61,49,64,25,44,64,44,56,67,25,58,78,69,86,49,18,20,8,26,57,24,63,46,43,45,9,60,55,42,80,28,44,44,43,29,51,75,44,48,80,16,17,21,26,32,17,85,42,63,3,2.975,0.991667,0.03,Normal
Sod,Braxton,Indianapolis,LG,W. Michigan,28,61,11/30/96,76,307,1,62,3,Power - G,68,69,75,78,87,62,38,57,12,35,39,26,40,55,9,41,49,79,88,16,11,13,10,74,12,17,63,65,64,62,6,44,62,12,60,18,66,65,71,22,26,65,16,36,54,6,6,3,8,16,11,80,47,14,1,1.05,1.05,0.0,Normal
Matt,Brewington,Buffalo,TE,Central Missouri,27,61,7/15/98,79,251,1,84,4,Vertical Threat - TE,80,85,88,83,68,58,65,34,38,56,71,75,78,80,53,12,30,62,88,68,66,79,18,48,12,58,60,55,52,48,51,19,8,9,35,60,59,54,54,66,74,85,64,58,38,43,48,55,58,68,44,82,58,15,2,2.042,1.021,0.007,Normal
Emerson,Booty,Seattle,LT,UCF,24,60,12/21/00,77,299,1,79,0,Agile - OT,63,46,70,84,77,57,16,25,12,11,27,14,24,46,7,11,26,79,87,9,14,13,12,74,11,4,60,73,75,72,4,12,21,9,26,13,69,68,69,11,13,65,12,17,21,8,6,5,4,14,8,77,25,11,3,2.9665,0.988833,0.0015,Normal
Ta'Ase,Post,Washington,CB,Norfolk State,27,60,4/25/98,75,208,1,37,6,Zone - CB,92,84,97,87,71,53,62,51,15,44,58,52,60,83,11,40,80,54,82,71,8,12,41,21,57,12,62,32,32,37,5,49,42,67,77,18,31,35,38,20,62,89,67,41,60,9,6,5,5,23,17,82,38,62,1,1.17,1.17,0.0,Normal
Lawyer,Cosby,Minnesota,TE,North Carolina,22,60,9/25/02,77,238,1,46,0,Possession - TE,82,72,76,82,71,58,64,32,15,65,72,74,77,71,51,15,35,63,85,62,14,18,19,53,16,59,61,56,51,59,6,30,14,12,39,63,60,58,55,63,78,77,53,57,39,7,10,12,9,23,11,79,65,18,3,2.97,0.99,0.08,Normal
Filmel,Ruetz,Denver,TE,Utah,24,60,1/1/01,79,256,1,84,0,Vertical Threat - TE,84,83,84,83,78,58,64,41,13,56,67,77,73,65,55,8,37,63,83,56,11,21,24,46,19,53,61,61,59,58,12,17,12,19,43,59,56,49,52,63,80,84,59,58,38,6,10,16,11,25,16,82,58,22,4,4.309488,1.077372,0.109488,Normal
Leodis,Mockmore,Las Vegas,QB,North Dakota St.,24,60,6/18/01,73,210,1,5,0,Field General - QB,80,85,76,95,63,53,75,26,53,61,61,22,32,81,16,10,25,32,93,63,28,31,9,27,10,17,61,18,8,12,77,13,10,11,35,15,27,9,17,21,24,78,51,42,30,77,77,83,79,87,75,95,41,12,4,4.37428,1.09357,0.17428,Normal
Lyneal,Maznicki,Baltimore,SS,Rutgers,22,60,2/20/03,74,223,1,41,0,Hybrid - S,94,72,87,81,66,60,68,43,13,51,56,53,66,79,10,36,60,55,91,67,11,15,54,14,68,15,62,34,27,29,4,54,32,71,68,20,35,32,34,27,62,87,68,36,53,7,6,9,5,23,12,83,28,65,3,2.966,0.988667,0.001,Normal
Kori,Lindell,Chicago,C,Illinois,27,60,6/4/98,74,300,1,68,3,Agile - C,82,59,75,85,83,72,20,37,12,17,34,14,30,55,4,36,31,75,86,8,19,25,9,80,10,12,59,65,67,67,8,30,34,12,37,15,67,67,60,16,13,74,11,26,37,5,6,7,6,20,10,76,27,10,4,8.0,2.0,4.0,Normal
Lud,Druze,Atlanta,HB,N. Colorado,26,60,1/19/99,69,202,1,41,2,Elusive Back - HB,90,80,83,82,63,55,81,26,22,71,77,65,70,84,50,8,21,38,88,77,13,21,73,24,10,53,62,41,38,39,9,24,7,22,18,52,34,33,34,59,63,88,71,56,32,17,21,23,10,28,15,78,57,15,1,0.96,0.96,0.0,Normal
Eron,Mcclellin,Kansas City,MLB,South Dakota,26,60,2/9/99,75,236,1,43,3,Field General - MLB,89,76,90,75,68,51,65,64,34,54,62,54,64,75,40,51,74,67,89,59,13,22,23,40,49,43,62,51,50,45,20,56,45,34,80,45,44,47,43,45,48,84,53,54,79,23,26,30,32,37,21,75,50,62,1,2.1,2.1,1.2,Normal
Da'Rel,Bykowski,Baltimore,LG,Northern Iowa,24,60,9/17/00,77,319,1,63,0,Agile - G,65,58,62,86,83,59,15,23,12,10,24,15,21,52,4,8,26,78,89,10,17,13,11,75,11,6,59,68,68,65,6,14,15,7,27,9,69,65,69,16,15,59,11,11,24,2,6,2,4,16,14,86,16,12,3,2.9675,0.989167,0.0025,Normal
Jaiquawn,Maynard,Cleveland,RT,N.C. AT,24,60,6/15/01,77,287,1,72,0,Agile - OT,81,54,66,85,80,60,8,13,12,16,22,15,14,48,6,10,12,79,84,9,14,20,12,78,10,4,59,70,69,69,8,24,10,8,20,10,68,70,66,9,9,67,8,11,22,7,6,5,6,18,12,84,12,11,3,2.97,0.99,0.005,Normal
Lequan,Arthur,Cincinnati,LG,Washington,27,60,7/30/98,79,328,1,60,2,Agile - G,55,54,69,85,78,70,10,29,12,2,28,14,25,52,9,12,27,66,89,10,19,17,10,67,10,11,62,73,70,70,10,20,9,6,22,13,62,69,66,15,18,65,11,10,26,5,6,6,5,18,13,84,16,9,1,0.96,0.96,0.0,Normal
Rodregis,Oas,Miami,LS,Navy,33,60,4/16/92,75,245,1,67,10,Accurate - LS,72,71,78,67,79,48,34,42,10,13,72,44,55,60,26,10,61,69,93,26,12,13,11,55,15,28,58,58,39,50,9,25,10,26,36,42,43,36,42,37,47,75,26,46,42,9,10,11,10,36,10,88,30,25,1,1.4225,1.4225,0.48375,Normal
Winford,Gaydos,Jacksonville,QB,Wake Forest,29,60,10/16/95,73,200,1,18,5,Scrambler - QB,77,81,75,76,57,61,78,31,66,65,66,30,37,83,22,18,28,32,90,65,17,19,31,16,20,27,60,19,20,16,74,19,22,27,30,24,21,13,18,32,36,79,54,38,39,66,74,82,75,82,77,90,46,26,1,1.17,1.17,0.0,Normal
Halvor,Pesonen,Denver,ROLB,Missouri,23,60,12/12/01,74,246,1,59,0,Run Stopper - OLB,78,60,79,84,76,61,47,67,23,42,59,43,52,65,25,51,81,73,85,52,16,17,8,24,54,24,58,45,46,46,7,61,48,49,79,25,48,44,45,24,44,76,45,40,76,3,6,7,4,21,10,86,45,60,4,8.0,2.0,4.0,Normal
Renardo,Cantor,Indianapolis,LG,Oklahoma St.,27,60,1/26/98,78,325,1,66,3,Power - G,66,64,65,80,77,60,17,36,9,15,39,24,35,54,16,25,36,74,90,25,42,40,12,75,11,17,59,66,60,69,6,22,33,12,34,14,68,68,72,19,30,62,19,36,25,8,5,5,7,24,8,88,25,11,1,1.03,1.03,0.0,Normal
Juan,Crowther,Baltimore,FS,Illinois St.,23,60,5/2/02,74,207,1,39,0,Hybrid - S,82,85,87,87,67,57,61,46,14,53,61,61,62,81,20,36,61,53,91,73,18,14,52,13,69,25,58,29,28,30,5,61,30,73,70,24,34,34,36,31,63,83,60,31,59,8,6,4,6,26,10,84,31,65,3,2.9725,0.990833,0.0075,Normal
Glynn,Daigle,Atlanta,RG,Washburn,27,60,2/27/98,74,295,1,68,5,Agile - G,75,61,84,80,86,63,12,28,12,6,38,10,40,57,4,22,38,81,90,11,26,23,12,85,12,11,61,64,66,61,4,32,33,8,28,12,64,66,59,19,11,75,8,11,38,7,6,5,6,32,13,86,17,15,2,5.75,2.875,2.575,Normal
Olivier,Sebo,Detroit,QB,Houston,29,60,3/8/96,75,210,1,8,7,Field General - QB,78,78,71,71,53,61,51,21,60,34,52,18,24,77,13,8,12,20,91,46,15,18,13,15,12,21,58,13,18,15,77,20,10,8,28,21,18,7,11,18,21,82,69,42,28,76,75,80,72,84,73,82,27,18,1,1.27,1.27,0.1,Normal
Alec,Heimkreiter,New York A,ROLB,Indiana,26,60,3/23/99,72,214,1,41,2,Run Stopper - OLB,89,82,84,82,73,56,62,57,15,45,62,56,66,84,8,51,74,69,87,68,18,20,37,20,57,12,60,36,34,36,8,50,43,66,75,26,36,36,34,21,60,91,55,51,74,5,6,4,8,25,13,84,41,64,4,8.0,2.0,4.0,Normal
Cameron,Threadgill,Minnesota,QB,Minnesota,24,60,3/28/01,74,218,1,12,0,Strong Arm - QB,82,75,70,86,72,56,59,34,68,69,57,18,32,76,14,31,27,26,86,62,32,24,21,32,18,14,60,38,26,28,78,31,35,17,43,24,22,22,21,19,18,81,58,43,33,73,78,78,77,85,71,87,51,14,3,2.975,0.991667,0.246,Normal
King,Chmura,Jacksonville,RG,Penn State,24,60,7/23/01,75,327,1,61,0,Power - G,81,59,68,82,75,58,14,26,12,10,21,10,21,47,7,10,21,80,88,8,12,15,11,76,12,3,59,68,66,68,5,12,15,8,25,15,70,68,71,17,13,64,8,13,26,7,6,7,6,14,15,83,37,17,3,2.975,0.991667,0.11,Normal
Belf,Shropshire,Cleveland,DT,Stony Brook,27,60,12/21/97,73,272,1,92,4,,68,73,68,74,80,56,34,72,12,22,42,23,41,63,7,60,82,81,89,26,29,29,14,36,29,2,61,48,42,46,2,58,72,42,78,17,48,45,43,11,27,70,18,51,76,6,6,3,8,16,17,83,56,34,1,0.985,0.985,0.0,Normal
Jerico,Clancy,Chicago,TE,Princeton,28,60,12/12/96,76,240,1,88,6,Possession - TE,82,79,82,79,70,56,65,38,17,51,78,76,73,75,47,11,44,64,85,65,22,18,40,47,19,56,61,58,62,54,8,23,8,23,36,63,61,61,56,57,73,81,58,67,35,5,10,15,9,25,11,85,65,23,1,1.03,1.03,0.0,Normal
Stewart,Konetsky,Los Angeles N,RT,Indiana,23,60,1/10/02,78,310,1,64,0,Power - OT,79,59,72,81,79,58,16,20,15,6,22,11,20,51,4,8,22,78,86,9,13,13,7,78,11,5,61,69,66,68,3,12,16,14,25,10,64,66,64,11,12,63,9,14,23,4,6,5,7,14,13,81,24,12,3,2.985,0.995,0.02,Normal
Arda,Field,Carolina,TE,Maryland,28,60,11/21/96,75,247,1,43,5,Possession - TE,78,75,77,75,73,64,67,39,16,49,74,73,75,64,49,11,26,67,88,58,14,15,34,55,15,55,62,57,56,57,6,18,14,16,31,62,59,61,62,58,77,77,54,60,36,6,10,12,11,24,12,79,66,19,1,0.96,0.96,0.0,Normal
Stud,Meinert,New England,TE,Georgia Tech,28,60,4/2/97,76,252,1,30,5,Possession - TE,85,76,79,82,74,68,65,43,39,46,76,75,77,69,48,26,41,62,85,57,13,17,44,50,15,55,60,56,55,54,46,30,21,21,43,62,54,54,51,60,76,82,50,54,45,46,51,58,51,61,41,86,57,23,4,4.202552,1.050638,0.182552,Normal
Mike,Tully,Atlanta,LT,Stony Brook,28,60,2/4/97,78,320,1,74,3,Agile - OT,76,71,73,82,82,61,62,25,18,44,67,64,62,56,40,11,32,79,90,50,12,13,11,75,8,45,60,68,70,68,10,13,11,12,21,57,61,63,59,57,60,72,43,46,32,10,13,17,9,24,6,86,55,9,1,0.96,0.96,0.0,Normal
Mardye,Dulin,Chicago,ROLB,Oklahoma St.,26,59,9/4/98,72,231,1,45,4,Run Stopper - OLB,88,72,79,83,67,58,35,61,12,31,47,36,45,75,7,53,75,66,88,60,23,30,9,28,41,10,57,46,43,45,4,65,57,45,78,25,46,47,46,13,45,83,46,47,72,8,6,5,6,18,13,87,46,46,2,5.0,2.5,2.45,Normal
Keyunta,Walston,Cincinnati,LT,TCU,24,59,3/23/01,79,315,1,79,1,Power - OT,66,57,69,79,85,59,15,29,9,15,27,20,30,49,10,9,38,76,88,21,8,6,9,75,10,12,60,66,70,69,9,34,20,9,30,11,63,71,63,20,16,62,19,16,33,7,11,9,9,11,6,81,17,10,1,0.84,0.84,0.0,Normal
Taj,Lebengood,Philadelphia,ROLB,Michigan St.,25,59,5/5/00,74,231,1,43,2,Run Stopper - OLB,94,82,91,77,77,52,71,56,22,54,75,65,65,73,34,50,72,67,90,67,23,21,44,55,57,43,59,53,53,50,11,52,38,47,80,37,53,55,49,53,64,93,60,62,74,9,15,18,12,31,14,79,61,54,1,1.055,1.055,0.0,Normal
Ottis,Vairo,Los Angeles N,LT,Boise State,24,59,4/3/01,77,320,1,66,0,Power - OT,70,54,64,85,80,56,13,27,12,7,20,15,24,53,5,11,27,78,82,9,13,13,10,75,11,5,61,70,67,65,10,16,13,10,23,13,71,65,67,15,14,62,8,15,25,6,6,7,5,12,13,79,22,12,3,2.971,0.990333,0.006,Normal
Doak,Steger,Tennessee,C,Nebraska,26,59,5/28/99,77,300,1,66,4,Agile - C,71,67,74,81,80,73,17,19,12,7,26,14,20,53,6,11,26,75,91,11,19,21,8,73,8,6,59,68,71,61,7,11,9,11,30,14,60,63,61,8,15,63,12,12,31,4,6,7,4,15,12,79,20,10,4,3.79778,0.949445,0.31778,Normal
Howard,Peko,Atlanta,MLB,Houston Baptist,27,59,7/28/98,74,227,1,53,4,Pass Coverage - MLB,87,78,90,84,70,57,55,52,10,35,56,54,61,73,10,56,71,63,88,63,20,19,36,7,57,19,61,38,32,36,5,57,40,63,72,25,35,38,36,23,58,79,52,39,78,3,6,2,5,26,10,68,29,65,1,1.17,1.17,0.0,Normal
Shareece,Jenkins,Jacksonville,SS,Colorado,22,59,10/30/02,71,194,1,32,0,Zone - S,84,74,77,92,60,60,62,49,14,62,59,59,69,80,11,30,73,50,88,64,12,20,76,27,63,13,60,34,33,35,8,56,31,64,76,21,36,37,34,25,56,83,60,44,63,4,6,8,6,26,12,87,47,67,3,2.9665,0.988833,0.0015,Normal
Everette,Schnelker,Las Vegas,TE,Towson,24,59,7/23/01,77,243,1,46,0,Vertical Threat - TE,83,75,87,85,73,62,64,37,15,60,71,70,79,74,45,14,31,62,89,67,9,18,10,53,12,50,58,58,57,58,5,25,12,14,34,59,58,53,50,62,71,83,55,60,34,9,10,16,12,21,12,82,64,18,4,8.0,2.0,4.0,Normal
Jamarca,Mazzanti,Jacksonville,RT,Wisconsin,27,59,4/23/98,76,312,1,70,4,Power - OT,78,72,75,83,79,69,10,35,12,10,26,15,25,58,5,14,20,81,90,7,13,14,10,84,13,7,60,58,60,61,9,18,24,7,29,13,64,60,68,15,18,67,8,19,26,3,6,6,4,30,11,89,26,15,1,3.406,3.406,0.0,Normal
Zvonimir,Longstreet,Cincinnati,RT,Georgia Tech,27,59,7/17/98,79,330,1,76,3,Power - OT,71,62,77,77,79,63,15,42,15,15,38,21,20,54,6,27,34,82,88,10,13,15,11,79,10,13,60,62,59,66,8,34,35,10,33,13,68,64,66,16,25,67,6,20,32,5,6,6,5,15,11,78,18,10,2,1.875,0.9375,0.0,Normal
Teag,Seder,Tampa Bay,C,Texas,23,59,1/17/02,75,304,0,65,0,Power - C,72,60,67,81,86,55,6,27,13,10,22,15,21,59,3,11,30,77,92,14,15,11,10,76,12,5,57,70,70,70,4,15,17,9,30,11,67,67,72,19,16,67,10,12,29,13,6,5,4,15,15,83,32,13,3,2.975,0.991667,0.26,Normal
Kentwan,Steinbrunner,San Francisco,TE,California,26,59,7/8/99,76,240,1,88,3,Vertical Threat - TE,87,79,86,76,68,57,70,27,40,52,76,72,77,71,59,19,39,54,88,69,20,19,42,60,15,60,59,53,49,44,35,24,17,17,40,55,54,48,44,66,74,78,66,56,34,30,33,39,34,34,33,73,67,20,1,1.03,1.03,0.0,Normal
Malaefou,Woodeshick,Seattle,LE,Ole Miss,23,59,12/5/01,78,274,1,51,0,Run Stopper - DE,67,64,73,80,75,60,30,73,12,22,32,20,34,57,4,71,77,77,86,32,15,13,9,18,36,9,61,43,43,45,5,56,64,31,81,15,44,44,43,13,23,67,30,35,78,4,6,7,6,22,10,84,32,46,3,2.98,0.993333,0.095,Normal
Bern,Gaylor,Baltimore,DT,Auburn,23,59,10/29/01,78,325,1,69,0,,58,54,63,81,76,62,27,76,12,11,39,21,34,51,2,56,81,86,87,20,10,17,9,26,16,5,58,44,48,43,7,58,67,18,65,13,48,44,41,15,23,61,20,30,82,5,6,4,8,22,11,85,35,21,3,2.97,0.99,0.005,Normal
Lindsey,Unck,New York N,C,Pittsburgh,27,59,6/9/98,75,303,1,67,4,Agile - C,82,65,79,82,83,69,10,26,12,5,33,10,36,62,8,21,30,84,93,7,25,25,10,76,12,5,60,61,64,62,7,29,30,12,29,11,65,69,64,13,12,62,9,7,38,9,6,6,8,29,11,84,18,15,4,8.0,2.0,4.0,Normal
Ralph,Iverson,Washington,QB,San Diego,39,59,5/15/86,75,198,1,14,16,Scrambler - QB,82,82,83,71,57,59,77,27,72,62,60,41,54,73,18,12,10,28,91,68,22,26,10,16,15,27,61,15,11,23,64,12,12,10,20,44,12,16,34,36,37,79,74,31,30,66,67,82,77,86,74,72,24,20,1,1.4225,1.4225,0.04,Normal
Dequan,Herrin,Tampa Bay,QB,Florida,27,59,3/6/98,77,236,1,2,4,Field General - QB,78,75,77,79,53,59,71,21,51,41,62,14,31,70,7,8,16,26,86,53,38,48,14,24,10,10,57,14,10,14,73,14,8,8,24,15,18,10,12,20,12,67,44,38,25,72,76,79,75,86,72,89,43,16,1,2.7875,2.7875,1.3375,Normal
Blanchard,Mikolajczyk,Tampa Bay,QB,Tulane,23,59,9/30/01,75,217,1,11,1,Scrambler - QB,81,79,86,89,65,49,75,15,72,56,68,10,39,78,8,9,13,24,83,64,22,19,11,18,10,13,58,19,14,24,71,16,9,13,29,10,15,21,18,10,10,79,51,45,18,79,73,83,76,84,78,90,43,10,2,2.285,1.1425,0.25,Normal
Lecharles,Tuman,Detroit,SS,Fresno State,24,59,9/27/00,70,192,1,26,1,Hybrid - S,85,85,90,83,57,57,69,47,10,63,70,59,67,91,15,40,78,51,87,73,19,26,45,26,61,20,60,35,35,34,5,52,34,61,68,28,35,37,33,28,56,89,62,44,62,10,6,10,8,20,11,83,46,63,1,0.795,0.795,0.0,Normal
Seyi,Landeta,Baltimore,C,Albany,23,59,9/16/01,77,309,1,65,0,Agile - C,72,59,71,75,91,57,11,23,12,12,19,15,27,58,4,12,27,76,81,7,12,17,10,79,11,8,57,68,68,68,5,11,16,9,27,14,68,68,72,16,16,65,9,15,22,3,6,6,8,14,9,79,16,11,4,8.0,2.0,4.0,Normal
Arlen,Gage,Los Angeles A,TE,Stanford,26,59,1/19/99,76,285,1,42,3,Blocking - TE,68,75,76,77,81,55,66,57,15,45,75,70,67,63,39,50,63,71,88,62,13,21,27,57,12,52,59,62,55,63,9,47,59,16,64,65,68,61,64,58,65,64,56,70,59,8,9,17,9,23,8,85,64,15,1,0.915,0.915,0.0,Normal
Robaire,Ruskusky,Seattle,SS,Montana State,26,59,6/4/99,71,193,1,39,2,Hybrid - S,90,89,92,83,64,50,75,47,45,65,65,59,63,92,24,38,79,51,88,75,24,24,47,24,63,29,57,36,37,35,42,46,32,60,70,29,33,34,33,37,61,90,68,46,58,39,46,53,51,50,31,77,47,59,1,1.03,1.03,0.0,Normal
Jermale,Baisi,Denver,RG,Colorado,26,59,5/27/99,76,300,1,78,4,Power - G,61,61,65,80,79,65,13,29,12,13,27,10,30,44,3,31,27,85,88,19,15,13,12,73,11,4,59,64,60,65,8,14,29,9,24,13,63,59,69,9,17,63,26,15,34,7,6,7,5,10,12,73,25,12,1,0.84,0.84,0.0,Normal
Kiante,Capps,Los Angeles N,RG,North Carolina,23,59,1/22/02,71,290,1,62,0,Agile - G,71,55,61,81,73,60,14,27,12,10,21,15,24,60,5,8,24,77,83,6,13,10,10,75,12,1,60,69,72,67,9,14,16,11,30,11,70,69,63,10,17,67,10,15,25,3,6,9,8,14,12,82,33,12,3,2.995,0.998333,0.03,Normal
Bosh,Hunnicutt,Tampa Bay,C,Nebraska,24,58,1/9/01,77,310,1,66,0,Agile - C,68,64,66,83,83,57,15,21,13,10,25,15,24,57,3,10,23,77,85,12,13,13,8,78,11,7,56,67,68,66,5,12,15,8,24,15,71,69,65,13,17,68,11,18,22,7,6,7,6,15,13,83,27,12,3,2.98,0.993333,0.265,Normal
Versil,Bowyer,New York A,CB,Oregon State,24,58,8/31/01,71,186,1,46,1,Manto Man - CB,85,80,75,84,57,63,68,38,10,56,61,59,66,78,12,42,47,47,87,67,14,17,46,17,63,11,59,36,37,35,8,63,34,63,64,35,33,36,37,19,61,84,63,29,42,5,6,7,6,31,16,84,37,64,4,8.0,2.0,4.0,Normal
Jalil,Bayley,Tennessee,RG,Mid Tenn St.,28,58,6/12/97,78,320,1,67,6,Power - G,63,57,69,79,88,59,12,20,12,6,34,15,37,52,5,9,21,78,85,10,24,25,13,73,12,7,57,63,59,64,11,14,12,13,16,13,61,61,63,15,15,67,6,7,33,10,10,6,8,30,15,83,24,15,4,8.0,2.0,4.0,Normal
Travaris,Shugart,Baltimore,QB,Kentucky,25,58,9/10/99,73,215,1,13,1,Strong Arm - QB,81,75,70,81,54,43,65,24,62,47,53,10,25,75,9,8,13,14,85,53,21,23,12,7,10,10,60,14,13,12,72,12,9,7,22,14,13,10,7,7,7,82,33,31,14,75,74,81,77,87,69,82,32,12,1,0.84,0.84,0.0,Normal
Tramon,Egboh,Tampa Bay,LE,UTSA,27,58,1/30/98,77,274,1,93,5,Power Rusher - DE,76,72,80,69,71,60,25,62,31,14,36,19,35,60,1,57,75,82,82,32,13,19,7,14,30,8,56,46,44,43,24,58,65,24,75,11,46,46,48,12,12,70,32,31,81,29,36,39,37,43,33,77,28,42,1,1.03,1.03,0.0,Normal
Dennis,Rowan,Tampa Bay,LS,Duke,26,58,2/23/99,75,245,1,86,2,Power - LS,61,58,69,78,63,50,37,40,10,21,66,62,69,65,22,11,10,53,94,47,17,28,11,42,14,36,58,52,46,56,7,35,8,31,25,31,42,32,37,44,62,65,33,39,40,8,6,5,5,37,12,81,45,23,1,0.795,0.795,0.0,Normal
Dorson,Prudhomme,Seattle,MLB,Michigan,25,58,10/31/99,72,229,1,47,3,Run Stopper - MLB,83,72,81,82,63,62,46,57,10,40,58,54,58,68,4,62,81,70,91,55,10,12,40,24,55,2,57,44,45,43,6,56,49,37,79,13,44,46,47,15,55,80,49,36,76,6,6,7,8,21,7,82,41,56,1,1.03,1.03,0.0,Normal
Hunter,Childress,Detroit,C,Florida,24,58,3/23/01,76,304,1,65,1,Agile - C,70,67,77,82,83,60,28,30,19,30,32,33,39,66,36,10,36,78,77,24,25,24,10,80,12,39,60,71,68,67,8,23,10,11,26,23,69,66,68,39,14,61,22,21,28,7,10,14,15,24,22,84,29,12,1,0.84,0.84,0.0,Normal
Irv,Zackery,Miami,LT,Fayetteville State,26,58,10/7/98,77,306,1,71,3,Agile - OT,67,63,63,78,77,61,11,39,5,20,28,17,23,59,6,24,38,75,95,10,13,15,1,83,10,15,60,60,67,61,6,21,35,7,25,10,70,67,61,15,18,63,7,17,29,9,7,7,6,15,9,78,27,10,2,1.855,0.9275,0.0,Normal
Mathewson,Aikman,Minnesota,LT,UTSA,27,58,6/10/98,77,310,1,72,2,Agile - OT,82,71,81,72,81,58,49,17,12,47,64,62,65,54,46,11,43,75,87,51,14,11,5,81,10,49,60,64,68,59,6,23,12,6,36,60,59,65,59,54,64,77,48,59,34,5,11,12,7,27,8,77,60,10,1,1.03,1.03,0.0,Normal
Knuckles,Quigley,Atlanta,TE,York University,28,58,1/21/97,76,245,1,88,4,Possession - TE,76,67,74,73,64,55,65,54,21,46,70,73,73,71,49,42,57,68,90,51,30,37,35,56,20,52,59,57,53,54,3,42,40,30,54,63,64,54,59,59,74,79,52,69,46,10,10,13,8,24,6,87,71,21,2,2.045,1.0225,0.01,Normal
Tysyn,Harden,Cleveland,LS,West Virginia,28,58,10/9/96,78,250,1,50,1,Accurate - LS,79,66,71,80,61,51,31,26,17,23,56,46,53,60,30,24,46,57,86,20,17,28,9,45,15,32,58,61,55,60,14,29,35,23,60,28,55,36,40,39,44,70,19,21,40,13,12,10,10,37,16,84,31,25,1,0.795,0.795,0.0,Normal
Taye,Southard,Los Angeles A,TE,Iowa State,23,58,12/28/01,76,247,1,41,0,Possession - TE,85,65,82,77,64,62,61,36,15,60,67,70,73,70,46,17,34,62,88,54,15,18,17,55,15,50,59,59,65,60,5,28,17,13,38,68,64,65,58,61,73,80,48,59,39,5,10,14,9,24,9,80,63,15,3,2.97,0.99,0.005,Normal
Arnold,Voytek,New Orleans,C,South Carolina,23,58,6/6/02,77,312,1,68,0,Power - C,67,44,76,82,78,59,15,29,15,9,27,16,24,50,8,9,26,78,85,13,10,14,10,79,12,9,60,68,65,68,6,11,19,14,21,12,67,71,70,9,18,56,11,15,30,10,6,6,8,13,16,87,29,13,4,8.0,2.0,4.0,Normal
Diamond,Flynn,Chicago,QB,Shepherd Univ.,25,58,6/8/00,75,213,1,17,2,Scrambler - QB,86,85,84,76,59,59,62,20,66,39,60,10,25,77,10,10,14,23,90,45,26,32,10,14,11,10,58,19,19,14,76,15,10,10,26,12,19,15,15,10,14,79,26,27,20,68,71,77,75,86,74,87,26,14,3,2.72,0.906667,0.025,Normal
Muhsin,Figures,Arizona,ROLB,N.C. State,27,58,5/5/98,74,225,1,53,3,Run Stopper - OLB,88,84,88,83,64,57,53,59,15,47,51,48,55,77,19,61,84,62,89,57,11,13,25,25,50,20,57,41,47,43,14,53,53,45,74,21,49,48,45,29,51,90,58,56,74,5,10,12,17,29,11,79,49,57,1,0.915,0.915,0.0,Normal
Fili,Trejo,Baltimore,ROLB,Temple,28,58,1/8/97,73,235,1,57,3,Run Stopper - OLB,90,85,83,80,74,49,42,59,23,44,53,34,55,73,7,65,80,67,92,54,31,38,22,24,47,3,60,39,37,35,8,50,53,46,72,15,43,42,42,16,39,86,41,39,73,13,17,23,15,23,14,86,45,53,1,0.96,0.96,0.0,Normal
Ma'Ake,Zyntell,New York A,LG,Baylor,26,58,8/4/99,74,297,1,65,3,Agile - G,76,43,68,79,81,60,15,26,11,14,25,14,20,44,5,13,35,81,89,11,12,15,10,68,10,8,58,62,64,60,6,15,18,10,22,11,67,71,63,10,13,67,12,22,31,6,6,10,6,15,10,88,29,10,4,8.0,2.0,4.0,Normal
Ligarius,Avinger,Minnesota,C,N.C. State,24,58,11/10/00,75,307,1,63,0,Agile - C,71,47,70,82,83,58,16,27,12,7,25,16,24,61,3,9,23,80,89,11,11,13,9,78,12,4,58,73,72,66,8,13,13,11,29,16,67,67,69,17,14,54,9,14,25,8,6,4,4,15,13,78,26,12,3,2.975,0.991667,0.065,Normal
Robert,Giaquinto,New England,QB,UL Lafayette,25,57,9/27/99,74,214,1,17,0,Field General - QB,84,75,85,84,61,54,64,31,50,60,57,18,29,82,19,25,21,29,85,50,25,24,22,26,15,16,56,22,20,20,81,23,25,18,44,17,16,21,21,19,15,81,43,40,21,77,74,80,77,88,70,86,43,19,3,2.971,0.990333,0.015,Normal
Bub,Biddle,Minnesota,QB,Boise State,29,57,7/9/96,74,202,1,11,7,Field General - QB,80,78,79,69,54,63,58,23,58,39,54,28,47,78,14,11,17,17,86,52,17,20,14,17,11,19,57,15,17,13,75,13,8,9,30,22,18,11,13,23,30,75,31,41,33,72,71,77,81,85,74,79,31,15,1,1.195,1.195,0.0,Normal
Timmie,Dokes,San Francisco,MLB,Stanford,27,57,6/2/98,75,235,1,59,4,Field General - MLB,82,87,89,78,75,56,37,60,12,29,59,47,50,80,5,43,76,68,85,43,18,17,11,22,45,8,58,44,44,46,3,58,42,49,72,14,47,47,41,19,53,84,39,36,76,4,6,5,4,26,8,74,43,58,1,1.17,1.17,0.0,Normal
Keyaron,Parkin,Detroit,ROLB,Washington,29,57,6/9/96,74,214,1,47,7,Pass Coverage - OLB,86,80,76,84,65,58,60,53,15,38,62,48,60,70,22,38,71,67,87,61,13,17,36,21,59,25,56,33,37,35,5,56,31,63,65,19,34,36,36,31,62,86,56,50,72,8,6,8,6,24,13,80,30,65,1,1.255,1.255,0.0,Normal
Jajuan,Hufnagel,Cleveland,RT,Utah,30,57,8/8/95,79,302,1,68,6,Power - OT,64,59,67,83,86,60,12,38,12,4,33,22,38,51,8,28,34,77,90,9,9,23,12,78,12,17,57,64,60,65,7,25,42,8,34,23,61,63,63,23,23,65,8,9,42,8,6,4,7,15,11,88,22,12,1,1.17,1.17,0.0,Normal
Reynaud,Vandersea,Seattle,MLB,Montana,26,57,12/31/98,73,227,1,52,2,Run Stopper - MLB,85,82,88,79,64,59,56,58,12,41,51,48,59,80,3,65,78,63,88,56,17,17,24,25,46,11,55,44,43,45,14,62,55,43,80,20,47,46,43,14,50,82,52,45,77,9,15,19,11,29,8,75,49,51,1,0.75,0.75,0.0,Normal
Manch,Mecham,Washington,QB,Notre Dame,26,57,7/29/99,73,211,1,15,1,Scrambler - QB,83,78,75,90,57,47,72,28,63,57,62,14,29,78,9,12,23,24,95,58,25,28,20,24,10,17,57,26,10,14,75,15,11,11,27,18,24,17,17,18,16,80,49,33,28,74,73,80,76,87,76,95,35,15,1,0.96,0.96,0.0,Normal
Dequin,Kendrick,Chicago,LS,Notre Dame,31,57,2/7/94,73,250,1,46,5,Power - LS,68,61,69,68,73,50,24,38,10,19,63,51,48,60,25,12,48,64,94,30,14,11,13,44,15,29,56,54,51,54,3,39,11,8,51,19,49,44,44,42,47,73,26,43,51,8,6,8,7,35,11,76,30,19,1,1.3375,1.3375,0.1675,Normal
Grassy,Wortham,Green Bay,QB,Penn State,27,57,7/14/98,74,218,1,16,2,Scrambler - QB,86,88,74,82,57,50,75,20,67,54,63,21,44,78,13,12,18,26,88,60,21,25,9,17,12,15,56,20,17,14,73,15,10,11,30,17,18,15,12,27,20,84,43,41,29,70,73,74,77,85,72,85,44,18,1,0.96,0.96,0.0,Normal
Keary,Pickel,Washington,LT,Grambling St.,31,57,1/25/94,77,320,1,73,7,Power - OT,58,57,63,83,79,64,12,26,12,8,29,15,23,43,4,18,25,77,92,14,18,20,5,79,11,3,59,62,62,61,3,19,27,9,29,18,66,58,67,10,13,70,8,18,28,6,6,7,4,21,12,87,20,14,4,8.0,2.0,4.0,Normal
Bev,Younce,Denver,QB,Texas,26,56,9/30/98,73,222,1,4,4,Scrambler - QB,81,77,85,85,67,55,77,23,71,71,66,45,70,73,22,12,18,33,83,69,12,19,8,29,10,26,58,17,13,13,74,18,9,10,29,19,25,10,15,37,42,80,74,54,27,71,69,74,75,81,71,89,64,13,1,1.3375,1.3375,0.4675,Normal
Tom,Mcshane,Tennessee,QB,E. Kentucky,30,56,10/3/94,76,232,1,15,7,Field General - QB,70,81,83,66,61,59,52,15,57,34,58,15,27,72,12,8,10,12,84,50,10,18,9,13,10,14,57,10,7,12,77,19,11,9,25,17,10,8,13,14,14,76,49,32,28,74,72,80,73,83,73,77,35,19,4,8.0,2.0,4.0,Normal
Rocco,Mcgaw,Washington,TE,Buffalo,27,56,11/7/97,79,249,1,80,5,Vertical Threat - TE,87,79,87,75,77,57,78,18,65,58,72,70,70,79,49,11,37,62,84,68,17,23,16,49,12,54,58,53,53,53,68,11,12,14,34,57,52,52,48,57,71,80,56,59,40,70,66,71,68,89,68,88,57,18,1,1.1,1.1,0.0,Normal
Tyoka,Dreessen,Dallas,QB,West Virginia,30,56,4/3/95,73,220,1,15,6,Scrambler - QB,78,80,79,78,59,60,73,21,64,48,58,15,28,80,10,9,14,15,92,56,43,54,6,8,13,10,54,15,12,13,73,18,11,8,24,10,14,15,22,16,14,81,57,31,21,73,68,79,76,87,75,88,35,16,1,1.17,1.17,0.0,Normal
Terrence,Tindale,Kansas City,QB,S. Dakota St.,27,55,9/3/97,74,195,1,19,3,Scrambler - QB,82,78,78,75,58,43,66,21,65,54,60,21,39,74,12,11,20,29,91,59,21,21,21,19,9,14,55,13,11,14,74,13,8,8,34,15,19,21,16,17,20,80,56,33,30,68,70,74,75,86,73,86,38,10,1,0.84,0.84,0.0,Normal
Nijrell,Depler,Washington,LT,Stanford,27,55,8/28/98,78,322,1,79,4,Power - OT,60,50,65,78,86,63,9,25,12,11,29,14,21,50,7,11,21,72,88,7,11,14,13,73,10,12,56,60,61,56,5,15,11,7,28,14,67,65,66,16,21,56,7,11,32,5,6,10,8,25,13,75,27,10,1,1.1,1.1,0.0,Normal
Elvis,Bancroft,Chicago,LT,Morgan St.,29,55,1/4/96,77,325,1,78,6,Power - OT,71,58,88,77,86,56,15,39,12,10,49,25,29,53,5,17,32,81,82,10,11,15,8,78,12,6,54,61,59,64,7,30,20,8,23,16,61,67,59,15,13,62,7,23,42,6,6,7,7,10,9,80,38,13,1,1.17,1.17,0.0,Normal
Jamaine,Sendejo,Tennessee,QB,Arkansas,32,54,9/5/92,74,209,1,10,9,Field General - QB,72,74,68,64,54,61,53,20,56,29,61,20,28,75,16,9,11,21,84,48,19,22,12,10,12,18,52,15,16,14,73,23,9,11,26,19,14,12,8,17,19,75,26,29,25,71,69,77,72,84,72,75,31,18,1,1.4225,1.4225,1.0,Normal
Keilen,Skow,Atlanta,TE,Arkansas,27,54,12/22/97,78,234,1,84,4,Vertical Threat - TE,82,77,77,80,66,61,71,23,65,57,71,71,78,77,47,7,23,53,85,65,55,59,39,53,12,47,54,50,51,48,77,17,8,12,30,54,49,52,45,54,66,85,64,44,24,76,71,80,73,91,71,90,48,18,1,1.44,1.44,0.2,Normal
Marvcus,Winburn,Minnesota,RT,Iowa,29,54,12/19/95,79,299,1,69,6,Power - OT,62,66,76,88,78,70,10,62,12,8,32,28,42,54,22,53,71,75,89,13,14,21,10,76,12,24,55,59,55,60,3,58,59,9,64,33,63,59,64,27,37,68,14,10,68,5,6,5,8,13,12,88,18,12,1,1.17,1.17,0.0,Normal
Trindon,Gant,Philadelphia,LT,Army,29,53,9/1/96,78,304,1,64,6,Agile - OT,69,69,64,79,78,53,9,20,12,8,37,15,32,56,16,12,25,74,84,13,18,24,11,77,12,15,55,61,56,56,3,16,8,7,23,14,66,61,63,11,15,66,10,22,34,7,6,9,7,33,15,83,24,15,1,1.17,1.17,0.0,Normal
Basilio,Flannery,Pittsburgh,C,Texas AM,27,53,3/4/98,77,300,1,62,4,Agile - C,59,60,73,85,84,58,13,23,11,15,29,15,33,53,6,12,31,71,84,10,15,18,10,65,11,8,55,59,64,58,6,9,9,10,29,13,65,65,62,17,15,63,10,19,37,7,6,7,5,9,12,78,34,11,1,1.03,1.03,0.0,Normal
Colin,Treadwell,Miami,TE,Idaho State,27,53,3/20/98,75,232,1,80,3,Vertical Threat - TE,89,79,89,75,67,50,72,29,21,65,68,73,73,75,49,11,31,52,87,74,17,19,42,36,17,51,53,48,34,32,6,18,11,17,44,53,49,39,35,53,77,86,70,62,36,6,10,15,10,26,10,70,56,19,2,2.085,1.0425,0.0,Normal
Cody,Ferragamo,Buffalo,QB,SMU,27,52,1/8/98,72,210,1,6,4,Field General - QB,72,71,73,73,49,55,66,11,50,37,64,21,32,65,10,11,20,30,88,56,18,23,11,25,15,16,54,18,23,19,69,16,11,8,23,21,24,24,24,18,24,75,46,32,18,69,71,80,73,81,64,88,28,16,1,1.03,1.03,0.0,Normal
Fabray,Songy,Atlanta,QB,Cincinnati,25,51,4/29/00,74,203,1,15,1,Scrambler - QB,82,76,74,82,64,44,76,21,65,64,63,19,27,76,14,11,9,17,92,70,20,21,19,9,12,18,52,19,20,12,66,20,11,6,27,20,19,9,10,21,20,81,64,45,21,67,68,72,75,82,67,85,40,18,1,0.84,0.84,0.0,Normal
